path	addition_commits	reason
artifacts/snapshot_FUN_001a2290_actor_veto.json	c737d34e633f7ec77596d8a67f0a231b8ec0f0a5,daa01585966868ffa346f848dd3e2e9289529355,ec124a20c78a0ad2f87c1501071110f9249f158f,ee6f5a972a6a54cc93a5a7e19363d3592b367394	raw RAM/game-state capture (recorded live origin)
artifacts/snapshots/gamestate_full.bin	027c1a597ec77edfb084939f800267be5326344e,066669e873c7ac1dec34d8921f3994c0e782b821,2ce389c8a0e224662139c19d28d4c8c25ca346f0,6dc671363137184098e0f8f4c698cbdc9fea0225,c737d34e633f7ec77596d8a67f0a231b8ec0f0a5,ee6f5a972a6a54cc93a5a7e19363d3592b367394	raw RAM/game-state capture
artifacts/snapshots/gamestate_tables.bin	027c1a597ec77edfb084939f800267be5326344e,066669e873c7ac1dec34d8921f3994c0e782b821,2ce389c8a0e224662139c19d28d4c8c25ca346f0,6dc671363137184098e0f8f4c698cbdc9fea0225,c737d34e633f7ec77596d8a67f0a231b8ec0f0a5,ee6f5a972a6a54cc93a5a7e19363d3592b367394	raw RAM/game-state capture
artifacts/snapshots/glob_31f000.bin	027c1a597ec77edfb084939f800267be5326344e,066669e873c7ac1dec34d8921f3994c0e782b821,2ce389c8a0e224662139c19d28d4c8c25ca346f0,6dc671363137184098e0f8f4c698cbdc9fea0225,c737d34e633f7ec77596d8a67f0a231b8ec0f0a5,ee6f5a972a6a54cc93a5a7e19363d3592b367394	raw RAM/game-state capture
artifacts/snapshots/glob_5a8000.bin	027c1a597ec77edfb084939f800267be5326344e,066669e873c7ac1dec34d8921f3994c0e782b821,2ce389c8a0e224662139c19d28d4c8c25ca346f0,6dc671363137184098e0f8f4c698cbdc9fea0225,c737d34e633f7ec77596d8a67f0a231b8ec0f0a5,ee6f5a972a6a54cc93a5a7e19363d3592b367394	raw RAM/game-state capture
artifacts/snapshots/glob_5ab000.bin	027c1a597ec77edfb084939f800267be5326344e,066669e873c7ac1dec34d8921f3994c0e782b821,2ce389c8a0e224662139c19d28d4c8c25ca346f0,6dc671363137184098e0f8f4c698cbdc9fea0225,c737d34e633f7ec77596d8a67f0a231b8ec0f0a5,ee6f5a972a6a54cc93a5a7e19363d3592b367394	raw RAM/game-state capture
artifacts/snapshots/glob_632000.bin	027c1a597ec77edfb084939f800267be5326344e,066669e873c7ac1dec34d8921f3994c0e782b821,2ce389c8a0e224662139c19d28d4c8c25ca346f0,6dc671363137184098e0f8f4c698cbdc9fea0225,c737d34e633f7ec77596d8a67f0a231b8ec0f0a5,ee6f5a972a6a54cc93a5a7e19363d3592b367394	raw RAM/game-state capture
artifacts/snapshots/infection_swarm.json	027c1a597ec77edfb084939f800267be5326344e,15743c6a4d47a060180251a747a8c80fc819912b,2ce389c8a0e224662139c19d28d4c8c25ca346f0,5c1181e8853c849953c7a0582b2789ede2d0fef7,6a423f2ccb7abd0e83c89acf172608b31627bc3f,6dc671363137184098e0f8f4c698cbdc9fea0225,c737d34e633f7ec77596d8a67f0a231b8ec0f0a5,ee6f5a972a6a54cc93a5a7e19363d3592b367394	raw RAM/game-state capture (recorded live origin)
artifacts/snapshots/rdata_28c000.bin	027c1a597ec77edfb084939f800267be5326344e,066669e873c7ac1dec34d8921f3994c0e782b821,2ce389c8a0e224662139c19d28d4c8c25ca346f0,6dc671363137184098e0f8f4c698cbdc9fea0225,c737d34e633f7ec77596d8a67f0a231b8ec0f0a5,ee6f5a972a6a54cc93a5a7e19363d3592b367394	raw RAM/game-state capture
artifacts/snapshots/rdata_const.bin	027c1a597ec77edfb084939f800267be5326344e,066669e873c7ac1dec34d8921f3994c0e782b821,2ce389c8a0e224662139c19d28d4c8c25ca346f0,6dc671363137184098e0f8f4c698cbdc9fea0225,c737d34e633f7ec77596d8a67f0a231b8ec0f0a5,ee6f5a972a6a54cc93a5a7e19363d3592b367394	raw RAM/game-state capture
build-standalone-nogpu/default.xbe	0dffe2b5f29979209fdb7c11a00a3ee8bc3d7a17,6bd9dd0dbad907e13fa1d759cb2bc08a80e05338	patched/seeded game executable (XBE signature)
build-standalone-nogpu/generated/seed_binkdata.bin	0dffe2b5f29979209fdb7c11a00a3ee8bc3d7a17,6bd9dd0dbad907e13fa1d759cb2bc08a80e05338	verbatim original-XBE data section (byte-verified against 2276)
build-standalone-nogpu/generated/seed_data.bin	0dffe2b5f29979209fdb7c11a00a3ee8bc3d7a17,6bd9dd0dbad907e13fa1d759cb2bc08a80e05338	verbatim original-XBE data section (byte-verified against 2276)
build-standalone-nogpu/generated/seed_dolby.bin	0dffe2b5f29979209fdb7c11a00a3ee8bc3d7a17,6bd9dd0dbad907e13fa1d759cb2bc08a80e05338	verbatim original-XBE data section (byte-verified against 2276)
build-standalone-nogpu/generated/seed_rdata.bin	0dffe2b5f29979209fdb7c11a00a3ee8bc3d7a17,6bd9dd0dbad907e13fa1d759cb2bc08a80e05338	verbatim original-XBE data section (byte-verified against 2276)
build-standalone-seed/default.xbe	0dffe2b5f29979209fdb7c11a00a3ee8bc3d7a17,6bd9dd0dbad907e13fa1d759cb2bc08a80e05338	patched/seeded game executable (XBE signature)
build-standalone-seed/generated/seed_binkdata.bin	0dffe2b5f29979209fdb7c11a00a3ee8bc3d7a17,6bd9dd0dbad907e13fa1d759cb2bc08a80e05338	verbatim original-XBE data section (byte-verified against 2276)
build-standalone-seed/generated/seed_data.bin	0dffe2b5f29979209fdb7c11a00a3ee8bc3d7a17,6bd9dd0dbad907e13fa1d759cb2bc08a80e05338	verbatim original-XBE data section (byte-verified against 2276)
build-standalone-seed/generated/seed_dolby.bin	0dffe2b5f29979209fdb7c11a00a3ee8bc3d7a17,6bd9dd0dbad907e13fa1d759cb2bc08a80e05338	verbatim original-XBE data section (byte-verified against 2276)
build-standalone-seed/generated/seed_rdata.bin	0dffe2b5f29979209fdb7c11a00a3ee8bc3d7a17,6bd9dd0dbad907e13fa1d759cb2bc08a80e05338	verbatim original-XBE data section (byte-verified against 2276)
build-standalone/default.xbe	0dffe2b5f29979209fdb7c11a00a3ee8bc3d7a17,6bd9dd0dbad907e13fa1d759cb2bc08a80e05338	patched/seeded game executable (XBE signature)
ci/snapshot.json	0e971cc8adf157477dce7c3acb67f8d06395834f,6d4044e44f6dbb91c59d1b28db31c18efa4c6c2a,7cf4c7a73c89fbfd72c7256175c7109110734fb4,9b345ccd57ba5fa3d537db58e734d053c519d276,9e7a50f9d3f484f222e6c7f61746d9b4a0dee0b0,ae4e4e594d0b665e60be0eef358c9f38848be14a,b0b5f492dc8e7cc9e94959f5c1b7b6a60ba66503,cd3f0731a45ba3634e326f5660bd5b97b32c6c92,ecb8e9e5fc1a254a316f20eb11954fc2deb11b9e,f36d34b4ec6ca27d06ff4c4093415e994d8b45b2,f57d64098a69ceaed90bc1a54fd9a29f75fae04b	raw RAM/game-state capture (recorded live origin)
delinked/XAPILIB/FUN_001d7817.obj	13542ad345ab644d139266695a30f8edf2cbd42f,6c70fbee82c09b9a657f21c5c9f163b4987708b8,c737d34e633f7ec77596d8a67f0a231b8ec0f0a5,d7fe3476b524ef312908bdb7babb68043e026bc2,d91b33be10887b291f80872744be889b85982ec8,ee6f5a972a6a54cc93a5a7e19363d3592b367394	XBE-derived COFF object
delinked/XAPILIB/FUN_001d789a.obj	14d5358c36d5088907cd2a45f4d247c50e727b28,c737d34e633f7ec77596d8a67f0a231b8ec0f0a5,ee6f5a972a6a54cc93a5a7e19363d3592b367394,f279e6eacadb8cd904b63800b8aadf51f922f56c	XBE-derived COFF object
delinked/XAPILIB/xbox_crt.obj	13542ad345ab644d139266695a30f8edf2cbd42f,6c70fbee82c09b9a657f21c5c9f163b4987708b8,c737d34e633f7ec77596d8a67f0a231b8ec0f0a5,d7fe3476b524ef312908bdb7babb68043e026bc2,d91b33be10887b291f80872744be889b85982ec8,ee6f5a972a6a54cc93a5a7e19363d3592b367394	XBE-derived COFF object
delinked/actions.obj	2e426ff46d2fd8b3dbc817037601ee733f19d9c9,c737d34e633f7ec77596d8a67f0a231b8ec0f0a5,ee6f5a972a6a54cc93a5a7e19363d3592b367394,f0acfaa26c6d6d2db6ebb023c8b85d37228dbd71	XBE-derived COFF object
delinked/actor_combat.obj	1d4ac594f12dac773ecb9b1de86162ac20ee4758,c737d34e633f7ec77596d8a67f0a231b8ec0f0a5,ee6f5a972a6a54cc93a5a7e19363d3592b367394	XBE-derived COFF object
delinked/actor_looking_1a100.obj	a25e2db2c8b9f038461199da30f725160a18f441,c737d34e633f7ec77596d8a67f0a231b8ec0f0a5,e2d41bf343b57f91d4ba7ce4d6616fa8831b1eb7,eb6620f3114924cd2e633d8a6a3ac0672d3a1ded,ee6f5a972a6a54cc93a5a7e19363d3592b367394	XBE-derived COFF object
delinked/actor_looking_FUN_00013dd0.obj	027c1a597ec77edfb084939f800267be5326344e,15743c6a4d47a060180251a747a8c80fc819912b,442a35fa1fa280c9eed9d771c4fd774a457cb96e,670e1a8a0d25c52a2683d34281e3a9e26fac08a7,ad72f2bef1ff0500f51188b5b3be2414160c50ed,c737d34e633f7ec77596d8a67f0a231b8ec0f0a5,e3462d16bb9f8b089fc42a913bad542c36282f62,ee6f5a972a6a54cc93a5a7e19363d3592b367394	XBE-derived COFF object
delinked/actor_looking_FUN_00013ef0.obj	027c1a597ec77edfb084939f800267be5326344e,15743c6a4d47a060180251a747a8c80fc819912b,442a35fa1fa280c9eed9d771c4fd774a457cb96e,9c398c8debeeabe551dd71ea9cdd0e7d8ade3757,c737d34e633f7ec77596d8a67f0a231b8ec0f0a5,dd710a27d050a19579b47ea46d9a54c2d88ed283,e3462d16bb9f8b089fc42a913bad542c36282f62,ee6f5a972a6a54cc93a5a7e19363d3592b367394	XBE-derived COFF object
delinked/actor_looking_FUN_00014480.obj	027c1a597ec77edfb084939f800267be5326344e,15743c6a4d47a060180251a747a8c80fc819912b,16f5d1f169e24925ea13ee0007716b16de6ee00b,1f50938cb19e9f1a976188274791d2b9fe619559,442a35fa1fa280c9eed9d771c4fd774a457cb96e,c737d34e633f7ec77596d8a67f0a231b8ec0f0a5,e3462d16bb9f8b089fc42a913bad542c36282f62,ee6f5a972a6a54cc93a5a7e19363d3592b367394	XBE-derived COFF object
delinked/actor_looking_FUN_00014540.obj	027c1a597ec77edfb084939f800267be5326344e,15743c6a4d47a060180251a747a8c80fc819912b,16f5d1f169e24925ea13ee0007716b16de6ee00b,1f50938cb19e9f1a976188274791d2b9fe619559,442a35fa1fa280c9eed9d771c4fd774a457cb96e,c737d34e633f7ec77596d8a67f0a231b8ec0f0a5,e3462d16bb9f8b089fc42a913bad542c36282f62,ee6f5a972a6a54cc93a5a7e19363d3592b367394	XBE-derived COFF object
delinked/actor_looking_FUN_00014620.obj	3101e2f29bcd89f04113d5995ef6e679892a8e79,c737d34e633f7ec77596d8a67f0a231b8ec0f0a5,d1622ce69ea38ef0ada78ba73a0863e77bb46d0e,ee6f5a972a6a54cc93a5a7e19363d3592b367394	XBE-derived COFF object
delinked/actor_looking_FUN_00014ba0.obj	027c1a597ec77edfb084939f800267be5326344e,05b1cdb2cbeadc16994a154c256a40af96048246,15743c6a4d47a060180251a747a8c80fc819912b,26a6c50ed7230ae562dd7c8f5c1639b2df08690e,2ae419f5baae1926036696b98958e49a4b670fd2,6b85431f456735422f0006dbe6f58c31bf7794e1,c737d34e633f7ec77596d8a67f0a231b8ec0f0a5,ee6f5a972a6a54cc93a5a7e19363d3592b367394,f6b15bfd69c01593fdfb7aa2f61e2f41f9990c9a	XBE-derived COFF object
delinked/actor_looking_FUN_00014c10.obj	a60b1379b5524c0d893c07b5b042995a6b54bb71,c737d34e633f7ec77596d8a67f0a231b8ec0f0a5,c873e094ffcc99fe16309bef2a3d580061445cc3,ee6f5a972a6a54cc93a5a7e19363d3592b367394	XBE-derived COFF object
delinked/actor_looking_FUN_00014e90.obj	027c1a597ec77edfb084939f800267be5326344e,05b1cdb2cbeadc16994a154c256a40af96048246,15743c6a4d47a060180251a747a8c80fc819912b,26a6c50ed7230ae562dd7c8f5c1639b2df08690e,6b85431f456735422f0006dbe6f58c31bf7794e1,c737d34e633f7ec77596d8a67f0a231b8ec0f0a5,ee6f5a972a6a54cc93a5a7e19363d3592b367394,f6b15bfd69c01593fdfb7aa2f61e2f41f9990c9a	XBE-derived COFF object
delinked/actor_looking_FUN_00015040.obj	027c1a597ec77edfb084939f800267be5326344e,05b1cdb2cbeadc16994a154c256a40af96048246,15743c6a4d47a060180251a747a8c80fc819912b,26a6c50ed7230ae562dd7c8f5c1639b2df08690e,6b85431f456735422f0006dbe6f58c31bf7794e1,c737d34e633f7ec77596d8a67f0a231b8ec0f0a5,ee6f5a972a6a54cc93a5a7e19363d3592b367394,f6b15bfd69c01593fdfb7aa2f61e2f41f9990c9a	XBE-derived COFF object
delinked/actor_looking_FUN_00015520.obj	a60b1379b5524c0d893c07b5b042995a6b54bb71,c737d34e633f7ec77596d8a67f0a231b8ec0f0a5,c873e094ffcc99fe16309bef2a3d580061445cc3,ee6f5a972a6a54cc93a5a7e19363d3592b367394	XBE-derived COFF object
delinked/actor_looking_FUN_000159d0.obj	027c1a597ec77edfb084939f800267be5326344e,05b1cdb2cbeadc16994a154c256a40af96048246,07d8df8d0d215cc2b7d4b5b162d8b3d18225376b,15743c6a4d47a060180251a747a8c80fc819912b,26a6c50ed7230ae562dd7c8f5c1639b2df08690e,2ae419f5baae1926036696b98958e49a4b670fd2,a4fcef0dd47c9e1bd4e72b27539805698cf06af2,c737d34e633f7ec77596d8a67f0a231b8ec0f0a5,ee6f5a972a6a54cc93a5a7e19363d3592b367394	XBE-derived COFF object
delinked/actor_looking_FUN_00015cf0.obj	2859977bcbdfc959bc46d8c390d55811ae3ac336,b12f3679b4a862e402eeebc92f592c4dea75e542,b586b1c394a9849645e5d19b92803b4fe78cf8cc,c737d34e633f7ec77596d8a67f0a231b8ec0f0a5,ee6f5a972a6a54cc93a5a7e19363d3592b367394	XBE-derived COFF object
delinked/actor_looking_FUN_00015f60.obj	16cf28973e80d0e8366c01d44e2cd2bb72d50263,683998976a87d6707dec8fe37b2ebb87a251885b,c737d34e633f7ec77596d8a67f0a231b8ec0f0a5,d9dcefafbd23acd5136c8d7f484d02546721caf3,ee6f5a972a6a54cc93a5a7e19363d3592b367394	XBE-derived COFF object
delinked/actor_looking_FUN_00016050.obj	027c1a597ec77edfb084939f800267be5326344e,05b1cdb2cbeadc16994a154c256a40af96048246,15743c6a4d47a060180251a747a8c80fc819912b,26a6c50ed7230ae562dd7c8f5c1639b2df08690e,6b85431f456735422f0006dbe6f58c31bf7794e1,c737d34e633f7ec77596d8a67f0a231b8ec0f0a5,ee6f5a972a6a54cc93a5a7e19363d3592b367394,f6b15bfd69c01593fdfb7aa2f61e2f41f9990c9a	XBE-derived COFF object
delinked/actor_looking_FUN_00016210.obj	027c1a597ec77edfb084939f800267be5326344e,05b1cdb2cbeadc16994a154c256a40af96048246,15743c6a4d47a060180251a747a8c80fc819912b,26a6c50ed7230ae562dd7c8f5c1639b2df08690e,6b85431f456735422f0006dbe6f58c31bf7794e1,c737d34e633f7ec77596d8a67f0a231b8ec0f0a5,ee6f5a972a6a54cc93a5a7e19363d3592b367394,f6b15bfd69c01593fdfb7aa2f61e2f41f9990c9a	XBE-derived COFF object
delinked/actor_looking_FUN_00016590.obj	2d6be675daee9e368eb8d5714a533726e5b5cf88,332577416faa3e32fd68020809c722b1b9c87409,730ac2a8ccdeba4350a6d5f006b3d9d8cd9e51a2,c737d34e633f7ec77596d8a67f0a231b8ec0f0a5,ee6f5a972a6a54cc93a5a7e19363d3592b367394	XBE-derived COFF object
delinked/actor_looking_FUN_000169a0.obj	a60b1379b5524c0d893c07b5b042995a6b54bb71,c737d34e633f7ec77596d8a67f0a231b8ec0f0a5,c873e094ffcc99fe16309bef2a3d580061445cc3,ee6f5a972a6a54cc93a5a7e19363d3592b367394	XBE-derived COFF object
delinked/actor_looking_FUN_00016bd0.obj	027c1a597ec77edfb084939f800267be5326344e,05b1cdb2cbeadc16994a154c256a40af96048246,15743c6a4d47a060180251a747a8c80fc819912b,26a6c50ed7230ae562dd7c8f5c1639b2df08690e,6b85431f456735422f0006dbe6f58c31bf7794e1,c737d34e633f7ec77596d8a67f0a231b8ec0f0a5,ee6f5a972a6a54cc93a5a7e19363d3592b367394,f6b15bfd69c01593fdfb7aa2f61e2f41f9990c9a	XBE-derived COFF object
delinked/actor_looking_FUN_00016cf0.obj	027c1a597ec77edfb084939f800267be5326344e,05b1cdb2cbeadc16994a154c256a40af96048246,15743c6a4d47a060180251a747a8c80fc819912b,26a6c50ed7230ae562dd7c8f5c1639b2df08690e,6b85431f456735422f0006dbe6f58c31bf7794e1,c737d34e633f7ec77596d8a67f0a231b8ec0f0a5,ee6f5a972a6a54cc93a5a7e19363d3592b367394,f6b15bfd69c01593fdfb7aa2f61e2f41f9990c9a	XBE-derived COFF object
delinked/actor_looking_FUN_00016d40.obj	2d67ead6953ba4aac606f3da32aea87c9fbe52b9,9bb04eb4bd9b078740b54617cd93de9a0abd3c20,b716aacef6c769470243c34b6f89224c3d3104bf,c737d34e633f7ec77596d8a67f0a231b8ec0f0a5,ee6f5a972a6a54cc93a5a7e19363d3592b367394	XBE-derived COFF object
delinked/actor_looking_FUN_00017960.obj	a60b1379b5524c0d893c07b5b042995a6b54bb71,c737d34e633f7ec77596d8a67f0a231b8ec0f0a5,c873e094ffcc99fe16309bef2a3d580061445cc3,ee6f5a972a6a54cc93a5a7e19363d3592b367394	XBE-derived COFF object
delinked/actor_looking_FUN_00019110.obj	a60b1379b5524c0d893c07b5b042995a6b54bb71,c737d34e633f7ec77596d8a67f0a231b8ec0f0a5,c873e094ffcc99fe16309bef2a3d580061445cc3,ee6f5a972a6a54cc93a5a7e19363d3592b367394	XBE-derived COFF object
delinked/actor_looking_FUN_000192b0.obj	027c1a597ec77edfb084939f800267be5326344e,05b1cdb2cbeadc16994a154c256a40af96048246,15743c6a4d47a060180251a747a8c80fc819912b,26a6c50ed7230ae562dd7c8f5c1639b2df08690e,6b85431f456735422f0006dbe6f58c31bf7794e1,c737d34e633f7ec77596d8a67f0a231b8ec0f0a5,ee6f5a972a6a54cc93a5a7e19363d3592b367394,f6b15bfd69c01593fdfb7aa2f61e2f41f9990c9a	XBE-derived COFF object
delinked/actor_looking_FUN_000197d0.obj	0b5f4f7cc75aaf403aab1c929c7762c93f018eff,39170fa971a836e6733ec366711bbe52ac7ef5e2,758444dbae729a69f36e722f6636f093d24e11ee,c737d34e633f7ec77596d8a67f0a231b8ec0f0a5,ee6f5a972a6a54cc93a5a7e19363d3592b367394	XBE-derived COFF object
delinked/actor_looking_FUN_00019940.obj	700b77a492a3d7d5a69a16438c48574ede9d9785,bb28974580b909de15272efb1738c4087c7fcc51,c737d34e633f7ec77596d8a67f0a231b8ec0f0a5,cabf6d2a0f267b8d8754163b5d85377b2745b5fb,ee6f5a972a6a54cc93a5a7e19363d3592b367394	XBE-derived COFF object
delinked/actor_looking_FUN_00019b20.obj	700b77a492a3d7d5a69a16438c48574ede9d9785,bb28974580b909de15272efb1738c4087c7fcc51,c737d34e633f7ec77596d8a67f0a231b8ec0f0a5,cabf6d2a0f267b8d8754163b5d85377b2745b5fb,ee6f5a972a6a54cc93a5a7e19363d3592b367394	XBE-derived COFF object
delinked/actor_looking_FUN_00019c70.obj	027c1a597ec77edfb084939f800267be5326344e,05b1cdb2cbeadc16994a154c256a40af96048246,15743c6a4d47a060180251a747a8c80fc819912b,26a6c50ed7230ae562dd7c8f5c1639b2df08690e,2ae419f5baae1926036696b98958e49a4b670fd2,6b85431f456735422f0006dbe6f58c31bf7794e1,c737d34e633f7ec77596d8a67f0a231b8ec0f0a5,ee6f5a972a6a54cc93a5a7e19363d3592b367394,f6b15bfd69c01593fdfb7aa2f61e2f41f9990c9a	XBE-derived COFF object
delinked/actor_looking_FUN_00019d00.obj	9f9760afd7295e097ea904d6ebd712ffeee4831f	XBE-derived COFF object
delinked/actor_looking_FUN_0001a100.obj	2ae419f5baae1926036696b98958e49a4b670fd2	XBE-derived COFF object
delinked/actor_looking_FUN_0001a420.obj	5aa397f68cee084eada415167683d412066e1dff,765eb853a5144b7d4f090cf618e872c3413752fb,86944f75a0aed9e6f16e22734b70ee3c871a3a9e,c737d34e633f7ec77596d8a67f0a231b8ec0f0a5,ee6f5a972a6a54cc93a5a7e19363d3592b367394	XBE-derived COFF object
delinked/actor_looking_FUN_0001a600.obj	027c1a597ec77edfb084939f800267be5326344e,05b1cdb2cbeadc16994a154c256a40af96048246,15743c6a4d47a060180251a747a8c80fc819912b,26a6c50ed7230ae562dd7c8f5c1639b2df08690e,2ae419f5baae1926036696b98958e49a4b670fd2,6b85431f456735422f0006dbe6f58c31bf7794e1,c737d34e633f7ec77596d8a67f0a231b8ec0f0a5,ee6f5a972a6a54cc93a5a7e19363d3592b367394,f6b15bfd69c01593fdfb7aa2f61e2f41f9990c9a	XBE-derived COFF object
delinked/actor_looking_FUN_0001a670.obj	027c1a597ec77edfb084939f800267be5326344e,05b1cdb2cbeadc16994a154c256a40af96048246,15743c6a4d47a060180251a747a8c80fc819912b,26a6c50ed7230ae562dd7c8f5c1639b2df08690e,6b85431f456735422f0006dbe6f58c31bf7794e1,c737d34e633f7ec77596d8a67f0a231b8ec0f0a5,ee6f5a972a6a54cc93a5a7e19363d3592b367394,f6b15bfd69c01593fdfb7aa2f61e2f41f9990c9a	XBE-derived COFF object
delinked/actor_looking_FUN_0001a7e0.obj	700b77a492a3d7d5a69a16438c48574ede9d9785,bb28974580b909de15272efb1738c4087c7fcc51,c737d34e633f7ec77596d8a67f0a231b8ec0f0a5,cabf6d2a0f267b8d8754163b5d85377b2745b5fb,ee6f5a972a6a54cc93a5a7e19363d3592b367394	XBE-derived COFF object
delinked/actor_looking_FUN_0001ac00.obj	2ae419f5baae1926036696b98958e49a4b670fd2	XBE-derived COFF object
delinked/actor_looking_FUN_0001ac00_wide.obj	1b87319cb4480aa3066fbd0908c438284cebaabf,b19b05dbb6749a52b32593cf4b21c1607f836a7e,c737d34e633f7ec77596d8a67f0a231b8ec0f0a5,edecf97eae1becbf20e25111915f98e0975c2faa,ee6f5a972a6a54cc93a5a7e19363d3592b367394	XBE-derived COFF object
delinked/actor_looking_FUN_00024ca0.obj	027c1a597ec77edfb084939f800267be5326344e,05b1cdb2cbeadc16994a154c256a40af96048246,15743c6a4d47a060180251a747a8c80fc819912b,26a6c50ed7230ae562dd7c8f5c1639b2df08690e,2ae419f5baae1926036696b98958e49a4b670fd2,6b85431f456735422f0006dbe6f58c31bf7794e1,c737d34e633f7ec77596d8a67f0a231b8ec0f0a5,ee6f5a972a6a54cc93a5a7e19363d3592b367394,f6b15bfd69c01593fdfb7aa2f61e2f41f9990c9a	XBE-derived COFF object
delinked/actor_looking_FUN_00024cf0.obj	67a17eb34ceebeefaf1259b5ce985bbff88bd0ac,ba4b47822c783a3b69637cebee41453a26c62a93,c737d34e633f7ec77596d8a67f0a231b8ec0f0a5,ee6f5a972a6a54cc93a5a7e19363d3592b367394,fcecb7db7465a5a499efc6b60cf5a411349181ad	XBE-derived COFF object
delinked/actor_looking_FUN_00025a00.obj	a60b1379b5524c0d893c07b5b042995a6b54bb71,c737d34e633f7ec77596d8a67f0a231b8ec0f0a5,c873e094ffcc99fe16309bef2a3d580061445cc3,ee6f5a972a6a54cc93a5a7e19363d3592b367394	XBE-derived COFF object
delinked/actor_looking_FUN_00027090.obj	0e9f8556186f2f3e28b6c15a6e99290a7c1f5cf2,ba4b47822c783a3b69637cebee41453a26c62a93,c737d34e633f7ec77596d8a67f0a231b8ec0f0a5,ee6f5a972a6a54cc93a5a7e19363d3592b367394,fcecb7db7465a5a499efc6b60cf5a411349181ad	XBE-derived COFF object
delinked/actor_looking_FUN_000272d0.obj	20c79e571f77838820d63ec686aad68259dae4be,5047f37d413ccb2323441af0a6ee32aae023b21f,922c6708fc38ad93b508fe6fdc02425246e26ade,c737d34e633f7ec77596d8a67f0a231b8ec0f0a5,ee6f5a972a6a54cc93a5a7e19363d3592b367394	XBE-derived COFF object
delinked/actor_looking_FUN_00027410.obj	453963be9d00122d988d196401ec3d6fe683abba,ba4b47822c783a3b69637cebee41453a26c62a93,c737d34e633f7ec77596d8a67f0a231b8ec0f0a5,ee6f5a972a6a54cc93a5a7e19363d3592b367394,fcecb7db7465a5a499efc6b60cf5a411349181ad	XBE-derived COFF object
delinked/actor_looking_FUN_000278e0.obj	027c1a597ec77edfb084939f800267be5326344e,05b1cdb2cbeadc16994a154c256a40af96048246,15743c6a4d47a060180251a747a8c80fc819912b,26a6c50ed7230ae562dd7c8f5c1639b2df08690e,6b85431f456735422f0006dbe6f58c31bf7794e1,c737d34e633f7ec77596d8a67f0a231b8ec0f0a5,ee6f5a972a6a54cc93a5a7e19363d3592b367394,f6b15bfd69c01593fdfb7aa2f61e2f41f9990c9a	XBE-derived COFF object
delinked/actor_looking_FUN_00027a10.obj	027c1a597ec77edfb084939f800267be5326344e,05b1cdb2cbeadc16994a154c256a40af96048246,15743c6a4d47a060180251a747a8c80fc819912b,26a6c50ed7230ae562dd7c8f5c1639b2df08690e,6b85431f456735422f0006dbe6f58c31bf7794e1,c737d34e633f7ec77596d8a67f0a231b8ec0f0a5,ee6f5a972a6a54cc93a5a7e19363d3592b367394,f6b15bfd69c01593fdfb7aa2f61e2f41f9990c9a	XBE-derived COFF object
delinked/actor_looking_FUN_00027a60.obj	5ecaeef7507500bca29c316cf471021ef6919ccc,a60b1379b5524c0d893c07b5b042995a6b54bb71,c737d34e633f7ec77596d8a67f0a231b8ec0f0a5,c873e094ffcc99fe16309bef2a3d580061445cc3,ee6f5a972a6a54cc93a5a7e19363d3592b367394	XBE-derived COFF object
delinked/actor_looking_FUN_00029040.obj	3d5c46242ae925efa5c4faf129700265fa33e2ed,87976cabfd21da367455329983b843e0c62d6d1a,c737d34e633f7ec77596d8a67f0a231b8ec0f0a5,ee6f5a972a6a54cc93a5a7e19363d3592b367394	XBE-derived COFF object
delinked/actor_looking_FUN_0002a2b0.obj	027c1a597ec77edfb084939f800267be5326344e,15743c6a4d47a060180251a747a8c80fc819912b,16f5d1f169e24925ea13ee0007716b16de6ee00b,1f50938cb19e9f1a976188274791d2b9fe619559,442a35fa1fa280c9eed9d771c4fd774a457cb96e,c737d34e633f7ec77596d8a67f0a231b8ec0f0a5,e3462d16bb9f8b089fc42a913bad542c36282f62,ee6f5a972a6a54cc93a5a7e19363d3592b367394	XBE-derived COFF object
delinked/actor_looking_math.obj	23120cbab18918db77fe5f02232c9c880d442a28,6541b82fa52da20f96a9ba9c5779020a07edf3ef,a1942615ee760b90982f93d2d02442ed1d7d092a,c737d34e633f7ec77596d8a67f0a231b8ec0f0a5,ee6f5a972a6a54cc93a5a7e19363d3592b367394	XBE-derived COFF object
delinked/actor_moving_FUN_0002d900.obj	027c1a597ec77edfb084939f800267be5326344e,15743c6a4d47a060180251a747a8c80fc819912b,c6dc3681f01b1def31b063efb3243ef9f3b60184,c737d34e633f7ec77596d8a67f0a231b8ec0f0a5,ee6f5a972a6a54cc93a5a7e19363d3592b367394,f76bc85e220ddee84551ce664b315cb679f84057	XBE-derived COFF object
delinked/actors.obj	a5ee4794cdb48974dc48b9edd5ce2074f6c34735,c737d34e633f7ec77596d8a67f0a231b8ec0f0a5,ee6f5a972a6a54cc93a5a7e19363d3592b367394,ff39b827883af32b9c526f8d37bfe11edef9e322	XBE-derived COFF object
delinked/actors_FUN_00036e50.obj	048ff2eb0f182e9a97023f5847d81493a20260a5,4b751ce3d00ac3c554825e72de1e3d0151398df1,c737d34e633f7ec77596d8a67f0a231b8ec0f0a5,ee6f5a972a6a54cc93a5a7e19363d3592b367394	XBE-derived COFF object
delinked/actors_FUN_000377d0.obj	6670cca1a005175b0aa3048dfc1796984f0e0c08,823c7346600912aaf351445073fea93cbb2352ca,c737d34e633f7ec77596d8a67f0a231b8ec0f0a5,ee6f5a972a6a54cc93a5a7e19363d3592b367394	XBE-derived COFF object
delinked/actors_FUN_00038200.obj	1a1b320fe2f24de3f1fc88c5064c120b9c38d4f4,af3870f8d0e90cae404f2e07ba61f62a73de67fd,c737d34e633f7ec77596d8a67f0a231b8ec0f0a5,ee6f5a972a6a54cc93a5a7e19363d3592b367394	XBE-derived COFF object
delinked/actors_FUN_00038b10.obj	9f3dde2098498f12f963022a9d7ced2560f188b2,c737d34e633f7ec77596d8a67f0a231b8ec0f0a5,ee6f5a972a6a54cc93a5a7e19363d3592b367394,eec1aff7476fcb6289f72c462223c2bf22e7870e	XBE-derived COFF object
delinked/actors_FUN_0003b150.obj	c737d34e633f7ec77596d8a67f0a231b8ec0f0a5,de617f939aacbffce7a0c0b5bea93aa413160bed,e78136a20c3ffc03d23ae21031465f21d42a6ff2,ee6f5a972a6a54cc93a5a7e19363d3592b367394	XBE-derived COFF object
delinked/biped_FUN_001a0b30.obj	c737d34e633f7ec77596d8a67f0a231b8ec0f0a5,daa01585966868ffa346f848dd3e2e9289529355,db4c4cb57c83b236e32ee7cc1e9c565e7c1c237d,ee6f5a972a6a54cc93a5a7e19363d3592b367394	XBE-derived COFF object
delinked/biped_FUN_001a1e70.obj	c737d34e633f7ec77596d8a67f0a231b8ec0f0a5,daa01585966868ffa346f848dd3e2e9289529355,db4c4cb57c83b236e32ee7cc1e9c565e7c1c237d,ee6f5a972a6a54cc93a5a7e19363d3592b367394	XBE-derived COFF object
delinked/biped_FUN_001a2290.obj	c737d34e633f7ec77596d8a67f0a231b8ec0f0a5,daa01585966868ffa346f848dd3e2e9289529355,db4c4cb57c83b236e32ee7cc1e9c565e7c1c237d,ee6f5a972a6a54cc93a5a7e19363d3592b367394	XBE-derived COFF object
delinked/biped_FUN_001a2a60.obj	c737d34e633f7ec77596d8a67f0a231b8ec0f0a5,daa01585966868ffa346f848dd3e2e9289529355,db4c4cb57c83b236e32ee7cc1e9c565e7c1c237d,ee6f5a972a6a54cc93a5a7e19363d3592b367394	XBE-derived COFF object
delinked/bipeds_FUN_001a2f40.obj	225080e6c711b423dc027b003cd5485172d04940,a4c7ab3206274d8b940d4fef65303af9fc822bb2,c737d34e633f7ec77596d8a67f0a231b8ec0f0a5,ee6f5a972a6a54cc93a5a7e19363d3592b367394	XBE-derived COFF object
delinked/bitmap_utilities_FUN_00075380.obj	0a474d3259402f859be3139fe44ac636dbd8665b,3886bc983eb3eec416b23138c6cae2d77a12e18a,4637fc9fe3caf8b6fa8027719792e6934835a5e2,82bfbeab197a2e639996c82c3a2ffa1e04a626a6,c737d34e633f7ec77596d8a67f0a231b8ec0f0a5,eb6f0aa1380154ad47d10f2bbd21ee88263ed19a,ee6f5a972a6a54cc93a5a7e19363d3592b367394,fbc58e2cc5086f94317ed55d9147a2bcf7960195	XBE-derived COFF object
delinked/circular_queue.obj	1359420105419a4cd21a60c3a2506f21d15be29e,c737d34e633f7ec77596d8a67f0a231b8ec0f0a5,c77351b6444a0968da5cbb6d30911d9320a03a87,ee6f5a972a6a54cc93a5a7e19363d3592b367394	XBE-derived COFF object
delinked/circular_queue_FUN_00118fb0.obj	13542ad345ab644d139266695a30f8edf2cbd42f,59e985b489005de7bfaf5a231b23236706f0544f,7f236b0546caf161fa5aa99a261e20383acce226,c737d34e633f7ec77596d8a67f0a231b8ec0f0a5,d91b33be10887b291f80872744be889b85982ec8,ee6f5a972a6a54cc93a5a7e19363d3592b367394	XBE-derived COFF object
delinked/collision_usage_FUN_0014c6d0.obj	c737d34e633f7ec77596d8a67f0a231b8ec0f0a5,d59df310a159a966c164d7ba38b329ea65418fc1,e3a0bf1f3ef53df568a5f256ef1db61e81f835d2,e4142dd5f68ec63edbad1ef47b48c2c3ab13f274,ee6f5a972a6a54cc93a5a7e19363d3592b367394	XBE-derived COFF object
delinked/collision_usage_FUN_0014c7b0.obj	a5897d683a6d84dec7fcfa2f47b977fb262d7c0d,c737d34e633f7ec77596d8a67f0a231b8ec0f0a5,d59df310a159a966c164d7ba38b329ea65418fc1,e4142dd5f68ec63edbad1ef47b48c2c3ab13f274,ee6f5a972a6a54cc93a5a7e19363d3592b367394	XBE-derived COFF object
delinked/collision_usage_FUN_0014c8e0.obj	bf5b462d39479b3e4f34e153b45dc505b7fafe97,c737d34e633f7ec77596d8a67f0a231b8ec0f0a5,d59df310a159a966c164d7ba38b329ea65418fc1,e4142dd5f68ec63edbad1ef47b48c2c3ab13f274,ee6f5a972a6a54cc93a5a7e19363d3592b367394	XBE-derived COFF object
delinked/collision_usage_FUN_0014c950.obj	7d19ea9e43ea3270fbf6e574ad9f69c259848948,c737d34e633f7ec77596d8a67f0a231b8ec0f0a5,d59df310a159a966c164d7ba38b329ea65418fc1,e4142dd5f68ec63edbad1ef47b48c2c3ab13f274,ee6f5a972a6a54cc93a5a7e19363d3592b367394	XBE-derived COFF object
delinked/collision_usage_FUN_0014ca30.obj	c737d34e633f7ec77596d8a67f0a231b8ec0f0a5,ca1c9c6406680d45637ddce8b950ce84e2808fe6,d59df310a159a966c164d7ba38b329ea65418fc1,e4142dd5f68ec63edbad1ef47b48c2c3ab13f274,ee6f5a972a6a54cc93a5a7e19363d3592b367394	XBE-derived COFF object
delinked/collision_usage_FUN_0014cb00.obj	c737d34e633f7ec77596d8a67f0a231b8ec0f0a5,d3ade8d86915a9ec13436dbb8163eb08d517fb2c,d59df310a159a966c164d7ba38b329ea65418fc1,e4142dd5f68ec63edbad1ef47b48c2c3ab13f274,ee6f5a972a6a54cc93a5a7e19363d3592b367394	XBE-derived COFF object
delinked/collision_usage_FUN_0014cc80.obj	30ef642ca0d5face1edd9b159fe4841417b8074b,44a6e350a47bad79577db70b6d02111e1a9505c6,5e0088b7224ceffdc992e47ea5d1de890918be1b,aeb213ca53bf2b87903fdadcaf1f762b0d8496de,b06270d484ff729ff5b4678795677b7e38aff5f5,c737d34e633f7ec77596d8a67f0a231b8ec0f0a5,ee6f5a972a6a54cc93a5a7e19363d3592b367394	XBE-derived COFF object
delinked/collision_usage_FUN_0014cde0.obj	0013f3b0a8f5cb7ecd28891c9dc4239d554961ef,1e55837e3bc86349f62b7f103d58d01da0cc3f5d,8e8bee16eef19c66d14deadc921183bfd9b8cef0,c737d34e633f7ec77596d8a67f0a231b8ec0f0a5,ee6f5a972a6a54cc93a5a7e19363d3592b367394	XBE-derived COFF object
delinked/collision_usage_FUN_0014cf20.obj	3f23662e555cc16b9c92ec8f1a06f9ddcf82aebb,63410da644a5d697826475c105850c7a793113a1,67b697bbd130a8f1de923a3c898d50e0e5d0de3f,6bb9298ac1554687a3dc148212adb7eed587632b,c294a2babae3c9f9cc50a45082ce4e84ffdce67f,c737d34e633f7ec77596d8a67f0a231b8ec0f0a5,ee6f5a972a6a54cc93a5a7e19363d3592b367394	XBE-derived COFF object
delinked/collision_usage_FUN_0014cfe0.obj	63410da644a5d697826475c105850c7a793113a1,c294a2babae3c9f9cc50a45082ce4e84ffdce67f,c384ecc5baf95fa9723f0f8909b5dd88b16ecf32,c737d34e633f7ec77596d8a67f0a231b8ec0f0a5,ec3c9c704493d9735eb6f0673166af1ccafd73a6,ee6f5a972a6a54cc93a5a7e19363d3592b367394	XBE-derived COFF object
delinked/collision_usage_FUN_0014d070.obj	8b55268c3a87da3d9f5d1c2951a629afcbef1656	XBE-derived COFF object
delinked/collision_usage_FUN_0014dab0.obj	0cb1fb1adc6b54a442eb59efe6ea7e6ae43fa88b,546bcfb0071289c4db2ba6cff897062e9eada4ab,6c3b0d7b38f874aeb29312b46613656ecd71d77f,c737d34e633f7ec77596d8a67f0a231b8ec0f0a5,ee6f5a972a6a54cc93a5a7e19363d3592b367394	XBE-derived COFF object
delinked/collision_usage_FUN_0014db10.obj	2552c33404f7b508a2116ad8db25d1184cdcf3c7,4c64beb276da4f99ef37a92bb36398b5756f1db1,5a7cea585365abea47e37f0cf80018c0817c58e4,c737d34e633f7ec77596d8a67f0a231b8ec0f0a5,ee6f5a972a6a54cc93a5a7e19363d3592b367394	XBE-derived COFF object
delinked/collision_usage_FUN_0014df70.obj	41e2795b13d408a0de11e1db975772b0ee4b2a25,ba4b47822c783a3b69637cebee41453a26c62a93,c737d34e633f7ec77596d8a67f0a231b8ec0f0a5,ee6f5a972a6a54cc93a5a7e19363d3592b367394,fcecb7db7465a5a499efc6b60cf5a411349181ad	XBE-derived COFF object
delinked/collision_usage_FUN_0014ec30.obj	225080e6c711b423dc027b003cd5485172d04940,4fecba7195b23ed0b1e0233e67ad0adde685e0ae,c737d34e633f7ec77596d8a67f0a231b8ec0f0a5,ee6f5a972a6a54cc93a5a7e19363d3592b367394	XBE-derived COFF object
delinked/collision_usage_FUN_0014eeb0.obj	67a17eb34ceebeefaf1259b5ce985bbff88bd0ac,ba4b47822c783a3b69637cebee41453a26c62a93,c737d34e633f7ec77596d8a67f0a231b8ec0f0a5,ee6f5a972a6a54cc93a5a7e19363d3592b367394,fcecb7db7465a5a499efc6b60cf5a411349181ad	XBE-derived COFF object
delinked/collision_usage_FUN_0014ef30.obj	67a17eb34ceebeefaf1259b5ce985bbff88bd0ac,ba4b47822c783a3b69637cebee41453a26c62a93,c737d34e633f7ec77596d8a67f0a231b8ec0f0a5,ee6f5a972a6a54cc93a5a7e19363d3592b367394,fcecb7db7465a5a499efc6b60cf5a411349181ad	XBE-derived COFF object
delinked/collision_usage_FUN_0014ef80.obj	7ac9a67cc96d4e046a81bfff2b500669ca25a850,ba4b47822c783a3b69637cebee41453a26c62a93,c737d34e633f7ec77596d8a67f0a231b8ec0f0a5,ee6f5a972a6a54cc93a5a7e19363d3592b367394,fcecb7db7465a5a499efc6b60cf5a411349181ad	XBE-derived COFF object
delinked/collision_usage_FUN_0014f020.obj	ba4b47822c783a3b69637cebee41453a26c62a93,c737d34e633f7ec77596d8a67f0a231b8ec0f0a5,ee6f5a972a6a54cc93a5a7e19363d3592b367394,f11ef1622dbc5fcaa2173751fc27305343b98d52,fcecb7db7465a5a499efc6b60cf5a411349181ad	XBE-derived COFF object
delinked/collision_usage_FUN_0014f2c0.obj	78c8a413f26b35711e75619590fb2d856b4dbd39,ba4b47822c783a3b69637cebee41453a26c62a93,c737d34e633f7ec77596d8a67f0a231b8ec0f0a5,ee6f5a972a6a54cc93a5a7e19363d3592b367394,fcecb7db7465a5a499efc6b60cf5a411349181ad	XBE-derived COFF object
delinked/collision_usage_FUN_14da20.obj	020100472ecc3aad9576d11a59e49e96edba9d12,c737d34e633f7ec77596d8a67f0a231b8ec0f0a5,ee6f5a972a6a54cc93a5a7e19363d3592b367394,fc2c9ff7dcc35ff8d0489cac8b87bd6c30f20e72	XBE-derived COFF object
delinked/collision_usage_FUN_14da80.obj	9ee7fa3ba101fbde23c49011ffb913eb207fe114,c737d34e633f7ec77596d8a67f0a231b8ec0f0a5,ee6f5a972a6a54cc93a5a7e19363d3592b367394,f0c4770c1a6eb09776ff28cb65af1af3e05fe955	XBE-derived COFF object
delinked/collision_usage_collision_log_render.obj	78c8a413f26b35711e75619590fb2d856b4dbd39,ba4b47822c783a3b69637cebee41453a26c62a93,c737d34e633f7ec77596d8a67f0a231b8ec0f0a5,ee6f5a972a6a54cc93a5a7e19363d3592b367394,fcecb7db7465a5a499efc6b60cf5a411349181ad	XBE-derived COFF object
delinked/contrails_97980.obj	13542ad345ab644d139266695a30f8edf2cbd42f,26a79667482d4baad163174257da92cdc4034058,2800f2d12a8806710789885d320daf392bc026a2,c737d34e633f7ec77596d8a67f0a231b8ec0f0a5,d91b33be10887b291f80872744be889b85982ec8,ee6f5a972a6a54cc93a5a7e19363d3592b367394	XBE-derived COFF object
delinked/contrails_97ae0.obj	5e0088b7224ceffdc992e47ea5d1de890918be1b,80480691ef9addf1706a80fe046968921cf2144f,aad6a9cf38e622e6f6491fe34924168bf2377392,aeb213ca53bf2b87903fdadcaf1f762b0d8496de,c737d34e633f7ec77596d8a67f0a231b8ec0f0a5,ee6f5a972a6a54cc93a5a7e19363d3592b367394	XBE-derived COFF object
delinked/contrails_98200.obj	a0a8e709d3db362adf30392e0ccd0abb3bc02f6c,c737d34e633f7ec77596d8a67f0a231b8ec0f0a5,ee6f5a972a6a54cc93a5a7e19363d3592b367394,fc16686b2bbf27cffd73c9f120036dd528678508	XBE-derived COFF object
delinked/contrails_98580_98730.obj	2fded1a04798a49592fc6b4fadef7226f7808989,5e0088b7224ceffdc992e47ea5d1de890918be1b,87f3239538c67f63524a5c536b6bac61c57949eb,aeb213ca53bf2b87903fdadcaf1f762b0d8496de,c737d34e633f7ec77596d8a67f0a231b8ec0f0a5,ee6f5a972a6a54cc93a5a7e19363d3592b367394	XBE-derived COFF object
delinked/contrails_98580_tight.obj	13542ad345ab644d139266695a30f8edf2cbd42f,2477deba69e25e6b8049c9aeff4ff52a88cd8e57,b667432ae0263796dff008bf6876357fb5ea15a1,c737d34e633f7ec77596d8a67f0a231b8ec0f0a5,d91b33be10887b291f80872744be889b85982ec8,ee6f5a972a6a54cc93a5a7e19363d3592b367394	XBE-derived COFF object
delinked/data_FUN_1194a0.obj	6ebae2050eae554ff1174dc83248430171e93220,c737d34e633f7ec77596d8a67f0a231b8ec0f0a5,eb6694f35841d827914e79ac520bfef4a0b704ca,ee6f5a972a6a54cc93a5a7e19363d3592b367394	XBE-derived COFF object
delinked/data_encoding_FUN_119df0.obj	0f90445d6c379a3d66bc9d7227e87fc914e12705,131d45c801721112eaecccdc065b3fba154e1c5e,13542ad345ab644d139266695a30f8edf2cbd42f,4644b32644c91ac26f027151a79f555cfea606a4,76af9420d92a03aac9453501328129ee623197f9,c737d34e633f7ec77596d8a67f0a231b8ec0f0a5,d91b33be10887b291f80872744be889b85982ec8,ee6f5a972a6a54cc93a5a7e19363d3592b367394	XBE-derived COFF object
delinked/data_encoding_FUN_119ff0.obj	0f90445d6c379a3d66bc9d7227e87fc914e12705,131d45c801721112eaecccdc065b3fba154e1c5e,13542ad345ab644d139266695a30f8edf2cbd42f,4644b32644c91ac26f027151a79f555cfea606a4,76af9420d92a03aac9453501328129ee623197f9,c737d34e633f7ec77596d8a67f0a231b8ec0f0a5,d91b33be10887b291f80872744be889b85982ec8,ee6f5a972a6a54cc93a5a7e19363d3592b367394	XBE-derived COFF object
delinked/effects_9c910_tight.obj	415455ced843a9ef5d2e71d559e6d268c94cf7e1,5e0088b7224ceffdc992e47ea5d1de890918be1b,aeb213ca53bf2b87903fdadcaf1f762b0d8496de,c737d34e633f7ec77596d8a67f0a231b8ec0f0a5,d1d9689b0cb3cc5acd3cad858d5f52af4da3e3e3,ee6f5a972a6a54cc93a5a7e19363d3592b367394	XBE-derived COFF object
delinked/effects_9c9a0.obj	5e0088b7224ceffdc992e47ea5d1de890918be1b,80480691ef9addf1706a80fe046968921cf2144f,aad6a9cf38e622e6f6491fe34924168bf2377392,aeb213ca53bf2b87903fdadcaf1f762b0d8496de,c737d34e633f7ec77596d8a67f0a231b8ec0f0a5,ee6f5a972a6a54cc93a5a7e19363d3592b367394	XBE-derived COFF object
delinked/effects_9c9f0.obj	c737d34e633f7ec77596d8a67f0a231b8ec0f0a5,e3986bf6bdcd10b2976b89301c3e33ccf985d0c8,ee6f5a972a6a54cc93a5a7e19363d3592b367394,fcecb7db7465a5a499efc6b60cf5a411349181ad	XBE-derived COFF object
delinked/effects_9ca70.obj	c737d34e633f7ec77596d8a67f0a231b8ec0f0a5,e3986bf6bdcd10b2976b89301c3e33ccf985d0c8,ee6f5a972a6a54cc93a5a7e19363d3592b367394,fcecb7db7465a5a499efc6b60cf5a411349181ad	XBE-derived COFF object
delinked/effects_9ce80.obj	13542ad345ab644d139266695a30f8edf2cbd42f,3d175151153623ba73c12a517b1383c6b6a6f181,7ae4b9219f99aece52215b5d8f8595f09fc42cc9,c737d34e633f7ec77596d8a67f0a231b8ec0f0a5,d91b33be10887b291f80872744be889b85982ec8,ee6f5a972a6a54cc93a5a7e19363d3592b367394	XBE-derived COFF object
delinked/effects_9ce90.obj	13542ad345ab644d139266695a30f8edf2cbd42f,26a79667482d4baad163174257da92cdc4034058,2800f2d12a8806710789885d320daf392bc026a2,c737d34e633f7ec77596d8a67f0a231b8ec0f0a5,d91b33be10887b291f80872744be889b85982ec8,ee6f5a972a6a54cc93a5a7e19363d3592b367394	XBE-derived COFF object
delinked/effects_9ceb0.obj	13542ad345ab644d139266695a30f8edf2cbd42f,26a79667482d4baad163174257da92cdc4034058,2800f2d12a8806710789885d320daf392bc026a2,c737d34e633f7ec77596d8a67f0a231b8ec0f0a5,d91b33be10887b291f80872744be889b85982ec8,ee6f5a972a6a54cc93a5a7e19363d3592b367394	XBE-derived COFF object
delinked/effects_9cf40.obj	13542ad345ab644d139266695a30f8edf2cbd42f,26a79667482d4baad163174257da92cdc4034058,2800f2d12a8806710789885d320daf392bc026a2,c737d34e633f7ec77596d8a67f0a231b8ec0f0a5,d91b33be10887b291f80872744be889b85982ec8,ee6f5a972a6a54cc93a5a7e19363d3592b367394	XBE-derived COFF object
delinked/effects_9f3b0.obj	13542ad345ab644d139266695a30f8edf2cbd42f,26a79667482d4baad163174257da92cdc4034058,2800f2d12a8806710789885d320daf392bc026a2,c737d34e633f7ec77596d8a67f0a231b8ec0f0a5,d91b33be10887b291f80872744be889b85982ec8,ee6f5a972a6a54cc93a5a7e19363d3592b367394	XBE-derived COFF object
delinked/effects_FUN_0009ce80.obj	13542ad345ab644d139266695a30f8edf2cbd42f,59e985b489005de7bfaf5a231b23236706f0544f,7f236b0546caf161fa5aa99a261e20383acce226,c737d34e633f7ec77596d8a67f0a231b8ec0f0a5,d91b33be10887b291f80872744be889b85982ec8,ee6f5a972a6a54cc93a5a7e19363d3592b367394	XBE-derived COFF object
delinked/errors.obj	725870ea62b3cb1bf09082fc80a6b9a5091d221a,c737d34e633f7ec77596d8a67f0a231b8ec0f0a5,d7a18e5fe3fab23e1d84a8a909a0f6fc0adb5029,ee6f5a972a6a54cc93a5a7e19363d3592b367394,fc00c84c5d4f0d7c15f983a9aa9abf02952d8288	XBE-derived COFF object
delinked/errors.obj_FUN_8e650.obj	1e9a98b2c9ac3ef9a0468e1b0e71ddb6fa9adf6c,c737d34e633f7ec77596d8a67f0a231b8ec0f0a5,ee6f5a972a6a54cc93a5a7e19363d3592b367394,f82c0ccb2f4e5bb69140a330f4cdda837a9055e7	XBE-derived COFF object
delinked/functions/0007f3a0.obj	4db7ddf0eaffa0bd684d8efd5b5c9b87afb1adce,9b345ccd57ba5fa3d537db58e734d053c519d276,b0b5f492dc8e7cc9e94959f5c1b7b6a60ba66503,f427fda7c027d4343ede4ed7e75692ca23df1782	XBE-derived COFF object
delinked/functions/0007ff40.obj	48d76dde53402f91adf861a8ba712467945bbc88,4db7ddf0eaffa0bd684d8efd5b5c9b87afb1adce,9b345ccd57ba5fa3d537db58e734d053c519d276,b0b5f492dc8e7cc9e94959f5c1b7b6a60ba66503	XBE-derived COFF object
delinked/functions/0007ffe0.obj	4db7ddf0eaffa0bd684d8efd5b5c9b87afb1adce,6f8b4f4e9841c226885efd218df0fdbe4135eaa3,9b345ccd57ba5fa3d537db58e734d053c519d276,b0b5f492dc8e7cc9e94959f5c1b7b6a60ba66503	XBE-derived COFF object
delinked/functions/00080070.obj	4db7ddf0eaffa0bd684d8efd5b5c9b87afb1adce,9b345ccd57ba5fa3d537db58e734d053c519d276,b0b5f492dc8e7cc9e94959f5c1b7b6a60ba66503,cc0f2171db37de275d566026e8024ef8abecc7e5	XBE-derived COFF object
delinked/functions/000800d0.obj	4db7ddf0eaffa0bd684d8efd5b5c9b87afb1adce,9b345ccd57ba5fa3d537db58e734d053c519d276,b0b5f492dc8e7cc9e94959f5c1b7b6a60ba66503,cbb341f73214ba07718ec860ecc3ebfbd26b811e	XBE-derived COFF object
delinked/functions/00080210.obj	4db7ddf0eaffa0bd684d8efd5b5c9b87afb1adce,7a5e7bc6805e047b50cec219cd74d6230bcc0265,9b345ccd57ba5fa3d537db58e734d053c519d276,b0b5f492dc8e7cc9e94959f5c1b7b6a60ba66503	XBE-derived COFF object
delinked/functions/00140750.obj	78849902b140316ecb731111a4717cf372243d30	XBE-derived COFF object
delinked/functions/0018e3c0.obj	8d1254225d69eca37d8ff98bb2ee9e0b6b072d50,967c7aa2596cc30b58c600e5fa143a587276e635,9b345ccd57ba5fa3d537db58e734d053c519d276,b0b5f492dc8e7cc9e94959f5c1b7b6a60ba66503,f6115788172b1856039702be98fbe76870891410	XBE-derived COFF object
delinked/functions/00193a80.obj	8d1254225d69eca37d8ff98bb2ee9e0b6b072d50,967c7aa2596cc30b58c600e5fa143a587276e635,9b345ccd57ba5fa3d537db58e734d053c519d276,b0b5f492dc8e7cc9e94959f5c1b7b6a60ba66503,f6115788172b1856039702be98fbe76870891410	XBE-derived COFF object
delinked/functions/00193b00.obj	8d1254225d69eca37d8ff98bb2ee9e0b6b072d50,967c7aa2596cc30b58c600e5fa143a587276e635,9b345ccd57ba5fa3d537db58e734d053c519d276,b0b5f492dc8e7cc9e94959f5c1b7b6a60ba66503,f6115788172b1856039702be98fbe76870891410	XBE-derived COFF object
delinked/functions/00193c00.obj	8d1254225d69eca37d8ff98bb2ee9e0b6b072d50,967c7aa2596cc30b58c600e5fa143a587276e635,9b345ccd57ba5fa3d537db58e734d053c519d276,b0b5f492dc8e7cc9e94959f5c1b7b6a60ba66503,f6115788172b1856039702be98fbe76870891410	XBE-derived COFF object
delinked/functions/00195bc0.obj	8d1254225d69eca37d8ff98bb2ee9e0b6b072d50,967c7aa2596cc30b58c600e5fa143a587276e635,9b345ccd57ba5fa3d537db58e734d053c519d276,b0b5f492dc8e7cc9e94959f5c1b7b6a60ba66503,f6115788172b1856039702be98fbe76870891410	XBE-derived COFF object
delinked/functions/0019b210.obj	8d1254225d69eca37d8ff98bb2ee9e0b6b072d50,967c7aa2596cc30b58c600e5fa143a587276e635,9b345ccd57ba5fa3d537db58e734d053c519d276,b0b5f492dc8e7cc9e94959f5c1b7b6a60ba66503,f6115788172b1856039702be98fbe76870891410	XBE-derived COFF object
delinked/game_allegiance_a8110_a8192.obj	13542ad345ab644d139266695a30f8edf2cbd42f,3d175151153623ba73c12a517b1383c6b6a6f181,7ae4b9219f99aece52215b5d8f8595f09fc42cc9,c737d34e633f7ec77596d8a67f0a231b8ec0f0a5,d91b33be10887b291f80872744be889b85982ec8,ee6f5a972a6a54cc93a5a7e19363d3592b367394	XBE-derived COFF object
delinked/game_engine_game_engine_player_killed.obj	027c1a597ec77edfb084939f800267be5326344e,134aa81aead1e5e108d33286b05a4defc7e897ef,15743c6a4d47a060180251a747a8c80fc819912b,bcf6e0359bf63850f03d71383c7ad05ecb85c2d5,c737d34e633f7ec77596d8a67f0a231b8ec0f0a5,ee6f5a972a6a54cc93a5a7e19363d3592b367394	XBE-derived COFF object
delinked/hud_FUN_000d02f0.obj	c737d34e633f7ec77596d8a67f0a231b8ec0f0a5,ee6f5a972a6a54cc93a5a7e19363d3592b367394,fa14f74cf122865453c8f9539cbdd971a13b2e81	XBE-derived COFF object
delinked/hud_d0340_d0440.obj	49e576b3f930e82685092d33f248381398d6d05c,5e0088b7224ceffdc992e47ea5d1de890918be1b,8234ed062a32c109345252e162b4ef45b494982b,aeb213ca53bf2b87903fdadcaf1f762b0d8496de,c737d34e633f7ec77596d8a67f0a231b8ec0f0a5,ee6f5a972a6a54cc93a5a7e19363d3592b367394	XBE-derived COFF object
delinked/hud_d1550_d1578.obj	5bb500a6a2c20a8adfd9d1e960e846a1c6da1d4b,bd9c05152d29ba8ac845ec14c8f6006e2756e5b2,c737d34e633f7ec77596d8a67f0a231b8ec0f0a5,ee6f5a972a6a54cc93a5a7e19363d3592b367394	XBE-derived COFF object
delinked/hud_d1690_d1700.obj	5e0088b7224ceffdc992e47ea5d1de890918be1b,9b652743e882e1deba9ffc37c8f69ad12cd88cc6,a2f6bc2bc38a169078dc2a0bf58e8e370d77b199,aeb213ca53bf2b87903fdadcaf1f762b0d8496de,c737d34e633f7ec77596d8a67f0a231b8ec0f0a5,ee6f5a972a6a54cc93a5a7e19363d3592b367394	XBE-derived COFF object
delinked/hud_d1c50_d1c88.obj	5bb500a6a2c20a8adfd9d1e960e846a1c6da1d4b,bd9c05152d29ba8ac845ec14c8f6006e2756e5b2,c737d34e633f7ec77596d8a67f0a231b8ec0f0a5,ee6f5a972a6a54cc93a5a7e19363d3592b367394	XBE-derived COFF object
delinked/hud_d1dd0_d1f00.obj	5e0088b7224ceffdc992e47ea5d1de890918be1b,95a49a390af95bfc806b9b5f9f769eb5cff101f0,aeb213ca53bf2b87903fdadcaf1f762b0d8496de,c737d34e633f7ec77596d8a67f0a231b8ec0f0a5,ee6f5a972a6a54cc93a5a7e19363d3592b367394,f03fbc9193a10b64d983181483f9beac4a11c089	XBE-derived COFF object
delinked/hud_d1e90.obj	13542ad345ab644d139266695a30f8edf2cbd42f,26a79667482d4baad163174257da92cdc4034058,2800f2d12a8806710789885d320daf392bc026a2,c737d34e633f7ec77596d8a67f0a231b8ec0f0a5,d91b33be10887b291f80872744be889b85982ec8,ee6f5a972a6a54cc93a5a7e19363d3592b367394	XBE-derived COFF object
delinked/hud_draw.obj	c737d34e633f7ec77596d8a67f0a231b8ec0f0a5,ee6f5a972a6a54cc93a5a7e19363d3592b367394	XBE-derived COFF object
delinked/hud_messaging.obj	c737d34e633f7ec77596d8a67f0a231b8ec0f0a5,dc2c3a4b43c07183bb2a0181a2e88960d49ca7ac,e5c8be67fc276c41ffddae11a154e307cc223049,ee6f5a972a6a54cc93a5a7e19363d3592b367394	XBE-derived COFF object
delinked/hud_messaging_FUN_0d4680.obj	0649e14c848fa6cb3d336165e4bc76c98ffd36d7,8cb33fe591d6db332337a71218f131628c28ac31,c737d34e633f7ec77596d8a67f0a231b8ec0f0a5,ee6f5a972a6a54cc93a5a7e19363d3592b367394	XBE-derived COFF object
delinked/hud_messaging_FUN_0d46d0.obj	8c837e669f1262b5a0de64bf6cb59ecb7c0ef9b2,936879ea9a2356089be8acc6d95a03c7ad1b4fb1,c737d34e633f7ec77596d8a67f0a231b8ec0f0a5,ee6f5a972a6a54cc93a5a7e19363d3592b367394	XBE-derived COFF object
delinked/hud_messaging_FUN_0d5160.obj	c737d34e633f7ec77596d8a67f0a231b8ec0f0a5,e7e7ea7492dc85ccc4769c7f0ebc95f5e5bfd8f2,eb5ca57af85b0cabbad679ca4a9f6841b75c34de,ee6f5a972a6a54cc93a5a7e19363d3592b367394	XBE-derived COFF object
delinked/hud_messaging_FUN_0d5180.obj	c737d34e633f7ec77596d8a67f0a231b8ec0f0a5,e7e7ea7492dc85ccc4769c7f0ebc95f5e5bfd8f2,eb5ca57af85b0cabbad679ca4a9f6841b75c34de,ee6f5a972a6a54cc93a5a7e19363d3592b367394	XBE-derived COFF object
delinked/hud_weapon.obj	c737d34e633f7ec77596d8a67f0a231b8ec0f0a5,ee6f5a972a6a54cc93a5a7e19363d3592b367394	XBE-derived COFF object
delinked/input_xbox_FUN_0cf3e0.obj	27820a1b71fb3ea835132346b7cff77cdee1900a,40cd1401c66514926ef520889199bc2c2b4c8937,c737d34e633f7ec77596d8a67f0a231b8ec0f0a5,ee6f5a972a6a54cc93a5a7e19363d3592b367394	XBE-derived COFF object
delinked/input_xbox_FUN_0cf690.obj	27820a1b71fb3ea835132346b7cff77cdee1900a,40cd1401c66514926ef520889199bc2c2b4c8937,c737d34e633f7ec77596d8a67f0a231b8ec0f0a5,ee6f5a972a6a54cc93a5a7e19363d3592b367394	XBE-derived COFF object
delinked/memory_pool.obj	b271d93ec0e46c858d0a1839fe2f3a0a63874f53,c737d34e633f7ec77596d8a67f0a231b8ec0f0a5,dc2c3a4b43c07183bb2a0181a2e88960d49ca7ac,ee6f5a972a6a54cc93a5a7e19363d3592b367394	XBE-derived COFF object
delinked/network_server_manager_12bf70_12d100.obj	0f90445d6c379a3d66bc9d7227e87fc914e12705,13542ad345ab644d139266695a30f8edf2cbd42f,65b36622240b98b2e33061cdb08f2af75546501a,76af9420d92a03aac9453501328129ee623197f9,a64221ab5167f4ee8beca51b45e62d28d848d4c2,c737d34e633f7ec77596d8a67f0a231b8ec0f0a5,d91b33be10887b291f80872744be889b85982ec8,ee6f5a972a6a54cc93a5a7e19363d3592b367394	XBE-derived COFF object
delinked/network_server_manager_12c410_12f990.obj	37b57ee608f5724a8643f94e3f63b657ab066c5f,c737d34e633f7ec77596d8a67f0a231b8ec0f0a5,ee6f5a972a6a54cc93a5a7e19363d3592b367394	XBE-derived COFF object
delinked/network_server_manager_12c410_12fd74.obj	c737d34e633f7ec77596d8a67f0a231b8ec0f0a5,ee6f5a972a6a54cc93a5a7e19363d3592b367394,f28a5b6e9ff45f09a296617813fea75cbc465e67	XBE-derived COFF object
delinked/network_server_manager_FUN_0012db30.obj	c737d34e633f7ec77596d8a67f0a231b8ec0f0a5,ee6f5a972a6a54cc93a5a7e19363d3592b367394	XBE-derived COFF object
delinked/network_server_manager_FUN_0012e750.obj	c737d34e633f7ec77596d8a67f0a231b8ec0f0a5,ee6f5a972a6a54cc93a5a7e19363d3592b367394	XBE-derived COFF object
delinked/network_server_manager_FUN_0012eb20.obj	c737d34e633f7ec77596d8a67f0a231b8ec0f0a5,ee6f5a972a6a54cc93a5a7e19363d3592b367394	XBE-derived COFF object
delinked/network_server_manager_FUN_0012f540.obj	9499f62f9b1939ca6922536612afe59799b49473,c737d34e633f7ec77596d8a67f0a231b8ec0f0a5,ee6f5a972a6a54cc93a5a7e19363d3592b367394	XBE-derived COFF object
delinked/network_server_manager_FUN_0012f5d0.obj	c737d34e633f7ec77596d8a67f0a231b8ec0f0a5,ee6f5a972a6a54cc93a5a7e19363d3592b367394	XBE-derived COFF object
delinked/network_server_manager_FUN_0012f690.obj	c737d34e633f7ec77596d8a67f0a231b8ec0f0a5,ee6f5a972a6a54cc93a5a7e19363d3592b367394	XBE-derived COFF object
delinked/network_server_manager_FUN_0012f990.obj	c737d34e633f7ec77596d8a67f0a231b8ec0f0a5,ee6f5a972a6a54cc93a5a7e19363d3592b367394	XBE-derived COFF object
delinked/objects_134ae0_136a00.obj	5820405d6dfc9cf50c1cbe99e9866fda7c060dd1	XBE-derived COFF object
delinked/objects_135f20_13640c.obj	85e3474fee0eecbe9022b72e40a78ed3555ad26f	XBE-derived COFF object
delinked/objects_135f90_136400.obj	067e3c5d98e983b3d2ff79b1706ec81d88f1e704	XBE-derived COFF object
delinked/objects_1363d0_136a00.obj	829357244487416ab01858a380384df77afa0943	XBE-derived COFF object
delinked/objects_1396e0_13d570.obj	5820405d6dfc9cf50c1cbe99e9866fda7c060dd1	XBE-derived COFF object
delinked/objects_13aed0_13b150.obj	5b1c087cabcd4c7a27831e2c2a39be3287ec92da	XBE-derived COFF object
delinked/objects_13b150_13d570.obj	5820405d6dfc9cf50c1cbe99e9866fda7c060dd1	XBE-derived COFF object
delinked/objects_13dfc0_13e0e0.obj	9718bd4202c5c1415f8af3c6123fa07fad9d4506	XBE-derived COFF object
delinked/objects_13eb30_13ec00.obj	9718bd4202c5c1415f8af3c6123fa07fad9d4506	XBE-derived COFF object
delinked/objects_13ebc0_13f060.obj	4725acdd6d6edbd10dc7d1d7f1dee61de67a6ea4	XBE-derived COFF object
delinked/objects_13ee60_140a00.obj	d79c8e5d4f839d62d27b46c3d24eda5306319190	XBE-derived COFF object
delinked/objects_13f060_13f810.obj	5b1c087cabcd4c7a27831e2c2a39be3287ec92da	XBE-derived COFF object
delinked/objects_13f380_13fb30.obj	4725acdd6d6edbd10dc7d1d7f1dee61de67a6ea4	XBE-derived COFF object
delinked/objects_13f810_13ffc0.obj	5b1c087cabcd4c7a27831e2c2a39be3287ec92da	XBE-derived COFF object
delinked/objects_13fb80_13fcc0.obj	85e3474fee0eecbe9022b72e40a78ed3555ad26f	XBE-derived COFF object
delinked/objects_13fc20_13ffc0.obj	6b21b8be6c6ed6590fb89686bb7032e337935d93	XBE-derived COFF object
delinked/objects_13ffc0_140200.obj	d48763648c0c622d8c36ce449deac8cf473e556c	XBE-derived COFF object
delinked/objects_140230_140500.obj	cf6981e47394ee2cb50c9e2c756493fc033c8478	XBE-derived COFF object
delinked/objects_140720_1408c0.obj	f67b82faf5b33929b884d71021c6f35226712103	XBE-derived COFF object
delinked/objects_1407e0_140b80.obj	fbff08a0390c46561e8c7379a020ff620918562a	XBE-derived COFF object
delinked/objects_140b80_1413c0.obj	264ec8bc55e48c94cec512217242d4a9276ce7b4	XBE-derived COFF object
delinked/objects_141480_141e00.obj	6a93d60772e39f05000436e03e7dc153463fb798	XBE-derived COFF object
delinked/objects_141900_141b70.obj	c449435709ab706ad28a5844bd85c59db2b258b3	XBE-derived COFF object
delinked/objects_143510_144500.obj	264ec8bc55e48c94cec512217242d4a9276ce7b4	XBE-derived COFF object
delinked/objects_1443f0_145170.obj	fb350777d2a4dcc8434754b536afcf1ac721bee4	XBE-derived COFF object
delinked/objects_144770_145500.obj	264ec8bc55e48c94cec512217242d4a9276ce7b4	XBE-derived COFF object
delinked/objects_145170_145700.obj	6a93d60772e39f05000436e03e7dc153463fb798	XBE-derived COFF object
delinked/objects_85000_86000.obj	6e60c1514f34575fa3822cbee2084dd92c7e4dd7	XBE-derived COFF object
delinked/objects_FUN_00084a10.obj	027c1a597ec77edfb084939f800267be5326344e,15743c6a4d47a060180251a747a8c80fc819912b,4111e44eb16125114ca3a343be3d56822a53e48f,442a35fa1fa280c9eed9d771c4fd774a457cb96e,6b9b3b54c0a5f9c7d21fb411a11a1714320956fb,c737d34e633f7ec77596d8a67f0a231b8ec0f0a5,e3462d16bb9f8b089fc42a913bad542c36282f62,ee6f5a972a6a54cc93a5a7e19363d3592b367394	XBE-derived COFF object
delinked/objects_FUN_00084fe0.obj	c737d34e633f7ec77596d8a67f0a231b8ec0f0a5,d342c80ed31a4de2c8273135ed6903294714bac1,ee6f5a972a6a54cc93a5a7e19363d3592b367394,ef246a04408b5990f4a025b71d5492152491a3b7	XBE-derived COFF object
delinked/objects_FUN_00085000.obj	788677a645906712809f0a835847573530fd2517,be01c58b06c09d81b72eb1ed53052ee7d65bb506,c737d34e633f7ec77596d8a67f0a231b8ec0f0a5,ee6f5a972a6a54cc93a5a7e19363d3592b367394	XBE-derived COFF object
delinked/objects_FUN_000850d0.obj	c737d34e633f7ec77596d8a67f0a231b8ec0f0a5,d342c80ed31a4de2c8273135ed6903294714bac1,ee6f5a972a6a54cc93a5a7e19363d3592b367394,ef246a04408b5990f4a025b71d5492152491a3b7	XBE-derived COFF object
delinked/objects_FUN_00085110.obj	c737d34e633f7ec77596d8a67f0a231b8ec0f0a5,d342c80ed31a4de2c8273135ed6903294714bac1,ee6f5a972a6a54cc93a5a7e19363d3592b367394,ef246a04408b5990f4a025b71d5492152491a3b7	XBE-derived COFF object
delinked/objects_FUN_00085180.obj	788677a645906712809f0a835847573530fd2517,be01c58b06c09d81b72eb1ed53052ee7d65bb506,c737d34e633f7ec77596d8a67f0a231b8ec0f0a5,ee6f5a972a6a54cc93a5a7e19363d3592b367394	XBE-derived COFF object
delinked/objects_FUN_001345b0.obj	403c7a0457e14aa18cac4781bfe2f33f226c1ab8	XBE-derived COFF object
delinked/objects_FUN_001345b0_tight.obj	29bc437ef47cab45baa7b6f6e5e84b7de9b38adb	XBE-derived COFF object
delinked/objects_FUN_00134ae0.obj	a84e2d5e3a9eada88ca62d149d0256154318ad97	XBE-derived COFF object
delinked/objects_FUN_00134be0.obj	104985442c41e7bcc1c88d686208439c31ea9fc6,63410da644a5d697826475c105850c7a793113a1,b5afab997b2c7bbf61a8d0eb39e8a5e056cbce47,c294a2babae3c9f9cc50a45082ce4e84ffdce67f,c737d34e633f7ec77596d8a67f0a231b8ec0f0a5,ee6f5a972a6a54cc93a5a7e19363d3592b367394	XBE-derived COFF object
delinked/objects_FUN_00134c20.obj	104985442c41e7bcc1c88d686208439c31ea9fc6,63410da644a5d697826475c105850c7a793113a1,b5afab997b2c7bbf61a8d0eb39e8a5e056cbce47,c294a2babae3c9f9cc50a45082ce4e84ffdce67f,c737d34e633f7ec77596d8a67f0a231b8ec0f0a5,ee6f5a972a6a54cc93a5a7e19363d3592b367394	XBE-derived COFF object
delinked/objects_FUN_00134e80.obj	29bc437ef47cab45baa7b6f6e5e84b7de9b38adb	XBE-derived COFF object
delinked/objects_FUN_001353b0.obj	104985442c41e7bcc1c88d686208439c31ea9fc6,63410da644a5d697826475c105850c7a793113a1,b5afab997b2c7bbf61a8d0eb39e8a5e056cbce47,c294a2babae3c9f9cc50a45082ce4e84ffdce67f,c737d34e633f7ec77596d8a67f0a231b8ec0f0a5,ee6f5a972a6a54cc93a5a7e19363d3592b367394	XBE-derived COFF object
delinked/objects_FUN_001353f0.obj	29e1bd4715945b6cb797d6d0658d00e2c9cbaa6a,63410da644a5d697826475c105850c7a793113a1,c294a2babae3c9f9cc50a45082ce4e84ffdce67f,c6393126e26368b69013bd58da04c9483b3e9544,c737d34e633f7ec77596d8a67f0a231b8ec0f0a5,ee6f5a972a6a54cc93a5a7e19363d3592b367394	XBE-derived COFF object
delinked/objects_FUN_00135f90.obj	63410da644a5d697826475c105850c7a793113a1,b6f98d18d79779e8f426a68f6dbb9d312ac72293,c294a2babae3c9f9cc50a45082ce4e84ffdce67f,c737d34e633f7ec77596d8a67f0a231b8ec0f0a5,dc5ada818a027a5ad9fcef97648dfd545027fde1,ee6f5a972a6a54cc93a5a7e19363d3592b367394	XBE-derived COFF object
delinked/objects_FUN_00136040.obj	63410da644a5d697826475c105850c7a793113a1,b6f98d18d79779e8f426a68f6dbb9d312ac72293,c294a2babae3c9f9cc50a45082ce4e84ffdce67f,c737d34e633f7ec77596d8a67f0a231b8ec0f0a5,dc5ada818a027a5ad9fcef97648dfd545027fde1,ee6f5a972a6a54cc93a5a7e19363d3592b367394	XBE-derived COFF object
delinked/objects_FUN_001360a0.obj	63410da644a5d697826475c105850c7a793113a1,b6f98d18d79779e8f426a68f6dbb9d312ac72293,c294a2babae3c9f9cc50a45082ce4e84ffdce67f,c737d34e633f7ec77596d8a67f0a231b8ec0f0a5,dc5ada818a027a5ad9fcef97648dfd545027fde1,ee6f5a972a6a54cc93a5a7e19363d3592b367394	XBE-derived COFF object
delinked/objects_FUN_00136100.obj	63410da644a5d697826475c105850c7a793113a1,b6f98d18d79779e8f426a68f6dbb9d312ac72293,c294a2babae3c9f9cc50a45082ce4e84ffdce67f,c737d34e633f7ec77596d8a67f0a231b8ec0f0a5,dc5ada818a027a5ad9fcef97648dfd545027fde1,ee6f5a972a6a54cc93a5a7e19363d3592b367394	XBE-derived COFF object
delinked/objects_FUN_00136150.obj	027c1a597ec77edfb084939f800267be5326344e,15743c6a4d47a060180251a747a8c80fc819912b,4111e44eb16125114ca3a343be3d56822a53e48f,442a35fa1fa280c9eed9d771c4fd774a457cb96e,6b9b3b54c0a5f9c7d21fb411a11a1714320956fb,c737d34e633f7ec77596d8a67f0a231b8ec0f0a5,e3462d16bb9f8b089fc42a913bad542c36282f62,ee6f5a972a6a54cc93a5a7e19363d3592b367394	XBE-derived COFF object
delinked/objects_FUN_001366b0.obj	db9a6a1e97c442764c3e7f2afe3b99bc4e58655a	XBE-derived COFF object
delinked/objects_FUN_001398b0.obj	29e5b4db3d7ac68f63ae0efe63d170d8ead916c5,308defd419b2b02ba234c3ff398e027531e97f3c,63410da644a5d697826475c105850c7a793113a1,c294a2babae3c9f9cc50a45082ce4e84ffdce67f,c737d34e633f7ec77596d8a67f0a231b8ec0f0a5,ee6f5a972a6a54cc93a5a7e19363d3592b367394	XBE-derived COFF object
delinked/objects_FUN_001398d0.obj	29e5b4db3d7ac68f63ae0efe63d170d8ead916c5,308defd419b2b02ba234c3ff398e027531e97f3c,63410da644a5d697826475c105850c7a793113a1,c294a2babae3c9f9cc50a45082ce4e84ffdce67f,c737d34e633f7ec77596d8a67f0a231b8ec0f0a5,ee6f5a972a6a54cc93a5a7e19363d3592b367394	XBE-derived COFF object
delinked/objects_FUN_0013a340.obj	829357244487416ab01858a380384df77afa0943	XBE-derived COFF object
delinked/objects_FUN_0013aa10_tight.obj	403c7a0457e14aa18cac4781bfe2f33f226c1ab8	XBE-derived COFF object
delinked/objects_FUN_0013c100.obj	b240f38d8c8377572bb888a1ea125367db142aee,c737d34e633f7ec77596d8a67f0a231b8ec0f0a5,ee6f5a972a6a54cc93a5a7e19363d3592b367394,f454094c77697b4463ffd14bd266da0e1eb83da6	XBE-derived COFF object
delinked/objects_FUN_0013c2e0.obj	829357244487416ab01858a380384df77afa0943	XBE-derived COFF object
delinked/objects_FUN_0013c3a0.obj	29e5b4db3d7ac68f63ae0efe63d170d8ead916c5,308defd419b2b02ba234c3ff398e027531e97f3c,63410da644a5d697826475c105850c7a793113a1,c294a2babae3c9f9cc50a45082ce4e84ffdce67f,c737d34e633f7ec77596d8a67f0a231b8ec0f0a5,ee6f5a972a6a54cc93a5a7e19363d3592b367394	XBE-derived COFF object
delinked/objects_FUN_0013c3d0.obj	29e5b4db3d7ac68f63ae0efe63d170d8ead916c5,308defd419b2b02ba234c3ff398e027531e97f3c,63410da644a5d697826475c105850c7a793113a1,c294a2babae3c9f9cc50a45082ce4e84ffdce67f,c737d34e633f7ec77596d8a67f0a231b8ec0f0a5,ee6f5a972a6a54cc93a5a7e19363d3592b367394	XBE-derived COFF object
delinked/objects_FUN_0013c400.obj	29e5b4db3d7ac68f63ae0efe63d170d8ead916c5,308defd419b2b02ba234c3ff398e027531e97f3c,63410da644a5d697826475c105850c7a793113a1,c294a2babae3c9f9cc50a45082ce4e84ffdce67f,c737d34e633f7ec77596d8a67f0a231b8ec0f0a5,ee6f5a972a6a54cc93a5a7e19363d3592b367394	XBE-derived COFF object
delinked/objects_FUN_0013c430.obj	29e5b4db3d7ac68f63ae0efe63d170d8ead916c5,308defd419b2b02ba234c3ff398e027531e97f3c,63410da644a5d697826475c105850c7a793113a1,c294a2babae3c9f9cc50a45082ce4e84ffdce67f,c737d34e633f7ec77596d8a67f0a231b8ec0f0a5,ee6f5a972a6a54cc93a5a7e19363d3592b367394	XBE-derived COFF object
delinked/objects_FUN_0013c500.obj	29e5b4db3d7ac68f63ae0efe63d170d8ead916c5,308defd419b2b02ba234c3ff398e027531e97f3c,63410da644a5d697826475c105850c7a793113a1,c294a2babae3c9f9cc50a45082ce4e84ffdce67f,c737d34e633f7ec77596d8a67f0a231b8ec0f0a5,ee6f5a972a6a54cc93a5a7e19363d3592b367394	XBE-derived COFF object
delinked/objects_FUN_0013c560.obj	29e5b4db3d7ac68f63ae0efe63d170d8ead916c5,308defd419b2b02ba234c3ff398e027531e97f3c,63410da644a5d697826475c105850c7a793113a1,c294a2babae3c9f9cc50a45082ce4e84ffdce67f,c737d34e633f7ec77596d8a67f0a231b8ec0f0a5,ee6f5a972a6a54cc93a5a7e19363d3592b367394	XBE-derived COFF object
delinked/objects_FUN_0013c620.obj	29e5b4db3d7ac68f63ae0efe63d170d8ead916c5,308defd419b2b02ba234c3ff398e027531e97f3c,63410da644a5d697826475c105850c7a793113a1,c294a2babae3c9f9cc50a45082ce4e84ffdce67f,c737d34e633f7ec77596d8a67f0a231b8ec0f0a5,ee6f5a972a6a54cc93a5a7e19363d3592b367394	XBE-derived COFF object
delinked/objects_FUN_0013c680.obj	63410da644a5d697826475c105850c7a793113a1,c294a2babae3c9f9cc50a45082ce4e84ffdce67f,c737d34e633f7ec77596d8a67f0a231b8ec0f0a5,da8874c749d85537b765ab36451aecd3c70adc8a,ee6f5a972a6a54cc93a5a7e19363d3592b367394,fe7e60084670737a97c1702f03d3985669ba43db	XBE-derived COFF object
delinked/objects_FUN_0013c7a0.obj	15ab6a3b3f7931ce2e122b464a00b0e4871665c3,5bf98d4011f325437e75186a52c1e7d4d3c7bc1b,63410da644a5d697826475c105850c7a793113a1,c294a2babae3c9f9cc50a45082ce4e84ffdce67f,c737d34e633f7ec77596d8a67f0a231b8ec0f0a5,ee6f5a972a6a54cc93a5a7e19363d3592b367394	XBE-derived COFF object
delinked/objects_FUN_0013c8c0.obj	15ab6a3b3f7931ce2e122b464a00b0e4871665c3,5bf98d4011f325437e75186a52c1e7d4d3c7bc1b,63410da644a5d697826475c105850c7a793113a1,c294a2babae3c9f9cc50a45082ce4e84ffdce67f,c737d34e633f7ec77596d8a67f0a231b8ec0f0a5,ee6f5a972a6a54cc93a5a7e19363d3592b367394	XBE-derived COFF object
delinked/objects_FUN_0013c920.obj	15ab6a3b3f7931ce2e122b464a00b0e4871665c3,5bf98d4011f325437e75186a52c1e7d4d3c7bc1b,63410da644a5d697826475c105850c7a793113a1,c294a2babae3c9f9cc50a45082ce4e84ffdce67f,c737d34e633f7ec77596d8a67f0a231b8ec0f0a5,ee6f5a972a6a54cc93a5a7e19363d3592b367394	XBE-derived COFF object
delinked/objects_FUN_0013c980.obj	15ab6a3b3f7931ce2e122b464a00b0e4871665c3,5bf98d4011f325437e75186a52c1e7d4d3c7bc1b,63410da644a5d697826475c105850c7a793113a1,c294a2babae3c9f9cc50a45082ce4e84ffdce67f,c737d34e633f7ec77596d8a67f0a231b8ec0f0a5,ee6f5a972a6a54cc93a5a7e19363d3592b367394	XBE-derived COFF object
delinked/objects_FUN_0013ca30.obj	15ab6a3b3f7931ce2e122b464a00b0e4871665c3,5bf98d4011f325437e75186a52c1e7d4d3c7bc1b,63410da644a5d697826475c105850c7a793113a1,c294a2babae3c9f9cc50a45082ce4e84ffdce67f,c737d34e633f7ec77596d8a67f0a231b8ec0f0a5,ee6f5a972a6a54cc93a5a7e19363d3592b367394	XBE-derived COFF object
delinked/objects_FUN_0013cab0.obj	15ab6a3b3f7931ce2e122b464a00b0e4871665c3,5bf98d4011f325437e75186a52c1e7d4d3c7bc1b,63410da644a5d697826475c105850c7a793113a1,c294a2babae3c9f9cc50a45082ce4e84ffdce67f,c737d34e633f7ec77596d8a67f0a231b8ec0f0a5,ee6f5a972a6a54cc93a5a7e19363d3592b367394	XBE-derived COFF object
delinked/objects_FUN_0013cb80.obj	de8f0fe33d9dac98e4d010bb81992a45af632357	XBE-derived COFF object
delinked/objects_FUN_0013ce90.obj	de8f0fe33d9dac98e4d010bb81992a45af632357	XBE-derived COFF object
delinked/objects_FUN_0013ce90_tight.obj	de8f0fe33d9dac98e4d010bb81992a45af632357	XBE-derived COFF object
delinked/objects_FUN_0013d870.obj	03673c39098cdfe299294352c572c15e44a66fac,63410da644a5d697826475c105850c7a793113a1,c294a2babae3c9f9cc50a45082ce4e84ffdce67f,c737d34e633f7ec77596d8a67f0a231b8ec0f0a5,cf71121f07f8efea5d2e184b3fc67847d87108fe,ee6f5a972a6a54cc93a5a7e19363d3592b367394	XBE-derived COFF object
delinked/objects_FUN_0013d880.obj	b240f38d8c8377572bb888a1ea125367db142aee,c737d34e633f7ec77596d8a67f0a231b8ec0f0a5,ee6f5a972a6a54cc93a5a7e19363d3592b367394,f454094c77697b4463ffd14bd266da0e1eb83da6	XBE-derived COFF object
delinked/objects_FUN_0013dbe0.obj	03673c39098cdfe299294352c572c15e44a66fac,63410da644a5d697826475c105850c7a793113a1,c294a2babae3c9f9cc50a45082ce4e84ffdce67f,c737d34e633f7ec77596d8a67f0a231b8ec0f0a5,cf71121f07f8efea5d2e184b3fc67847d87108fe,ee6f5a972a6a54cc93a5a7e19363d3592b367394	XBE-derived COFF object
delinked/objects_FUN_0013dc10.obj	829357244487416ab01858a380384df77afa0943	XBE-derived COFF object
delinked/objects_FUN_0013dcb0.obj	03673c39098cdfe299294352c572c15e44a66fac,63410da644a5d697826475c105850c7a793113a1,c294a2babae3c9f9cc50a45082ce4e84ffdce67f,c737d34e633f7ec77596d8a67f0a231b8ec0f0a5,cf71121f07f8efea5d2e184b3fc67847d87108fe,ee6f5a972a6a54cc93a5a7e19363d3592b367394	XBE-derived COFF object
delinked/objects_FUN_0013ddd0.obj	9718bd4202c5c1415f8af3c6123fa07fad9d4506	XBE-derived COFF object
delinked/objects_FUN_0013f080.obj	18769d2c10c3df49a34dc8ffc28d6ed23db8ba8a,73aca24c1dcd4f74174867a1f13ddeb3fc3e4873,c737d34e633f7ec77596d8a67f0a231b8ec0f0a5,ee6f5a972a6a54cc93a5a7e19363d3592b367394	XBE-derived COFF object
delinked/objects_FUN_0013fb30.obj	4725acdd6d6edbd10dc7d1d7f1dee61de67a6ea4	XBE-derived COFF object
delinked/objects_FUN_0013fe70.obj	5449dca38ac44d99656ed34fbdf24e1ac3531a65,b312fa28fa19d34cea76d333cf5e98c1e58af2f6,c737d34e633f7ec77596d8a67f0a231b8ec0f0a5,d217c969a4e09a17dfd9ffa87ed1fc6a6adf9b74,ee6f5a972a6a54cc93a5a7e19363d3592b367394	XBE-derived COFF object
delinked/objects_FUN_00141970.obj	29bc437ef47cab45baa7b6f6e5e84b7de9b38adb	XBE-derived COFF object
delinked/objects_FUN_00141970_tight.obj	29bc437ef47cab45baa7b6f6e5e84b7de9b38adb	XBE-derived COFF object
delinked/objects_FUN_00144b50.obj	0a474d3259402f859be3139fe44ac636dbd8665b,14318a34a50bcbfbb7cd2e3d9f152e831ed64eac,159e23b365af2dbcaca7d8774ecccd50eb8461e6,3265261ae06255172888d28f97f98d259b3c5d8c,4f91e3a1730112a78dbf998f1c57d1cfcea275cf,82bfbeab197a2e639996c82c3a2ffa1e04a626a6,c737d34e633f7ec77596d8a67f0a231b8ec0f0a5,eb6f0aa1380154ad47d10f2bbd21ee88263ed19a,ee6f5a972a6a54cc93a5a7e19363d3592b367394,fbc58e2cc5086f94317ed55d9147a2bcf7960195	XBE-derived COFF object
delinked/objects_FUN_00145490.obj	9718bd4202c5c1415f8af3c6123fa07fad9d4506	XBE-derived COFF object
delinked/objects_FUN_1407e0.obj	58689b7b5a2382fe82b3ae8ba827135b398e1022,913a4eb96c6b99bd171c759288f57025ba77daff,c737d34e633f7ec77596d8a67f0a231b8ec0f0a5,ee6f5a972a6a54cc93a5a7e19363d3592b367394	XBE-derived COFF object
delinked/objects_adf70_ae260.obj	6e60c1514f34575fa3822cbee2084dd92c7e4dd7	XBE-derived COFF object
delinked/objects_ae250_ae600.obj	c449435709ab706ad28a5844bd85c59db2b258b3	XBE-derived COFF object
delinked/objects_cluster_get_first_noncollideable_object.obj	63410da644a5d697826475c105850c7a793113a1,a01d92bbb63a87414b1ee321bd9741026494da2a,c294a2babae3c9f9cc50a45082ce4e84ffdce67f,c737d34e633f7ec77596d8a67f0a231b8ec0f0a5,e3a48fbc3bc59d7ff04b420eab5dc6ee0b1a8bb6,ee6f5a972a6a54cc93a5a7e19363d3592b367394	XBE-derived COFF object
delinked/objects_cluster_get_next_noncollideable_object.obj	63410da644a5d697826475c105850c7a793113a1,a01d92bbb63a87414b1ee321bd9741026494da2a,c294a2babae3c9f9cc50a45082ce4e84ffdce67f,c737d34e633f7ec77596d8a67f0a231b8ec0f0a5,e3a48fbc3bc59d7ff04b420eab5dc6ee0b1a8bb6,ee6f5a972a6a54cc93a5a7e19363d3592b367394	XBE-derived COFF object
delinked/objects_garbage_collect_now.obj	2959dd820c3384b8a7f362b1641428e0191f7783,63410da644a5d697826475c105850c7a793113a1,add9f59a906f1daafeb998690782237a2f51c9aa,c294a2babae3c9f9cc50a45082ce4e84ffdce67f,c737d34e633f7ec77596d8a67f0a231b8ec0f0a5,ee6f5a972a6a54cc93a5a7e19363d3592b367394	XBE-derived COFF object
delinked/objects_iterators_13d5b0_13ddd0.obj	d77f99652e172c445daa06dc7ea7d8ca4177f061	XBE-derived COFF object
delinked/objects_object_beautify.obj	2959dd820c3384b8a7f362b1641428e0191f7783,63410da644a5d697826475c105850c7a793113a1,add9f59a906f1daafeb998690782237a2f51c9aa,c294a2babae3c9f9cc50a45082ce4e84ffdce67f,c737d34e633f7ec77596d8a67f0a231b8ec0f0a5,ee6f5a972a6a54cc93a5a7e19363d3592b367394	XBE-derived COFF object
delinked/objects_object_compute_node_matrices.obj	319b237ae3fa4ea8682f2cee4e339c689e1fc943	XBE-derived COFF object
delinked/objects_object_definition_predict.obj	2959dd820c3384b8a7f362b1641428e0191f7783,63410da644a5d697826475c105850c7a793113a1,add9f59a906f1daafeb998690782237a2f51c9aa,c294a2babae3c9f9cc50a45082ce4e84ffdce67f,c737d34e633f7ec77596d8a67f0a231b8ec0f0a5,ee6f5a972a6a54cc93a5a7e19363d3592b367394	XBE-derived COFF object
delinked/objects_object_get_location.obj	d48763648c0c622d8c36ce449deac8cf473e556c	XBE-derived COFF object
delinked/objects_object_get_orientation.obj	2b8190f4bbb092db9cca69ade3f9c4594b4cde97	XBE-derived COFF object
delinked/objects_object_new.obj	a84e2d5e3a9eada88ca62d149d0256154318ad97	XBE-derived COFF object
delinked/objects_object_new_from_scenario.obj	a84e2d5e3a9eada88ca62d149d0256154318ad97	XBE-derived COFF object
delinked/objects_object_pvs_activate.obj	63410da644a5d697826475c105850c7a793113a1,a7ad5616bca2ab8cafa63acd8497f20f643a3995,c294a2babae3c9f9cc50a45082ce4e84ffdce67f,c737d34e633f7ec77596d8a67f0a231b8ec0f0a5,ee6f5a972a6a54cc93a5a7e19363d3592b367394,fba65926e27d9c00e30a402c0f7149fe1ee2a109	XBE-derived COFF object
delinked/objects_object_scripting_set_collideable.obj	2959dd820c3384b8a7f362b1641428e0191f7783,63410da644a5d697826475c105850c7a793113a1,add9f59a906f1daafeb998690782237a2f51c9aa,c294a2babae3c9f9cc50a45082ce4e84ffdce67f,c737d34e633f7ec77596d8a67f0a231b8ec0f0a5,ee6f5a972a6a54cc93a5a7e19363d3592b367394	XBE-derived COFF object
delinked/objects_object_select_random.obj	d79c8e5d4f839d62d27b46c3d24eda5306319190	XBE-derived COFF object
delinked/objects_object_set_garbage.obj	d48763648c0c622d8c36ce449deac8cf473e556c	XBE-derived COFF object
delinked/objects_object_set_region_count.obj	d48763648c0c622d8c36ce449deac8cf473e556c	XBE-derived COFF object
delinked/objects_object_set_region_count_wide.obj	f67b82faf5b33929b884d71021c6f35226712103	XBE-derived COFF object
delinked/objects_object_update_children_recursive.obj	a84e2d5e3a9eada88ca62d149d0256154318ad97	XBE-derived COFF object
delinked/objects_object_visible_to_any_player.obj	a84e2d5e3a9eada88ca62d149d0256154318ad97	XBE-derived COFF object
delinked/objects_object_wake.obj	5820405d6dfc9cf50c1cbe99e9866fda7c060dd1	XBE-derived COFF object
delinked/objects_objects_dispose.obj	412503b5a199794e4977baaf3baa007305270db3	XBE-derived COFF object
delinked/objects_objects_scripting_detach.obj	63410da644a5d697826475c105850c7a793113a1,69a7b6221ef17f0c6abcf6dca1425c2a51dba634,c294a2babae3c9f9cc50a45082ce4e84ffdce67f,c737d34e633f7ec77596d8a67f0a231b8ec0f0a5,ee6f5a972a6a54cc93a5a7e19363d3592b367394,ff9521cf6e100f56c78df66fd52b9f48891a54c0	XBE-derived COFF object
delinked/objects_objects_scripting_set_scale.obj	63410da644a5d697826475c105850c7a793113a1,a7ad5616bca2ab8cafa63acd8497f20f643a3995,c294a2babae3c9f9cc50a45082ce4e84ffdce67f,c737d34e633f7ec77596d8a67f0a231b8ec0f0a5,ee6f5a972a6a54cc93a5a7e19363d3592b367394,fba65926e27d9c00e30a402c0f7149fe1ee2a109	XBE-derived COFF object
delinked/objects_real_vector3d_valid.obj	6e60c1514f34575fa3822cbee2084dd92c7e4dd7	XBE-derived COFF object
delinked/objects_sort_dumps.obj	63410da644a5d697826475c105850c7a793113a1,a7ad5616bca2ab8cafa63acd8497f20f643a3995,c294a2babae3c9f9cc50a45082ce4e84ffdce67f,c737d34e633f7ec77596d8a67f0a231b8ec0f0a5,ee6f5a972a6a54cc93a5a7e19363d3592b367394,fba65926e27d9c00e30a402c0f7149fe1ee2a109	XBE-derived COFF object
delinked/player_queues_b8f00_b9040.obj	1fbe65e7048062d4e47072fd26e7952dfd3edc2b,5e0088b7224ceffdc992e47ea5d1de890918be1b,8b23cabacaa07eeef5ad76d26ba939c89753c510,aeb213ca53bf2b87903fdadcaf1f762b0d8496de,c737d34e633f7ec77596d8a67f0a231b8ec0f0a5,ee6f5a972a6a54cc93a5a7e19363d3592b367394	XBE-derived COFF object
delinked/player_queues_b97b0_b9880.obj	55816f8ce708cee1028ed9e871b426754369b20c,5e0088b7224ceffdc992e47ea5d1de890918be1b,94199a37cf0a184c7a7fffa655c1917971642717,aeb213ca53bf2b87903fdadcaf1f762b0d8496de,c737d34e633f7ec77596d8a67f0a231b8ec0f0a5,ee6f5a972a6a54cc93a5a7e19363d3592b367394	XBE-derived COFF object
delinked/player_queues_b97b0_b9900.obj	2fded1a04798a49592fc6b4fadef7226f7808989,5e0088b7224ceffdc992e47ea5d1de890918be1b,87f3239538c67f63524a5c536b6bac61c57949eb,aeb213ca53bf2b87903fdadcaf1f762b0d8496de,c737d34e633f7ec77596d8a67f0a231b8ec0f0a5,ee6f5a972a6a54cc93a5a7e19363d3592b367394	XBE-derived COFF object
delinked/predicted_resources_1bdd40.obj	13542ad345ab644d139266695a30f8edf2cbd42f,26a79667482d4baad163174257da92cdc4034058,2800f2d12a8806710789885d320daf392bc026a2,c737d34e633f7ec77596d8a67f0a231b8ec0f0a5,d91b33be10887b291f80872744be889b85982ec8,ee6f5a972a6a54cc93a5a7e19363d3592b367394	XBE-derived COFF object
delinked/predicted_resources_1bdd40_1bdf00.obj	2fded1a04798a49592fc6b4fadef7226f7808989,5e0088b7224ceffdc992e47ea5d1de890918be1b,87f3239538c67f63524a5c536b6bac61c57949eb,aeb213ca53bf2b87903fdadcaf1f762b0d8496de,c737d34e633f7ec77596d8a67f0a231b8ec0f0a5,ee6f5a972a6a54cc93a5a7e19363d3592b367394	XBE-derived COFF object
delinked/predicted_resources_1bdd50.obj	13542ad345ab644d139266695a30f8edf2cbd42f,26a79667482d4baad163174257da92cdc4034058,2800f2d12a8806710789885d320daf392bc026a2,c737d34e633f7ec77596d8a67f0a231b8ec0f0a5,d91b33be10887b291f80872744be889b85982ec8,ee6f5a972a6a54cc93a5a7e19363d3592b367394	XBE-derived COFF object
delinked/predicted_resources_1bdd60.obj	13542ad345ab644d139266695a30f8edf2cbd42f,26a79667482d4baad163174257da92cdc4034058,2800f2d12a8806710789885d320daf392bc026a2,c737d34e633f7ec77596d8a67f0a231b8ec0f0a5,d91b33be10887b291f80872744be889b85982ec8,ee6f5a972a6a54cc93a5a7e19363d3592b367394	XBE-derived COFF object
delinked/predicted_resources_1bdd70.obj	13542ad345ab644d139266695a30f8edf2cbd42f,26a79667482d4baad163174257da92cdc4034058,2800f2d12a8806710789885d320daf392bc026a2,c737d34e633f7ec77596d8a67f0a231b8ec0f0a5,d91b33be10887b291f80872744be889b85982ec8,ee6f5a972a6a54cc93a5a7e19363d3592b367394	XBE-derived COFF object
delinked/random_math_10b3c0.obj	5e0088b7224ceffdc992e47ea5d1de890918be1b,80480691ef9addf1706a80fe046968921cf2144f,aad6a9cf38e622e6f6491fe34924168bf2377392,aeb213ca53bf2b87903fdadcaf1f762b0d8496de,c737d34e633f7ec77596d8a67f0a231b8ec0f0a5,ee6f5a972a6a54cc93a5a7e19363d3592b367394	XBE-derived COFF object
delinked/random_math_FUN_10a930.obj	21cf703233eb09a1aee99f0e93abaf5b1eecdfad,6205edb43e8fa52675048f23479af68239384906,c737d34e633f7ec77596d8a67f0a231b8ec0f0a5,ee6f5a972a6a54cc93a5a7e19363d3592b367394,f0b1f3c47b949734f4f9e0d070ae8ae9f8b69607	XBE-derived COFF object
delinked/random_math_FUN_10ad10.obj	1ab73fc900500335e5e93cba4368ea4dfaff611f,c737d34e633f7ec77596d8a67f0a231b8ec0f0a5,ee6f5a972a6a54cc93a5a7e19363d3592b367394,f3e357bbe2d85dd4c511d0e6e69c93ec164ab0cd	XBE-derived COFF object
delinked/random_math_FUN_10add0.obj	63410da644a5d697826475c105850c7a793113a1,70d859ad00ebefd813e3fad98d7e700e5cd18a12,c294a2babae3c9f9cc50a45082ce4e84ffdce67f,c737d34e633f7ec77596d8a67f0a231b8ec0f0a5,d3ca4f52c3142a71692c9b13edb0138494ede4a8,ee6f5a972a6a54cc93a5a7e19363d3592b367394	XBE-derived COFF object
delinked/random_math_FUN_10ae00.obj	63410da644a5d697826475c105850c7a793113a1,70d859ad00ebefd813e3fad98d7e700e5cd18a12,c294a2babae3c9f9cc50a45082ce4e84ffdce67f,c737d34e633f7ec77596d8a67f0a231b8ec0f0a5,d3ca4f52c3142a71692c9b13edb0138494ede4a8,ee6f5a972a6a54cc93a5a7e19363d3592b367394	XBE-derived COFF object
delinked/random_math_FUN_10ae30.obj	63410da644a5d697826475c105850c7a793113a1,70d859ad00ebefd813e3fad98d7e700e5cd18a12,c294a2babae3c9f9cc50a45082ce4e84ffdce67f,c737d34e633f7ec77596d8a67f0a231b8ec0f0a5,d3ca4f52c3142a71692c9b13edb0138494ede4a8,ee6f5a972a6a54cc93a5a7e19363d3592b367394	XBE-derived COFF object
delinked/random_math_FUN_10ae80.obj	63410da644a5d697826475c105850c7a793113a1,c294a2babae3c9f9cc50a45082ce4e84ffdce67f,c737d34e633f7ec77596d8a67f0a231b8ec0f0a5,df0ebab5ae8d1ac4fd3777f22412d3f7001722f0,ee6f5a972a6a54cc93a5a7e19363d3592b367394,fb65928b36f48144f294cb691be8aa3db0b9e400	XBE-derived COFF object
delinked/random_math_FUN_10af70.obj	63410da644a5d697826475c105850c7a793113a1,c294a2babae3c9f9cc50a45082ce4e84ffdce67f,c737d34e633f7ec77596d8a67f0a231b8ec0f0a5,df0ebab5ae8d1ac4fd3777f22412d3f7001722f0,ee6f5a972a6a54cc93a5a7e19363d3592b367394,fb65928b36f48144f294cb691be8aa3db0b9e400	XBE-derived COFF object
delinked/random_math_FUN_10b110.obj	13542ad345ab644d139266695a30f8edf2cbd42f,6da2d6121679520a35d0087d9c9af560852d7bdf,c737d34e633f7ec77596d8a67f0a231b8ec0f0a5,d91b33be10887b291f80872744be889b85982ec8,ee6f5a972a6a54cc93a5a7e19363d3592b367394,fca335a314634db5e264b7f8788f11cce989e36e	XBE-derived COFF object
delinked/random_math_FUN_10b160.obj	39be8a4442431f6cc23e914582284850db4b2e37,c737d34e633f7ec77596d8a67f0a231b8ec0f0a5,cc1920102b401727597b4df74a614700c3e70701,ee6f5a972a6a54cc93a5a7e19363d3592b367394	XBE-derived COFF object
delinked/random_math_FUN_10b3c0.obj	13542ad345ab644d139266695a30f8edf2cbd42f,6da2d6121679520a35d0087d9c9af560852d7bdf,c737d34e633f7ec77596d8a67f0a231b8ec0f0a5,d91b33be10887b291f80872744be889b85982ec8,ee6f5a972a6a54cc93a5a7e19363d3592b367394,fca335a314634db5e264b7f8788f11cce989e36e	XBE-derived COFF object
delinked/random_math_FUN_10b9c0.obj	13542ad345ab644d139266695a30f8edf2cbd42f,6da2d6121679520a35d0087d9c9af560852d7bdf,c737d34e633f7ec77596d8a67f0a231b8ec0f0a5,d91b33be10887b291f80872744be889b85982ec8,ee6f5a972a6a54cc93a5a7e19363d3592b367394,fca335a314634db5e264b7f8788f11cce989e36e	XBE-derived COFF object
delinked/random_math_FUN_10ba90.obj	122758dd4b5953e214ef306086ee2d88a3ddc5e9,21de3a806776c0702ab692789c8bdb30a5c73d7a,c62100c213d6af750b221d6ff481d0c0e8781ad6,c737d34e633f7ec77596d8a67f0a231b8ec0f0a5,ee6f5a972a6a54cc93a5a7e19363d3592b367394	XBE-derived COFF object
delinked/random_math_FUN_10c290.obj	414298463862b03eece3ebf9ac10b986b6cc7a2e,7e1eee25507c52e753044165d276688f5085f0be,c737d34e633f7ec77596d8a67f0a231b8ec0f0a5,e54d8b951ccdc9038d1ea929d57f07b82462c0b9,ee6f5a972a6a54cc93a5a7e19363d3592b367394	XBE-derived COFF object
delinked/random_math_FUN_10c2e0.obj	13542ad345ab644d139266695a30f8edf2cbd42f,6da2d6121679520a35d0087d9c9af560852d7bdf,c737d34e633f7ec77596d8a67f0a231b8ec0f0a5,d91b33be10887b291f80872744be889b85982ec8,ee6f5a972a6a54cc93a5a7e19363d3592b367394,fca335a314634db5e264b7f8788f11cce989e36e	XBE-derived COFF object
delinked/random_math_FUN_10c340.obj	13542ad345ab644d139266695a30f8edf2cbd42f,6da2d6121679520a35d0087d9c9af560852d7bdf,c737d34e633f7ec77596d8a67f0a231b8ec0f0a5,d91b33be10887b291f80872744be889b85982ec8,ee6f5a972a6a54cc93a5a7e19363d3592b367394,fca335a314634db5e264b7f8788f11cce989e36e	XBE-derived COFF object
delinked/random_math_FUN_10c780.obj	13542ad345ab644d139266695a30f8edf2cbd42f,6da2d6121679520a35d0087d9c9af560852d7bdf,c737d34e633f7ec77596d8a67f0a231b8ec0f0a5,d91b33be10887b291f80872744be889b85982ec8,ee6f5a972a6a54cc93a5a7e19363d3592b367394,fca335a314634db5e264b7f8788f11cce989e36e	XBE-derived COFF object
delinked/random_math_FUN_10c7d0.obj	13542ad345ab644d139266695a30f8edf2cbd42f,6da2d6121679520a35d0087d9c9af560852d7bdf,c737d34e633f7ec77596d8a67f0a231b8ec0f0a5,d91b33be10887b291f80872744be889b85982ec8,ee6f5a972a6a54cc93a5a7e19363d3592b367394,fca335a314634db5e264b7f8788f11cce989e36e	XBE-derived COFF object
delinked/random_math_FUN_10c920.obj	13542ad345ab644d139266695a30f8edf2cbd42f,6da2d6121679520a35d0087d9c9af560852d7bdf,c737d34e633f7ec77596d8a67f0a231b8ec0f0a5,d91b33be10887b291f80872744be889b85982ec8,ee6f5a972a6a54cc93a5a7e19363d3592b367394,fca335a314634db5e264b7f8788f11cce989e36e	XBE-derived COFF object
delinked/rasterizer_FUN_00174d10.obj	c737d34e633f7ec77596d8a67f0a231b8ec0f0a5,ee6f5a972a6a54cc93a5a7e19363d3592b367394	XBE-derived COFF object
delinked/rasterizer_xbox_lights_FUN_169fd0.obj	010eb7e77a5d93b8f6af75689d78a3930888530b,066c3c85cc22a27bac5f457da21c701eee0a68d2,0e1493a5cdd260cdf01940999b7ff20442cfadcf,0ee9791b8548f5059a4dd9a5077dc9ccb9c2a230,102061c9c6b0a801eabff89170f8238657d978d5,167d2390be89cda5dfa435006462b835f9de6758,183b8ac12dcfb1630258abf1fd39d3825e5a1c2e,299f6ee927b9d9a6f1a690fdf992bf2798cdbb27,2bf2c1133ae2162a575417f2ad7c20bcf236c8b8,2d978c989dea7217444bf43e25b668459de63eb5,2e933275bf07b36748fe38f7c556b0effee3d683,32839380c060bd9e9475bdabf27d6984774bfef1,34108a0da55e692cd08f6dfe31ee51bd55653214,3702f2768537d44cd6e9223a20a950c08f083f51,395c9351429bc9cf714775c3dc975717a73579be,41cd995b3105088ffe1d26188179d37d222c9a32,43c824b945aa86b81d545ec22a60ed9d2e192cc1,4d467de94aa3fbd8df940f8b77cf393c7e39e97c,51b3dfa3adfcf862efe551ea835dab53d59d558d,5244320a401d2b27bcf9dd4056f1be8ebb514271,53acd73f8342832656d729cde9d4d682c61a8ec7,585dc70890cc8e26145b9b2744c925b6e8a8603f,5c142285e6267285dfc363fa654c4efcfaf8c624,5ce39888a47e67c1d962c9969f38777c4b95c909,5f0ebbe4943f128d073b4e3dbefe44db1c2c7276,60f0e2557d19c112731ac281b280f6eeae5b2a71,621ce65a364b5723737d13ca098743f70ccaf5f7,6c59d3549347a0c7b5dee60ef281349787331554,6c726e8da9abfee0c3e94c0cfe02b943a79d4b03,6f8396f03a04fa7fadbedf7a4e567d0af1c49f52,705d8b799745f100be6713d55d7c27495e5effe7,776bd2b3ebebf802af6757ffc4f0c09886caa2b7,85d79f95ee5e257011c4234001fb4940ae3541bf,85dc44621d563dc3c1c247409499f2e3e69b738b,8642932931b6b8d0ff1ae3896aaf07f06c3192da,8bf17681882fd9f78ca445b6395602ef8b8518d6,8c15d69a02dd81387815f4efe39d328220b282ad,91d110786a657d717743b2f28cc4832be356fe8d,92744f5459c84c7a57e9bc970813f3cc765c64ea,93e24f27ac641e4c3477f9b1e6c193c9cd2a4f4e,99091fda43148f3bc1107df49c82379be1a25881,9ae4aaa4301b193e6ec8946813e3e84ba2a79cd1,9da6fcd7ba52aa0380962d1bf178a28a44b2278f,9e2691af1712f9a2d604b06bb0fa3869fa5ab461,a35d236cc92a4d7a4d3cf521ecf17e0fe218204a,a6316727cb836be0b3aef697a540d424b5362f5f,a7c65d6c55ae404dc2ac6cb2abfcc4acc7d6c06e,a89f50edd03ce16bd97208c8c81efc341d811648,ad40519d4a47474a34b0c3874d7b8e1a7f2c9b4b,ae4e0954bde158fed41f0ea5ab2547355553d0bb,aedcae4d12dabc97158065a67424a6fc1761894e,b12a62b04c1ba54d13144b7b33c8a6fc12ac6fc8,b906d2a5654131f6b8ed3c42eb0a99e3ca7bf60f,ba2c9a52ab9a2608f2b391af0c779b086d7de3f0,bea5e76bddb10f56ea673f62fbb2c59a90ef6460,bf145bbff4d371ff85906bc14d9ea02aeaac6e6a,c095784ee562be60e2a45ecdad850d306deb515b,c09c3f3f01d292c839613e0da5a78a7783f46c05,c4a787a4b4e1bc6f6ceb5b47a419caf18efd5ce5,c53704ecee007ef1216a70e29bbc9ba576fb0594,c6f9345816d517f2066115adb5f2272c7b716336,ce6410afe31f200cbc280b17f5aa9af88373d5ad,cf68a7c98c46d9a482074e6a9b056f6237a1e26f,cff4b183da3b97a3f1e919b79150d7ce7e47285f,d0517d0180b7a771e4d129ffadd3c04c9a81b10d,dae5ba868e2b1e45977745234ee569661d6f0780,dc4ee6d6371c77331558c69b04112c7ff41bdf51,e00ad6c4fa4f5dd1d05744130011b452d9654ecd,e564a77e9a0afb55e87c4283a42b88461504b03a,e629badef8066e908f63adf4e6110ba850428273,e8b5d49d02f5464761364c8492ba4393ed0ad5c4,ef7f3b5bbc834b01f9bd44883d1a57e6b8343d44,f70dbb3a0af8c20a9584a219d0aaca3826923094,f7329c76511c6389811c2efa34c0489e3034e3e6,f753fc9f5730a4a03cf061968839cc5c95332fe2,f77f281d7bb2f0c330f6ccf4d32412458493669d,f99421dd84014f842a09e081e5387aca7bb760b8,fb09a81f2ea18eb35fc45941fa78092429786f34,fbaa4b037d1ebe0d4c025cc715760ff1410cd3af,fbbe8ebcffcc652ffdc50cdce7a7ff8f3150a12f,fc7325ffbd00295ba4c2d381d2ebe80022855de8,ff8d5a3bb9b25d338ad055080794f64f99049e7f	XBE-derived COFF object
delinked/real_math_FUN_0010a1c0.obj	48a0cf42dff2643234ee2f9b260d7c0537d2c6f9,5a66b5bd9c6afd605b4e7e2b2a5e41176a450571,c737d34e633f7ec77596d8a67f0a231b8ec0f0a5,ee6f5a972a6a54cc93a5a7e19363d3592b367394	XBE-derived COFF object
delinked/real_math_vectors3d_from_euler_angles3d.obj	49e576b3f930e82685092d33f248381398d6d05c,5e0088b7224ceffdc992e47ea5d1de890918be1b,8234ed062a32c109345252e162b4ef45b494982b,aeb213ca53bf2b87903fdadcaf1f762b0d8496de,c737d34e633f7ec77596d8a67f0a231b8ec0f0a5,ee6f5a972a6a54cc93a5a7e19363d3592b367394	XBE-derived COFF object
delinked/sound_classes_FUN_001c8a40.obj	4132ab8386a69e407eefd11baee8062867dfb774,81a812eda26343ed95ba6674db03b1cc22f23d6c,c737d34e633f7ec77596d8a67f0a231b8ec0f0a5,ee6f5a972a6a54cc93a5a7e19363d3592b367394,ef5ce47ba7ea3357b9dbf11e1d73ae882486ff74	XBE-derived COFF object
delinked/sound_classes_FUN_001c8a90.obj	4132ab8386a69e407eefd11baee8062867dfb774,81a812eda26343ed95ba6674db03b1cc22f23d6c,c737d34e633f7ec77596d8a67f0a231b8ec0f0a5,ee6f5a972a6a54cc93a5a7e19363d3592b367394,ef5ce47ba7ea3357b9dbf11e1d73ae882486ff74	XBE-derived COFF object
delinked/sound_classes_FUN_001c8ae0.obj	4132ab8386a69e407eefd11baee8062867dfb774,81a812eda26343ed95ba6674db03b1cc22f23d6c,c737d34e633f7ec77596d8a67f0a231b8ec0f0a5,ee6f5a972a6a54cc93a5a7e19363d3592b367394,ef5ce47ba7ea3357b9dbf11e1d73ae882486ff74	XBE-derived COFF object
delinked/telnet_console_FUN_00130f30.obj	009819124a72dc42c711ab2b6926022ba053474f,0a811e0dd4f26367ea50fd0c96ddf0e23df5f1c2,102061c9c6b0a801eabff89170f8238657d978d5,183b8ac12dcfb1630258abf1fd39d3825e5a1c2e,190fed7657afc7c24249254532021aa64e640d31,195ef93543ce76edf27232a921574feb8bf9b974,21786b541c172f10370a901d32a9c2501b196b2d,224ed2d2ded4ee51409834194169eb92b2611e66,23e5dd58685ebef9058eb5b066f8a3c165a28793,299f6ee927b9d9a6f1a690fdf992bf2798cdbb27,2d83d3b6a8eec135cbf4528afbf6ecbcab56f21d,2d978c989dea7217444bf43e25b668459de63eb5,2dfbf03aa4ec9b7ab491c8e3392f9020cbd5f946,2edd65a616b922e0325c0227567ae792b14476f9,2f3cd5f4d456f5ccdded5e8be21bb7f0e7d633f3,33377c65c9cb801e2a483fd8ee5284f56a1b1255,34108a0da55e692cd08f6dfe31ee51bd55653214,36e610b0891f801b1767136d956014ade437f8e8,41cd995b3105088ffe1d26188179d37d222c9a32,43ca1c1cfab2455ecead11d337f58fe2f457b75d,524826bd76911b418e79fb12d72476abed33d2fe,52d2c1db7d756b4efcdf3af688f3514cd790875c,53e73de1e9d7b25cd11993d3e5b69e51844c287a,58168dc7e69bf19e10a41d367dfcc911829c858a,585dc70890cc8e26145b9b2744c925b6e8a8603f,5ce39888a47e67c1d962c9969f38777c4b95c909,621ce65a364b5723737d13ca098743f70ccaf5f7,6c726e8da9abfee0c3e94c0cfe02b943a79d4b03,705d8b799745f100be6713d55d7c27495e5effe7,7519a914432c4589f96e6425d3973b275cd946b7,776bd2b3ebebf802af6757ffc4f0c09886caa2b7,7fd94539449d0bae7ed4fb47cb46ea18a5c81d37,8c6241ffef6076e5430162fb7eea977839050f24,8f91f5dda0267596c690b7bb268697ffd902539f,91d110786a657d717743b2f28cc4832be356fe8d,93978d2cd4c7f6342b4908ecf60a5cbaff4bc904,95d023d7e9a2edecb7c01b7dad01eb9627442ab0,99091fda43148f3bc1107df49c82379be1a25881,9ae4aaa4301b193e6ec8946813e3e84ba2a79cd1,9da6fcd7ba52aa0380962d1bf178a28a44b2278f,9ed7af7b9e663212bf06995b253b05348a393aab,a12cffa5c4a567d0c606d533ca9080fe06dfcc99,a362be973602520d16bf9a7d46776f123cfc02a7,ab786cc546255a13d39c8a948c336734a35b7a97,ae4e0954bde158fed41f0ea5ab2547355553d0bb,bea5e76bddb10f56ea673f62fbb2c59a90ef6460,c09c3f3f01d292c839613e0da5a78a7783f46c05,c53704ecee007ef1216a70e29bbc9ba576fb0594,ce6410afe31f200cbc280b17f5aa9af88373d5ad,cf5aa1b2ac112554f6f6d5bc0818be58c6539297,cf68a7c98c46d9a482074e6a9b056f6237a1e26f,d4e5fe2ded6d4602d59cc6531ec88c5700ccf56a,dde4d8eed966f6b2644b4a5213b7cbc1a0361640,dfa7e5c7ce5b148ebf4b39020130990f3971906f,e629badef8066e908f63adf4e6110ba850428273,ef7f3b5bbc834b01f9bd44883d1a57e6b8343d44,f6e4d67c7f72daa06252a2514719eb34658d72c5,fc7325ffbd00295ba4c2d381d2ebe80022855de8	XBE-derived COFF object
delinked/telnet_console_FUN_00131130.obj	009819124a72dc42c711ab2b6926022ba053474f,0a811e0dd4f26367ea50fd0c96ddf0e23df5f1c2,102061c9c6b0a801eabff89170f8238657d978d5,183b8ac12dcfb1630258abf1fd39d3825e5a1c2e,190fed7657afc7c24249254532021aa64e640d31,195ef93543ce76edf27232a921574feb8bf9b974,21786b541c172f10370a901d32a9c2501b196b2d,224ed2d2ded4ee51409834194169eb92b2611e66,23e5dd58685ebef9058eb5b066f8a3c165a28793,299f6ee927b9d9a6f1a690fdf992bf2798cdbb27,2d83d3b6a8eec135cbf4528afbf6ecbcab56f21d,2d978c989dea7217444bf43e25b668459de63eb5,2dfbf03aa4ec9b7ab491c8e3392f9020cbd5f946,2edd65a616b922e0325c0227567ae792b14476f9,2f3cd5f4d456f5ccdded5e8be21bb7f0e7d633f3,33377c65c9cb801e2a483fd8ee5284f56a1b1255,34108a0da55e692cd08f6dfe31ee51bd55653214,36e610b0891f801b1767136d956014ade437f8e8,41cd995b3105088ffe1d26188179d37d222c9a32,43ca1c1cfab2455ecead11d337f58fe2f457b75d,524826bd76911b418e79fb12d72476abed33d2fe,52d2c1db7d756b4efcdf3af688f3514cd790875c,53e73de1e9d7b25cd11993d3e5b69e51844c287a,58168dc7e69bf19e10a41d367dfcc911829c858a,585dc70890cc8e26145b9b2744c925b6e8a8603f,5ce39888a47e67c1d962c9969f38777c4b95c909,621ce65a364b5723737d13ca098743f70ccaf5f7,6c726e8da9abfee0c3e94c0cfe02b943a79d4b03,705d8b799745f100be6713d55d7c27495e5effe7,7519a914432c4589f96e6425d3973b275cd946b7,776bd2b3ebebf802af6757ffc4f0c09886caa2b7,7fd94539449d0bae7ed4fb47cb46ea18a5c81d37,8c6241ffef6076e5430162fb7eea977839050f24,8f91f5dda0267596c690b7bb268697ffd902539f,91d110786a657d717743b2f28cc4832be356fe8d,93978d2cd4c7f6342b4908ecf60a5cbaff4bc904,95d023d7e9a2edecb7c01b7dad01eb9627442ab0,99091fda43148f3bc1107df49c82379be1a25881,9ae4aaa4301b193e6ec8946813e3e84ba2a79cd1,9da6fcd7ba52aa0380962d1bf178a28a44b2278f,9ed7af7b9e663212bf06995b253b05348a393aab,a12cffa5c4a567d0c606d533ca9080fe06dfcc99,a362be973602520d16bf9a7d46776f123cfc02a7,ab786cc546255a13d39c8a948c336734a35b7a97,ae4e0954bde158fed41f0ea5ab2547355553d0bb,b5c2ea247dd6606bf7bed0381d4db81eb62268d8,bea5e76bddb10f56ea673f62fbb2c59a90ef6460,bfa39523bbe928044891da10f66f9fbc6f674ee2,c09c3f3f01d292c839613e0da5a78a7783f46c05,c53704ecee007ef1216a70e29bbc9ba576fb0594,ce6410afe31f200cbc280b17f5aa9af88373d5ad,cf68a7c98c46d9a482074e6a9b056f6237a1e26f,d4e5fe2ded6d4602d59cc6531ec88c5700ccf56a,dde4d8eed966f6b2644b4a5213b7cbc1a0361640,dfa7e5c7ce5b148ebf4b39020130990f3971906f,e629badef8066e908f63adf4e6110ba850428273,ef7f3b5bbc834b01f9bd44883d1a57e6b8343d44,f6e4d67c7f72daa06252a2514719eb34658d72c5,fc7325ffbd00295ba4c2d381d2ebe80022855de8	XBE-derived COFF object
delinked/telnet_console_FUN_00131150.obj	009819124a72dc42c711ab2b6926022ba053474f,0a811e0dd4f26367ea50fd0c96ddf0e23df5f1c2,102061c9c6b0a801eabff89170f8238657d978d5,183b8ac12dcfb1630258abf1fd39d3825e5a1c2e,190fed7657afc7c24249254532021aa64e640d31,195ef93543ce76edf27232a921574feb8bf9b974,21786b541c172f10370a901d32a9c2501b196b2d,224ed2d2ded4ee51409834194169eb92b2611e66,23e5dd58685ebef9058eb5b066f8a3c165a28793,299f6ee927b9d9a6f1a690fdf992bf2798cdbb27,2d83d3b6a8eec135cbf4528afbf6ecbcab56f21d,2d978c989dea7217444bf43e25b668459de63eb5,2dfbf03aa4ec9b7ab491c8e3392f9020cbd5f946,2edd65a616b922e0325c0227567ae792b14476f9,2f3cd5f4d456f5ccdded5e8be21bb7f0e7d633f3,33377c65c9cb801e2a483fd8ee5284f56a1b1255,34108a0da55e692cd08f6dfe31ee51bd55653214,36e610b0891f801b1767136d956014ade437f8e8,41cd995b3105088ffe1d26188179d37d222c9a32,43ca1c1cfab2455ecead11d337f58fe2f457b75d,524826bd76911b418e79fb12d72476abed33d2fe,52d2c1db7d756b4efcdf3af688f3514cd790875c,53e73de1e9d7b25cd11993d3e5b69e51844c287a,58168dc7e69bf19e10a41d367dfcc911829c858a,585dc70890cc8e26145b9b2744c925b6e8a8603f,5ce39888a47e67c1d962c9969f38777c4b95c909,621ce65a364b5723737d13ca098743f70ccaf5f7,6c726e8da9abfee0c3e94c0cfe02b943a79d4b03,705d8b799745f100be6713d55d7c27495e5effe7,7519a914432c4589f96e6425d3973b275cd946b7,776bd2b3ebebf802af6757ffc4f0c09886caa2b7,7fd94539449d0bae7ed4fb47cb46ea18a5c81d37,8c6241ffef6076e5430162fb7eea977839050f24,8f91f5dda0267596c690b7bb268697ffd902539f,91d110786a657d717743b2f28cc4832be356fe8d,93978d2cd4c7f6342b4908ecf60a5cbaff4bc904,95d023d7e9a2edecb7c01b7dad01eb9627442ab0,99091fda43148f3bc1107df49c82379be1a25881,9ae4aaa4301b193e6ec8946813e3e84ba2a79cd1,9da6fcd7ba52aa0380962d1bf178a28a44b2278f,9ed7af7b9e663212bf06995b253b05348a393aab,a12cffa5c4a567d0c606d533ca9080fe06dfcc99,a362be973602520d16bf9a7d46776f123cfc02a7,ab786cc546255a13d39c8a948c336734a35b7a97,ae4e0954bde158fed41f0ea5ab2547355553d0bb,b5c2ea247dd6606bf7bed0381d4db81eb62268d8,bea5e76bddb10f56ea673f62fbb2c59a90ef6460,bfa39523bbe928044891da10f66f9fbc6f674ee2,c09c3f3f01d292c839613e0da5a78a7783f46c05,c53704ecee007ef1216a70e29bbc9ba576fb0594,ce6410afe31f200cbc280b17f5aa9af88373d5ad,cf68a7c98c46d9a482074e6a9b056f6237a1e26f,d4e5fe2ded6d4602d59cc6531ec88c5700ccf56a,dde4d8eed966f6b2644b4a5213b7cbc1a0361640,dfa7e5c7ce5b148ebf4b39020130990f3971906f,e629badef8066e908f63adf4e6110ba850428273,ef7f3b5bbc834b01f9bd44883d1a57e6b8343d44,f6e4d67c7f72daa06252a2514719eb34658d72c5,fc7325ffbd00295ba4c2d381d2ebe80022855de8	XBE-derived COFF object
delinked/telnet_console_FUN_00131280.obj	009819124a72dc42c711ab2b6926022ba053474f,0a811e0dd4f26367ea50fd0c96ddf0e23df5f1c2,102061c9c6b0a801eabff89170f8238657d978d5,183b8ac12dcfb1630258abf1fd39d3825e5a1c2e,190fed7657afc7c24249254532021aa64e640d31,195ef93543ce76edf27232a921574feb8bf9b974,21786b541c172f10370a901d32a9c2501b196b2d,224ed2d2ded4ee51409834194169eb92b2611e66,23e5dd58685ebef9058eb5b066f8a3c165a28793,299f6ee927b9d9a6f1a690fdf992bf2798cdbb27,2d83d3b6a8eec135cbf4528afbf6ecbcab56f21d,2d978c989dea7217444bf43e25b668459de63eb5,2dfbf03aa4ec9b7ab491c8e3392f9020cbd5f946,2edd65a616b922e0325c0227567ae792b14476f9,2f3cd5f4d456f5ccdded5e8be21bb7f0e7d633f3,33377c65c9cb801e2a483fd8ee5284f56a1b1255,34108a0da55e692cd08f6dfe31ee51bd55653214,36e610b0891f801b1767136d956014ade437f8e8,41cd995b3105088ffe1d26188179d37d222c9a32,43ca1c1cfab2455ecead11d337f58fe2f457b75d,524826bd76911b418e79fb12d72476abed33d2fe,52d2c1db7d756b4efcdf3af688f3514cd790875c,53e73de1e9d7b25cd11993d3e5b69e51844c287a,58168dc7e69bf19e10a41d367dfcc911829c858a,585dc70890cc8e26145b9b2744c925b6e8a8603f,5ce39888a47e67c1d962c9969f38777c4b95c909,621ce65a364b5723737d13ca098743f70ccaf5f7,6c726e8da9abfee0c3e94c0cfe02b943a79d4b03,705d8b799745f100be6713d55d7c27495e5effe7,7519a914432c4589f96e6425d3973b275cd946b7,776bd2b3ebebf802af6757ffc4f0c09886caa2b7,7fd94539449d0bae7ed4fb47cb46ea18a5c81d37,8c6241ffef6076e5430162fb7eea977839050f24,8f91f5dda0267596c690b7bb268697ffd902539f,91d110786a657d717743b2f28cc4832be356fe8d,93978d2cd4c7f6342b4908ecf60a5cbaff4bc904,95d023d7e9a2edecb7c01b7dad01eb9627442ab0,99091fda43148f3bc1107df49c82379be1a25881,9ae4aaa4301b193e6ec8946813e3e84ba2a79cd1,9da6fcd7ba52aa0380962d1bf178a28a44b2278f,9ed7af7b9e663212bf06995b253b05348a393aab,a12cffa5c4a567d0c606d533ca9080fe06dfcc99,a362be973602520d16bf9a7d46776f123cfc02a7,ab786cc546255a13d39c8a948c336734a35b7a97,ae4e0954bde158fed41f0ea5ab2547355553d0bb,b5c2ea247dd6606bf7bed0381d4db81eb62268d8,bea5e76bddb10f56ea673f62fbb2c59a90ef6460,c09c3f3f01d292c839613e0da5a78a7783f46c05,c53704ecee007ef1216a70e29bbc9ba576fb0594,ce6410afe31f200cbc280b17f5aa9af88373d5ad,cf68a7c98c46d9a482074e6a9b056f6237a1e26f,d4e5fe2ded6d4602d59cc6531ec88c5700ccf56a,d61305f4e61857bbecc56f361e0e5c45f92228c2,d7f5a8be3a60fc82ddbcba388e9f087cf1f1e13b,dde4d8eed966f6b2644b4a5213b7cbc1a0361640,dfa7e5c7ce5b148ebf4b39020130990f3971906f,e629badef8066e908f63adf4e6110ba850428273,ef7f3b5bbc834b01f9bd44883d1a57e6b8343d44,f6e4d67c7f72daa06252a2514719eb34658d72c5,fc7325ffbd00295ba4c2d381d2ebe80022855de8	XBE-derived COFF object
delinked/telnet_console_FUN_001313f0.obj	009819124a72dc42c711ab2b6926022ba053474f,0a811e0dd4f26367ea50fd0c96ddf0e23df5f1c2,102061c9c6b0a801eabff89170f8238657d978d5,183b8ac12dcfb1630258abf1fd39d3825e5a1c2e,190fed7657afc7c24249254532021aa64e640d31,195ef93543ce76edf27232a921574feb8bf9b974,21786b541c172f10370a901d32a9c2501b196b2d,224ed2d2ded4ee51409834194169eb92b2611e66,23e5dd58685ebef9058eb5b066f8a3c165a28793,299f6ee927b9d9a6f1a690fdf992bf2798cdbb27,2d83d3b6a8eec135cbf4528afbf6ecbcab56f21d,2d978c989dea7217444bf43e25b668459de63eb5,2dfbf03aa4ec9b7ab491c8e3392f9020cbd5f946,2edd65a616b922e0325c0227567ae792b14476f9,2f3cd5f4d456f5ccdded5e8be21bb7f0e7d633f3,33377c65c9cb801e2a483fd8ee5284f56a1b1255,33dab525cbf90d58193d82c3db566d6ffa290725,34108a0da55e692cd08f6dfe31ee51bd55653214,36e610b0891f801b1767136d956014ade437f8e8,41cd995b3105088ffe1d26188179d37d222c9a32,43ca1c1cfab2455ecead11d337f58fe2f457b75d,524826bd76911b418e79fb12d72476abed33d2fe,52d2c1db7d756b4efcdf3af688f3514cd790875c,53e73de1e9d7b25cd11993d3e5b69e51844c287a,58168dc7e69bf19e10a41d367dfcc911829c858a,585dc70890cc8e26145b9b2744c925b6e8a8603f,5ce39888a47e67c1d962c9969f38777c4b95c909,621ce65a364b5723737d13ca098743f70ccaf5f7,6c726e8da9abfee0c3e94c0cfe02b943a79d4b03,705d8b799745f100be6713d55d7c27495e5effe7,7519a914432c4589f96e6425d3973b275cd946b7,776bd2b3ebebf802af6757ffc4f0c09886caa2b7,7fd94539449d0bae7ed4fb47cb46ea18a5c81d37,8c6241ffef6076e5430162fb7eea977839050f24,8f91f5dda0267596c690b7bb268697ffd902539f,91d110786a657d717743b2f28cc4832be356fe8d,93978d2cd4c7f6342b4908ecf60a5cbaff4bc904,95d023d7e9a2edecb7c01b7dad01eb9627442ab0,99091fda43148f3bc1107df49c82379be1a25881,9ae4aaa4301b193e6ec8946813e3e84ba2a79cd1,9da6fcd7ba52aa0380962d1bf178a28a44b2278f,9ed7af7b9e663212bf06995b253b05348a393aab,9f81fa10b5affca593033007d7f9f665ea117347,a12cffa5c4a567d0c606d533ca9080fe06dfcc99,a362be973602520d16bf9a7d46776f123cfc02a7,ab786cc546255a13d39c8a948c336734a35b7a97,ae4e0954bde158fed41f0ea5ab2547355553d0bb,b5c2ea247dd6606bf7bed0381d4db81eb62268d8,bea5e76bddb10f56ea673f62fbb2c59a90ef6460,c09c3f3f01d292c839613e0da5a78a7783f46c05,c53704ecee007ef1216a70e29bbc9ba576fb0594,ce6410afe31f200cbc280b17f5aa9af88373d5ad,cf68a7c98c46d9a482074e6a9b056f6237a1e26f,d4e5fe2ded6d4602d59cc6531ec88c5700ccf56a,d61305f4e61857bbecc56f361e0e5c45f92228c2,dde4d8eed966f6b2644b4a5213b7cbc1a0361640,dfa7e5c7ce5b148ebf4b39020130990f3971906f,e629badef8066e908f63adf4e6110ba850428273,ef7f3b5bbc834b01f9bd44883d1a57e6b8343d44,f6e4d67c7f72daa06252a2514719eb34658d72c5,fc7325ffbd00295ba4c2d381d2ebe80022855de8	XBE-derived COFF object
delinked/telnet_console_FUN_00131700.obj	009819124a72dc42c711ab2b6926022ba053474f,0a811e0dd4f26367ea50fd0c96ddf0e23df5f1c2,102061c9c6b0a801eabff89170f8238657d978d5,183b8ac12dcfb1630258abf1fd39d3825e5a1c2e,190fed7657afc7c24249254532021aa64e640d31,195ef93543ce76edf27232a921574feb8bf9b974,21786b541c172f10370a901d32a9c2501b196b2d,224ed2d2ded4ee51409834194169eb92b2611e66,23e5dd58685ebef9058eb5b066f8a3c165a28793,286f459eb4152878174178ecf3bb09be28f299be,299f6ee927b9d9a6f1a690fdf992bf2798cdbb27,2d83d3b6a8eec135cbf4528afbf6ecbcab56f21d,2d978c989dea7217444bf43e25b668459de63eb5,2dfbf03aa4ec9b7ab491c8e3392f9020cbd5f946,2edd65a616b922e0325c0227567ae792b14476f9,2f3cd5f4d456f5ccdded5e8be21bb7f0e7d633f3,33377c65c9cb801e2a483fd8ee5284f56a1b1255,34108a0da55e692cd08f6dfe31ee51bd55653214,36e610b0891f801b1767136d956014ade437f8e8,41cd995b3105088ffe1d26188179d37d222c9a32,43ca1c1cfab2455ecead11d337f58fe2f457b75d,524826bd76911b418e79fb12d72476abed33d2fe,52d2c1db7d756b4efcdf3af688f3514cd790875c,53e73de1e9d7b25cd11993d3e5b69e51844c287a,58168dc7e69bf19e10a41d367dfcc911829c858a,585dc70890cc8e26145b9b2744c925b6e8a8603f,5ce39888a47e67c1d962c9969f38777c4b95c909,621ce65a364b5723737d13ca098743f70ccaf5f7,6c726e8da9abfee0c3e94c0cfe02b943a79d4b03,705d8b799745f100be6713d55d7c27495e5effe7,7519a914432c4589f96e6425d3973b275cd946b7,776bd2b3ebebf802af6757ffc4f0c09886caa2b7,7fd94539449d0bae7ed4fb47cb46ea18a5c81d37,8c6241ffef6076e5430162fb7eea977839050f24,8f91f5dda0267596c690b7bb268697ffd902539f,91d110786a657d717743b2f28cc4832be356fe8d,93978d2cd4c7f6342b4908ecf60a5cbaff4bc904,95d023d7e9a2edecb7c01b7dad01eb9627442ab0,99091fda43148f3bc1107df49c82379be1a25881,9ae4aaa4301b193e6ec8946813e3e84ba2a79cd1,9da6fcd7ba52aa0380962d1bf178a28a44b2278f,9ed7af7b9e663212bf06995b253b05348a393aab,9f81fa10b5affca593033007d7f9f665ea117347,a12cffa5c4a567d0c606d533ca9080fe06dfcc99,a362be973602520d16bf9a7d46776f123cfc02a7,aa31443975735d11b72d5293efbc625ad0e9a56f,ab786cc546255a13d39c8a948c336734a35b7a97,ae4e0954bde158fed41f0ea5ab2547355553d0bb,b5c2ea247dd6606bf7bed0381d4db81eb62268d8,bea5e76bddb10f56ea673f62fbb2c59a90ef6460,c09c3f3f01d292c839613e0da5a78a7783f46c05,c53704ecee007ef1216a70e29bbc9ba576fb0594,ce6410afe31f200cbc280b17f5aa9af88373d5ad,cf68a7c98c46d9a482074e6a9b056f6237a1e26f,d4e5fe2ded6d4602d59cc6531ec88c5700ccf56a,d61305f4e61857bbecc56f361e0e5c45f92228c2,dde4d8eed966f6b2644b4a5213b7cbc1a0361640,dfa7e5c7ce5b148ebf4b39020130990f3971906f,e629badef8066e908f63adf4e6110ba850428273,ef7f3b5bbc834b01f9bd44883d1a57e6b8343d44,f6e4d67c7f72daa06252a2514719eb34658d72c5,fc7325ffbd00295ba4c2d381d2ebe80022855de8	XBE-derived COFF object
delinked/telnet_console_FUN_00131790.obj	009819124a72dc42c711ab2b6926022ba053474f,0a811e0dd4f26367ea50fd0c96ddf0e23df5f1c2,0d997f7c1f22b14856a9d924322c79cb00112a91,102061c9c6b0a801eabff89170f8238657d978d5,183b8ac12dcfb1630258abf1fd39d3825e5a1c2e,190fed7657afc7c24249254532021aa64e640d31,195ef93543ce76edf27232a921574feb8bf9b974,21786b541c172f10370a901d32a9c2501b196b2d,224ed2d2ded4ee51409834194169eb92b2611e66,23e5dd58685ebef9058eb5b066f8a3c165a28793,286f459eb4152878174178ecf3bb09be28f299be,299f6ee927b9d9a6f1a690fdf992bf2798cdbb27,2d83d3b6a8eec135cbf4528afbf6ecbcab56f21d,2d978c989dea7217444bf43e25b668459de63eb5,2dfbf03aa4ec9b7ab491c8e3392f9020cbd5f946,2edd65a616b922e0325c0227567ae792b14476f9,2f3cd5f4d456f5ccdded5e8be21bb7f0e7d633f3,33377c65c9cb801e2a483fd8ee5284f56a1b1255,34108a0da55e692cd08f6dfe31ee51bd55653214,36e610b0891f801b1767136d956014ade437f8e8,41cd995b3105088ffe1d26188179d37d222c9a32,43ca1c1cfab2455ecead11d337f58fe2f457b75d,4e8707179dbf16861daafdb1f7b343e4aa60c40d,524826bd76911b418e79fb12d72476abed33d2fe,52d2c1db7d756b4efcdf3af688f3514cd790875c,53e73de1e9d7b25cd11993d3e5b69e51844c287a,58168dc7e69bf19e10a41d367dfcc911829c858a,585dc70890cc8e26145b9b2744c925b6e8a8603f,5ce39888a47e67c1d962c9969f38777c4b95c909,621ce65a364b5723737d13ca098743f70ccaf5f7,6c726e8da9abfee0c3e94c0cfe02b943a79d4b03,705d8b799745f100be6713d55d7c27495e5effe7,7519a914432c4589f96e6425d3973b275cd946b7,776bd2b3ebebf802af6757ffc4f0c09886caa2b7,7fd94539449d0bae7ed4fb47cb46ea18a5c81d37,8c6241ffef6076e5430162fb7eea977839050f24,8f91f5dda0267596c690b7bb268697ffd902539f,91d110786a657d717743b2f28cc4832be356fe8d,93978d2cd4c7f6342b4908ecf60a5cbaff4bc904,95d023d7e9a2edecb7c01b7dad01eb9627442ab0,99091fda43148f3bc1107df49c82379be1a25881,9ae4aaa4301b193e6ec8946813e3e84ba2a79cd1,9da6fcd7ba52aa0380962d1bf178a28a44b2278f,9ed7af7b9e663212bf06995b253b05348a393aab,9f81fa10b5affca593033007d7f9f665ea117347,a12cffa5c4a567d0c606d533ca9080fe06dfcc99,a362be973602520d16bf9a7d46776f123cfc02a7,ab786cc546255a13d39c8a948c336734a35b7a97,ae4e0954bde158fed41f0ea5ab2547355553d0bb,b5c2ea247dd6606bf7bed0381d4db81eb62268d8,bea5e76bddb10f56ea673f62fbb2c59a90ef6460,c09c3f3f01d292c839613e0da5a78a7783f46c05,c53704ecee007ef1216a70e29bbc9ba576fb0594,ce6410afe31f200cbc280b17f5aa9af88373d5ad,cf68a7c98c46d9a482074e6a9b056f6237a1e26f,d4e5fe2ded6d4602d59cc6531ec88c5700ccf56a,d61305f4e61857bbecc56f361e0e5c45f92228c2,dde4d8eed966f6b2644b4a5213b7cbc1a0361640,dfa7e5c7ce5b148ebf4b39020130990f3971906f,e629badef8066e908f63adf4e6110ba850428273,ef7f3b5bbc834b01f9bd44883d1a57e6b8343d44,f6e4d67c7f72daa06252a2514719eb34658d72c5,fc7325ffbd00295ba4c2d381d2ebe80022855de8	XBE-derived COFF object
delinked/units_FUN_001a67b0.obj	c737d34e633f7ec77596d8a67f0a231b8ec0f0a5,eb99efe4f8d6145df5ac43dfdb745b212c891d47,ee6f5a972a6a54cc93a5a7e19363d3592b367394,f37e89aac8f5215b326035befd84b78547411275	XBE-derived COFF object
delinked/units_FUN_001a6820.obj	788677a645906712809f0a835847573530fd2517,be01c58b06c09d81b72eb1ed53052ee7d65bb506,c737d34e633f7ec77596d8a67f0a231b8ec0f0a5,ee6f5a972a6a54cc93a5a7e19363d3592b367394	XBE-derived COFF object
delinked/units_FUN_001a6870.obj	788677a645906712809f0a835847573530fd2517,be01c58b06c09d81b72eb1ed53052ee7d65bb506,c737d34e633f7ec77596d8a67f0a231b8ec0f0a5,ee6f5a972a6a54cc93a5a7e19363d3592b367394	XBE-derived COFF object
delinked/units_FUN_001a6bc0.obj	c737d34e633f7ec77596d8a67f0a231b8ec0f0a5,eb99efe4f8d6145df5ac43dfdb745b212c891d47,ee6f5a972a6a54cc93a5a7e19363d3592b367394,f37e89aac8f5215b326035befd84b78547411275	XBE-derived COFF object
delinked/units_FUN_001a6ca0.obj	c737d34e633f7ec77596d8a67f0a231b8ec0f0a5,eb99efe4f8d6145df5ac43dfdb745b212c891d47,ee6f5a972a6a54cc93a5a7e19363d3592b367394,f37e89aac8f5215b326035befd84b78547411275	XBE-derived COFF object
delinked/units_FUN_001a6cd0.obj	788677a645906712809f0a835847573530fd2517,be01c58b06c09d81b72eb1ed53052ee7d65bb506,c737d34e633f7ec77596d8a67f0a231b8ec0f0a5,ee6f5a972a6a54cc93a5a7e19363d3592b367394	XBE-derived COFF object
delinked/weapons_FUN_000fae30.obj	5ac793ab33c4ebdbb618c2bc020fd2592695ea73,a450f187954fe10f532e2fd9c57e2309d43a9eaa,c737d34e633f7ec77596d8a67f0a231b8ec0f0a5,ee6f5a972a6a54cc93a5a7e19363d3592b367394	XBE-derived COFF object
delinked/weapons_FUN_000fae80.obj	5ac793ab33c4ebdbb618c2bc020fd2592695ea73,a450f187954fe10f532e2fd9c57e2309d43a9eaa,c737d34e633f7ec77596d8a67f0a231b8ec0f0a5,ee6f5a972a6a54cc93a5a7e19363d3592b367394	XBE-derived COFF object
delinked/weapons_FUN_000faeb0.obj	a42ef6af99b8dc5bb2c58ef3322514a4287193f7,c737d34e633f7ec77596d8a67f0a231b8ec0f0a5,dc02b77003d8bc3d0c92be225fb6c07650767f64,ee6f5a972a6a54cc93a5a7e19363d3592b367394	XBE-derived COFF object
delinked/weapons_FUN_000faed0.obj	5ac793ab33c4ebdbb618c2bc020fd2592695ea73,a450f187954fe10f532e2fd9c57e2309d43a9eaa,c737d34e633f7ec77596d8a67f0a231b8ec0f0a5,ee6f5a972a6a54cc93a5a7e19363d3592b367394	XBE-derived COFF object
delinked/weapons_FUN_000fb090.obj	1bbde0043a512410e333fb686554d722bedc2bd1,b3bf2c0b542d9c86f670fc56b1cdf79c82e18603,c737d34e633f7ec77596d8a67f0a231b8ec0f0a5,ee6f5a972a6a54cc93a5a7e19363d3592b367394	XBE-derived COFF object
delinked/weapons_FUN_000fb0c0.obj	5ac793ab33c4ebdbb618c2bc020fd2592695ea73,a450f187954fe10f532e2fd9c57e2309d43a9eaa,c737d34e633f7ec77596d8a67f0a231b8ec0f0a5,ee6f5a972a6a54cc93a5a7e19363d3592b367394	XBE-derived COFF object
delinked/weapons_FUN_000fb0f0.obj	1bbde0043a512410e333fb686554d722bedc2bd1,b3bf2c0b542d9c86f670fc56b1cdf79c82e18603,c737d34e633f7ec77596d8a67f0a231b8ec0f0a5,ee6f5a972a6a54cc93a5a7e19363d3592b367394	XBE-derived COFF object
delinked/weapons_FUN_000fb140.obj	5ac793ab33c4ebdbb618c2bc020fd2592695ea73,a450f187954fe10f532e2fd9c57e2309d43a9eaa,c737d34e633f7ec77596d8a67f0a231b8ec0f0a5,ee6f5a972a6a54cc93a5a7e19363d3592b367394	XBE-derived COFF object
delinked/weapons_FUN_000fb2f0.obj	1bbde0043a512410e333fb686554d722bedc2bd1,b3bf2c0b542d9c86f670fc56b1cdf79c82e18603,c737d34e633f7ec77596d8a67f0a231b8ec0f0a5,ee6f5a972a6a54cc93a5a7e19363d3592b367394	XBE-derived COFF object
delinked/weapons_FUN_000fbbd0.obj	5ac793ab33c4ebdbb618c2bc020fd2592695ea73,a450f187954fe10f532e2fd9c57e2309d43a9eaa,c737d34e633f7ec77596d8a67f0a231b8ec0f0a5,ee6f5a972a6a54cc93a5a7e19363d3592b367394	XBE-derived COFF object
delinked/weapons_FUN_000fcaf0.obj	5ac793ab33c4ebdbb618c2bc020fd2592695ea73,a450f187954fe10f532e2fd9c57e2309d43a9eaa,c737d34e633f7ec77596d8a67f0a231b8ec0f0a5,ee6f5a972a6a54cc93a5a7e19363d3592b367394	XBE-derived COFF object
delinked/weapons_FUN_000fcf20.obj	5ac793ab33c4ebdbb618c2bc020fd2592695ea73,a450f187954fe10f532e2fd9c57e2309d43a9eaa,c737d34e633f7ec77596d8a67f0a231b8ec0f0a5,ee6f5a972a6a54cc93a5a7e19363d3592b367394	XBE-derived COFF object
delinked/weapons_FUN_000fd180.obj	5ac793ab33c4ebdbb618c2bc020fd2592695ea73,a450f187954fe10f532e2fd9c57e2309d43a9eaa,c737d34e633f7ec77596d8a67f0a231b8ec0f0a5,ee6f5a972a6a54cc93a5a7e19363d3592b367394	XBE-derived COFF object
delinked/xbox_crt_FUN_001d7817.obj	a5897d683a6d84dec7fcfa2f47b977fb262d7c0d	XBE-derived COFF object
halo_2276_functions.txt	aa64fda0c95000acda1a5dba64a1d30296228e17,e9b5d758a525cccd5cba69be343b2f6f937be054	whole-binary symbol/decompiler export (PR #25)
halo_decompiled/cachebeta.elf.asm	aa64fda0c95000acda1a5dba64a1d30296228e17,e9b5d758a525cccd5cba69be343b2f6f937be054	whole-binary symbol/decompiler export (PR #25)
halo_decompiled/cachebeta.elf.c	aa64fda0c95000acda1a5dba64a1d30296228e17,e9b5d758a525cccd5cba69be343b2f6f937be054	whole-binary symbol/decompiler export (PR #25)
halo_decompiled/cachebeta.elf.h	aa64fda0c95000acda1a5dba64a1d30296228e17,e9b5d758a525cccd5cba69be343b2f6f937be054	whole-binary symbol/decompiler export (PR #25)
tests/golden/periodic_tables/periodic_00_one.bin	30e91b072e6d0b493c47412c58f5da1f4655175f,6b3e698f371aaac7a62f6d119e56213d071456cf,c737d34e633f7ec77596d8a67f0a231b8ec0f0a5,ee6f5a972a6a54cc93a5a7e19363d3592b367394	original-binary waveform table (producer documents capture)
tests/golden/periodic_tables/periodic_01_zero.bin	30e91b072e6d0b493c47412c58f5da1f4655175f,6b3e698f371aaac7a62f6d119e56213d071456cf,c737d34e633f7ec77596d8a67f0a231b8ec0f0a5,ee6f5a972a6a54cc93a5a7e19363d3592b367394	original-binary waveform table (producer documents capture)
tests/golden/periodic_tables/periodic_02_cosine.bin	30e91b072e6d0b493c47412c58f5da1f4655175f,6b3e698f371aaac7a62f6d119e56213d071456cf,c737d34e633f7ec77596d8a67f0a231b8ec0f0a5,ee6f5a972a6a54cc93a5a7e19363d3592b367394	original-binary waveform table (producer documents capture)
tests/golden/periodic_tables/periodic_03_cosine_var.bin	30e91b072e6d0b493c47412c58f5da1f4655175f,6b3e698f371aaac7a62f6d119e56213d071456cf,c737d34e633f7ec77596d8a67f0a231b8ec0f0a5,ee6f5a972a6a54cc93a5a7e19363d3592b367394	original-binary waveform table (producer documents capture)
tests/golden/periodic_tables/periodic_04_triangle.bin	30e91b072e6d0b493c47412c58f5da1f4655175f,6b3e698f371aaac7a62f6d119e56213d071456cf,c737d34e633f7ec77596d8a67f0a231b8ec0f0a5,ee6f5a972a6a54cc93a5a7e19363d3592b367394	original-binary waveform table (producer documents capture)
tests/golden/periodic_tables/periodic_05_triangle_var.bin	30e91b072e6d0b493c47412c58f5da1f4655175f,6b3e698f371aaac7a62f6d119e56213d071456cf,c737d34e633f7ec77596d8a67f0a231b8ec0f0a5,ee6f5a972a6a54cc93a5a7e19363d3592b367394	original-binary waveform table (producer documents capture)
tests/golden/periodic_tables/periodic_06_slide.bin	30e91b072e6d0b493c47412c58f5da1f4655175f,6b3e698f371aaac7a62f6d119e56213d071456cf,c737d34e633f7ec77596d8a67f0a231b8ec0f0a5,ee6f5a972a6a54cc93a5a7e19363d3592b367394	original-binary waveform table (producer documents capture)
tests/golden/periodic_tables/periodic_07_slide_var.bin	30e91b072e6d0b493c47412c58f5da1f4655175f,6b3e698f371aaac7a62f6d119e56213d071456cf,c737d34e633f7ec77596d8a67f0a231b8ec0f0a5,ee6f5a972a6a54cc93a5a7e19363d3592b367394	original-binary waveform table (producer documents capture)
tests/golden/periodic_tables/periodic_08_gaussian.bin	30e91b072e6d0b493c47412c58f5da1f4655175f,6b3e698f371aaac7a62f6d119e56213d071456cf,c737d34e633f7ec77596d8a67f0a231b8ec0f0a5,ee6f5a972a6a54cc93a5a7e19363d3592b367394	original-binary waveform table (producer documents capture)
tests/golden/periodic_tables/periodic_09_stutter_4harm_a.bin	30e91b072e6d0b493c47412c58f5da1f4655175f,6b3e698f371aaac7a62f6d119e56213d071456cf,c737d34e633f7ec77596d8a67f0a231b8ec0f0a5,ee6f5a972a6a54cc93a5a7e19363d3592b367394	original-binary waveform table (producer documents capture)
tests/golden/periodic_tables/periodic_10_stutter_4harm_b.bin	30e91b072e6d0b493c47412c58f5da1f4655175f,6b3e698f371aaac7a62f6d119e56213d071456cf,c737d34e633f7ec77596d8a67f0a231b8ec0f0a5,ee6f5a972a6a54cc93a5a7e19363d3592b367394	original-binary waveform table (producer documents capture)
tests/golden/periodic_tables/periodic_11_square.bin	30e91b072e6d0b493c47412c58f5da1f4655175f,6b3e698f371aaac7a62f6d119e56213d071456cf,c737d34e633f7ec77596d8a67f0a231b8ec0f0a5,ee6f5a972a6a54cc93a5a7e19363d3592b367394	original-binary waveform table (producer documents capture)
tests/golden/periodic_tables/transition_00_raw.bin	30e91b072e6d0b493c47412c58f5da1f4655175f,6b3e698f371aaac7a62f6d119e56213d071456cf,c737d34e633f7ec77596d8a67f0a231b8ec0f0a5,ee6f5a972a6a54cc93a5a7e19363d3592b367394	original-binary waveform table (producer documents capture)
tests/golden/periodic_tables/transition_01_pow_a.bin	30e91b072e6d0b493c47412c58f5da1f4655175f,6b3e698f371aaac7a62f6d119e56213d071456cf,c737d34e633f7ec77596d8a67f0a231b8ec0f0a5,ee6f5a972a6a54cc93a5a7e19363d3592b367394	original-binary waveform table (producer documents capture)
tests/golden/periodic_tables/transition_02_pow_b.bin	30e91b072e6d0b493c47412c58f5da1f4655175f,6b3e698f371aaac7a62f6d119e56213d071456cf,c737d34e633f7ec77596d8a67f0a231b8ec0f0a5,ee6f5a972a6a54cc93a5a7e19363d3592b367394	original-binary waveform table (producer documents capture)
tests/golden/periodic_tables/transition_03_pow_c.bin	30e91b072e6d0b493c47412c58f5da1f4655175f,6b3e698f371aaac7a62f6d119e56213d071456cf,c737d34e633f7ec77596d8a67f0a231b8ec0f0a5,ee6f5a972a6a54cc93a5a7e19363d3592b367394	original-binary waveform table (producer documents capture)
tests/golden/periodic_tables/transition_04_pow_d.bin	30e91b072e6d0b493c47412c58f5da1f4655175f,6b3e698f371aaac7a62f6d119e56213d071456cf,c737d34e633f7ec77596d8a67f0a231b8ec0f0a5,ee6f5a972a6a54cc93a5a7e19363d3592b367394	original-binary waveform table (producer documents capture)
tests/golden/periodic_tables/transition_05_sine_wave.bin	30e91b072e6d0b493c47412c58f5da1f4655175f,6b3e698f371aaac7a62f6d119e56213d071456cf,c737d34e633f7ec77596d8a67f0a231b8ec0f0a5,ee6f5a972a6a54cc93a5a7e19363d3592b367394	original-binary waveform table (producer documents capture)
tools/equivalence/_global_bytes.py	7f65d1089f66e458ab16fbd421be80bf07e7f1e3,8160a29b933975c030850b156f482c1984fd6a33,dc93d4394794e8241e7a169b52dc69f8a0efc0d7	embedded target/runtime bytes
tools/equivalence/known_globals.json	01388ecfee49af904ed3e3d7a960ebe7624d98a0,01624b463756764d0545665f0f3cbef767c731c2,0e971cc8adf157477dce7c3acb67f8d06395834f,102061c9c6b0a801eabff89170f8238657d978d5,183b8ac12dcfb1630258abf1fd39d3825e5a1c2e,1cf01624a40c5d507bf16c5806feb6c2f195f3b6,25d3a66f62f94d27e1b84526a1b704cec2640693,298360be5ecb4c71e25d8ea243889564cab398d7,299f6ee927b9d9a6f1a690fdf992bf2798cdbb27,2cb2707fa5334a54ae9a8f27bde862bace8ffc64,2d978c989dea7217444bf43e25b668459de63eb5,31377c99fe90471f0bbabc1a0cd74aabfddff724,34108a0da55e692cd08f6dfe31ee51bd55653214,38dfec380a57c6d2ebabe659dcc5155f3b241070,3919b820aede830d34d2d45d6bfa422ce50caae9,3d603dbce2d64401a9f725f518598caac9d9b958,3ec01fd46b78e77f55daee0446d017499872c2db,41cd995b3105088ffe1d26188179d37d222c9a32,45036817acd62120f71d89be265391400fc05d83,4505407baf658a775f12cd84ce5574a524c8b8d5,45946fbc4be6a1b6307274959ca9da50b1d81256,49810ef3d29475d237a442edf01809a897fb5f5f,4a11c32afc39438a5d6b1f62fbe6d00ef49dbea5,50e4d82ce59e067bec0fc5dc99cc44ac66b216a4,53c6f164451c2a09863f8ffb360813b3cdb48c3e,54836be4fac67169d76298b5918c509a2d71024f,57c8bb51aad6175cc98acbac027b8be051f7c602,5839fa104d51845fcfe154dc3d22e6bd50da5692,585dc70890cc8e26145b9b2744c925b6e8a8603f,5ce39888a47e67c1d962c9969f38777c4b95c909,604fee0756217a051c60e96f766ecc587bfed1a2,6217bcabbb88095eedf2a58033832211502c7a18,621ce65a364b5723737d13ca098743f70ccaf5f7,63eeed72adb4e88f3a1b95257e92880596caf500,676199ff5767c260d7212b4953c4955dcfc2a9bb,6abfe26963f4b0c052f7ff53364023c3ba46130a,6c726e8da9abfee0c3e94c0cfe02b943a79d4b03,6cbb5c86883f3be44d0d3c4ceae1a6307c9ef48a,6d4044e44f6dbb91c59d1b28db31c18efa4c6c2a,6eb0f6784a83d1c6c969e629c3dddf3d53614abc,705d8b799745f100be6713d55d7c27495e5effe7,70ed1ef27ee5ac117f8c24ecbca5e828238f11bc,776bd2b3ebebf802af6757ffc4f0c09886caa2b7,7c20859560688351ee92287c18ea71919864a801,7c6677bce03093220ea1f6b7a6775e26447ed07d,7cf4c7a73c89fbfd72c7256175c7109110734fb4,885e9688d5f2a2a49b850f4c480daf6c832e2f86,91d110786a657d717743b2f28cc4832be356fe8d,970f0901226f65438b6c22e37fde73e0982b3cf3,982eb279b2970e65848bcc9b110603c366b45a2a,99091fda43148f3bc1107df49c82379be1a25881,995dd370f0702bb5d872b8978256d0ea77ec17da,9ae4aaa4301b193e6ec8946813e3e84ba2a79cd1,9b345ccd57ba5fa3d537db58e734d053c519d276,9da6fcd7ba52aa0380962d1bf178a28a44b2278f,a415e49de1dd749ecc6276f800c3d21e53d0a60d,a5cdb530ee8e841a4197da283a4208827e9892fe,ae4e0954bde158fed41f0ea5ab2547355553d0bb,ae4e4e594d0b665e60be0eef358c9f38848be14a,b0b5f492dc8e7cc9e94959f5c1b7b6a60ba66503,b5f4ca6222340643738c7e6caade0204732cc738,bea5e76bddb10f56ea673f62fbb2c59a90ef6460,c09c3f3f01d292c839613e0da5a78a7783f46c05,c22f4894d05d67c8ec4604d6ee15ef691dd04fae,c4fa565076355dfe2bd1b60963f016b929b381af,c53704ecee007ef1216a70e29bbc9ba576fb0594,c6218bd6f67823b6952a10f01f70a4ac9873d719,c66f812bd1fc4bfab47bec04b53e8723b980a453,ca2647b4b6281bd731f8c02daa407943510d785f,cb5a5951a28b6234ed8f8028f54708376616d61a,ce6410afe31f200cbc280b17f5aa9af88373d5ad,ceb454079e0bde53c83adaed37d1c17cd847af12,d0863a61e7290757e50b8e61cd53afae603816a0,d30a74728ba8e5e1b40c34aaa225dcee47767688,d5b9b440293608273e9eaa718ae264bc175b4810,d5bb842421e847df2641f7aebabee86873319a5a,d6052a206b3878871e3c433e478ee2d2f8806670,d691c11bceb9ab9939e0b7c7d063096da7f12cc6,d9100190003c72fbfeda09cb379488762d045287,e094a12a668ea350b17d3b7c323619c4e4b18f35,e40f2a3a5783a6df94163000d0baf6165646f636,e629badef8066e908f63adf4e6110ba850428273,ebd592c61826eda4693dd6a95c6cf70de1843868,edf2840437917c47d03b342e8df8a04689540652,ef635eab8a37e50206d4d3c592a51c432b053a4d,ef7f3b5bbc834b01f9bd44883d1a57e6b8343d44,f159e86f82c77126ccee574a59621165f5e21466,f36d34b4ec6ca27d06ff4c4093415e994d8b45b2,f46bb84c995db56c81cfbce74b2aa2b110a7845f,f57d64098a69ceaed90bc1a54fd9a29f75fae04b,f910a0278aecb932346a892a93e922385fab5a00,f9f5c8bf050d2fc8da8a1e3dc2a40907f0fb654c,fc7325ffbd00295ba4c2d381d2ebe80022855de8,ff8d5a3bb9b25d338ad055080794f64f99049e7f	embedded target/runtime bytes
tools/equivalence/regression_snapshots/ctf_get_player_score_ctf_t700.json	17e6372a3a177900f8d2a220289c18efca6e3f1c,4b7b739245b0794bad47f3e766d21fc54e982ef7,514a3a294decdf6657332278c4fabcd992f70777,7c20859560688351ee92287c18ea71919864a801,9085313d50cb1b81a0f31850fdf9305c1377b746,d7ab522a8858b46c6dd9ab296d51394f729642b1,f159e86f82c77126ccee574a59621165f5e21466,f73b5d79f4a59b014f431f3e721ccb65237177d8	raw RAM/game-state capture (recorded live origin)
tools/equivalence/regression_snapshots/evaluate_game_complexity.json	01388ecfee49af904ed3e3d7a960ebe7624d98a0,01624b463756764d0545665f0f3cbef767c731c2,027c1a597ec77edfb084939f800267be5326344e,102061c9c6b0a801eabff89170f8238657d978d5,15743c6a4d47a060180251a747a8c80fc819912b,183b8ac12dcfb1630258abf1fd39d3825e5a1c2e,1cf01624a40c5d507bf16c5806feb6c2f195f3b6,25d3a66f62f94d27e1b84526a1b704cec2640693,298360be5ecb4c71e25d8ea243889564cab398d7,299f6ee927b9d9a6f1a690fdf992bf2798cdbb27,2cb2707fa5334a54ae9a8f27bde862bace8ffc64,2d978c989dea7217444bf43e25b668459de63eb5,303edf6ba50abce5775344d05b8ef4635ff6fe85,31377c99fe90471f0bbabc1a0cd74aabfddff724,34108a0da55e692cd08f6dfe31ee51bd55653214,38dfec380a57c6d2ebabe659dcc5155f3b241070,3919b820aede830d34d2d45d6bfa422ce50caae9,3d603dbce2d64401a9f725f518598caac9d9b958,3ec01fd46b78e77f55daee0446d017499872c2db,41cd995b3105088ffe1d26188179d37d222c9a32,45036817acd62120f71d89be265391400fc05d83,4505407baf658a775f12cd84ce5574a524c8b8d5,45946fbc4be6a1b6307274959ca9da50b1d81256,49810ef3d29475d237a442edf01809a897fb5f5f,4a11c32afc39438a5d6b1f62fbe6d00ef49dbea5,4f250a8bf0dd0af28714587c7ba703e458988d7e,50e4d82ce59e067bec0fc5dc99cc44ac66b216a4,53c6f164451c2a09863f8ffb360813b3cdb48c3e,54836be4fac67169d76298b5918c509a2d71024f,57c8bb51aad6175cc98acbac027b8be051f7c602,5839fa104d51845fcfe154dc3d22e6bd50da5692,585dc70890cc8e26145b9b2744c925b6e8a8603f,5ce39888a47e67c1d962c9969f38777c4b95c909,604fee0756217a051c60e96f766ecc587bfed1a2,6217bcabbb88095eedf2a58033832211502c7a18,621ce65a364b5723737d13ca098743f70ccaf5f7,63eeed72adb4e88f3a1b95257e92880596caf500,676199ff5767c260d7212b4953c4955dcfc2a9bb,6c726e8da9abfee0c3e94c0cfe02b943a79d4b03,6cbb5c86883f3be44d0d3c4ceae1a6307c9ef48a,6d4044e44f6dbb91c59d1b28db31c18efa4c6c2a,6eb0f6784a83d1c6c969e629c3dddf3d53614abc,705d8b799745f100be6713d55d7c27495e5effe7,70ed1ef27ee5ac117f8c24ecbca5e828238f11bc,776bd2b3ebebf802af6757ffc4f0c09886caa2b7,7c20859560688351ee92287c18ea71919864a801,7c6677bce03093220ea1f6b7a6775e26447ed07d,7cf4c7a73c89fbfd72c7256175c7109110734fb4,91d110786a657d717743b2f28cc4832be356fe8d,970f0901226f65438b6c22e37fde73e0982b3cf3,982eb279b2970e65848bcc9b110603c366b45a2a,99091fda43148f3bc1107df49c82379be1a25881,995dd370f0702bb5d872b8978256d0ea77ec17da,9ae4aaa4301b193e6ec8946813e3e84ba2a79cd1,9b345ccd57ba5fa3d537db58e734d053c519d276,9d6c1f1624e340c655172d13b51929b34da20d76,9da6fcd7ba52aa0380962d1bf178a28a44b2278f,a415e49de1dd749ecc6276f800c3d21e53d0a60d,a506fb69bf241c636d285f252bd0b3d580a68bb6,a5cdb530ee8e841a4197da283a4208827e9892fe,ae4e0954bde158fed41f0ea5ab2547355553d0bb,ae4e4e594d0b665e60be0eef358c9f38848be14a,b0b5f492dc8e7cc9e94959f5c1b7b6a60ba66503,b5f4ca6222340643738c7e6caade0204732cc738,bea5e76bddb10f56ea673f62fbb2c59a90ef6460,beb72961821ee238c629908cfab6771da4b77ca4,c09c3f3f01d292c839613e0da5a78a7783f46c05,c22f4894d05d67c8ec4604d6ee15ef691dd04fae,c42457db36a80581b0eaaf65c3ab4a59bf2bcbad,c4fa565076355dfe2bd1b60963f016b929b381af,c53704ecee007ef1216a70e29bbc9ba576fb0594,c66f812bd1fc4bfab47bec04b53e8723b980a453,ca2647b4b6281bd731f8c02daa407943510d785f,cb5a5951a28b6234ed8f8028f54708376616d61a,ce6410afe31f200cbc280b17f5aa9af88373d5ad,ceb454079e0bde53c83adaed37d1c17cd847af12,d0863a61e7290757e50b8e61cd53afae603816a0,d30a74728ba8e5e1b40c34aaa225dcee47767688,d5b9b440293608273e9eaa718ae264bc175b4810,d5bb842421e847df2641f7aebabee86873319a5a,d6052a206b3878871e3c433e478ee2d2f8806670,d691c11bceb9ab9939e0b7c7d063096da7f12cc6,d9100190003c72fbfeda09cb379488762d045287,e094a12a668ea350b17d3b7c323619c4e4b18f35,e40f2a3a5783a6df94163000d0baf6165646f636,e629badef8066e908f63adf4e6110ba850428273,ebd592c61826eda4693dd6a95c6cf70de1843868,ed18d4aabfafcb8d1597523a11a74e86f4cfe7f0,edf2840437917c47d03b342e8df8a04689540652,ef635eab8a37e50206d4d3c592a51c432b053a4d,ef7f3b5bbc834b01f9bd44883d1a57e6b8343d44,f159e86f82c77126ccee574a59621165f5e21466,f36d34b4ec6ca27d06ff4c4093415e994d8b45b2,f46bb84c995db56c81cfbce74b2aa2b110a7845f,f57d64098a69ceaed90bc1a54fd9a29f75fae04b,f910a0278aecb932346a892a93e922385fab5a00,f9f5c8bf050d2fc8da8a1e3dc2a40907f0fb654c,fc7325ffbd00295ba4c2d381d2ebe80022855de8,ff8d5a3bb9b25d338ad055080794f64f99049e7f	raw RAM/game-state capture (recorded live origin)
tools/equivalence/regression_snapshots/king_get_player_score_king_t300.json	17e6372a3a177900f8d2a220289c18efca6e3f1c,4b7b739245b0794bad47f3e766d21fc54e982ef7,514a3a294decdf6657332278c4fabcd992f70777,7c20859560688351ee92287c18ea71919864a801,9085313d50cb1b81a0f31850fdf9305c1377b746,d7ab522a8858b46c6dd9ab296d51394f729642b1,f159e86f82c77126ccee574a59621165f5e21466,f73b5d79f4a59b014f431f3e721ccb65237177d8	raw RAM/game-state capture (recorded live origin)
tools/equivalence/regression_snapshots/oddball_engine_update_announce.json	17e6372a3a177900f8d2a220289c18efca6e3f1c,4b7b739245b0794bad47f3e766d21fc54e982ef7,514a3a294decdf6657332278c4fabcd992f70777,7c20859560688351ee92287c18ea71919864a801,9085313d50cb1b81a0f31850fdf9305c1377b746,d7ab522a8858b46c6dd9ab296d51394f729642b1,f159e86f82c77126ccee574a59621165f5e21466,f73b5d79f4a59b014f431f3e721ccb65237177d8	raw RAM/game-state capture (recorded live origin)
tools/equivalence/regression_snapshots/oddball_engine_update_announce_noteams.json	17e6372a3a177900f8d2a220289c18efca6e3f1c,4b7b739245b0794bad47f3e766d21fc54e982ef7,514a3a294decdf6657332278c4fabcd992f70777,7c20859560688351ee92287c18ea71919864a801,9085313d50cb1b81a0f31850fdf9305c1377b746,d7ab522a8858b46c6dd9ab296d51394f729642b1,f159e86f82c77126ccee574a59621165f5e21466,f73b5d79f4a59b014f431f3e721ccb65237177d8	raw RAM/game-state capture (recorded live origin)
tools/equivalence/regression_snapshots/oddball_engine_update_countdown.json	17e6372a3a177900f8d2a220289c18efca6e3f1c,4b7b739245b0794bad47f3e766d21fc54e982ef7,514a3a294decdf6657332278c4fabcd992f70777,7c20859560688351ee92287c18ea71919864a801,9085313d50cb1b81a0f31850fdf9305c1377b746,d7ab522a8858b46c6dd9ab296d51394f729642b1,f159e86f82c77126ccee574a59621165f5e21466,f73b5d79f4a59b014f431f3e721ccb65237177d8	raw RAM/game-state capture (recorded live origin)
tools/equivalence/regression_snapshots/oddball_engine_update_spawn.json	17e6372a3a177900f8d2a220289c18efca6e3f1c,4b7b739245b0794bad47f3e766d21fc54e982ef7,514a3a294decdf6657332278c4fabcd992f70777,7c20859560688351ee92287c18ea71919864a801,9085313d50cb1b81a0f31850fdf9305c1377b746,d7ab522a8858b46c6dd9ab296d51394f729642b1,f159e86f82c77126ccee574a59621165f5e21466,f73b5d79f4a59b014f431f3e721ccb65237177d8	raw RAM/game-state capture (recorded live origin)
tools/equivalence/regression_snapshots/oddball_get_player_score_oddball_t1200.json	17e6372a3a177900f8d2a220289c18efca6e3f1c,4b7b739245b0794bad47f3e766d21fc54e982ef7,514a3a294decdf6657332278c4fabcd992f70777,7c20859560688351ee92287c18ea71919864a801,9085313d50cb1b81a0f31850fdf9305c1377b746,d7ab522a8858b46c6dd9ab296d51394f729642b1,f159e86f82c77126ccee574a59621165f5e21466,f73b5d79f4a59b014f431f3e721ccb65237177d8	raw RAM/game-state capture (recorded live origin)
tools/equivalence/regression_snapshots/player_count.json	01388ecfee49af904ed3e3d7a960ebe7624d98a0,01624b463756764d0545665f0f3cbef767c731c2,027c1a597ec77edfb084939f800267be5326344e,102061c9c6b0a801eabff89170f8238657d978d5,15743c6a4d47a060180251a747a8c80fc819912b,183b8ac12dcfb1630258abf1fd39d3825e5a1c2e,1cf01624a40c5d507bf16c5806feb6c2f195f3b6,25d3a66f62f94d27e1b84526a1b704cec2640693,298360be5ecb4c71e25d8ea243889564cab398d7,299f6ee927b9d9a6f1a690fdf992bf2798cdbb27,2cb2707fa5334a54ae9a8f27bde862bace8ffc64,2d978c989dea7217444bf43e25b668459de63eb5,303edf6ba50abce5775344d05b8ef4635ff6fe85,31377c99fe90471f0bbabc1a0cd74aabfddff724,34108a0da55e692cd08f6dfe31ee51bd55653214,38dfec380a57c6d2ebabe659dcc5155f3b241070,3919b820aede830d34d2d45d6bfa422ce50caae9,3d603dbce2d64401a9f725f518598caac9d9b958,3ec01fd46b78e77f55daee0446d017499872c2db,41cd995b3105088ffe1d26188179d37d222c9a32,45036817acd62120f71d89be265391400fc05d83,4505407baf658a775f12cd84ce5574a524c8b8d5,45946fbc4be6a1b6307274959ca9da50b1d81256,49810ef3d29475d237a442edf01809a897fb5f5f,4a11c32afc39438a5d6b1f62fbe6d00ef49dbea5,4f250a8bf0dd0af28714587c7ba703e458988d7e,50e4d82ce59e067bec0fc5dc99cc44ac66b216a4,53c6f164451c2a09863f8ffb360813b3cdb48c3e,54836be4fac67169d76298b5918c509a2d71024f,57c8bb51aad6175cc98acbac027b8be051f7c602,5839fa104d51845fcfe154dc3d22e6bd50da5692,585dc70890cc8e26145b9b2744c925b6e8a8603f,5ce39888a47e67c1d962c9969f38777c4b95c909,604fee0756217a051c60e96f766ecc587bfed1a2,6217bcabbb88095eedf2a58033832211502c7a18,621ce65a364b5723737d13ca098743f70ccaf5f7,63eeed72adb4e88f3a1b95257e92880596caf500,676199ff5767c260d7212b4953c4955dcfc2a9bb,6c726e8da9abfee0c3e94c0cfe02b943a79d4b03,6cbb5c86883f3be44d0d3c4ceae1a6307c9ef48a,6d4044e44f6dbb91c59d1b28db31c18efa4c6c2a,6eb0f6784a83d1c6c969e629c3dddf3d53614abc,705d8b799745f100be6713d55d7c27495e5effe7,70ed1ef27ee5ac117f8c24ecbca5e828238f11bc,776bd2b3ebebf802af6757ffc4f0c09886caa2b7,7c20859560688351ee92287c18ea71919864a801,7c6677bce03093220ea1f6b7a6775e26447ed07d,7cf4c7a73c89fbfd72c7256175c7109110734fb4,91d110786a657d717743b2f28cc4832be356fe8d,970f0901226f65438b6c22e37fde73e0982b3cf3,982eb279b2970e65848bcc9b110603c366b45a2a,99091fda43148f3bc1107df49c82379be1a25881,995dd370f0702bb5d872b8978256d0ea77ec17da,9ae4aaa4301b193e6ec8946813e3e84ba2a79cd1,9b345ccd57ba5fa3d537db58e734d053c519d276,9d6c1f1624e340c655172d13b51929b34da20d76,9da6fcd7ba52aa0380962d1bf178a28a44b2278f,a415e49de1dd749ecc6276f800c3d21e53d0a60d,a506fb69bf241c636d285f252bd0b3d580a68bb6,a5cdb530ee8e841a4197da283a4208827e9892fe,ae4e0954bde158fed41f0ea5ab2547355553d0bb,ae4e4e594d0b665e60be0eef358c9f38848be14a,b0b5f492dc8e7cc9e94959f5c1b7b6a60ba66503,b5f4ca6222340643738c7e6caade0204732cc738,bea5e76bddb10f56ea673f62fbb2c59a90ef6460,beb72961821ee238c629908cfab6771da4b77ca4,c09c3f3f01d292c839613e0da5a78a7783f46c05,c22f4894d05d67c8ec4604d6ee15ef691dd04fae,c42457db36a80581b0eaaf65c3ab4a59bf2bcbad,c4fa565076355dfe2bd1b60963f016b929b381af,c53704ecee007ef1216a70e29bbc9ba576fb0594,c66f812bd1fc4bfab47bec04b53e8723b980a453,ca2647b4b6281bd731f8c02daa407943510d785f,cb5a5951a28b6234ed8f8028f54708376616d61a,ce6410afe31f200cbc280b17f5aa9af88373d5ad,ceb454079e0bde53c83adaed37d1c17cd847af12,d0863a61e7290757e50b8e61cd53afae603816a0,d30a74728ba8e5e1b40c34aaa225dcee47767688,d5b9b440293608273e9eaa718ae264bc175b4810,d5bb842421e847df2641f7aebabee86873319a5a,d6052a206b3878871e3c433e478ee2d2f8806670,d691c11bceb9ab9939e0b7c7d063096da7f12cc6,d9100190003c72fbfeda09cb379488762d045287,e094a12a668ea350b17d3b7c323619c4e4b18f35,e40f2a3a5783a6df94163000d0baf6165646f636,e629badef8066e908f63adf4e6110ba850428273,ebd592c61826eda4693dd6a95c6cf70de1843868,ed18d4aabfafcb8d1597523a11a74e86f4cfe7f0,edf2840437917c47d03b342e8df8a04689540652,ef635eab8a37e50206d4d3c592a51c432b053a4d,ef7f3b5bbc834b01f9bd44883d1a57e6b8343d44,f159e86f82c77126ccee574a59621165f5e21466,f36d34b4ec6ca27d06ff4c4093415e994d8b45b2,f46bb84c995db56c81cfbce74b2aa2b110a7845f,f57d64098a69ceaed90bc1a54fd9a29f75fae04b,f910a0278aecb932346a892a93e922385fab5a00,f9f5c8bf050d2fc8da8a1e3dc2a40907f0fb654c,fc7325ffbd00295ba4c2d381d2ebe80022855de8,ff8d5a3bb9b25d338ad055080794f64f99049e7f	raw RAM/game-state capture (recorded live origin)
tools/equivalence/regression_snapshots/race_get_player_score_race_t300.json	17e6372a3a177900f8d2a220289c18efca6e3f1c,4b7b739245b0794bad47f3e766d21fc54e982ef7,514a3a294decdf6657332278c4fabcd992f70777,7c20859560688351ee92287c18ea71919864a801,9085313d50cb1b81a0f31850fdf9305c1377b746,d7ab522a8858b46c6dd9ab296d51394f729642b1,f159e86f82c77126ccee574a59621165f5e21466,f73b5d79f4a59b014f431f3e721ccb65237177d8	raw RAM/game-state capture (recorded live origin)
