repository	ref	tip	status	purge_path_count
local	refs/codex/turn-diffs/captures/1790517385754/b35b15ea-a664-4b48-86c6-f6aa98caa1cc/base	6f6f6fb5875163c03a06633d8f6eb2b9dc5b8d43	TREE_SNAPSHOT_CHECKED	3
local	refs/codex/turn-diffs/captures/1790519090549/53bfa130-274d-4ace-ab5e-ad8b6cad9443/base	3bed1debceccf543bd4e882842a2fb6ce3ff02c8	TREE_SNAPSHOT_CHECKED	3
local	refs/codex/turn-diffs/checkpoints/01422dc8647ecc19654dfa9df104e50b/91786b9256c911532fca61b7cf946452/1790070158230/fa1622fa-48c2-4466-83bc-033dcf5d21c3	ced40d669d7b15d99b8988c8ceac924684163b00	TREE_SNAPSHOT_CHECKED	3
local	refs/codex/turn-diffs/checkpoints/0da110634a5971461bdb82684e22775c/3f6b301598123896d8b6083287a9b8a8/1790022225832/aa4810b0-9c3e-41f9-a9d5-f910e11143e7	507c81b9125755ac405292f68c1b12e5fdbfd3f4	TREE_SNAPSHOT_CHECKED	3
local	refs/codex/turn-diffs/checkpoints/4734bad782a56c4e04d262d42a80d538/8dfc8ffefe89e8342248246ac512ab43/1790164409628/904cb6f4-2559-4db3-aac0-b324fd04b518	e0bf63f535ea466a343ba6376a06d72736de6df8	TREE_SNAPSHOT_CHECKED	3
local	refs/codex/turn-diffs/checkpoints/4e671dd56fc1d46ebfed525d2a7877ea/6732411ae5bdef919647186d8bb0c0d7/1790072470733/a800d0c3-901e-4325-9ce6-39edf0ab8dec	24d68bd4a75ce52c2dc8e28f19bec95ca8b732de	TREE_SNAPSHOT_CHECKED	3
local	refs/codex/turn-diffs/checkpoints/5886082cbaede73be137dab9947b965a/29be9e6b6b35f395278e3d4041c02028/1790164160686/ceb7ff72-b96b-41a3-b4f8-5aa44292c20d	c74c527339718b4c47daa11066f1f08a63d04009	TREE_SNAPSHOT_CHECKED	3
local	refs/codex/turn-diffs/checkpoints/5d4324f9c5a60994ece7909098786f79/55fe3808f6ab73ddf8dd352b402b77bc/1790085855106/bc243eda-a733-48b6-b1f4-bce7e6bb17d2	0784e821c97f130576f492bf47600a40b81896b5	TREE_SNAPSHOT_CHECKED	3
local	refs/codex/turn-diffs/checkpoints/72a2ba0db16c93c1299764e10cdd7cff/a802df88e1fbd3ae799860c15a2bbbcc/1790071343830/3c8afffa-e423-4517-be5c-66af1ab8e9b9	95f4f1c8a2dcff904506192a204f90794533e309	TREE_SNAPSHOT_CHECKED	3
local	refs/codex/turn-diffs/checkpoints/7a29185ed5a41505391816d10e4055f3/3ebb02eaa565907a58ea85c35d59bd5f/1790109539547/a6a2e089-cbcf-4e6c-97ff-1869318d3fa6	5b954b2b33759d539aedf73260ba4668e5d97b5f	TREE_SNAPSHOT_CHECKED	3
local	refs/codex/turn-diffs/checkpoints/a467d34dc774a25b4d651d1b7552288f/714df583410e5b88d2569686316b1c29/1790517273026/a40ab195-2f3b-42ff-8665-c94fdd35078c	d84bca55f7e81fbd6a8f86afd4db5419f7c262d2	TREE_SNAPSHOT_CHECKED	3
local	refs/codex/turn-diffs/checkpoints/b2c144634f4a298617fb3481b08dd597/261bc7d3172bf02af8da3641f3c1331a/1790070209352/bd894ecb-5929-40e0-9ca4-a4bacca909ba	ced40d669d7b15d99b8988c8ceac924684163b00	TREE_SNAPSHOT_CHECKED	3
local	refs/codex/turn-diffs/checkpoints/d2efd9fc88a5e0ed6fb3566634049683/2eabfd1dddbfe65e06bc1ef0dfcd5a64/1790188814747/16216180-9f1c-4a1a-9c66-15c3c6aa77b4	bb08fecc3d3a66d22870ac9996de5271ddcb74fa	TREE_SNAPSHOT_CHECKED	3
local	refs/codex/turn-diffs/checkpoints/d51e615cc1d824269fdad2622c3f4729/e86b850f109c7924cfa92bc08e28a6d1/1790062676319/7194be04-7de6-4690-845b-de67aa22e9eb	ee9af7de72588c9053265f352e61fe0541c59dbc	TREE_SNAPSHOT_CHECKED	3
local	refs/codex/turn-diffs/checkpoints/d585ead652b8b41169c709b2ea68dbaa/91575fc66ef09857f02834ee042fcd98/1790209063220/99568ecb-d436-4089-863b-7804f7e45083	6c750a99f506fb86948b42b348a9b24a02c701ec	TREE_SNAPSHOT_CHECKED	3
local	refs/codex/turn-diffs/checkpoints/e0a6359afbda0a522d45ed1a3cd817f7/501695ad414eaeafb831c3121717d2bd/1790106726414/4104aa74-b31f-4c4b-aea3-74e59adb1001	3981ec927383e9c612d0ce90a737e09025bed7b9	TREE_SNAPSHOT_CHECKED	3
local	refs/heads/20260809	0e5bf5cbf9f200079de3c4758aab14a472a9c528	CHECKED	4
local	refs/heads/__main_ref_check__	2d8b54213287e6f15f39c5764360630a66640d12	CHECKED	12
local	refs/heads/_rewritten_main	aa35d997c6df2b17192ae1af00189f823db5acd8	CHECKED	4
local	refs/heads/activate-pop-widget	a4b88a6424c2a745ed0ff09344a72c7348682397	CHECKED	12
local	refs/heads/actor-looking-score-20260809	cb0ab6c34ddf0906d13c787a7b0413b3e34e6e82	CHECKED	4
local	refs/heads/archive/worktrees-20261002/base-tree-03a63a2d	a45c902c360da4b1e65783ead363b6b468227455	CHECKED	20
local	refs/heads/archive/worktrees-20261002/base-tree-47998c1e	b1c1bc548e44f5785c2a264de0e68b4ec0ddd0ab	CHECKED	20
local	refs/heads/archive/worktrees-20261002/candidate-tree-70a730b1	cede822808f49e2f81d48fbb63c24e5a9cfb6ebe	CHECKED	20
local	refs/heads/archive/worktrees-20261002/candidate-tree-b4b7704d	12ea8bec4e1244e0bb2f6a70cbe0e0fa3efb537f	CHECKED	20
local	refs/heads/archive/worktrees-20261002/fabs-base-b0d82205	517a4cc3f0a7f6f98c2e8ddf6b6203a050c6c299	CHECKED	12
local	refs/heads/archive/worktrees-20261002/fabs-main-e0c7ef91	9511f65709794533f4d28751bd5f467cc4c0e88d	CHECKED	12
local	refs/heads/archive/worktrees-20261002/halo-baseline.cEwssg-f5976739	3d3fc3e5950dce45aa106521ceb374c32ebf468c	CHECKED	12
local	refs/heads/archive/worktrees-20261002/halo-vc71-baseline.A2bXK9-27a85794	3d3fc3e5950dce45aa106521ceb374c32ebf468c	CHECKED	12
local	refs/heads/archive/worktrees-20261002/halo-wt-glowtest-f502e81e	a369a62c16feaa3bb343da956f1360f2dbaa8efc	CHECKED	20
local	refs/heads/archive/worktrees-20261002/pr14-head-bd0618f2	b8a6820a5788aeb3d9b7d34cbb95a95389b22f49	CHECKED	12
local	refs/heads/audit/stash10-motion	942fa625294f8060b9885b76c41dcc1c298cba87	CHECKED	12
local	refs/heads/audit/stash20-reactivate	df495ee4ab6aa7d74115acad9eb7b80c64cb5bd3	CHECKED	12
local	refs/heads/auto-pipeline	cb0ab6c34ddf0906d13c787a7b0413b3e34e6e82	CHECKED	4
local	refs/heads/backup/activate-pop-widget-pre-reintegrate	d4edd1e5463b655cce582bdaf00695d5839c2fa2	CHECKED	12
local	refs/heads/backup/batch-1.3-ai-perception-recovery-pre-reintegrate	564f4b255cf19b4570e0458f86805ae18928adf9	CHECKED	12
local	refs/heads/backup/batch-1.3-ai-perception-recovery-pre-rerebase-20260921	54aac179f0089f5da96ac417e3fdb2e262d4b178	CHECKED	12
local	refs/heads/backup/batch-1.3-ai-perception-recovery-pre-rerebase3-130507	076a9504e98da1245ed31a635c76b6ed200515fd	CHECKED	12
local	refs/heads/backup/batch-1.3-ai-perception-recovery-pre-rerebase4-132340	851eaa594bbf8d1ff3a4303c1e12da62c35d5819	CHECKED	12
local	refs/heads/backup/batch-1.3-ai-perception-recovery-pre-rerebase5-133502	3c4c8ab51003753eb861af09cad4c449f4791b99	CHECKED	12
local	refs/heads/backup/batch-1.3-pre-rerebase2-114923	24abfc4827a126fd26c3a86ae76cde727efba6cd	CHECKED	12
local	refs/heads/backup/campaign-pre-reintegrate	699ba867297ba05ddf1961a849b409296093812b	CHECKED	20
local	refs/heads/backup/campaign-pre-reintegrate-r2	c75b0a23da02452d7b6e13f7f7ff75a746df3c75	CHECKED	20
local	refs/heads/backup/campaign-rasterizer_xbox_lights-pre-final-rebase	5203045a63c1bb31c19acacc73b8bdf60b73d51d	CHECKED	12
local	refs/heads/backup/campaign-rasterizer_xbox_lights-pre-land	f050195df2b27ca0b2650b44928136ebada4e77f	CHECKED	5
local	refs/heads/backup/campaign_09-17-26-pre-reintegrate	07b759dae91f8d2a9f8f56a7a0297210e567fbfd	CHECKED	12
local	refs/heads/backup/campaign_09-18-26-pre-reintegrate-2	dbc94eef49a3ea62352302b986b2b5a7b7253034	CHECKED	12
local	refs/heads/backup/campaign_09-18-26-pre-reintegrate-20260921	ee837fe3788fbf1e62ed2ed46bbed5393eb1e8fe	CHECKED	12
local	refs/heads/backup/campaign_09-21-26-pre-reintegrate	dfcb32f828361c53710476bc0d50fe22e19bc456	CHECKED	12
local	refs/heads/backup/campaign_09-22-26-pre-reintegrate	d72b860fec43348542b8961f07ab43c4b466fee2	CHECKED	12
local	refs/heads/backup/campaign_09-23-26-gated-d1f809b83	50e828f77fb2b25cc4e65af95e28664a6d58ab1d	CHECKED	12
local	refs/heads/backup/campaign_09-23-26-pre-reintegrate	188b6e42d324b266f5b6177d02ac2c704b8d7fe0	CHECKED	12
local	refs/heads/backup/campaign_09-23-26-pre-reintegrate-20260924	d42d705c23b67e89cb442d8d0504cb857f2b0bc5	CHECKED	12
local	refs/heads/backup/campaign_09-23-26-pre-reintegrate-20260924-r2	40085d28f77f284c9db9afb7d0f87d64a1f3ed02	CHECKED	12
local	refs/heads/backup/campaign_09-23-26-rebased1	8be2288baf9dfdacf440699a8185c02cda25ba2f	CHECKED	12
local	refs/heads/backup/campaign_09-24-26-pre-reintegrate	a50babba72e3eae4b881ba3eca92c8c55f4e33f8	CHECKED	12
local	refs/heads/backup/campaign_09-26-2026-pre-reintegrate	5c5c85aaa3825ecbd652cbfc7313f12d7d5fa955	CHECKED	12
local	refs/heads/backup/campaign_09-26-2026-pre-reintegrate-2	3eb7e610d655395093efe3e1d96a25496554a436	CHECKED	12
local	refs/heads/backup/campaign_09-26-2026-pre-reintegrate-20260927	1d8f8e97a7d9a68f0f118b472731bd69292324bc	CHECKED	12
local	refs/heads/backup/campaign_09-27-2026-pre-reintegrate	98ba1c8616383a47f8e0495aa9390ef2249af3a2	CHECKED	12
local	refs/heads/backup/campaign_09-27-2026-pre-reintegrate-20260928	164ae242a684777a23f4364b89f2038ec57d9671	CHECKED	12
local	refs/heads/backup/campaign_09-27-2026-pre-reintegrate-573e5f6ca	573e5f6cac07521bc2fc04be367a826e004daaac	CHECKED	12
local	refs/heads/backup/campaign_09-27-2026-pre-reintegrate2	4ad84c39d2e4ddbd5ba658a890af1e02aea07848	CHECKED	12
local	refs/heads/backup/campaign_09-27-2026-pre-transplant	1ff095e5a34d6286b55d8d1422058ce4a609e691	CHECKED	12
local	refs/heads/backup/campaign_09-29-2026-pre-reintegrate	855c10465577b1fb15a97c0f67941fcb46040a79	CHECKED	12
local	refs/heads/backup/campaign_26-11-26-pre-reintegrate	0eb88007b9cb3cb932785eabeb94af1483f05301	CHECKED	12
local	refs/heads/backup/campaign_26-11-26-pre-reintegrate-20260915	2c69e3a87db3e2690fc0023cf28cb5502321023b	CHECKED	12
local	refs/heads/backup/campaign_26-11-26-pre-reintegrate-v2	a17d6ce1ccda73cee03645d4207e891023290f09	CHECKED	12
local	refs/heads/backup/codex-byte-accuracy-audit-1-pre-squash	5ff05de64a77be1c1005ceb157e251c1cf914247	CHECKED	4
local	refs/heads/backup/codex-worktree-main-20260913-pre-reintegrate-20260915	7f6dbc5bc03f58748367399be0c17525940cf007	CHECKED	4
local	refs/heads/backup/equiv-gametype-snapshots-pre-reintegrate	514a3a294decdf6657332278c4fabcd992f70777	CHECKED	20
local	refs/heads/backup/fix-parameter-return-abi-pre-reintegrate	3d3fc3e5950dce45aa106521ceb374c32ebf468c	CHECKED	12
local	refs/heads/backup/land-nxdk-pre-rebase	4a80a9e49f9ad78bffb39ed3aee2410be35d698c	CHECKED	12
local	refs/heads/backup/land-nxdk-pre-rebase2	bf16985036e922678684734f1666998dc00f0a22	CHECKED	12
local	refs/heads/backup/main-pre-byte-accuracy-history-rewrite-20260915	7a3d339657733f6759ba0fce1138e40b99913b5e	CHECKED	4
local	refs/heads/backup/main-pre-byte-accuracy-reintegrate-20260915	11768b950a036f79353590ac3329b5daa3791350	CHECKED	4
local	refs/heads/backup/main-pre-reintegrate	85dc4a0e6cbc392986a806737cfa62f0510f3dff	CHECKED	12
local	refs/heads/backup/main-pre-reintegrate-20260915	bfe81f5ff2589fbe4aced779572d27fb1ebf9d68	CHECKED	4
local	refs/heads/backup/nxdk_research-pre-rebase-20260928	70a9be428d5a7eacf3942095147a5bc6c106ff82	CHECKED	12
local	refs/heads/backup/pr-10-fixes-cleaned-pre-rebase-20260920	534cc160287bd8a1b859fdbdc7ac1b427b912081	CHECKED	12
local	refs/heads/backup/pr-10-fixes-pre-cleanup-20260920	e8299da6800a27cf6fa00be356c66ea5fc702ce8	CHECKED	12
local	refs/heads/backup/pr-10-fixes-pre-rebase-20260920b	54f2394c01fb2681812b3b7efc7be90b2e0d87a4	CHECKED	12
local	refs/heads/backup/pr-10-fixes-pre-squash-20260920	54f2394c01fb2681812b3b7efc7be90b2e0d87a4	CHECKED	12
local	refs/heads/backup/pr-10-premerge	801a3125d11147c271b0a933bfa72f44eee8305a	CHECKED	12
local	refs/heads/backup/pr11-review-pre-reintegrate	8d9a555429abfe2b222b410236f963464e3697b4	CHECKED	12
local	refs/heads/backup/pr11-review-pre-reintegrate-20260920	efcf518c07ea64ca7189dcbdca775d0cfa0c2621	CHECKED	12
local	refs/heads/backup/pr29-orig	0e1ed46b6b896731e825b8e359b07aa5c5f318a5	CHECKED	12
local	refs/heads/backup/pre-park-metadata-20260915	03266ce15380aaa2a484d21ab855eb38541a8508	CHECKED	12
local	refs/heads/backup/pre-split-c604cc1	defcd592a34d5706702fb7cc7fa64f5405cb5509	CHECKED	12
local	refs/heads/backup/pre-system-link-split	44de9df28558ff2ad8b9a659525913d464c2588e	CHECKED	12
local	refs/heads/backup/reint-pre-drop	5da58de67b334ffb0ea61a5620d54a519c22ba33	CHECKED	20
local	refs/heads/backup/rename-pal-dynamic-buffers-normalize2d-pre-reintegrate	f0072f00097163e142fec50e782fc2b9a7d4ac5c	CHECKED	12
local	refs/heads/backup/restore-complete-tus-pre-reintegrate	734bbf8273bdc62c0a38dba25512f473ee0ec003	CHECKED	12
local	refs/heads/backup/reword-20260915	9874f19afd807b00148c37fc30e5b728003987bf	CHECKED	4
local	refs/heads/backup/score-campaign-2026-09-13-pre-reintegrate	d801d96e077e030640b0599bb2a093f625ad03f7	CHECKED	12
local	refs/heads/backup/session_lol-pre-reintegrate-20260902	c0704eff191ed364bc4dfa4c81b4915947d238e5	CHECKED	4
local	refs/heads/batch-1.3-ai-perception-recovery	564f4b255cf19b4570e0458f86805ae18928adf9	CHECKED	12
local	refs/heads/bounds-refresh-20260920	d050439448ab5467658a8226979fbcae84ddba5a	CHECKED	12
local	refs/heads/byte-campaign	a7a56d32bbc5313fd906b1d42e7b69a06a6c534c	CHECKED	20
local	refs/heads/camera-game-evaluators	ef1378f7c8368c4b85351bab115f4e81831b7c70	CHECKED	12
local	refs/heads/campaign	c75b0a23da02452d7b6e13f7f7ff75a746df3c75	CHECKED	20
local	refs/heads/campaign-rasterizer_xbox_lights	e015545ef70b16296a7a1b38a7c9e80e7e2b110f	CHECKED	12
local	refs/heads/campaign_09-17-26	f4fc599ae4efa47e4cf0b993cf197f2ebd11741f	CHECKED	12
local	refs/heads/campaign_09-18-26	ee837fe3788fbf1e62ed2ed46bbed5393eb1e8fe	CHECKED	12
local	refs/heads/campaign_09-21-26	dfcb32f828361c53710476bc0d50fe22e19bc456	CHECKED	12
local	refs/heads/campaign_09-22-26	d72b860fec43348542b8961f07ab43c4b466fee2	CHECKED	12
local	refs/heads/campaign_09-23-26	4b9c54a21c2d0383a51f2a7c09a100c506675003	CHECKED	12
local	refs/heads/campaign_09-24-26	a50babba72e3eae4b881ba3eca92c8c55f4e33f8	CHECKED	12
local	refs/heads/campaign_09-26-2026	bf4ed85c5d64d4ea024588d402ef73811498aab7	CHECKED	12
local	refs/heads/campaign_09-27-2026	0a8e0fb4e76ae40ace5e6de0921311111fc056dd	CHECKED	12
local	refs/heads/campaign_09-28-2026	3e3d62d31a8b1418e102c9e032f1d7a7d600d2d0	CHECKED	12
local	refs/heads/campaign_09-29-2026	0b01e9f4e24d5fbde86600cc42303ef0e45f28b2	CHECKED	12
local	refs/heads/campaign_09-30-2026	91dff95baed7c633e1a8ef5af4a942fc54bb771b	CHECKED	12
local	refs/heads/campaign_10-01-2026	3f78cff55bf8161f2bddb5a357521519b9e4917e	CHECKED	20
local	refs/heads/campaign_10-02-2026	2e9e56c57644a922633047e1720ca53546a52253	CHECKED	20
local	refs/heads/cea-pdb-batch-3	1d27136a09de991bd8e47cdd5c97965d1f17cf21	CHECKED	4
local	refs/heads/clean	e015545ef70b16296a7a1b38a7c9e80e7e2b110f	CHECKED	12
local	refs/heads/cleanup/cea-local-paths	14408e14eb598a84ea1f6e221217dd0ad8ac6d87	CHECKED	4
local	refs/heads/cleanup/history-tidy-20260915	e4110af3c257876bf6cdaf3bf543efdffd7af192	CHECKED	12
local	refs/heads/cleanup/tidy-snapshot-20260915	03266ce15380aaa2a484d21ab855eb38541a8508	CHECKED	12
local	refs/heads/codex/byte-accuracy-audit-1	5ff05de64a77be1c1005ceb157e251c1cf914247	CHECKED	4
local	refs/heads/codex/byte-accuracy-audit-squashed	7a3d339657733f6759ba0fce1138e40b99913b5e	CHECKED	4
local	refs/heads/codex/clean-byte-accuracy-history	a0af49b5323dc6b80e50255f3965ffa07dec79c1	CHECKED	4
local	refs/heads/codex/pr29-fixes	48fec924e48bee07bcd826019e1fd7b0f22d4a14	CHECKED	12
local	refs/heads/codex/rng-animation-accuracy	efab7f3a0cc54d7e3680e472de3c7bbf3c39d397	CHECKED	4
local	refs/heads/codex/rng-model-accuracy	efab7f3a0cc54d7e3680e472de3c7bbf3c39d397	CHECKED	4
local	refs/heads/codex/worktree-main-20260913	6412a00f2ae12d54d6cc351e00d51cd3cf2a1d25	CHECKED	4
local	refs/heads/equiv-autofix/FUN_0005dc00	c6c6a42f6bdd7e68c45f80e586cb865233d626ea	CHECKED	12
local	refs/heads/equiv-gametype-snapshots	d7ab522a8858b46c6dd9ab296d51394f729642b1	CHECKED	20
local	refs/heads/fix/parameter-return-abi	3d3fc3e5950dce45aa106521ceb374c32ebf468c	CHECKED	12
local	refs/heads/fix/pr16-stdcall-baseline	8319b3833bdb6ea32fd9e341bc2374864c30287c	CHECKED	12
local	refs/heads/harness-cdecl-cleanup	0a46ede3fc0dd9404a14b1415b6d23fd2aa016ca	CHECKED	4
local	refs/heads/history-cleanup-rehearsal	eace1591b4757a5a492238b301db2011e7e7720e	CHECKED	4
local	refs/heads/history-cleanup-rehearsal-v2	27afec573f490e0f2a43735da2043c01f542963a	CHECKED	4
local	refs/heads/history-cleanup-rehearsal-v3	6c32bea82ef869e42236c786633267fb53f4f1a8	CHECKED	4
local	refs/heads/integrate-bipeds	aa35d997c6df2b17192ae1af00189f823db5acd8	CHECKED	4
local	refs/heads/integrate/halo-bugs	6fbdd7ada737ed4359c0c26af74f483ee7c2a2f7	CHECKED	4
local	refs/heads/integrate/main-into-nxdk_research	ea494d000b1262d1b1907db4bb38f67d43619b34	CHECKED	12
local	refs/heads/integrate/score-campaign-2026-09-13	397374686d3c6404a0e3d8385c7f46a0b00e753a	CHECKED	4
local	refs/heads/land/nxdk-research-unique	10a31afdd79d46f8cd77f50d3a92780bdc3c5aa4	CHECKED	12
local	refs/heads/lift-session-20260805	5a1c0b8d3a536d5f3df8af614b92bb45ac04d5d2	CHECKED	4
local	refs/heads/lift-session-20260807	f513c9b540634a4932926b2c3b28a07026fb5e42	CHECKED	4
local	refs/heads/lift-session-20260814	44342d0c25774d139e34f1a335da928b056229f7	CHECKED	12
local	refs/heads/lift-session-20260825	08c436838623bc4d0d9e2684ad424e33aa66f58f	CHECKED	4
local	refs/heads/lift_msg_handler	4d86e8d772a715d78e03f57d53b31a9357565cf5	CHECKED	4
local	refs/heads/lift_session_10_08	0920d1140b37b0bd7fbac0092677b673a876eb77	CHECKED	4
local	refs/heads/lift_session_23_08	1b7214cc96a3671a7ddf46d8dfcf88080a22bd22	CHECKED	4
local	refs/heads/main	79c2364e3827a490155606b9666d7cb2f7f0272a	CHECKED	20
local	refs/heads/main-check	9fa538837edbd4d268f385f9df7034e0f426fbc1	CHECKED	4
local	refs/heads/main-latest	6522f72b4e2cd01843ae13cffebb4fb888f00e90	CHECKED	12
local	refs/heads/main-sync	9fe3c0cbb66ed3f3caf1b345aac852016df04252	CHECKED	4
local	refs/heads/mv	47dad785e4e62dbba03c4e35a391b54293d00dd1	CHECKED	12
local	refs/heads/nxdk-halo-lifts	f97cb6cf7889f34e1adbe3788088b802ff9d58f8	CHECKED	12
local	refs/heads/nxdk-research-rebased-backup-20260927	577bdc3bd702dd777040ba04fd5925227bbbf83e	CHECKED	12
local	refs/heads/nxdk_research	4ecaf7c2ef1a69e42d4ebab8c148fb06e27b416d	CHECKED	12
local	refs/heads/opencode-main	7795e81e6bf208561ab4dc5aecf630f2b321d9ee	CHECKED	4
local	refs/heads/pal-dynavobgeom-recovery	9e134f4fcd0701c62b031259c42de1a2b86a75be	CHECKED	12
local	refs/heads/pal-dynavobgeom-recovery-v2	0fc50723d261c2af8af93aae5bf56b60cfb5677f	CHECKED	12
local	refs/heads/permuter_campaign	b1ad40181b0c7cc9100b384691f487407c79d02b	CHECKED	12
local	refs/heads/pr-10	effd4be6e7f726072d294c9f9c5aada01ef1c2f9	CHECKED	12
local	refs/heads/pr-10-fixes	a8fb5209e84a8ea275fc2a7dff12dddea511e9c3	CHECKED	12
local	refs/heads/pr-10-fixes-cleaned	534cc160287bd8a1b859fdbdc7ac1b427b912081	CHECKED	12
local	refs/heads/pr-batch4-revised	ef2e23498b03cb938e93cbd6518bb86ed88ad631	CHECKED	12
local	refs/heads/pr11	1a9f068dac59494760a49b3319689029443ea198	CHECKED	12
local	refs/heads/pr11-review	3708d0b6b63eac36b21575d311068c64ca5a573a	CHECKED	12
local	refs/heads/pr12	8008eebc387376d60e0098011e11bf94dee9c563	CHECKED	12
local	refs/heads/pr12-review	d83c75fb347597139d5cf49baab8b508eb6ae954	CHECKED	12
local	refs/heads/pr12-squash-tmp	aa660358d6f55a38176610e1a0d1cb0e156a1c7e	CHECKED	12
local	refs/heads/pr13	61ecbbc7cbe7d79158aeb2681e06b72f7bf981a0	CHECKED	12
local	refs/heads/pr13-review	f4b3df081c130f852e652376015b9384fc2cf80d	CHECKED	12
local	refs/heads/pr13-squash	ab0f64650a6bef001b206cf8500a28499b3ec9b1	CHECKED	12
local	refs/heads/pr14	b8a6820a5788aeb3d9b7d34cbb95a95389b22f49	CHECKED	12
local	refs/heads/pr14-review	066d45137f3650467de5e528dd9fcf61ad328d16	CHECKED	12
local	refs/heads/pr15	3344193cd85d3a683e6c5d3152ccc1de420eed96	CHECKED	12
local	refs/heads/pr16	738935a295eab5f27d0e5fde0cb04df34e01e793	CHECKED	12
local	refs/heads/pr17	a91c64407fce898bda8d3ff82af63d293128911b	CHECKED	12
local	refs/heads/pr18	6da1fc0d2a93fc4d0ab9f211cb9b84310699ea62	CHECKED	12
local	refs/heads/pr19	c633dd7b58c410c47431b6627356e5ecc0a81b8c	CHECKED	12
local	refs/heads/pr20	1417ede1143a15a10bd1fd4c7ff46f73b8911b05	CHECKED	12
local	refs/heads/pr21	7966ec7d4f92fe664d2338771ced8698249a5a9a	CHECKED	12
local	refs/heads/pr22	9a9d5821328bf242f564d643d50025328b9084c3	CHECKED	12
local	refs/heads/pr29-rebased	0e6f309a563a926f5e52adf6087eaafb1226246a	CHECKED	12
local	refs/heads/pr4-review	64a22ab22679e61850e33d50125b3cb2970e7fc0	CHECKED	4
local	refs/heads/pr4-review-tmp	64a22ab22679e61850e33d50125b3cb2970e7fc0	CHECKED	4
local	refs/heads/pr6-fixes	73820ea7c32f972c63645a2dd6c2a2af38f76bd2	CHECKED	4
local	refs/heads/pr7-fixes	3e862b3423eb3a912165960c67c9c4a9b2c87e16	CHECKED	4
local	refs/heads/pr8-review	1e62bf0c1f799c23e8b2791b2c88f0af241b1f57	CHECKED	4
local	refs/heads/precommit-speed	4f4387d89ba7587dd32991188630c8038c6639d0	CHECKED	20
local	refs/heads/push09132026	14db8a723cca6fade44fcd6d301197f02e3343b0	CHECKED	12
local	refs/heads/quick-wins-libcmt	b8b075d64a6fcd2bba553dddcbf115e9eb4622cd	CHECKED	4
local	refs/heads/rasterizer-consolidation-wip	42e9886ae79a9c1d9279c408ebde7b363ff0fb90	CHECKED	4
local	refs/heads/rasterizer-tu-land	31df20a852db48ae6b76596b074cec628330615a	CHECKED	4
local	refs/heads/rasterizer-tu-placement	cb0ab6c34ddf0906d13c787a7b0413b3e34e6e82	CHECKED	4
local	refs/heads/re/dsound-3d	a45c902c360da4b1e65783ead363b6b468227455	CHECKED	20
local	refs/heads/recovery/pre-unsquash-telnet-20260908	93978d2cd4c7f6342b4908ecf60a5cbaff4bc904	CHECKED	12
local	refs/heads/reintegrate-campaign-09-17-26	f4fc599ae4efa47e4cf0b993cf197f2ebd11741f	CHECKED	12
local	refs/heads/reintegrate-squash-20260921	e8a733da76aa3a066108e98b8dbb90252befbec5	CHECKED	12
local	refs/heads/reintegrate/campaign-09-24-26-20260925	45be4b6e1ceaa5b34e9095473bdc57e7f79b8ae2	CHECKED	12
local	refs/heads/reintegrate/campaign_09-30-2026	fc59fd3c18c91b2945a3de71d4a687219a495f7a	CHECKED	20
local	refs/heads/rename-pal-dynamic-buffers-normalize2d	d144864218cee634fe3bb8444d3439ff37bb0b4a	CHECKED	12
local	refs/heads/restore-complete-tus	71f443a1398d45e4f8389626bf9356e5d7d26113	CHECKED	12
local	refs/heads/review-pr7	8c774e1ec533d397ed261bb0b3b4d363dc26a10d	CHECKED	4
local	refs/heads/review/wip22-lifts-exact-20260928	ef2e23498b03cb938e93cbd6518bb86ed88ad631	CHECKED	12
local	refs/heads/salvage/model-animations-validated	2ea72c8c5b2ca9f432eecb5a0f587b4392462d93	CHECKED	12
local	refs/heads/salvage/rectangles	b50f20612ead4f48457227a62e4591d22fef98ae	CHECKED	12
local	refs/heads/score-campaign/2026-09-13	3660936d635de48661c2a430b4926bed332b6a4f	CHECKED	12
local	refs/heads/score/campaign-20260825	8377d779bfd99061f712742f68f22a05ec8020ce	CHECKED	4
local	refs/heads/session_lol	c0704eff191ed364bc4dfa4c81b4915947d238e5	CHECKED	4
local	refs/heads/temp-director	d50982d836dddd94bee1453a50106af6da0d8e3e	CHECKED	12
local	refs/heads/tmp-rebuild	998d592aeadc29b8dc50c3576624689250ed3d85	CHECKED	4
local	refs/heads/tmp-reintegrate	166265152f841bf81e97c89fad7bf2eca5156267	CHECKED	12
local	refs/heads/tmp-reintegrate-20260826	b64e5972d9c32f845616405253b4c8af76b09488	CHECKED	4
local	refs/heads/tmp-reintegrate-land	6582053d959163f51dc0b3f10866132693199d89	CHECKED	4
local	refs/heads/tmp-reintegrate-squash	0ff1ce11d110c52f0c132778103374d951e5f8dd	CHECKED	12
local	refs/heads/tmp-reintegrate-squash-v2	fda927a3b98f9d8b1453a0da17397fcdbf8e5ed1	CHECKED	4
local	refs/heads/tmp-squash	40b26162b9302ca1884a938dd4099ddbc25dc809	CHECKED	4
local	refs/heads/tmp-squash-flat	ce5212c904e752aadee7e845af198ce813846e64	CHECKED	4
local	refs/heads/tmp-squash-reintegrate	6be3f685de572df8d6bec803017d5470cb8dceda	CHECKED	5
local	refs/heads/tmp-squash-reintegrate-sprites	44342d0c25774d139e34f1a335da928b056229f7	CHECKED	12
local	refs/heads/tmp/session-lol-integrate	49704fb199cb70053d7c5e34cce43c3cb3383ba8	CHECKED	4
local	refs/heads/tmp_reintegrate_squash	f2cd5fe0f8ce39284949c405eb5e81fa301ca65b	CHECKED	12
local	refs/heads/tooling-fix-20260903	2a1cab18adef0230cebdff8aa09f6ffdebe93b65	CHECKED	4
local	refs/heads/vehicle-physics-lifts	37fe902799f64763aebde9c7a4bd4e1927b21bd2	CHECKED	20
local	refs/heads/vehicles	ee677f60e642c1ecf82b2f5d314701480f76ba0b	CHECKED	4
local	refs/heads/vehicles-batch1-main	cb6ecb8cf2eb72cbd53dc311dceefcda06ccd139	CHECKED	4
local	refs/heads/wip/campaign-09-24-26-preflight-20260925	d49fd980cbbd7274d8d8dce3db0ff81a4326c2b2	CHECKED	12
local	refs/heads/wip/campaign-09-24-26-run3-failed-output	c7815f76798e7949d927ceb2a668aa4d766196e9	CHECKED	12
local	refs/heads/work-20260809	cb0ab6c34ddf0906d13c787a7b0413b3e34e6e82	CHECKED	4
local	refs/heads/work/network-transport-lift	9bb5cad6b2db7b1064516e450b6b826b84d88a74	CHECKED	4
local	refs/heads/worktree-agent-0GzZ5f2D	5ea325ee7cfeb38783760aba4aae3c5771073915	CHECKED	12
local	refs/heads/worktree-agent-0TFyUZWk	be12df386220fbc4b9fbb74c72ab5ba9431911e6	CHECKED	12
local	refs/heads/worktree-agent-0VTdJ6Io	25d634b3d7607c4bb2f2c551caeab73282033f09	CHECKED	12
local	refs/heads/worktree-agent-0fLAumjq	ef3644ec07cefd84e6741b1836a0a410dc1357a8	CHECKED	12
local	refs/heads/worktree-agent-1BsbO24W	945c7cf0b8a734ae146f278c18858cd43bb94be2	CHECKED	12
local	refs/heads/worktree-agent-1FbA28Sb	a8c05ecad46e3d205061ea7e50b7be84424a23e6	CHECKED	12
local	refs/heads/worktree-agent-1dD249s0	945c7cf0b8a734ae146f278c18858cd43bb94be2	CHECKED	12
local	refs/heads/worktree-agent-1faKwqgy	8697173fbf5bc1540f3be8840b4ac3713c04e895	CHECKED	12
local	refs/heads/worktree-agent-2G5y1vCr	dc86435599e23553a2249d4f61a6d5c9bc29dbfa	CHECKED	12
local	refs/heads/worktree-agent-2qqkPbM5	dc86435599e23553a2249d4f61a6d5c9bc29dbfa	CHECKED	12
local	refs/heads/worktree-agent-2zRtIXjc	94e2afa4532e7017a489ac2eb8d5af10cb99226c	CHECKED	12
local	refs/heads/worktree-agent-30VxX0JL	ddd1a66e08f1a1591b28f762eb39a8469d7bd12c	CHECKED	12
local	refs/heads/worktree-agent-3R0WD1fq	a8c05ecad46e3d205061ea7e50b7be84424a23e6	CHECKED	12
local	refs/heads/worktree-agent-3XFXYLgq	a8c05ecad46e3d205061ea7e50b7be84424a23e6	CHECKED	12
local	refs/heads/worktree-agent-3tn8p7NW	a8c05ecad46e3d205061ea7e50b7be84424a23e6	CHECKED	12
local	refs/heads/worktree-agent-4Ce1mOYt	6d546303511a6018c934eddf4a0835dff69345d8	CHECKED	12
local	refs/heads/worktree-agent-4IuvY3py	9991e3825c12134765a6f5f16444c62871a76e4b	CHECKED	12
local	refs/heads/worktree-agent-4kLThLaE	f568a13e6eb94d44e16c27b8dffedc5e93c26937	CHECKED	12
local	refs/heads/worktree-agent-4lzQ99xK	5ea325ee7cfeb38783760aba4aae3c5771073915	CHECKED	12
local	refs/heads/worktree-agent-4nCTHPuV	5ea325ee7cfeb38783760aba4aae3c5771073915	CHECKED	12
local	refs/heads/worktree-agent-52Z6jgAN	0b01e9f4e24d5fbde86600cc42303ef0e45f28b2	CHECKED	12
local	refs/heads/worktree-agent-52nI6aJY	7ba969b8231dd977a46d89b7c8ee5494d31de7f4	CHECKED	12
local	refs/heads/worktree-agent-6WElXLbN	a8c05ecad46e3d205061ea7e50b7be84424a23e6	CHECKED	12
local	refs/heads/worktree-agent-8PsMKBHO	a8c05ecad46e3d205061ea7e50b7be84424a23e6	CHECKED	12
local	refs/heads/worktree-agent-9kzCjf30	f568a13e6eb94d44e16c27b8dffedc5e93c26937	CHECKED	12
local	refs/heads/worktree-agent-A3m3kRLL	a8c05ecad46e3d205061ea7e50b7be84424a23e6	CHECKED	12
local	refs/heads/worktree-agent-ASNoF497	b50f20612ead4f48457227a62e4591d22fef98ae	CHECKED	12
local	refs/heads/worktree-agent-Ayws0rMV	a8c05ecad46e3d205061ea7e50b7be84424a23e6	CHECKED	12
local	refs/heads/worktree-agent-CCAWgWdH	bce192fec15f29965807e0b31867105cf1d0ac7c	CHECKED	12
local	refs/heads/worktree-agent-CWRx5zyr	8697173fbf5bc1540f3be8840b4ac3713c04e895	CHECKED	12
local	refs/heads/worktree-agent-EOB76qMp	ef3644ec07cefd84e6741b1836a0a410dc1357a8	CHECKED	12
local	refs/heads/worktree-agent-GFN2BKpZ	6cfdc8f1fcd9c575cf8eb4a2828da229eb267190	CHECKED	20
local	refs/heads/worktree-agent-GIyDJORR	f568a13e6eb94d44e16c27b8dffedc5e93c26937	CHECKED	12
local	refs/heads/worktree-agent-HHwxyS39	a8c05ecad46e3d205061ea7e50b7be84424a23e6	CHECKED	12
local	refs/heads/worktree-agent-HW5ZJo3y	25d634b3d7607c4bb2f2c551caeab73282033f09	CHECKED	12
local	refs/heads/worktree-agent-JOsmnHAs	9120a74f98ff82971d161e04edfd42816218c61d	CHECKED	12
local	refs/heads/worktree-agent-JqiNmXfm	dc86435599e23553a2249d4f61a6d5c9bc29dbfa	CHECKED	12
local	refs/heads/worktree-agent-KRlhrhL0	dc86435599e23553a2249d4f61a6d5c9bc29dbfa	CHECKED	12
local	refs/heads/worktree-agent-LV2KYx6D	6d546303511a6018c934eddf4a0835dff69345d8	CHECKED	12
local	refs/heads/worktree-agent-LpWJGaBN	ddd1a66e08f1a1591b28f762eb39a8469d7bd12c	CHECKED	12
local	refs/heads/worktree-agent-M4TZGAcK	0b01e9f4e24d5fbde86600cc42303ef0e45f28b2	CHECKED	12
local	refs/heads/worktree-agent-NRHhmm3K	0b01e9f4e24d5fbde86600cc42303ef0e45f28b2	CHECKED	12
local	refs/heads/worktree-agent-NpYqjQ17	b50f20612ead4f48457227a62e4591d22fef98ae	CHECKED	12
local	refs/heads/worktree-agent-OINnPk3u	a8c05ecad46e3d205061ea7e50b7be84424a23e6	CHECKED	12
local	refs/heads/worktree-agent-Ovd0mlqH	8f8cfcd05565b8adb882efa8dbe12872d7093538	CHECKED	12
local	refs/heads/worktree-agent-QMSOrHLo	25d634b3d7607c4bb2f2c551caeab73282033f09	CHECKED	12
local	refs/heads/worktree-agent-QZVKIU2q	bce192fec15f29965807e0b31867105cf1d0ac7c	CHECKED	12
local	refs/heads/worktree-agent-QvYCxUz8	5ea325ee7cfeb38783760aba4aae3c5771073915	CHECKED	12
local	refs/heads/worktree-agent-SMWyHz7S	94e2afa4532e7017a489ac2eb8d5af10cb99226c	CHECKED	12
local	refs/heads/worktree-agent-StBtPxzU	9991e3825c12134765a6f5f16444c62871a76e4b	CHECKED	12
local	refs/heads/worktree-agent-Uz2FPdQx	a8c05ecad46e3d205061ea7e50b7be84424a23e6	CHECKED	12
local	refs/heads/worktree-agent-WNW9yIeb	8697173fbf5bc1540f3be8840b4ac3713c04e895	CHECKED	12
local	refs/heads/worktree-agent-Wgk1jm7Q	a8c05ecad46e3d205061ea7e50b7be84424a23e6	CHECKED	12
local	refs/heads/worktree-agent-Y7kcMuAH	ddd1a66e08f1a1591b28f762eb39a8469d7bd12c	CHECKED	12
local	refs/heads/worktree-agent-YrFwCPxx	510918772ae09108d838ce081a845a3692fdc6d6	CHECKED	12
local	refs/heads/worktree-agent-ZVO7ol12	a8c05ecad46e3d205061ea7e50b7be84424a23e6	CHECKED	12
local	refs/heads/worktree-agent-ZcPYwsCO	ddd1a66e08f1a1591b28f762eb39a8469d7bd12c	CHECKED	12
local	refs/heads/worktree-agent-a060febed13bdd699	f4b3df081c130f852e652376015b9384fc2cf80d	CHECKED	12
local	refs/heads/worktree-agent-a0ad5717d8289c513	03266ce15380aaa2a484d21ab855eb38541a8508	CHECKED	12
local	refs/heads/worktree-agent-a0ce8600f473bd6dd	7bbc52c0f31d5a69b90ff81117f58dc73ff6ef46	CHECKED	12
local	refs/heads/worktree-agent-a0f0872364604bd62	5f9f9958baad5e5a75e4f180fbe5ded98cbac409	CHECKED	4
local	refs/heads/worktree-agent-a1124cdb02ed5d771	03266ce15380aaa2a484d21ab855eb38541a8508	CHECKED	12
local	refs/heads/worktree-agent-a12762ed9bc4aed88	03266ce15380aaa2a484d21ab855eb38541a8508	CHECKED	12
local	refs/heads/worktree-agent-a1ddc06a27d599d54	03266ce15380aaa2a484d21ab855eb38541a8508	CHECKED	12
local	refs/heads/worktree-agent-a1fa6ec7e7a8bfe93	03266ce15380aaa2a484d21ab855eb38541a8508	CHECKED	12
local	refs/heads/worktree-agent-a27e53b4d4f6d4782	03266ce15380aaa2a484d21ab855eb38541a8508	CHECKED	12
local	refs/heads/worktree-agent-a2868d6df27e27509	7bbc52c0f31d5a69b90ff81117f58dc73ff6ef46	CHECKED	12
local	refs/heads/worktree-agent-a2f5bbf52fa00be29	03266ce15380aaa2a484d21ab855eb38541a8508	CHECKED	12
local	refs/heads/worktree-agent-a310a6ae0276dacfa	03266ce15380aaa2a484d21ab855eb38541a8508	CHECKED	12
local	refs/heads/worktree-agent-a31ed56121e80d48c	03266ce15380aaa2a484d21ab855eb38541a8508	CHECKED	12
local	refs/heads/worktree-agent-a32366b9d86ade760	f4b3df081c130f852e652376015b9384fc2cf80d	CHECKED	12
local	refs/heads/worktree-agent-a355f42f8ee37db6e	03266ce15380aaa2a484d21ab855eb38541a8508	CHECKED	12
local	refs/heads/worktree-agent-a392b7cd20f6a446b	8ca7f9782afb1a21cbae16fb301654f18f48e63c	CHECKED	4
local	refs/heads/worktree-agent-a3d680c16bdf87ea2	7bbc52c0f31d5a69b90ff81117f58dc73ff6ef46	CHECKED	12
local	refs/heads/worktree-agent-a3f0e073df20c52dc	03266ce15380aaa2a484d21ab855eb38541a8508	CHECKED	12
local	refs/heads/worktree-agent-a435e34f00a27297a	03266ce15380aaa2a484d21ab855eb38541a8508	CHECKED	12
local	refs/heads/worktree-agent-a43b09727897fec09	03266ce15380aaa2a484d21ab855eb38541a8508	CHECKED	12
local	refs/heads/worktree-agent-a524dd7c2c5c639e3	03266ce15380aaa2a484d21ab855eb38541a8508	CHECKED	12
local	refs/heads/worktree-agent-a5592c3b2cd2224e6	03266ce15380aaa2a484d21ab855eb38541a8508	CHECKED	12
local	refs/heads/worktree-agent-a5c761011f76e2e43	03266ce15380aaa2a484d21ab855eb38541a8508	CHECKED	12
local	refs/heads/worktree-agent-a5f050b241b9351a7	15ca6336d632d776fb985b4d12fde972dcad11f9	CHECKED	4
local	refs/heads/worktree-agent-a65892f5de0506a07	0617f0f1fe1925d6844af9f995b8943d1d3990c1	CHECKED	4
local	refs/heads/worktree-agent-a6bca9f0f9c8303f9	7bbc52c0f31d5a69b90ff81117f58dc73ff6ef46	CHECKED	12
local	refs/heads/worktree-agent-a6df921eab731a85a	03266ce15380aaa2a484d21ab855eb38541a8508	CHECKED	12
local	refs/heads/worktree-agent-a70ab67eb07a0ba31	03266ce15380aaa2a484d21ab855eb38541a8508	CHECKED	12
local	refs/heads/worktree-agent-a753b192791b5f5d7	03266ce15380aaa2a484d21ab855eb38541a8508	CHECKED	12
local	refs/heads/worktree-agent-a767bde715c04f087	03266ce15380aaa2a484d21ab855eb38541a8508	CHECKED	12
local	refs/heads/worktree-agent-a76efb7677aeec3d0	03266ce15380aaa2a484d21ab855eb38541a8508	CHECKED	12
local	refs/heads/worktree-agent-a7a043449f237dac7	03266ce15380aaa2a484d21ab855eb38541a8508	CHECKED	12
local	refs/heads/worktree-agent-a821889dde43aa0d2	7bbc52c0f31d5a69b90ff81117f58dc73ff6ef46	CHECKED	12
local	refs/heads/worktree-agent-a88c57aa433d12b9e	50ec734ca081c97fa78d4b2eb427754ef76276e8	CHECKED	4
local	refs/heads/worktree-agent-a8a5c17d11ce0f0b5	7bbc52c0f31d5a69b90ff81117f58dc73ff6ef46	CHECKED	12
local	refs/heads/worktree-agent-a8bff328cc60402b7	fe0d0920eb797f55cd9874963d750f46c912270e	CHECKED	4
local	refs/heads/worktree-agent-a8cd38a677ce471d9	03266ce15380aaa2a484d21ab855eb38541a8508	CHECKED	12
local	refs/heads/worktree-agent-a8d6e31d62ad26ac5	03266ce15380aaa2a484d21ab855eb38541a8508	CHECKED	12
local	refs/heads/worktree-agent-a987b020bad107cae	5f9f9958baad5e5a75e4f180fbe5ded98cbac409	CHECKED	4
local	refs/heads/worktree-agent-a9e0c69a7a1a4706a	03266ce15380aaa2a484d21ab855eb38541a8508	CHECKED	12
local	refs/heads/worktree-agent-aa3e2ef2d6111eed7	2488aee480ccb7d83ce1684799b1ec9113b23ac5	CHECKED	4
local	refs/heads/worktree-agent-aa4630b4919b009f8	55d2df972df8c7ec5eae02da487bc085987c80af	CHECKED	4
local	refs/heads/worktree-agent-aa56908fe938602dd	03266ce15380aaa2a484d21ab855eb38541a8508	CHECKED	12
local	refs/heads/worktree-agent-aa5fb53c26af73651	6a8a2708abb1ad6963dbe3121653cd5a03148357	CHECKED	4
local	refs/heads/worktree-agent-aa920bc8a1f6525a1	03266ce15380aaa2a484d21ab855eb38541a8508	CHECKED	12
local	refs/heads/worktree-agent-ab2c73d414fca1353	03266ce15380aaa2a484d21ab855eb38541a8508	CHECKED	12
local	refs/heads/worktree-agent-ab390bf8d1d8f7267	2e4cc6bf6626dcae5429159046d5fa8e7dc10759	CHECKED	4
local	refs/heads/worktree-agent-ab4425a0207d70c55	03266ce15380aaa2a484d21ab855eb38541a8508	CHECKED	12
local	refs/heads/worktree-agent-abd72090c5ba94d06	5f9f9958baad5e5a75e4f180fbe5ded98cbac409	CHECKED	4
local	refs/heads/worktree-agent-ac1f11e6f54d4d6d3	03266ce15380aaa2a484d21ab855eb38541a8508	CHECKED	12
local	refs/heads/worktree-agent-ac6315a679bb85b2c	5f9f9958baad5e5a75e4f180fbe5ded98cbac409	CHECKED	4
local	refs/heads/worktree-agent-aca104a4e25d11e3c	03266ce15380aaa2a484d21ab855eb38541a8508	CHECKED	12
local	refs/heads/worktree-agent-acaeaeebdb16b9e43	03266ce15380aaa2a484d21ab855eb38541a8508	CHECKED	12
local	refs/heads/worktree-agent-ad265ed4a54d55e64	34fa51acb5be7cf1798c243b4e352c6fee78e979	CHECKED	4
local	refs/heads/worktree-agent-ad93c48e7034785ea	7bbc52c0f31d5a69b90ff81117f58dc73ff6ef46	CHECKED	12
local	refs/heads/worktree-agent-ae095dc33217450ab	96d53c9e8487dd9e9f1e681b0a3687a043483715	CHECKED	12
local	refs/heads/worktree-agent-ae6b26d2cafa66282	5f9f9958baad5e5a75e4f180fbe5ded98cbac409	CHECKED	4
local	refs/heads/worktree-agent-ae6b8b06c8cab9d51	5f9f9958baad5e5a75e4f180fbe5ded98cbac409	CHECKED	4
local	refs/heads/worktree-agent-ae7194b3f5087fdd1	f4b3df081c130f852e652376015b9384fc2cf80d	CHECKED	12
local	refs/heads/worktree-agent-aeb4161ca726ab8bc	03266ce15380aaa2a484d21ab855eb38541a8508	CHECKED	12
local	refs/heads/worktree-agent-af3dd7b9e49e97753	f1dd4f4c85f1b642c9145fc8a9f8973983a7ea67	CHECKED	4
local	refs/heads/worktree-agent-af68dc2749403bdb7	5f9f9958baad5e5a75e4f180fbe5ded98cbac409	CHECKED	4
local	refs/heads/worktree-agent-af88b39e4308e791c	f4b3df081c130f852e652376015b9384fc2cf80d	CHECKED	12
local	refs/heads/worktree-agent-afdf3648fd0ec09ad	03266ce15380aaa2a484d21ab855eb38541a8508	CHECKED	12
local	refs/heads/worktree-agent-afe79dc74e5a57bb6	03266ce15380aaa2a484d21ab855eb38541a8508	CHECKED	12
local	refs/heads/worktree-agent-b4ZZUMqQ	40938b80477c0fbb065ada970ca83771c8f08c2d	CHECKED	12
local	refs/heads/worktree-agent-bazz17l8	a8c05ecad46e3d205061ea7e50b7be84424a23e6	CHECKED	12
local	refs/heads/worktree-agent-bqlauntL	5ea325ee7cfeb38783760aba4aae3c5771073915	CHECKED	12
local	refs/heads/worktree-agent-cO1PCkF1	8697173fbf5bc1540f3be8840b4ac3713c04e895	CHECKED	12
local	refs/heads/worktree-agent-ekqBEev4	b50f20612ead4f48457227a62e4591d22fef98ae	CHECKED	12
local	refs/heads/worktree-agent-ekyoQ9rp	0b01e9f4e24d5fbde86600cc42303ef0e45f28b2	CHECKED	12
local	refs/heads/worktree-agent-f3GaoM2y	6d546303511a6018c934eddf4a0835dff69345d8	CHECKED	12
local	refs/heads/worktree-agent-fb6ilyfI	25d634b3d7607c4bb2f2c551caeab73282033f09	CHECKED	12
local	refs/heads/worktree-agent-fyWoP0hp	8f8cfcd05565b8adb882efa8dbe12872d7093538	CHECKED	12
local	refs/heads/worktree-agent-gOmUftRa	303d08d10fbd685f2db50e5e99cd2219a8984d14	CHECKED	12
local	refs/heads/worktree-agent-gTfcFa8q	dc86435599e23553a2249d4f61a6d5c9bc29dbfa	CHECKED	12
local	refs/heads/worktree-agent-iFiOnqXn	a8c05ecad46e3d205061ea7e50b7be84424a23e6	CHECKED	12
local	refs/heads/worktree-agent-iZ6KxetR	67501225f255e0bcb910eaa2246623048e18caa2	CHECKED	20
local	refs/heads/worktree-agent-jqkTJApX	9120a74f98ff82971d161e04edfd42816218c61d	CHECKED	12
local	refs/heads/worktree-agent-lD4crcil	9991e3825c12134765a6f5f16444c62871a76e4b	CHECKED	12
local	refs/heads/worktree-agent-nGSHuItc	9991e3825c12134765a6f5f16444c62871a76e4b	CHECKED	12
local	refs/heads/worktree-agent-nZC3sUmK	dc86435599e23553a2249d4f61a6d5c9bc29dbfa	CHECKED	12
local	refs/heads/worktree-agent-oEMocyZb	9120a74f98ff82971d161e04edfd42816218c61d	CHECKED	12
local	refs/heads/worktree-agent-oH2XbwPd	a8c05ecad46e3d205061ea7e50b7be84424a23e6	CHECKED	12
local	refs/heads/worktree-agent-ocqeKmjg	7ba969b8231dd977a46d89b7c8ee5494d31de7f4	CHECKED	12
local	refs/heads/worktree-agent-pBD0fwAZ	6d546303511a6018c934eddf4a0835dff69345d8	CHECKED	12
local	refs/heads/worktree-agent-q9u3ZpgB	f568a13e6eb94d44e16c27b8dffedc5e93c26937	CHECKED	12
local	refs/heads/worktree-agent-r6t9hZiy	7ba969b8231dd977a46d89b7c8ee5494d31de7f4	CHECKED	12
local	refs/heads/worktree-agent-rD2fbv3g	ef3644ec07cefd84e6741b1836a0a410dc1357a8	CHECKED	12
local	refs/heads/worktree-agent-s7904DZV	6d546303511a6018c934eddf4a0835dff69345d8	CHECKED	12
local	refs/heads/worktree-agent-sMvuRWAb	ddd1a66e08f1a1591b28f762eb39a8469d7bd12c	CHECKED	12
local	refs/heads/worktree-agent-smaK3kK1	8697173fbf5bc1540f3be8840b4ac3713c04e895	CHECKED	12
local	refs/heads/worktree-agent-sms0Bi6v	dc86435599e23553a2249d4f61a6d5c9bc29dbfa	CHECKED	12
local	refs/heads/worktree-agent-tqeGDxhw	dc86435599e23553a2249d4f61a6d5c9bc29dbfa	CHECKED	12
local	refs/heads/worktree-agent-uL6UWeOu	8697173fbf5bc1540f3be8840b4ac3713c04e895	CHECKED	12
local	refs/heads/worktree-agent-uZDfZcXC	8f8cfcd05565b8adb882efa8dbe12872d7093538	CHECKED	12
local	refs/heads/worktree-agent-umdJPQ6T	9120a74f98ff82971d161e04edfd42816218c61d	CHECKED	12
local	refs/heads/worktree-agent-usVQe6oo	8697173fbf5bc1540f3be8840b4ac3713c04e895	CHECKED	12
local	refs/heads/worktree-agent-vf1PnjkP	a8c05ecad46e3d205061ea7e50b7be84424a23e6	CHECKED	12
local	refs/heads/worktree-agent-wKcrknAe	cbfb65b2af8d4f7c0e379e634ea1a5d0139686f4	CHECKED	12
local	refs/heads/worktree-agent-xWpTkhw5	dc86435599e23553a2249d4f61a6d5c9bc29dbfa	CHECKED	12
local	refs/heads/worktree-agent-xhxeMuVM	a8c05ecad46e3d205061ea7e50b7be84424a23e6	CHECKED	12
local	refs/heads/worktree-byte-accuracy	25fca86f9165e64cb558363a0ec9a0d7cbb5dc9e	CHECKED	12
local	refs/heads/worktree-lift-new-functions	6e4f2c1005577be012ce929be098e9ec3cfbb5e1	CHECKED	4
local	refs/heads/worktree-recovery-actor-moving	1a4831beac8133c6db425a579c4a901e17447a1b	CHECKED	12
local	refs/heads/worktree-temp-main	1e8b12ef7a4e9f97db18a71b2fc1733c45314943	CHECKED	12
local	refs/original/refs/heads/main	c33f89f5a0f9c03ab3b8b6ceb1975d1e4e71c069	CHECKED	5
local	refs/pr/14	b8a6820a5788aeb3d9b7d34cbb95a95389b22f49	CHECKED	12
local	refs/prepurge-20260622/heads/backup/workflow-improvements-20260610	67c15cc875c5c54751c20b84bee47f1900834307	CHECKED	243
local	refs/prepurge-20260622/heads/biped-2f40-relift-consolidate	00853a8aebfd425d8cd472abfafae0c3bbf3cc60	CHECKED	246
local	refs/prepurge-20260622/heads/bipeds-activate-0e00-0680	71e733631381ccc0ec6c24ddadf4fb270adc754f	CHECKED	238
local	refs/prepurge-20260622/heads/bug-fixes	48ca13b040b1d0b1d979aa2a5eb1c90db57a59b5	CHECKED	262
local	refs/prepurge-20260622/heads/bullet_hole_problems	6a999af3706d90720f49a4f09a06ba5a6ba15dad	CHECKED	0
local	refs/prepurge-20260622/heads/fix-actor-abi-18b90	d22cfcaba74b11316e291dff51c5191b45e7c95a	CHECKED	238
local	refs/prepurge-20260622/heads/golden-tests-wip	1cb333f14a6ee8133ffecc5b2ad020614dc6308d	CHECKED	159
local	refs/prepurge-20260622/heads/hud-match-improve	cd95a3ae03cb0d97ed1e3f5d6349beb868b1efb6	CHECKED	258
local	refs/prepurge-20260622/heads/integrate-bipeds	ddabe71d942b7303b6a8cf1058d9dfd11bfe65f4	CHECKED	236
local	refs/prepurge-20260622/heads/lift-session	056dc8359c8dff004e3174e4d3bfc1b8d78f2283	CHECKED	262
local	refs/prepurge-20260622/heads/lift/rejected/FUN_0002d900	aee104e4fb50a4cb1c980d490703fe2d663ea8a0	CHECKED	5
local	refs/prepurge-20260622/heads/main	09ecd200d239434eff1716718c1be964e8483aad	CHECKED	262
local	refs/prepurge-20260622/heads/pr-34	124f6afbcc08fd72a1cc45bc5a8270fb8c0e7d75	CHECKED	0
local	refs/prepurge-20260622/heads/pr-36	5aad332948986200cf454a3e7f2f8224d226a3e2	CHECKED	0
local	refs/prepurge-20260622/heads/pr-62	f8ac89c6cf7c133df5996e0eb65b99a539ccd074	CHECKED	0
local	refs/prepurge-20260622/heads/quick-wins-libcmt	2e462c601694465ea1eb349afc48b53c6fa928c9	CHECKED	228
local	refs/prepurge-20260622/heads/quick-wins-main	db9a6a1e97c442764c3e7f2afe3b99bc4e58655a	CHECKED	321
local	refs/prepurge-20260622/heads/temp/worktree-start	af7b0c6c96769a64990f78a05ab4e37152cff99e	CHECKED	228
local	refs/prepurge-20260622/heads/worktree-agent-a28f710467f8c290a	51266ffea14c4ca8353bb4603a7d0ca89d16038a	CHECKED	158
local	refs/prepurge-20260622/heads/worktree-agent-a2f031f95806b8072	063f3f7f8fa85f32517088dca8400eafaa9b3277	CHECKED	158
local	refs/prepurge-20260622/heads/worktree-agent-ac3b96cad8ba5b23c	079dd330056b665d053aac0d3d365603bba93ad1	CHECKED	158
local	refs/prepurge-20260622/heads/worktree-auto-lift-session	e361cc99c8dbc45211b780bb3e808ff496ba9703	CHECKED	26
local	refs/prepurge-20260622/heads/worktree-circular-queue	a000520db14b8c3a5ea9b2aba97a6fa7d0625e3b	CHECKED	120
local	refs/prepurge-20260622/heads/worktree-debug-mp-freeze	b9d7e1bc89c9cefc8b135d3e3cd31df52a18fd3b	CHECKED	158
local	refs/prepurge-20260622/heads/worktree-deep-hugging-fog	53c7f3a79dea31c9c32facb6c0205d02bf738b63	CHECKED	218
local	refs/prepurge-20260622/heads/worktree-goal-lift-session	eb6e6bf693fc74d01cd8cf8f3c0016c7ed39104d	CHECKED	184
local	refs/prepurge-20260622/heads/worktree-goal-lift-session-v2	027c1a597ec77edfb084939f800267be5326344e	CHECKED	228
local	refs/prepurge-20260622/heads/worktree-lift	0a61c77d0d1df80dd3b515e4369905576cc92237	CHECKED	158
local	refs/prepurge-20260622/heads/worktree-lift-new-functions	4a06b4d57019c92989e372630388b83b54b6da38	CHECKED	262
local	refs/prepurge-20260622/heads/worktree-lift-session	7410310dfefab934f68c4d3d850e7ebf10f86f4e	CHECKED	262
local	refs/prepurge-20260622/heads/worktree-lift-session-2026-06-05	8940ba6cc389c08830e50aa16da0209c0f7e47ea	CHECKED	243
local	refs/prepurge-20260622/heads/worktree-lift-temp	65b36622240b98b2e33061cdb08f2af75546501a	CHECKED	91
local	refs/prepurge-20260622/heads/worktree-lifts-batch	e56f42dd8a8756c5efc76d5de0a637d3de5e2f72	CHECKED	34
local	refs/prepurge-20260622/heads/worktree-mellow-exploring-pizza	b4d88ec1710c6acacc8e14f82a1a586fd8ec1a2a	CHECKED	218
local	refs/prepurge-20260622/heads/worktree-scalable-coalescing-lobster	f9caad44b8b3026d2beb5555464e109163030303	CHECKED	236
local	refs/prepurge-20260622/heads/worktree-system-exit-lift	a495bb8727f8db0072002efd410d503360a1a49c	CHECKED	160
local	refs/prepurge-20260622/heads/worktree-temp-session	d555e75ff93583a75c8ca6b8fd78b218a1cd481e	CHECKED	236
local	refs/prepurge-20260622/heads/worktree-twinkly-napping-breeze	99d90cd6a9eeacafd77668bc363071df58983cea	CHECKED	236
local	refs/prepurge-20260622/original/main	530f09b392b93b2010f07db3281ab92b317dcb36	CHECKED	243
local	refs/prepurge-20260622/stash	62f6c7d5e8a548ba375dd8f0028214212bb30a37	CHECKED	262
local	refs/prepurge-rewrite20260809/stash	e604083e9f5819cfd39529a94c8638b08b17be09	CHECKED	4
local	refs/prepurge-rewrite20260809/tag-integrate-20260710-pre-reset	dd124572959701acf071b9947f4b6feec6150bf9	CHECKED	4
local	refs/prepurge/_rewritten_main	aa35d997c6df2b17192ae1af00189f823db5acd8	CHECKED	4
local	refs/prepurge/actor-looking-score-20260809	5cdd109e8d8b284a0a651349a5dde85186cab3ad	CHECKED	17
local	refs/prepurge/arch-review-fixes-2026-07-07	4c73b518060883266af75fc9fcdab1b47e53349a	CHECKED	5
local	refs/prepurge/auto-pipeline	5cdd109e8d8b284a0a651349a5dde85186cab3ad	CHECKED	17
local	refs/prepurge/backup-badmerge	68dafb436680eaebb08f8d1bcc824c31d269e749	CHECKED	5
local	refs/prepurge/backup-integrate-20260706	38415f400ebdff28fe072d414ca475ae88d33d55	CHECKED	5
local	refs/prepurge/backup-prerebase-a43e9a09	6cb60ed2dedb5ba540331aa6b668bd1d64bfaa4b	CHECKED	5
local	refs/prepurge/backup/integrate-20260705-pre-reintegrate	1075418378ee6703438654a9871640e8204cdfce	CHECKED	11
local	refs/prepurge/backup/integrate-20260710-pre-reintegrate	301e6d7d6525af22040edd6e86e3989f3820f74c	CHECKED	11
local	refs/prepurge/backup/lift-session-20260629-pre-merge	333c86bc3826649ba84dd3c3995aefa550ed8008	CHECKED	5
local	refs/prepurge/backup/lift-session-20260721-pre-reintegrate	291e4ef0999d04d94962589b0a9553b46959d784	CHECKED	11
local	refs/prepurge/backup/lift-session-20260724-20260728	2f8517034e689d42fb5d97caf78e8ddd096a6bb8	CHECKED	11
local	refs/prepurge/backup/lift-session-20260724-20260729	a7437be49b7aeeafce810e6b8310d8ecbec5fa44	CHECKED	11
local	refs/prepurge/backup/lift-session-20260724-pre-ff-20260731	f133c6eeeb0c35c0b067c7eed3e42ae0d2095e32	CHECKED	11
local	refs/prepurge/backup/lift-session-20260724-pre-reintegrate	6a19d4d3080b2ee8e244f3f8c42a350529cde550	CHECKED	11
local	refs/prepurge/backup/lift-session-20260724-reint2	862b5591f98e9a47d86f0f38f64c92c601ff06cb	CHECKED	11
local	refs/prepurge/backup/lift-session-20260807-pre-reintegrate	fa815e310009fbfbe3c51740beb64158ad1622d7	CHECKED	17
local	refs/prepurge/backup/lift-session-20260807-pre-reintegrate-20260808	5a45fcf1f3a5b84e3cb2dbde6569ec1b38479d5e	CHECKED	17
local	refs/prepurge/backup/pre-clean-resolve-20260721	50bdad60d1a048eea69852e3d2c71bd3378a4f8e	CHECKED	11
local	refs/prepurge/backup/pre-hash2-rewrite-20260708	c33f89f5a0f9c03ab3b8b6ceb1975d1e4e71c069	CHECKED	5
local	refs/prepurge/backup/pre-history-rewrite-local	b5315878e28c638ba2b55e7307b8fb14efdf56db	CHECKED	5
local	refs/prepurge/backup/pre-june22-replay-main	b4a3720f0952ee977401c138877b1c2bbe032c04	CHECKED	5
local	refs/prepurge/backup/pre-land-20260807	3744723bdc5a5adaa328ff09bb01a8a01ed86a18	CHECKED	11
local	refs/prepurge/backup/reintegrate-20260731	6709e15aaaf3cc3978d3ac367cf63020f8d165d2	CHECKED	11
local	refs/prepurge/backup/seq-run4-pre-rebase	23e1fc0be21deb91bcba85fab041d2e53c28cf77	CHECKED	11
local	refs/prepurge/backup/workflow-improvements-20260610	8bcaa6240483e076e296d75cf5f9534f5f07ed96	CHECKED	5
local	refs/prepurge/biped-2f40-relift-consolidate	df0001d3943019da33b04326f716e5520819e88c	CHECKED	5
local	refs/prepurge/bipeds-activate-0e00-0680	67420232138d63fd66be4e9ec0d3b132b0e7aee8	CHECKED	5
local	refs/prepurge/bug-fixes	7d71c7683d3ce2cc8c67b8e26b0fd1e47369fd62	CHECKED	5
local	refs/prepurge/bullet_hole_problems	053b51697a861c7a6c9c2dae31906d39296ade7c	CHECKED	0
local	refs/prepurge/clean-main-20260702	8e11e627945cee63f837af68f6e6d6a615bc8948	CHECKED	5
local	refs/prepurge/fix-actor-abi-18b90	e90179a28a948fdd22c037d2cbdc54b246e501bd	CHECKED	5
local	refs/prepurge/fix/vc71-scoring-integrity	521a4ade00bf4c5415c6aa56234412f6765a9272	CHECKED	5
local	refs/prepurge/golden-tests-wip	4511bcfaf9e63676897f6331a353fb201c3a2da0	CHECKED	3
local	refs/prepurge/hud-match-improve	3dc339ee9c676cd16cade58b3ebcb48d25e2a096	CHECKED	5
local	refs/prepurge/integrate-20260705	e14f028091bfb8bde3c60a9a070580962a8fa99f	CHECKED	11
local	refs/prepurge/integrate-bipeds	b4762954f65b68f6483c2c62463dc551027afeee	CHECKED	17
local	refs/prepurge/integration	b38dd055a1486021b2629f0c95ac30f0d75a74da	CHECKED	11
local	refs/prepurge/lift-network-server-message-handler	a2c0f0e329d8dcf07ce39a152b5b35688749ebe8	CHECKED	5
local	refs/prepurge/lift-session	144b47650389849a929415b186d37013d2fb8a36	CHECKED	5
local	refs/prepurge/lift-session-20260629	41ec4003c06eff96ccaf9be9617230e7ba88dc22	CHECKED	5
local	refs/prepurge/lift-session-20260702	183090b9dffdcd945325bfdc695b21c352db1153	CHECKED	5
local	refs/prepurge/lift-session-20260702b	0380005aff6afd18d85698934e69d7be429243b0	CHECKED	5
local	refs/prepurge/lift-session-20260721	50bdad60d1a048eea69852e3d2c71bd3378a4f8e	CHECKED	11
local	refs/prepurge/lift-session-20260724	8162ce21f110e4751ddc5ac4434b9e533edda93a	CHECKED	11
local	refs/prepurge/lift-session-20260805	4db7ddf0eaffa0bd684d8efd5b5c9b87afb1adce	CHECKED	17
local	refs/prepurge/lift-session-20260807	2fa7654fe8faf799e62c04d0c09da110c9ea6660	CHECKED	17
local	refs/prepurge/lift/rejected/FUN_0002d900	6688180926762483c0e01052eef52641e8a82b8c	CHECKED	2
local	refs/prepurge/lift_msg_handler	5cdd109e8d8b284a0a651349a5dde85186cab3ad	CHECKED	17
local	refs/prepurge/main	6b75028c353b6d908e8dd4648d8c0a848bbd1167	CHECKED	4
local	refs/prepurge/pr-34	d916c2146277f09d6c1bcf5d1778c4f61a5b7235	CHECKED	0
local	refs/prepurge/pr-36	b8c2f18d231e51edd9a991761dd812d6fcbe3f03	CHECKED	0
local	refs/prepurge/pr-62	e9685c0740f8d12359b87b7d4abdb2c316d7fb08	CHECKED	0
local	refs/prepurge/quick-wins-libcmt	335fc5b4730d252417468b862567c7dad1c97209	CHECKED	5
local	refs/prepurge/quick-wins-main	0c39c617dcddecb193e017ce1a5829fbc229dc8d	CHECKED	5
local	refs/prepurge/rasterizer-consolidation-wip	e79897fa478b2409ccb6fe1a39ba48f08157d998	CHECKED	17
local	refs/prepurge/rasterizer-tu-placement	5cdd109e8d8b284a0a651349a5dde85186cab3ad	CHECKED	17
local	refs/prepurge/replay-local-work	b4a3720f0952ee977401c138877b1c2bbe032c04	CHECKED	5
local	refs/prepurge/safety-pre-rebase-20260805	ecce6308fdbbce84e4be0f147362bae29f244070	CHECKED	11
local	refs/prepurge/stale-tmp-integrate-20260629	bfe020f2697242d73eab8724240625ababa78332	CHECKED	5
local	refs/prepurge/stash-000	19155d0a849725fcc5cdacaaad8fd0fd5a4b4499	CHECKED	17
local	refs/prepurge/stash-001	b0b5f492dc8e7cc9e94959f5c1b7b6a60ba66503	CHECKED	17
local	refs/prepurge/stash-002	9b345ccd57ba5fa3d537db58e734d053c519d276	CHECKED	17
local	refs/prepurge/stash-003	8d1bc557b0a56a079c0938a8125330369fffb774	CHECKED	17
local	refs/prepurge/stash-004	4cd986b2be1ef33942274d005e6fdaf53c55b8c7	CHECKED	17
local	refs/prepurge/stash-005	7ac214e41b8682d217aaedb7e2713dd38c1b1f78	CHECKED	17
local	refs/prepurge/stash-006	a67f2c69fe5e22ad9c291ec07c6fe9f1a9b7d165	CHECKED	17
local	refs/prepurge/stash-007	b3b00729ae6d491b7394500232f0351b508ccaa5	CHECKED	11
local	refs/prepurge/stash-008	4a818c37598389893adb97fad1c5350051636ddc	CHECKED	11
local	refs/prepurge/stash-009	947b1b8d2faae4b6bf43a7f8d02df319c1db3342	CHECKED	11
local	refs/prepurge/stash-010	5b0f7b6f7351b83950a13eb7061b9014c4eb7c81	CHECKED	11
local	refs/prepurge/stash-011	779cc7906608b48bcc07d6f561282f9fc57341d7	CHECKED	11
local	refs/prepurge/stash-012	0fd8af2dbae46e7fefa2b79df17564537cfed63f	CHECKED	11
local	refs/prepurge/stash-013	966b73ee5ee3516ee07cc5ed9ce3b649bc44cade	CHECKED	11
local	refs/prepurge/stash-014	d62ab86a7f057ab8a02081668999be00051580f9	CHECKED	11
local	refs/prepurge/stash-015	90908bea1cb29ae5432c5b6f285d9aa8c1a0286b	CHECKED	11
local	refs/prepurge/stash-016	d8b31921d15b6aa69c59c2d3e3c5421d8ce4d2e9	CHECKED	11
local	refs/prepurge/stash-017	572b17dbdd159fdbbd92db27cc5670895415a310	CHECKED	11
local	refs/prepurge/stash-018	eee32f6b2d99a8135006c7163e7815d7d27d226a	CHECKED	11
local	refs/prepurge/stash-019	967d1aa76f9ff9eaab110763a9181e63248d4911	CHECKED	11
local	refs/prepurge/stash-020	722c062c49ed9179e6f7daa62a7d16b4ec8ef845	CHECKED	11
local	refs/prepurge/stash-021	d34325844ae2acb24e2dcef089227b6606c09ee3	CHECKED	11
local	refs/prepurge/stash-022	262a23f82ca9af906245953bdd0163d21bef2d4e	CHECKED	11
local	refs/prepurge/stash-023	7fb80dfd9f651a322bb200f2f7ba3f9ad9e59b6c	CHECKED	11
local	refs/prepurge/stash-024	04394aee6776b5935aa36c559c723b2fe7d44796	CHECKED	11
local	refs/prepurge/stash-025	c5a4e77a0f209d3f729d74c316d3d6064deef676	CHECKED	11
local	refs/prepurge/stash-026	fb7c13773b2fe5f86a2b71359b22961ae3860975	CHECKED	11
local	refs/prepurge/stash-027	4db36de07f0dd1cda9efafb42c173fd5ab56c188	CHECKED	11
local	refs/prepurge/stash-028	a77521342acb15b8e7e1c1e551fd6bf8a32012fe	CHECKED	11
local	refs/prepurge/stash-029	c0614e58a8b124308ee30d82fc182f7778521a23	CHECKED	11
local	refs/prepurge/stash-030	cce7bcb2ba43b5e3fc5845d8f8e3aa2be6f06a92	CHECKED	11
local	refs/prepurge/stash-031	a9d4cc03fc771d42b2a64898a7b55ac059141762	CHECKED	11
local	refs/prepurge/stash-032	78204ee6c598e2ef6abf8d8986a76f95b9e39390	CHECKED	11
local	refs/prepurge/stash-033	036e01a0271be6e3e2c746da5e89bcb98fbd04e7	CHECKED	11
local	refs/prepurge/stash-034	9bf56705605ebbf93e031440f77ba187856d31d5	CHECKED	11
local	refs/prepurge/stash-035	86b4a9619e9d71b227d57d20a60602445d6f55b7	CHECKED	11
local	refs/prepurge/stash-036	7f2acc4669f26d1d31472acd1358a0bff27cd80f	CHECKED	11
local	refs/prepurge/stash-037	0b82b6baa66708f130ccf84cb9de02cfb83bf98b	CHECKED	11
local	refs/prepurge/stash-038	9d64d76a81723a90f64c219302df3450086da7cd	CHECKED	11
local	refs/prepurge/stash-039	83cda0551e2472283f6744e5a56068634b99e70d	CHECKED	11
local	refs/prepurge/stash-040	90bdcd62c38abbaec88b3b102e41c21d16a43a3b	CHECKED	11
local	refs/prepurge/stash-041	b41bc8bfda91022eb9f77b2bf7786d153e02e3a8	CHECKED	11
local	refs/prepurge/stash-042	b96f1756cafae42d3d76fd311687f275e8ad7fb4	CHECKED	11
local	refs/prepurge/stash-043	453a1f909a99b6f3874d0aeb3e4ad504f373c087	CHECKED	11
local	refs/prepurge/stash-044	c42b0920f2d26f84787ff0443f859ba44dc4c0d4	CHECKED	11
local	refs/prepurge/stash-045	ac4dbe53757bb471e83f00ad8caaed989f52163e	CHECKED	11
local	refs/prepurge/stash-046	bc95ca62d719edaf0985c1342d9dd423093d7399	CHECKED	11
local	refs/prepurge/stash-047	afa871904ea403594c957e8fa9765da07184d491	CHECKED	11
local	refs/prepurge/stash-048	e9c6e25f93e8ecca2d44e445dbf261e117b885dc	CHECKED	11
local	refs/prepurge/stash-049	fd5cf11e8fc04326b8a422d7519cd2ed6a3fc784	CHECKED	11
local	refs/prepurge/stash-050	b46fc124c977d7f27f1fd8d4ef131c70e6bf1218	CHECKED	11
local	refs/prepurge/stash-051	e7132fed40ea33a9192c996f930acebf09f99b89	CHECKED	11
local	refs/prepurge/stash-052	3402ea77e0de07e3fa75ecd2f6b0e6a160d7f71c	CHECKED	11
local	refs/prepurge/stash-053	0694c1d9194ab6384619333391bb53c714081bc4	CHECKED	11
local	refs/prepurge/stash-054	21e29dc8767e42ab3cf9548b2e28eb5b584e1afe	CHECKED	11
local	refs/prepurge/stash-055	585df76ee638fdd2ac97ffa6c58ab332deb2a368	CHECKED	11
local	refs/prepurge/stash-056	041af4771fc6811eab6f6581a6caa5c59c4a56b3	CHECKED	11
local	refs/prepurge/stash-057	4e5a7c832a1bf3034835eb0303dfdc43f65e4258	CHECKED	11
local	refs/prepurge/stash-058	0326de5e432c85b6b48a5935efdda92fb644f1da	CHECKED	11
local	refs/prepurge/stash-059	d8be32f75cc2fc9b660f097587af76ce7c823424	CHECKED	5
local	refs/prepurge/stash-060	64e57372338c165da52d96caebc5ccf547a3617f	CHECKED	5
local	refs/prepurge/stash-061	6d4044e44f6dbb91c59d1b28db31c18efa4c6c2a	CHECKED	5
local	refs/prepurge/stash-062	e58f83e6a8680e2905ecc2193cb2745fcb285317	CHECKED	5
local	refs/prepurge/stash-063	d90566213878a6cd43aa3fea8d1678e7c0b3c3b5	CHECKED	5
local	refs/prepurge/stash-064	2e2e235d6942594ab84d8041472d6c80ddf17608	CHECKED	5
local	refs/prepurge/stash-065	ee6f5a972a6a54cc93a5a7e19363d3592b367394	CHECKED	271
local	refs/prepurge/stash-066	69ee3f08d9d775b99ff2306e417edcc9c4830cff	CHECKED	5
local	refs/prepurge/stash-067	3093d0f1859175a6f40dff0fdfe6ad5d8c2e9c41	CHECKED	5
local	refs/prepurge/stash-068	a31a6ec9a5a6f89785d1ad5c3411c5b9fb678132	CHECKED	5
local	refs/prepurge/stash-069	70526dde3a079a06d5c2377a725a0b9eec1a85b9	CHECKED	5
local	refs/prepurge/stash-070	cb65c3a0971e8032449ad9e5011c8c7f63c1012e	CHECKED	5
local	refs/prepurge/stash-071	3e3ea7c0a141427b6ace7aa1d723e580b7ce8837	CHECKED	5
local	refs/prepurge/stash-072	bcd00ed80eb1e0b2f7ac03652d2c5fd6c46fc49d	CHECKED	5
local	refs/prepurge/stash-073	5a758224bbb8bed0aaf29daa3beb0088fbda280b	CHECKED	5
local	refs/prepurge/stash-074	530e03bbd62e280fa4a64804f21faf7b88d795c2	CHECKED	5
local	refs/prepurge/stash-075	696a6c3b2da255fd8fda197141ad396ec8dc6b0e	CHECKED	5
local	refs/prepurge/stash-076	ac45d8530b5e47a71abd85c4970e8a2eb5ec0d26	CHECKED	5
local	refs/prepurge/stash-077	15f605afb4085c135f90d4f90a43879a31882b22	CHECKED	5
local	refs/prepurge/stash-078	aed916bcc0043560e812d33542802809c42a8859	CHECKED	5
local	refs/prepurge/stash-079	e64cccd3ad16ae064fe261eda65424baae2ed66f	CHECKED	5
local	refs/prepurge/stash-080	4644c4f1c02088b755bc35705317ed3a7ff0585b	CHECKED	5
local	refs/prepurge/stash-081	e5f7263c8ad547860433f8ed869b7d331224b8bf	CHECKED	5
local	refs/prepurge/stash-082	bb77f65e4df47efc214b15aa40b1107b0fb4d00d	CHECKED	5
local	refs/prepurge/stash-083	ec32d84ae9f8e01b9ff3342aaaf12f4655e277ac	CHECKED	5
local	refs/prepurge/stash-084	f87425246c4e6d678cea8418f71415b7831faa67	CHECKED	5
local	refs/prepurge/stash-085	472990ae05c186608c249a8906fe742b4f3f81d0	CHECKED	5
local	refs/prepurge/stash-086	260484da1e86876ba342b00857616d1e0f0d4665	CHECKED	5
local	refs/prepurge/stash-087	d878e6c6a17ca2a99c286cbc4d8a562c46a54fd9	CHECKED	5
local	refs/prepurge/stash-088	f57d64098a69ceaed90bc1a54fd9a29f75fae04b	CHECKED	5
local	refs/prepurge/stash-089	86ca149727302a5e26dc4fe6dc8b291ad5a7631f	CHECKED	5
local	refs/prepurge/stash-090	2b92de2b1f5d8fed7c1fe6006fa2d9003d140692	CHECKED	5
local	refs/prepurge/stash-091	86fa9ac935607ee94bd4b9e22e8959bd6b070a6d	CHECKED	5
local	refs/prepurge/stash-092	d9d7ada1d068ef839c5d367990829b8175996c06	CHECKED	5
local	refs/prepurge/stash-093	a2b847831731220b16a3f6b8244235200c365ab8	CHECKED	5
local	refs/prepurge/stash-094	8345413df89c8b1abbc93b6e1a7ab0fedc22d393	CHECKED	5
local	refs/prepurge/stash-095	d9ed3804c397873cb89e8171d0b655f6eeac4fa2	CHECKED	5
local	refs/prepurge/stash-096	77a03d7dc3ad3694c4f2e438aa37cfe7877b435b	CHECKED	5
local	refs/prepurge/stash-097	8cde05c92346c07f88b3cbacf1e98d62dcffa5e3	CHECKED	5
local	refs/prepurge/stash-098	ecc995bbbc5c22f77b65d507badcbcd5bc5b5892	CHECKED	5
local	refs/prepurge/stash-099	66d2cdcf9c1488a7b49b3a45445ad71a1e5b8dc9	CHECKED	5
local	refs/prepurge/stash-100	2c9163db50fa8ac1e45f724b403b5b6639ee3e9a	CHECKED	5
local	refs/prepurge/stash-101	ec39a7ec82a7c43859d38828c73830095c5a7308	CHECKED	5
local	refs/prepurge/stash-102	f984a0e54b00513e8d747fede98a35d527f2597b	CHECKED	5
local	refs/prepurge/stash-103	39a214978cb317b71c767d15ac3efe5054f5c44c	CHECKED	5
local	refs/prepurge/stash-104	8c60e7ae7412e908ae79e1e243479eaaba8a5522	CHECKED	5
local	refs/prepurge/stash-105	aad3d6677ffaa63bf90309468bf22398b8a36cd7	CHECKED	5
local	refs/prepurge/stash-106	992c9d549c4f324494db128cad1f283a56c50fa6	CHECKED	5
local	refs/prepurge/stash-107	ef5ddc23d9bc5155b980eb2b444ec246d0c8d875	CHECKED	5
local	refs/prepurge/stash-108	efd579956acda2ca09c71e7f19ddb7d57cfb8f04	CHECKED	5
local	refs/prepurge/stash-109	bd486d64847d2b1c0fe6e54571392d83ddb8c472	CHECKED	5
local	refs/prepurge/stash-110	99f774c853f9b7559f788023e7fd9f8098fcd693	CHECKED	5
local	refs/prepurge/stash-111	2f39ad1a165e60880be6dabb18958f2085d9bece	CHECKED	5
local	refs/prepurge/stash-112	b829b2604993b87459b4ff6efd9acfe8ec7b2047	CHECKED	5
local	refs/prepurge/stash-113	7cf4c7a73c89fbfd72c7256175c7109110734fb4	CHECKED	5
local	refs/prepurge/stash-114	f94dae944f53d0afffbd4ff361b5cc49dec2e4e0	CHECKED	5
local	refs/prepurge/stash-115	f84ea32bdfa94d74c3d04355f6f357a25a23747e	CHECKED	5
local	refs/prepurge/stash-116	bd057a9dab0a704345c2447aef1413225a5b5b33	CHECKED	5
local	refs/prepurge/stash-117	dc3e27bd3ad251e76707f9d98d1da1b4622f51d8	CHECKED	5
local	refs/prepurge/stash-118	45920800d36690a24f1acf2f93154195296f6311	CHECKED	5
local	refs/prepurge/stash-119	f5fbaf47f7ff64649cef5b3a06b133fa2a0625d6	CHECKED	5
local	refs/prepurge/stash-120	30c00a56fbae8079ab5ea031402e0cf5e0611ab8	CHECKED	5
local	refs/prepurge/stash-121	c31f5e072960534cd55f96962df2f68c42a3d0f9	CHECKED	5
local	refs/prepurge/stash-122	832038dd3a8e8b5824bcb42506954eb86cee8706	CHECKED	5
local	refs/prepurge/stash-123	83483384f75aebc4b2cabde5fa0de44555578735	CHECKED	5
local	refs/prepurge/stash-124	3ac323a27711f5277aa5561a04e4e793f4e54749	CHECKED	5
local	refs/prepurge/stash-125	26aa27171724b9f4e9b3a0aaa9e8cfff2901063f	CHECKED	5
local	refs/prepurge/stash-126	188875b632fc68611f58613ede1b6adcc1a818cd	CHECKED	5
local	refs/prepurge/stash-127	cddab2060aad9375141008abd9018caa84d63b80	CHECKED	5
local	refs/prepurge/stash-128	525112b901e1091379ae9eb9cf3c793e8b043749	CHECKED	5
local	refs/prepurge/stash-129	f6b55780f88459b9c6197efccd43a69fc9388197	CHECKED	5
local	refs/prepurge/stash-130	ae4e4e594d0b665e60be0eef358c9f38848be14a	CHECKED	5
local	refs/prepurge/stash-131	9abb138e88caefad09a75186fbd367dad7814705	CHECKED	5
local	refs/prepurge/stash-132	49cddf5133c7d0f4d970e2f94b5db7e179b37fe6	CHECKED	5
local	refs/prepurge/stash-133	00de27e8e6ae8be5d2086cdf79c4c187df07c962	CHECKED	5
local	refs/prepurge/stash-134	e92a4071bab3a0ec0fadaa966f544e5da1fc2ae0	CHECKED	5
local	refs/prepurge/stash-135	6a4538198e7f00ae9ce9e66817b67c87479486e6	CHECKED	5
local	refs/prepurge/stash-136	2090657a0e71a33ef68eefc9077a2446ddd63e9a	CHECKED	5
local	refs/prepurge/stash-137	28bc88e1a617cf2b2f572715e797f0aca9735b0f	CHECKED	5
local	refs/prepurge/stash-138	f2e7cf94b71ab08bdf290c1300f031c39f3299d1	CHECKED	3
local	refs/prepurge/stash-139	3d9078e7c4e27f57c7903832a74f58c05b9a8239	CHECKED	3
local	refs/prepurge/stash-140	58745e72d42b7fe80bbb6fecd1630c9f00d834fd	CHECKED	5
local	refs/prepurge/stash-141	bc055815eff3af04498149ff44ffc393f0bab090	CHECKED	5
local	refs/prepurge/stash-142	1064affe4994af0d556386257420bb8d51bc8db2	CHECKED	5
local	refs/prepurge/stash-143	ec4ada59ed37eeff07e8e0fa7de4ef4b52c4c1ce	CHECKED	5
local	refs/prepurge/stash-144	1d8d53da2b377fddb97e1b845dc71d72d378ed3f	CHECKED	5
local	refs/prepurge/stash-145	f36d34b4ec6ca27d06ff4c4093415e994d8b45b2	CHECKED	5
local	refs/prepurge/stash-146	90d8d1b099ad24f5fb7ac6a1892e11bf86474f8c	CHECKED	3
local	refs/prepurge/stash-147	da41721b830e9b28c143e4f8abde8a2b801c3e8e	CHECKED	3
local	refs/prepurge/stash-148	0e971cc8adf157477dce7c3acb67f8d06395834f	CHECKED	3
local	refs/prepurge/stash-149	37720df711cdeb93d18bde5d8fceb5abae20ec51	CHECKED	3
local	refs/prepurge/stash-150	9b02455873d985718d0fc7abc8b97bfe6a81b980	CHECKED	3
local	refs/prepurge/stash-151	00834777045f16f95ec09aaba49c6cc321f78cea	CHECKED	3
local	refs/prepurge/stash-152	6aa19769f20cce9901ebfcf36b849111423949c3	CHECKED	2
local	refs/prepurge/stash-153	34888f45f833cee602fecb90eb1a9cd552b35ec3	CHECKED	2
local	refs/prepurge/stash-154	5d83ec7d6b5756e5e526ae7be687d5471f1e9557	CHECKED	2
local	refs/prepurge/stash-155	e84c1d2154160134857ee84af4925a45e3f59ef7	CHECKED	2
local	refs/prepurge/stash-156	8e397ac1367f07458c300253d0ea9919789848f5	CHECKED	2
local	refs/prepurge/stash-157	92661e647252c8a7d097edb5e97b8d5877cd9b28	CHECKED	2
local	refs/prepurge/stash-158	cc068f130d5178e11ae9bb693a634b0d514b97e8	CHECKED	0
local	refs/prepurge/stash-159	0257e66f47834a9f00aee6df3774c130425ece19	CHECKED	0
local	refs/prepurge/stash-160	fecde8a8367068f7198641d432ffd260dfc243d6	CHECKED	0
local	refs/prepurge/stash-161	d6bc2781650b3d20c37aee2aa8b1d5fc5c175e50	CHECKED	0
local	refs/prepurge/stash-162	fb79aeb8d7db2d3199c15311d644615cd3bc30a8	CHECKED	0
local	refs/prepurge/stash-163	61ad72986328283e614da1c1e7d2c9ccb7567fc3	CHECKED	0
local	refs/prepurge/stash-164	5deeb53c52bdd70c3d00dfa36720b3ccfb10a322	CHECKED	0
local	refs/prepurge/stash-165	d93383b468f1cdd8f58020edab7d28553e0f1d5c	CHECKED	0
local	refs/prepurge/stash-166	a8fc08060ae0ed7250ee07dee0e8e3b381bc9dec	CHECKED	0
local	refs/prepurge/stash-167	bbdc9b07db1b9647ca212b3027f9557a610ca22d	CHECKED	0
local	refs/prepurge/stash-168	e42c4d7165a6e9a96f71082071d64da26e426559	CHECKED	0
local	refs/prepurge/temp/worktree-start	ecf4750ed9e9eec2614c385168ea56c4416843c2	CHECKED	5
local	refs/prepurge/vehicles	b4762954f65b68f6483c2c62463dc551027afeee	CHECKED	17
local	refs/prepurge/work-20260809	5cdd109e8d8b284a0a651349a5dde85186cab3ad	CHECKED	17
local	refs/prepurge/worktree-agent-a28f710467f8c290a	6cef26fc0c68f034255a068baf593f2ac17fa3df	CHECKED	2
local	refs/prepurge/worktree-agent-a2f031f95806b8072	09bf97679225fcfbffab8123e7e46d25bfe25171	CHECKED	2
local	refs/prepurge/worktree-agent-ac3b96cad8ba5b23c	9c70e3b6663a8a5a96f4d11c17b0bcabe0989c5f	CHECKED	2
local	refs/prepurge/worktree-agent-afb60d80eda452cf8	68d004b7d44c86b57c351819f955e9fa5e6ea212	CHECKED	11
local	refs/prepurge/worktree-auto-lift-session	d00b090d800c427e87affc658ff32c87e5d6b80f	CHECKED	2
local	refs/prepurge/worktree-circular-queue	1877df2ad0ce172130a543eb92209e487b01b050	CHECKED	2
local	refs/prepurge/worktree-debug-mp-freeze	5ec1b47631df1cfe205986d428b90296b26f03e2	CHECKED	2
local	refs/prepurge/worktree-deep-hugging-fog	1f18a049ed6a6a96dc62c234659fee66897f6bff	CHECKED	3
local	refs/prepurge/worktree-goal-lift-session	8e18de0f99a292cff0c0ff63df24a45fc32e7908	CHECKED	3
local	refs/prepurge/worktree-goal-lift-session-v2	303edf6ba50abce5775344d05b8ef4635ff6fe85	CHECKED	5
local	refs/prepurge/worktree-lift	b89168b6f10019682374741ac3a3fb5ad23f459c	CHECKED	2
local	refs/prepurge/worktree-lift-new-functions	067c370e218d94aba0a93f50c956cdc760359446	CHECKED	5
local	refs/prepurge/worktree-lift-session	f5da12f62ebf28d5712f0301f06d3ef890943370	CHECKED	5
local	refs/prepurge/worktree-lift-session-2026-06-05	d68cc3e43f759e3654fc9bd218d2112ecf5fad6d	CHECKED	5
local	refs/prepurge/worktree-lift-temp	8025860d824c7ae3dd7bf050e86ab30126f9d1a3	CHECKED	2
local	refs/prepurge/worktree-lifts-batch	8daacf07fc0831a66ab685d1c6852ed701562c1b	CHECKED	2
local	refs/prepurge/worktree-mellow-exploring-pizza	24578a1c0f751ba0c53cbd31970da95b3ebc40b7	CHECKED	3
local	refs/prepurge/worktree-rasterizer	f17a5b236ec0d2ba82a33776de4ff65f95344e8d	CHECKED	5
local	refs/prepurge/worktree-scalable-coalescing-lobster	9b314c890de1d31fb58c237c88afe3626e63ad03	CHECKED	5
local	refs/prepurge/worktree-system-exit-lift	efd4484645213112380b55f62dbf7098f4000dcf	CHECKED	3
local	refs/prepurge/worktree-temp-session	8b9b11415f82d648b6530edf461c363fa69288f1	CHECKED	5
local	refs/prepurge/worktree-twinkly-napping-breeze	af7840a88eaeaecb60cd670184a103d172fad25b	CHECKED	5
local	refs/preserve/stash-only/6906169a7	6906169a7d8ad93b00ad3f661ddb15c394da293d	CHECKED	5
local	refs/preserve/stash-only/6a076b345	6a076b345b4ffc63ef4fd01c82672ad61532a708	CHECKED	4
local	refs/preserve/stash-only/8d53ec3a1	8d53ec3a166d41f9ef22b954dc32001248f5397e	CHECKED	4
local	refs/preserve/stash-only/99c677bc3	99c677bc3b5ab7219211a37b6391d5589422536b	CHECKED	4
local	refs/preserve/stash-only/a6407ee20	a6407ee20cd19b8eb274299edf4ad1b136603311	CHECKED	4
local	refs/preserve/stash-only/b1296294c	b1296294ceb9c442a5da066d73a5bd6a894dec12	CHECKED	4
local	refs/preserve/stash-only/b8b045ced	b8b045cedc1a04672bc127e71cc0f7a6274dba99	CHECKED	4
local	refs/preserve/stash-only/c80df2fa7	c80df2fa77c582f454c104d4e47fce2291f916bc	CHECKED	4
local	refs/preserve/stash-only/f449913eb	f449913eb4322b59baad7767efe99d3bd90661aa	CHECKED	4
local	refs/preserve/stashes/000	2d978c989dea7217444bf43e25b668459de63eb5	CHECKED	12
local	refs/preserve/stashes/001	ff8d5a3bb9b25d338ad055080794f64f99049e7f	CHECKED	5
local	refs/preserve/stashes/002	d6ad16f377d8f944c0490048cb87c71e03d7fb76	CHECKED	5
local	refs/preserve/stashes/003	0c0b22037fb0556aff53eab67764015ab8cc71fd	CHECKED	5
local	refs/preserve/stashes/004	f2bad35f7bf170900e7c8f68644ab6e38f13b6cc	CHECKED	5
local	refs/preserve/stashes/005	ddb65b0b8613dc64880125e5aade2bccd7b44bc7	CHECKED	5
local	refs/preserve/stashes/006	e9f7a9f6e8ac9bacb53e6f026089c06452f0a7ff	CHECKED	5
local	refs/preserve/stashes/007	0aff4cc82fc47ec169f7339395673da3e2850df8	CHECKED	5
local	refs/preserve/stashes/008	5669a9c77fdbde570d5cfd31899798401156f47a	CHECKED	5
local	refs/preserve/stashes/009	08f8d5a3cd8fd66b31ec1c1ad16e1a0ae13bcac1	CHECKED	5
local	refs/preserve/stashes/010	850cc320dc67a52c8e0c0e46986efee5c1afb171	CHECKED	5
local	refs/preserve/stashes/011	c4d5894a7135379848dcb920c719c6c13bbdd544	CHECKED	4
local	refs/preserve/stashes/012	93e6ca2f2f36506628324b86cdf1a2088abd27df	CHECKED	4
local	refs/preserve/stashes/013	17d1be7b9d970f8a92bc8d00e243b2a785705143	CHECKED	4
local	refs/preserve/stashes/014	45036817acd62120f71d89be265391400fc05d83	CHECKED	4
local	refs/preserve/stashes/015	c88b90cc3a896f809e0f20c5223e3f3c61ff6f05	CHECKED	4
local	refs/preserve/stashes/016	4522addbaafd9217f803f0512b1b80dc8cfb6f09	CHECKED	4
local	refs/preserve/stashes/017	01624b463756764d0545665f0f3cbef767c731c2	CHECKED	4
local	refs/preserve/stashes/018	6ca5836fcaf3489ed14f4dcbb0fcfc9e1e16df09	CHECKED	4
local	refs/preserve/stashes/019	33dd500d4423dcd6646fd04d702d2eba3df1a792	CHECKED	4
local	refs/preserve/stashes/020	57c8bb51aad6175cc98acbac027b8be051f7c602	CHECKED	4
local	refs/preserve/stashes/021	811e00dc4b2dfabb3dc91ad19df967ab0137d0e2	CHECKED	4
local	refs/preserve/stashes/022	8d1567c9a304f2ffe6901fd3754b3ad90281f8f1	CHECKED	4
local	refs/preserve/stashes/023	4a797d0f1def026a973852bf1114c812df96f15b	CHECKED	4
local	refs/preserve/stashes/024	e49eae8d2bc436f94c29f57957750d76c5fa274c	CHECKED	4
local	refs/preserve/stashes/025	3d603dbce2d64401a9f725f518598caac9d9b958	CHECKED	4
local	refs/preserve/stashes/026	291f4667407b05b6390793bf7572a2e6a2dd99db	CHECKED	4
local	refs/preserve/stashes/027	fc12a8cc5adc3e6a58e0e0580da6f4701c1fcff9	CHECKED	4
local	refs/preserve/stashes/028	71e8c7e1f483d2e0182cc55b8264307b28b83eb6	CHECKED	4
local	refs/preserve/stashes/029	07a3e5363126419c70d8df74804c671fb03ad626	CHECKED	4
local	refs/preserve/stashes/030	d0863a61e7290757e50b8e61cd53afae603816a0	CHECKED	4
local	refs/preserve/stashes/031	eb6eb1453fe290933e19b2e1d3b926b1d84f8361	CHECKED	4
local	refs/preserve/stashes/032	2cb2707fa5334a54ae9a8f27bde862bace8ffc64	CHECKED	4
local	refs/preserve/stashes/033	d8c7369e374449f37aaf3cb5e90b4cc9c9730b38	CHECKED	4
local	refs/preserve/stashes/034	ca2647b4b6281bd731f8c02daa407943510d785f	CHECKED	4
local	refs/preserve/stashes/035	b72af943e062c8a70a32865ea72ab68a0a1ee9f3	CHECKED	4
local	refs/preserve/stashes/036	38dfec380a57c6d2ebabe659dcc5155f3b241070	CHECKED	4
local	refs/preserve/stashes/037	ec2e5d7b00fe0f6cf063d68b6d0e68ac7cf0b825	CHECKED	4
local	refs/preserve/stashes/038	afed63d88293336c3d80392d62b3fb655568997e	CHECKED	4
local	refs/preserve/stashes/039	d30a74728ba8e5e1b40c34aaa225dcee47767688	CHECKED	4
local	refs/preserve/stashes/040	5e1e251ad6b86842fc6bfc5e69257f28ca8ac180	CHECKED	4
local	refs/preserve/stashes/041	8ab4c747a095f2cd1b7ab22ee7246eb39db2aa2d	CHECKED	4
local	refs/preserve/stashes/042	145ba262a30ad1c34d44ca60a53ece385c2798bd	CHECKED	4
local	refs/preserve/stashes/043	0ae400f81869a93d3621c54d9df83a54b4512664	CHECKED	4
local	refs/preserve/stashes/044	4505407baf658a775f12cd84ce5574a524c8b8d5	CHECKED	4
local	refs/preserve/stashes/045	507d59e36a87f169305741cdbfdb69970448828a	CHECKED	4
local	refs/preserve/stashes/046	9b4064555a971205b692bcd8913a46a63a777524	CHECKED	4
local	refs/preserve/stashes/047	c76d8d75068726e55809cdaa42b9692537bdc4ea	CHECKED	4
local	refs/preserve/stashes/048	64cbc78b56cda6c24d3b5f9fd8d79e99e757f8c7	CHECKED	4
local	refs/preserve/stashes/049	330762e3a0966f271fa429bf3113f298858f913d	CHECKED	4
local	refs/preserve/stashes/050	edaaadc9ae78261f2575ae2ba9e0fb3681254fd6	CHECKED	4
local	refs/preserve/stashes/051	ae514b8b223e2c486267346d8bdc726dc61354ca	CHECKED	4
local	refs/preserve/stashes/052	dece32e2275648573cddaba6d60b7e2657d34416	CHECKED	4
local	refs/preserve/stashes/053	9ecdd4189e8cb9ba24d89923b3b40255f39ae202	CHECKED	4
local	refs/preserve/stashes/054	1e1143174fc715b9af5f29d1575b457d136dd565	CHECKED	4
local	refs/preserve/stashes/055	61d2dd7d76030d4c66bc15bb05039ca1c1c38b7a	CHECKED	4
local	refs/preserve/stashes/056	dec0e3fc3ab66aef070684e55913654351260378	CHECKED	4
local	refs/preserve/stashes/057	def712f61394737812147000f034526c0924a1ae	CHECKED	4
local	refs/preserve/stashes/058	462f980840e74fe75a94b5da711af4004d6f4eec	CHECKED	4
local	refs/preserve/stashes/059	1cf01624a40c5d507bf16c5806feb6c2f195f3b6	CHECKED	4
local	refs/preserve/stashes/060	e01ffb6bc9bdab01e98e27cd4303f775d7443732	CHECKED	4
local	refs/preserve/stashes/061	5a85ede1f34e0efd3acaf03cea8def2e60b3c68a	CHECKED	4
local	refs/preserve/stashes/062	b7a370eaf703ff7848fdd68cf21a1e28e03c0222	CHECKED	4
local	refs/preserve/stashes/063	6099d1eb005b75e1e0d9e4fda8f73880ca9bdccd	CHECKED	4
local	refs/preserve/stashes/064	621fddb1697289a4ec498ba31983f268ade22a02	CHECKED	4
local	refs/preserve/stashes/065	1a004ed58197858424b7b5a5e2b9e4d90d09e27e	CHECKED	4
local	refs/preserve/stashes/066	0bf78149250a3321cf6724a08e7fe43b73181b62	CHECKED	4
local	refs/preserve/stashes/067	b5f4ca6222340643738c7e6caade0204732cc738	CHECKED	4
local	refs/preserve/stashes/068	943be007b77e3c6a2519b7c2b2ad3259a0dcaf88	CHECKED	4
local	refs/preserve/stashes/069	000cd8341964d6c63b790c283795bb1413683430	CHECKED	4
local	refs/preserve/stashes/070	101d807199879edb54f5093619d272a928e68036	CHECKED	4
local	refs/preserve/stashes/071	ef3a3195c42fa3690ad255937be00eb9270e882e	CHECKED	4
local	refs/preserve/stashes/072	9dad051f75b186869f266d29ad980518fa6c8862	CHECKED	4
local	refs/preserve/stashes/073	6f299bd90c90ffc37bde9fe14b4dac9265b84188	CHECKED	4
local	refs/preserve/stashes/074	84500e9bc94c1c9da4ebf10f8990e72e1eb9fed3	CHECKED	4
local	refs/preserve/stashes/075	021b20a7496002f429d2d2c098b90d4f15817283	CHECKED	4
local	refs/preserve/stashes/076	f33270c6e37c32f3ad467f8ed82a185bbe22d721	CHECKED	4
local	refs/preserve/stashes/077	54836be4fac67169d76298b5918c509a2d71024f	CHECKED	4
local	refs/preserve/stashes/078	eed92a5693d15a400ee4cb7671eece083060cb46	CHECKED	4
local	refs/preserve/stashes/079	a667fb13a62b16793122ef87c367cf15d2b5bee8	CHECKED	4
local	refs/preserve/stashes/080	dbaa417d9d8a30aa77dd372896318c26777bd302	CHECKED	4
local	refs/preserve/stashes/081	4bbe8950ac961fec8d7612475a20db8b91ccb357	CHECKED	4
local	refs/preserve/stashes/082	0016e45fcfd4b3a9dc08456155245275d4ca45e1	CHECKED	4
local	refs/preserve/stashes/083	79d1c81258cd15ad57410aa301ab03ebe708f9ab	CHECKED	4
local	refs/preserve/stashes/084	a0424ec9cfbca9e3a26bfad6e9383ccf6256bc1d	CHECKED	4
local	refs/preserve/stashes/085	11981289339111ca1c4103166b56f7641596cb04	CHECKED	4
local	refs/preserve/stashes/086	37ec0524d18c5c9665fbdfcc2e6f4fb04c446bbc	CHECKED	4
local	refs/preserve/stashes/087	1643557aadc76c02e3db388c0a3e25a93d697de8	CHECKED	4
local	refs/preserve/stashes/088	8e4b5c1a62b5e8ccc5192c73d4034a62bb8dcc15	CHECKED	4
local	refs/preserve/stashes/089	8e6061102100a474718d93d5623a685af283fa46	CHECKED	4
local	refs/preserve/stashes/090	3e9358ceb5cf0ac847fe926aa9185246b547868e	CHECKED	4
local	refs/preserve/stashes/091	fd005a29f5c61504f70913085fc356f66e5952c4	CHECKED	4
local	refs/preserve/stashes/092	0a568efc333b6d8ea97af9b3463f63288f081068	CHECKED	4
local	refs/preserve/stashes/093	8cbe0e667bf5e0b2c436057672e05b57f7fbb597	CHECKED	4
local	refs/preserve/stashes/094	86321aa3b130e77981e94575ee9d83c259e969e6	CHECKED	4
local	refs/preserve/stashes/095	4e0a362e9c31df22aa89759bce6bc3b1424c1f14	CHECKED	4
local	refs/preserve/stashes/096	0f242d1048dbb66532ad948d5f5d6d43e4f2c0fe	CHECKED	4
local	refs/preserve/stashes/097	c36105a629484430c619500fc0f6c56f6b7e3348	CHECKED	4
local	refs/preserve/stashes/098	96182f0805347419cd8314000546f881d326a922	CHECKED	4
local	refs/purged/_rewritten_main	aa35d997c6df2b17192ae1af00189f823db5acd8	CHECKED	4
local	refs/purged/actor-looking-score-20260809	cb0ab6c34ddf0906d13c787a7b0413b3e34e6e82	CHECKED	4
local	refs/purged/arch-review-fixes-2026-07-07	ea044a49f6c004bf1624777dd1daa18a12d23e18	CHECKED	4
local	refs/purged/auto-pipeline	cb0ab6c34ddf0906d13c787a7b0413b3e34e6e82	CHECKED	4
local	refs/purged/backup-badmerge	3b6e898e6b2f4fb78d2395fa27cf614e9dab1d86	CHECKED	4
local	refs/purged/backup-integrate-20260706	fe2b73701a647d51bd33d2647315e2226de32a39	CHECKED	4
local	refs/purged/backup-prerebase-a43e9a09	a94d33e27cbcbb272c2a291f0f43d40b392b1327	CHECKED	4
local	refs/purged/backup/integrate-20260705-pre-reintegrate	8fd43b1836322e97f8656cc05f914a28d641b546	CHECKED	4
local	refs/purged/backup/integrate-20260710-pre-reintegrate	a6fa83761e24334f10362b59c47b5fc926da846b	CHECKED	4
local	refs/purged/backup/lift-session-20260629-pre-merge	8a0520503dbfb135e9941d204b4a600a41e51c73	CHECKED	4
local	refs/purged/backup/lift-session-20260721-pre-reintegrate	b3c543c69b45e6d397f42d18b214be8044df8989	CHECKED	4
local	refs/purged/backup/lift-session-20260724-20260728	b16bab8f1946bc5c6e9e31ab8e9a622928fe9310	CHECKED	4
local	refs/purged/backup/lift-session-20260724-20260729	4fac87b7f71bf249b53e9c0f5abdbb93a4226c1a	CHECKED	4
local	refs/purged/backup/lift-session-20260724-pre-ff-20260731	21faa6ff080dcc2a2ff80f7b026f8872ade93764	CHECKED	4
local	refs/purged/backup/lift-session-20260724-pre-reintegrate	674b8384d6be52550d53b689a16e346cab31a103	CHECKED	4
local	refs/purged/backup/lift-session-20260724-reint2	3614fae9cac9882e0be75fd7e99285ea18b14e49	CHECKED	4
local	refs/purged/backup/lift-session-20260807-pre-reintegrate	6c8677d2f57f46833b3a3fc203657a3d001212e0	CHECKED	4
local	refs/purged/backup/lift-session-20260807-pre-reintegrate-20260808	0872d226913e3f1eda404d6f3827b68a264656ab	CHECKED	4
local	refs/purged/backup/pre-clean-resolve-20260721	891a67c3b779f4fd41d0f064d7427e62cb0f453c	CHECKED	4
local	refs/purged/backup/pre-hash2-rewrite-20260708	5418c63996c610f8fa40ceb9443e0315314b00af	CHECKED	4
local	refs/purged/backup/pre-history-rewrite-local	a90648112deafa464ce54e911df225b6edb1ee91	CHECKED	4
local	refs/purged/backup/pre-june22-replay-main	877ac091a2f397c8c3e07a97e3f1502de4229617	CHECKED	4
local	refs/purged/backup/pre-land-20260807	dc170867297c94e0e4a76774ad1b3b3ad28e5a4b	CHECKED	4
local	refs/purged/backup/reintegrate-20260731	8b79ad8abfa6c7b9b38909e554ffabd29a91e3f9	CHECKED	4
local	refs/purged/backup/seq-run4-pre-rebase	80905022f8dfee9f0291fd97ed376a6fde76ee3d	CHECKED	4
local	refs/purged/backup/workflow-improvements-20260610	3f657d99724952b5b80892917b17ff5dd328b5eb	CHECKED	4
local	refs/purged/biped-2f40-relift-consolidate	9a5766946d7874d71e2ac23c6ac81fc06966ef47	CHECKED	4
local	refs/purged/bipeds-activate-0e00-0680	25774032c26b8f28548672cd6bca5400459658ec	CHECKED	4
local	refs/purged/bug-fixes	1fed775bfd2d841cef48cfb6a68927a17067ef53	CHECKED	4
local	refs/purged/bullet_hole_problems	053b51697a861c7a6c9c2dae31906d39296ade7c	CHECKED	0
local	refs/purged/clean-main-20260702	e2c9ebddb19b95b91524df394c6ced7e8308d69b	CHECKED	4
local	refs/purged/fix-actor-abi-18b90	742397d25d63d273f74278100308942df42b4e42	CHECKED	4
local	refs/purged/fix/vc71-scoring-integrity	6afe9443df2fd5e1f81915385ee019aaa7818a5e	CHECKED	4
local	refs/purged/golden-tests-wip	1824f9a5c8b4fb83734a87ff59ee1a9a13e0b855	CHECKED	2
local	refs/purged/hud-match-improve	c9ba4c04b7b436e604000fc42f0af0f489257d39	CHECKED	4
local	refs/purged/integrate-20260705	a72c302c79854b7f0e72f995616f8a7a37be08ad	CHECKED	4
local	refs/purged/integrate-bipeds	aa35d997c6df2b17192ae1af00189f823db5acd8	CHECKED	4
local	refs/purged/integration	5998485cf3eb407d2a91af4c65a87a2a12795287	CHECKED	4
local	refs/purged/lift-network-server-message-handler	deb5d81abfbedfb3926e71992abfe134459c907a	CHECKED	4
local	refs/purged/lift-session	e38280aa25036f7ebe903527a05ced02098b2b91	CHECKED	4
local	refs/purged/lift-session-20260629	52eb86e32a24e2dcec22105470c62f1c26268925	CHECKED	4
local	refs/purged/lift-session-20260702	1f98d3dfbd9363c5297b522016b09681c63e102a	CHECKED	4
local	refs/purged/lift-session-20260702b	9b306719f7652e9b81cca6da4e95ced79827cfca	CHECKED	4
local	refs/purged/lift-session-20260721	891a67c3b779f4fd41d0f064d7427e62cb0f453c	CHECKED	4
local	refs/purged/lift-session-20260724	78a6b7d35d9d3da72b1ac79c0d739411ec719674	CHECKED	4
local	refs/purged/lift-session-20260805	5a1c0b8d3a536d5f3df8af614b92bb45ac04d5d2	CHECKED	4
local	refs/purged/lift-session-20260807	f513c9b540634a4932926b2c3b28a07026fb5e42	CHECKED	4
local	refs/purged/lift/rejected/FUN_0002d900	6688180926762483c0e01052eef52641e8a82b8c	CHECKED	2
local	refs/purged/lift_msg_handler	cb0ab6c34ddf0906d13c787a7b0413b3e34e6e82	CHECKED	4
local	refs/purged/main	aa35d997c6df2b17192ae1af00189f823db5acd8	CHECKED	4
local	refs/purged/pr-34	d916c2146277f09d6c1bcf5d1778c4f61a5b7235	CHECKED	0
local	refs/purged/pr-36	b8c2f18d231e51edd9a991761dd812d6fcbe3f03	CHECKED	0
local	refs/purged/pr-62	e9685c0740f8d12359b87b7d4abdb2c316d7fb08	CHECKED	0
local	refs/purged/quick-wins-libcmt	b8b075d64a6fcd2bba553dddcbf115e9eb4622cd	CHECKED	4
local	refs/purged/quick-wins-main	e3ed8434a07707624af485defb6f5db9c0597eda	CHECKED	4
local	refs/purged/rasterizer-consolidation-wip	42e9886ae79a9c1d9279c408ebde7b363ff0fb90	CHECKED	4
local	refs/purged/rasterizer-tu-placement	cb0ab6c34ddf0906d13c787a7b0413b3e34e6e82	CHECKED	4
local	refs/purged/replay-local-work	877ac091a2f397c8c3e07a97e3f1502de4229617	CHECKED	4
local	refs/purged/safety-pre-rebase-20260805	7d653c133d5ca9f73b1d2c07dc2d52889f3472f3	CHECKED	4
local	refs/purged/stale-tmp-integrate-20260629	1ff8c3d51f40f0d351b52f21d9ae0e37ef7f0cf4	CHECKED	4
local	refs/purged/temp/worktree-start	db5500e940435626a8ff5dbab1f83ba06fdbedae	CHECKED	4
local	refs/purged/vehicles	aa35d997c6df2b17192ae1af00189f823db5acd8	CHECKED	4
local	refs/purged/work-20260809	cb0ab6c34ddf0906d13c787a7b0413b3e34e6e82	CHECKED	4
local	refs/purged/worktree-agent-a28f710467f8c290a	6cef26fc0c68f034255a068baf593f2ac17fa3df	CHECKED	2
local	refs/purged/worktree-agent-a2f031f95806b8072	09bf97679225fcfbffab8123e7e46d25bfe25171	CHECKED	2
local	refs/purged/worktree-agent-ac3b96cad8ba5b23c	9c70e3b6663a8a5a96f4d11c17b0bcabe0989c5f	CHECKED	2
local	refs/purged/worktree-agent-afb60d80eda452cf8	87ab88cd87bd4f85156413d820acc67f251e3d0a	CHECKED	4
local	refs/purged/worktree-auto-lift-session	d00b090d800c427e87affc658ff32c87e5d6b80f	CHECKED	2
local	refs/purged/worktree-circular-queue	1877df2ad0ce172130a543eb92209e487b01b050	CHECKED	2
local	refs/purged/worktree-debug-mp-freeze	5ec1b47631df1cfe205986d428b90296b26f03e2	CHECKED	2
local	refs/purged/worktree-deep-hugging-fog	444654bc9f682b56b9ca5775a450d74e5242f5c2	CHECKED	2
local	refs/purged/worktree-goal-lift-session	bab33c3eebeed4ba8104d1581c0b7b84fd57869f	CHECKED	2
local	refs/purged/worktree-goal-lift-session-v2	9d6c1f1624e340c655172d13b51929b34da20d76	CHECKED	4
local	refs/purged/worktree-lift	b89168b6f10019682374741ac3a3fb5ad23f459c	CHECKED	2
local	refs/purged/worktree-lift-new-functions	6e4f2c1005577be012ce929be098e9ec3cfbb5e1	CHECKED	4
local	refs/purged/worktree-lift-session	ec779bb14d3d35f889308b05531ec8b405d096f9	CHECKED	4
local	refs/purged/worktree-lift-session-2026-06-05	5ce2230b7c638c1dc9c139fdcf4b40823dba5c52	CHECKED	4
local	refs/purged/worktree-lift-temp	8025860d824c7ae3dd7bf050e86ab30126f9d1a3	CHECKED	2
local	refs/purged/worktree-lifts-batch	8daacf07fc0831a66ab685d1c6852ed701562c1b	CHECKED	2
local	refs/purged/worktree-mellow-exploring-pizza	e14c2035b128aec27ebec162b38fa9ef76576b3c	CHECKED	2
local	refs/purged/worktree-rasterizer	108ba1e8845e360088d4355058fa0d2931a96cc8	CHECKED	4
local	refs/purged/worktree-scalable-coalescing-lobster	f91b9b6655f7fc4fb46cda43abcc875ccc7a0c70	CHECKED	4
local	refs/purged/worktree-system-exit-lift	253cc7c0bb62528012537cd3fa9240d86a213a4c	CHECKED	2
local	refs/purged/worktree-temp-session	bad8fbc7ab75600e81d03547b304cb742c442977	CHECKED	4
local	refs/purged/worktree-twinkly-napping-breeze	48238544e6f07ab57b1462e6b0c85b7b9cbd2a46	CHECKED	4
local	refs/remotes/mainrepo/main	d832bd6473aaeb07b5fab0351638fc7d72c7704d	CHECKED	12
local	refs/remotes/my/HEAD	0e6f309a563a926f5e52adf6087eaafb1226246a	CHECKED	12
local	refs/remotes/my/bullet_hole_problems	9c87563d5b2432a824b6f643011e70a0ec1133ba	CHECKED	0
local	refs/remotes/my/equiv-autofix/FUN_0005dc00	b3cea4e59947bb279dcf9c353f60bdfa7300ba06	CHECKED	4
local	refs/remotes/my/gh-pages	d069cb87a9e96090034813163eaa3f1ab8d703d7	CHECKED	0
local	refs/remotes/my/main	0e6f309a563a926f5e52adf6087eaafb1226246a	CHECKED	12
local	refs/remotes/my/pr-34	d916c2146277f09d6c1bcf5d1778c4f61a5b7235	CHECKED	0
local	refs/remotes/my/pr-36	b8c2f18d231e51edd9a991761dd812d6fcbe3f03	CHECKED	0
local	refs/remotes/my/pr-62	e9685c0740f8d12359b87b7d4abdb2c316d7fb08	CHECKED	0
local	refs/remotes/nickarcade/batch-1.2-objects-recovery	1a9f068dac59494760a49b3319689029443ea198	CHECKED	12
local	refs/remotes/nickarcade/batch-1.3-ai-perception-recovery	8008eebc387376d60e0098011e11bf94dee9c563	CHECKED	12
local	refs/remotes/nickarcade/batch-1.4-network-hud-recovery	61ecbbc7cbe7d79158aeb2681e06b72f7bf981a0	CHECKED	12
local	refs/remotes/nickarcade/batch-1.5-rasterizer-render-recovery	b8a6820a5788aeb3d9b7d34cbb95a95389b22f49	CHECKED	12
local	refs/remotes/nickarcade/batch-2-complete-frontier-cataloging	ee4aaa7e60b889b8f109e4ed2e452f643e3bc9d3	CHECKED	12
local	refs/remotes/nickarcade/batch-3-lift-and-byte-matching	eb6d2dacb79d47d0a544614da9b442674cce169b	CHECKED	12
local	refs/remotes/nickarcade/batch-4.1-haloscript-core-recovery	a91c64407fce898bda8d3ff82af63d293128911b	CHECKED	12
local	refs/remotes/nickarcade/batch-4.2-weapon-subsystem-recovery	b56b9650c52978f2ad801a0e5928544ea20d97cc	CHECKED	12
local	refs/remotes/nickarcade/batch-4.3-player-subsystem-recovery	657f8ffbbeec1db1505717516848b14dc69ec1ca	CHECKED	12
local	refs/remotes/nickarcade/batch-4.x-close-near-complete-tus	ca10fda466b4ba9cb18880a2c44b6b19e271dcb7	CHECKED	12
local	refs/remotes/nickarcade/batch-4.x-fast-follow	164e4fe25c3c8861145c36f327bc91393dde6d6f	CHECKED	12
local	refs/remotes/nickarcade/hs-batch-1.1-name-recovery	993f3d4fc0af40734fe15ef2c3b5a282c1642a4b	CHECKED	12
local	refs/remotes/origin-local/main	b5d749d607ed01871c6eb0221503211baed62ad4	CHECKED	12
local	refs/remotes/pr12-fork/Batch4revised	0e6f309a563a926f5e52adf6087eaafb1226246a	CHECKED	12
local	refs/remotes/pr12-fork/HEAD	0e6f309a563a926f5e52adf6087eaafb1226246a	CHECKED	12
local	refs/remotes/pr12-fork/Push09132026	51257b3c94910ebfc8fcaf41cca4ef8fdc899c59	CHECKED	12
local	refs/remotes/pr12-fork/batch-1.2-objects-recovery	3708d0b6b63eac36b21575d311068c64ca5a573a	CHECKED	12
local	refs/remotes/pr12-fork/batch-1.3-ai-perception-recovery	aa660358d6f55a38176610e1a0d1cb0e156a1c7e	CHECKED	12
local	refs/remotes/pr12-fork/batch-1.4-network-hud-recovery	ab0f64650a6bef001b206cf8500a28499b3ec9b1	CHECKED	12
local	refs/remotes/pr12-fork/batch-1.5-rasterizer-render-recovery	b8a6820a5788aeb3d9b7d34cbb95a95389b22f49	CHECKED	12
local	refs/remotes/pr12-fork/batch-1.5-rasterizer-render-recovery-revised	eae30cdaae35aef670d0384879f79018806001e9	CHECKED	12
local	refs/remotes/pr12-fork/batch-2-complete-frontier-cataloging	3344193cd85d3a683e6c5d3152ccc1de420eed96	CHECKED	12
local	refs/remotes/pr12-fork/batch-2.1-game-engine-vtables	f025697b202a513e2fe9f73111ce313e7ee8b802	CHECKED	4
local	refs/remotes/pr12-fork/batch-2.2-haloscript-core-recovery	eb29496a616038b0f3fffd0e102f55c376cdf403	CHECKED	4
local	refs/remotes/pr12-fork/batch-2.3-remaining-subsystems	346878041fe26804f982f1c4228a16eb7d964e71	CHECKED	12
local	refs/remotes/pr12-fork/batch-3-lift-and-byte-matching	738935a295eab5f27d0e5fde0cb04df34e01e793	CHECKED	12
local	refs/remotes/pr12-fork/batch-3.1-math-geometry-leaves	0b24ffff4e72fc8f06a23d05366cdda00bcbc0b2	CHECKED	12
local	refs/remotes/pr12-fork/batch-3.2-high-xref-engine-helpers	eb6d2dacb79d47d0a544614da9b442674cce169b	CHECKED	12
local	refs/remotes/pr12-fork/batch-4.1-haloscript-core-recovery	a91c64407fce898bda8d3ff82af63d293128911b	CHECKED	12
local	refs/remotes/pr12-fork/batch-4.2-weapon-subsystem-recovery	6da1fc0d2a93fc4d0ab9f211cb9b84310699ea62	CHECKED	12
local	refs/remotes/pr12-fork/batch-4.3-player-subsystem-recovery	1417ede1143a15a10bd1fd4c7ff46f73b8911b05	CHECKED	12
local	refs/remotes/pr12-fork/batch-4.x-close-near-complete-tus	c633dd7b58c410c47431b6627356e5ecc0a81b8c	CHECKED	12
local	refs/remotes/pr12-fork/batch-4.x-fast-follow	7966ec7d4f92fe664d2338771ced8698249a5a9a	CHECKED	12
local	refs/remotes/pr12-fork/batch-5.1a-player-effects-and-ui	9a9d5821328bf242f564d643d50025328b9084c3	CHECKED	12
local	refs/remotes/pr12-fork/batch2revised	1cab53977a35f649bf1c54c938b599ac002935f7	CHECKED	12
local	refs/remotes/pr12-fork/batch3revised	4b144c43a1fb6d640e1c8305bf02d6a6aba96b54	CHECKED	12
local	refs/remotes/pr12-fork/branch3revised	c039dd6f2368672a50cfbb633738c3cbd27f8ee8	CHECKED	12
local	refs/remotes/pr12-fork/bullet_hole_problems	9c87563d5b2432a824b6f643011e70a0ec1133ba	CHECKED	0
local	refs/remotes/pr12-fork/gh-pages	da48cee41d9f120d47ea3b23580c8855d55b3a05	CHECKED	0
local	refs/remotes/pr12-fork/hs-batch-1.1-name-recovery	a8fb5209e84a8ea275fc2a7dff12dddea511e9c3	CHECKED	12
local	refs/remotes/pr12-fork/hs-compile-core	a044a39d8a4772e0f4152e92df13cac8ba6858bc	CHECKED	4
local	refs/remotes/pr12-fork/main	0e6f309a563a926f5e52adf6087eaafb1226246a	CHECKED	12
local	refs/remotes/pr12-fork/main_with_revised	0e25145edfb968a546cf55101894b9a0d358fd61	CHECKED	16
local	refs/remotes/pr12-fork/pr-34	d916c2146277f09d6c1bcf5d1778c4f61a5b7235	CHECKED	0
local	refs/remotes/pr12-fork/pr-36	b8c2f18d231e51edd9a991761dd812d6fcbe3f03	CHECKED	0
local	refs/remotes/pr12-fork/pr-62	e9685c0740f8d12359b87b7d4abdb2c316d7fb08	CHECKED	0
local	refs/remotes/pr12-fork/shadow-culling-labels	58d22c16198ef2a687cf124897ef319728c93438	CHECKED	12
local	refs/remotes/pr13	61ecbbc7cbe7d79158aeb2681e06b72f7bf981a0	CHECKED	12
local	refs/remotes/pr13-base	fffc7b14e779b2ecd694d32f9c6151868d92befe	CHECKED	12
local	refs/remotes/up/HEAD	21bc641df6b8bdd730c23885ff643545423dcc82	CHECKED	0
local	refs/remotes/up/gh-pages	fa8c2680ec6beb8bcd3bce7ddbfc921cefa570b7	CHECKED	0
local	refs/remotes/up/main	21bc641df6b8bdd730c23885ff643545423dcc82	CHECKED	0
local	refs/remotes/up/website	3813c07b1acc693a93871542048fe60b6e421b6e	CHECKED	0
local	refs/stash	f159e86f82c77126ccee574a59621165f5e21466	CHECKED	20
local	refs/stash-archive/20260924/000	970f0901226f65438b6c22e37fde73e0982b3cf3	CHECKED	12
local	refs/stash-archive/20260924/001	298360be5ecb4c71e25d8ea243889564cab398d7	CHECKED	12
local	refs/stash-archive/20260924/002	4a11c32afc39438a5d6b1f62fbe6d00ef49dbea5	CHECKED	12
local	refs/stash-archive/20260924/003	f9f5c8bf050d2fc8da8a1e3dc2a40907f0fb654c	CHECKED	12
local	refs/stash-archive/20260924/004	3919b820aede830d34d2d45d6bfa422ce50caae9	CHECKED	12
local	refs/stash-archive/20260924/005	25d3a66f62f94d27e1b84526a1b704cec2640693	CHECKED	12
local	refs/stash-archive/20260924/006	12eb5fae479782a0cdb9e69fc5a4b47b237000da	CHECKED	12
local	refs/stash-archive/20260924/007	f910a0278aecb932346a892a93e922385fab5a00	CHECKED	12
local	refs/stash-archive/20260924/008	e7b64615269361378dffe1225f1133a7217e8a6f	CHECKED	12
local	refs/stash-archive/20260924/009	d6052a206b3878871e3c433e478ee2d2f8806670	CHECKED	12
local	refs/stash-archive/20260924/010	0ae79d8f6a0a8aad1aaa2a964d8081261e756778	CHECKED	12
local	refs/stash-archive/20260924/011	a9c2c2f459055157752ac85c562139b7b64d8478	CHECKED	12
local	refs/stash-archive/20260924/012	982eb279b2970e65848bcc9b110603c366b45a2a	CHECKED	12
local	refs/stash-archive/20260924/013	c66f812bd1fc4bfab47bec04b53e8723b980a453	CHECKED	12
local	refs/stash-archive/20260924/014	63eeed72adb4e88f3a1b95257e92880596caf500	CHECKED	12
local	refs/stash-archive/20260924/015	edf2840437917c47d03b342e8df8a04689540652	CHECKED	12
local	refs/stash-archive/20260924/016	31377c99fe90471f0bbabc1a0cd74aabfddff724	CHECKED	12
local	refs/stash-archive/20260924/017	f46bb84c995db56c81cfbce74b2aa2b110a7845f	CHECKED	12
local	refs/stash-archive/20260924/018	90daf20d86d6e5b91e786a22d684cf2db8cdb634	CHECKED	12
local	refs/stash-archive/20260924/019	8bff49460177faa40c0136af19102a14396385fc	CHECKED	12
local	refs/stash-archive/20260924/020	34108a0da55e692cd08f6dfe31ee51bd55653214	CHECKED	12
local	refs/stash-archive/20260924/021	ef7f3b5bbc834b01f9bd44883d1a57e6b8343d44	CHECKED	12
local	refs/stash-archive/20260924/022	41cd995b3105088ffe1d26188179d37d222c9a32	CHECKED	12
local	refs/stash-archive/20260924/023	0a6658cbb1960a19f7593025bd61cd1b1b25da90	CHECKED	12
local	refs/stash-archive/20260924/024	585dc70890cc8e26145b9b2744c925b6e8a8603f	CHECKED	12
local	refs/stash-archive/20260924/025	776bd2b3ebebf802af6757ffc4f0c09886caa2b7	CHECKED	12
local	refs/stash-archive/20260924/026	e629badef8066e908f63adf4e6110ba850428273	CHECKED	12
local	refs/stash-archive/20260924/027	fc7325ffbd00295ba4c2d381d2ebe80022855de8	CHECKED	12
local	refs/stash-archive/20260924/028	6c726e8da9abfee0c3e94c0cfe02b943a79d4b03	CHECKED	12
local	refs/stash-archive/20260924/029	ac00226e4ff2548acd0b847f2caa6da75e1385a2	CHECKED	12
local	refs/stash-archive/20260924/030	102061c9c6b0a801eabff89170f8238657d978d5	CHECKED	12
local	refs/stash-archive/20260924/031	5ce39888a47e67c1d962c9969f38777c4b95c909	CHECKED	12
local	refs/stash-archive/20260924/032	ce6410afe31f200cbc280b17f5aa9af88373d5ad	CHECKED	12
local	refs/stash-archive/20260924/033	9da6fcd7ba52aa0380962d1bf178a28a44b2278f	CHECKED	12
local	refs/stash-archive/20260924/034	bea5e76bddb10f56ea673f62fbb2c59a90ef6460	CHECKED	12
local	refs/stash-archive/20260924/035	705d8b799745f100be6713d55d7c27495e5effe7	CHECKED	12
local	refs/stash-archive/20260924/036	c53704ecee007ef1216a70e29bbc9ba576fb0594	CHECKED	12
local	refs/stash-archive/20260924/037	183b8ac12dcfb1630258abf1fd39d3825e5a1c2e	CHECKED	12
local	refs/stash-archive/20260924/038	c4fa565076355dfe2bd1b60963f016b929b381af	CHECKED	12
local	refs/stash-archive/20260924/039	ca3e7d5b7bce47abb65d7d89be19894e345adac4	CHECKED	12
local	refs/stash-archive/20260924/040	1c3dbfe95f58498dede9472a01c11418bf5aa767	CHECKED	12
local	refs/stash-archive/20260924/041	621ce65a364b5723737d13ca098743f70ccaf5f7	CHECKED	12
local	refs/stash-archive/20260924/042	c88470672aff2b21048c710d32d0be7e9498db7c	CHECKED	12
local	refs/stash-archive/20260924/043	c757568f8a3f6ccae3994fc41d82d41d654aea9f	CHECKED	12
local	refs/stash-archive/20260924/044	99091fda43148f3bc1107df49c82379be1a25881	CHECKED	12
local	refs/stash-archive/20260924/045	91d110786a657d717743b2f28cc4832be356fe8d	CHECKED	12
local	refs/stash-archive/20260924/046	ae4e0954bde158fed41f0ea5ab2547355553d0bb	CHECKED	12
local	refs/stash-archive/20260924/047	299f6ee927b9d9a6f1a690fdf992bf2798cdbb27	CHECKED	12
local	refs/stash-archive/20260924/048	49e7fdcca9c84c97bc15137224c7a7e1d0da1bc6	CHECKED	12
local	refs/stash-archive/20260924/049	222cf741451517721964ca3987d115cbfc71c3a1	CHECKED	12
local	refs/stash-archive/20260924/050	2d978c989dea7217444bf43e25b668459de63eb5	CHECKED	12
local	refs/stash-archive/20260924/051	ff8d5a3bb9b25d338ad055080794f64f99049e7f	CHECKED	5
local	refs/stash-archive/20260924/052	d6ad16f377d8f944c0490048cb87c71e03d7fb76	CHECKED	5
local	refs/stash-archive/20260924/053	0c0b22037fb0556aff53eab67764015ab8cc71fd	CHECKED	5
local	refs/stash-archive/20260924/054	f2bad35f7bf170900e7c8f68644ab6e38f13b6cc	CHECKED	5
local	refs/stash-archive/20260924/055	ddb65b0b8613dc64880125e5aade2bccd7b44bc7	CHECKED	5
local	refs/stash-archive/20260924/056	e9f7a9f6e8ac9bacb53e6f026089c06452f0a7ff	CHECKED	5
local	refs/stash-archive/20260924/057	0aff4cc82fc47ec169f7339395673da3e2850df8	CHECKED	5
local	refs/stash-archive/20260924/058	5669a9c77fdbde570d5cfd31899798401156f47a	CHECKED	5
local	refs/stash-archive/20260924/059	08f8d5a3cd8fd66b31ec1c1ad16e1a0ae13bcac1	CHECKED	5
local	refs/stash-archive/20260924/060	850cc320dc67a52c8e0c0e46986efee5c1afb171	CHECKED	5
local	refs/stash-archive/20260924/061	c4d5894a7135379848dcb920c719c6c13bbdd544	CHECKED	4
local	refs/stash-archive/20260924/062	93e6ca2f2f36506628324b86cdf1a2088abd27df	CHECKED	4
local	refs/stash-archive/20260924/063	17d1be7b9d970f8a92bc8d00e243b2a785705143	CHECKED	4
local	refs/stash-archive/20260924/064	45036817acd62120f71d89be265391400fc05d83	CHECKED	4
local	refs/stash-archive/20260924/065	c88b90cc3a896f809e0f20c5223e3f3c61ff6f05	CHECKED	4
local	refs/stash-archive/20260924/066	4522addbaafd9217f803f0512b1b80dc8cfb6f09	CHECKED	4
local	refs/stash-archive/20260924/067	01624b463756764d0545665f0f3cbef767c731c2	CHECKED	4
local	refs/stash-archive/20260924/068	6ca5836fcaf3489ed14f4dcbb0fcfc9e1e16df09	CHECKED	4
local	refs/stash-archive/20260924/069	33dd500d4423dcd6646fd04d702d2eba3df1a792	CHECKED	4
local	refs/stash-archive/20260924/070	57c8bb51aad6175cc98acbac027b8be051f7c602	CHECKED	4
local	refs/stash-archive/20260924/071	811e00dc4b2dfabb3dc91ad19df967ab0137d0e2	CHECKED	4
local	refs/stash-archive/20260924/072	8d1567c9a304f2ffe6901fd3754b3ad90281f8f1	CHECKED	4
local	refs/stash-archive/20260924/073	4a797d0f1def026a973852bf1114c812df96f15b	CHECKED	4
local	refs/stash-archive/20260924/074	e49eae8d2bc436f94c29f57957750d76c5fa274c	CHECKED	4
local	refs/stash-archive/20260924/075	3d603dbce2d64401a9f725f518598caac9d9b958	CHECKED	4
local	refs/stash-archive/20260924/076	291f4667407b05b6390793bf7572a2e6a2dd99db	CHECKED	4
local	refs/stash-archive/20260924/077	fc12a8cc5adc3e6a58e0e0580da6f4701c1fcff9	CHECKED	4
local	refs/stash-archive/20260924/078	71e8c7e1f483d2e0182cc55b8264307b28b83eb6	CHECKED	4
local	refs/stash-archive/20260924/079	07a3e5363126419c70d8df74804c671fb03ad626	CHECKED	4
local	refs/stash-archive/20260924/080	d0863a61e7290757e50b8e61cd53afae603816a0	CHECKED	4
local	refs/stash-archive/20260924/081	eb6eb1453fe290933e19b2e1d3b926b1d84f8361	CHECKED	4
local	refs/stash-archive/20260924/082	2cb2707fa5334a54ae9a8f27bde862bace8ffc64	CHECKED	4
local	refs/stash-archive/20260924/083	d8c7369e374449f37aaf3cb5e90b4cc9c9730b38	CHECKED	4
local	refs/stash-archive/20260924/084	ca2647b4b6281bd731f8c02daa407943510d785f	CHECKED	4
local	refs/stash-archive/20260924/085	b72af943e062c8a70a32865ea72ab68a0a1ee9f3	CHECKED	4
local	refs/stash-archive/20260924/086	38dfec380a57c6d2ebabe659dcc5155f3b241070	CHECKED	4
local	refs/stash-archive/20260924/087	ec2e5d7b00fe0f6cf063d68b6d0e68ac7cf0b825	CHECKED	4
local	refs/stash-archive/20260924/088	afed63d88293336c3d80392d62b3fb655568997e	CHECKED	4
local	refs/stash-archive/20260924/089	d30a74728ba8e5e1b40c34aaa225dcee47767688	CHECKED	4
local	refs/stash-archive/20260924/090	5e1e251ad6b86842fc6bfc5e69257f28ca8ac180	CHECKED	4
local	refs/stash-archive/20260924/091	8ab4c747a095f2cd1b7ab22ee7246eb39db2aa2d	CHECKED	4
local	refs/stash-archive/20260924/092	145ba262a30ad1c34d44ca60a53ece385c2798bd	CHECKED	4
local	refs/stash-archive/20260924/093	0ae400f81869a93d3621c54d9df83a54b4512664	CHECKED	4
local	refs/stash-archive/20260924/094	4505407baf658a775f12cd84ce5574a524c8b8d5	CHECKED	4
local	refs/stash-archive/20260924/095	507d59e36a87f169305741cdbfdb69970448828a	CHECKED	4
local	refs/stash-archive/20260924/096	9b4064555a971205b692bcd8913a46a63a777524	CHECKED	4
local	refs/stash-archive/20260924/097	c76d8d75068726e55809cdaa42b9692537bdc4ea	CHECKED	4
local	refs/stash-archive/20260924/098	64cbc78b56cda6c24d3b5f9fd8d79e99e757f8c7	CHECKED	4
local	refs/stash-archive/20260924/099	330762e3a0966f271fa429bf3113f298858f913d	CHECKED	4
local	refs/stash-archive/20260924/100	edaaadc9ae78261f2575ae2ba9e0fb3681254fd6	CHECKED	4
local	refs/stash-archive/20260924/101	ae514b8b223e2c486267346d8bdc726dc61354ca	CHECKED	4
local	refs/stash-archive/20260924/102	dece32e2275648573cddaba6d60b7e2657d34416	CHECKED	4
local	refs/stash-archive/20260924/103	9ecdd4189e8cb9ba24d89923b3b40255f39ae202	CHECKED	4
local	refs/stash-archive/20260924/104	1e1143174fc715b9af5f29d1575b457d136dd565	CHECKED	4
local	refs/stash-archive/20260924/105	61d2dd7d76030d4c66bc15bb05039ca1c1c38b7a	CHECKED	4
local	refs/stash-archive/20260924/106	dec0e3fc3ab66aef070684e55913654351260378	CHECKED	4
local	refs/stash-archive/20260924/107	def712f61394737812147000f034526c0924a1ae	CHECKED	4
local	refs/stash-archive/20260924/108	462f980840e74fe75a94b5da711af4004d6f4eec	CHECKED	4
local	refs/stash-archive/20260924/109	1cf01624a40c5d507bf16c5806feb6c2f195f3b6	CHECKED	4
local	refs/stash-archive/20260924/110	e01ffb6bc9bdab01e98e27cd4303f775d7443732	CHECKED	4
local	refs/stash-archive/20260924/111	5a85ede1f34e0efd3acaf03cea8def2e60b3c68a	CHECKED	4
local	refs/stash-archive/20260924/112	b7a370eaf703ff7848fdd68cf21a1e28e03c0222	CHECKED	4
local	refs/stash-archive/20260924/113	6099d1eb005b75e1e0d9e4fda8f73880ca9bdccd	CHECKED	4
local	refs/stash-archive/20260924/114	621fddb1697289a4ec498ba31983f268ade22a02	CHECKED	4
local	refs/stash-archive/20260924/115	1a004ed58197858424b7b5a5e2b9e4d90d09e27e	CHECKED	4
local	refs/stash-archive/20260924/116	0bf78149250a3321cf6724a08e7fe43b73181b62	CHECKED	4
local	refs/stash-archive/20260924/117	b5f4ca6222340643738c7e6caade0204732cc738	CHECKED	4
local	refs/stash-archive/20260924/118	943be007b77e3c6a2519b7c2b2ad3259a0dcaf88	CHECKED	4
local	refs/stash-archive/20260924/119	000cd8341964d6c63b790c283795bb1413683430	CHECKED	4
local	refs/stash-archive/20260924/120	101d807199879edb54f5093619d272a928e68036	CHECKED	4
local	refs/stash-archive/20260924/121	ef3a3195c42fa3690ad255937be00eb9270e882e	CHECKED	4
local	refs/stash-archive/20260924/122	9dad051f75b186869f266d29ad980518fa6c8862	CHECKED	4
local	refs/stash-archive/20260924/123	6f299bd90c90ffc37bde9fe14b4dac9265b84188	CHECKED	4
local	refs/stash-archive/20260924/124	84500e9bc94c1c9da4ebf10f8990e72e1eb9fed3	CHECKED	4
local	refs/stash-archive/20260924/125	021b20a7496002f429d2d2c098b90d4f15817283	CHECKED	4
local	refs/stash-archive/20260924/126	f33270c6e37c32f3ad467f8ed82a185bbe22d721	CHECKED	4
local	refs/stash-archive/20260924/127	54836be4fac67169d76298b5918c509a2d71024f	CHECKED	4
local	refs/stash-archive/20260924/128	eed92a5693d15a400ee4cb7671eece083060cb46	CHECKED	4
local	refs/stash-archive/20260924/129	a667fb13a62b16793122ef87c367cf15d2b5bee8	CHECKED	4
local	refs/stash-archive/20260924/130	dbaa417d9d8a30aa77dd372896318c26777bd302	CHECKED	4
local	refs/stash-archive/20260924/131	4bbe8950ac961fec8d7612475a20db8b91ccb357	CHECKED	4
local	refs/stash-archive/20260924/132	0016e45fcfd4b3a9dc08456155245275d4ca45e1	CHECKED	4
local	refs/stash-archive/20260924/133	79d1c81258cd15ad57410aa301ab03ebe708f9ab	CHECKED	4
local	refs/stash-archive/20260924/134	a0424ec9cfbca9e3a26bfad6e9383ccf6256bc1d	CHECKED	4
local	refs/stash-archive/20260924/135	11981289339111ca1c4103166b56f7641596cb04	CHECKED	4
local	refs/stash-archive/20260924/136	37ec0524d18c5c9665fbdfcc2e6f4fb04c446bbc	CHECKED	4
local	refs/stash-archive/20260924/137	1643557aadc76c02e3db388c0a3e25a93d697de8	CHECKED	4
local	refs/stash-archive/20260924/138	8e4b5c1a62b5e8ccc5192c73d4034a62bb8dcc15	CHECKED	4
local	refs/stash-archive/20260924/139	8e6061102100a474718d93d5623a685af283fa46	CHECKED	4
local	refs/stash-archive/20260924/140	3e9358ceb5cf0ac847fe926aa9185246b547868e	CHECKED	4
local	refs/stash-archive/20260924/141	fd005a29f5c61504f70913085fc356f66e5952c4	CHECKED	4
local	refs/stash-archive/20260924/142	0a568efc333b6d8ea97af9b3463f63288f081068	CHECKED	4
local	refs/stash-archive/20260924/143	8cbe0e667bf5e0b2c436057672e05b57f7fbb597	CHECKED	4
local	refs/stash-archive/20260924/144	86321aa3b130e77981e94575ee9d83c259e969e6	CHECKED	4
local	refs/stash-archive/20260924/145	4e0a362e9c31df22aa89759bce6bc3b1424c1f14	CHECKED	4
local	refs/stash-archive/20260924/146	0f242d1048dbb66532ad948d5f5d6d43e4f2c0fe	CHECKED	4
local	refs/stash-archive/20260924/147	c36105a629484430c619500fc0f6c56f6b7e3348	CHECKED	4
local	refs/stash-archive/20260924/148	96182f0805347419cd8314000546f881d326a922	CHECKED	4
local	refs/tags/archive/stash-2	ff8d5a3bb9b25d338ad055080794f64f99049e7f	CHECKED	5
local	refs/tags/archive/stash-31	d0863a61e7290757e50b8e61cd53afae603816a0	CHECKED	4
local	refs/tags/archive/stash-38	ec2e5d7b00fe0f6cf063d68b6d0e68ac7cf0b825	CHECKED	4
local	refs/tags/archive/stash-6	ddb65b0b8613dc64880125e5aade2bccd7b44bc7	CHECKED	5
local	refs/tags/backup/bug-fixes-prerebase-20260629	56c4588d0d9a0ebc17434090509a6f33692c5947	CHECKED	5
local	refs/tags/backup/integrate-20260710-pre-reset	7c28a53601d49322377bf8a7b6f453f6ddfc101c	CHECKED	11
local	refs/tags/backup/integrate-20260710-pre-reset-20260713	eb5bc756006871ce0c4fb08fc62485c3f8957e85	CHECKED	11
local	refs/tags/backup/main-prerebase-20260629	f015cf33fa4ab1941feff82a33454598d16e875b	CHECKED	5
local	refs/tags/history-cleanup-20260903-pre	9d9833d38940bf3a0179d9f0f770b389c67a976d	CHECKED	4
local	refs/tags/history-cleanup-candidate-20260903	6c32bea82ef869e42236c786633267fb53f4f1a8	CHECKED	4
local	refs/tags/log	8ca7f9782afb1a21cbae16fb301654f18f48e63c	CHECKED	4
local	refs/tags/pre-reword-backup-8b52ba3d0	f98651ef0ce6f4761216204b7784ca89fe11fbfc	CHECKED	4
local	refs/tags/tooling-fix-base-20260903	2a1cab18adef0230cebdff8aa09f6ffdebe93b65	CHECKED	4
stianeklund/halo	refs/heads/bullet_hole_problems	9c87563d5b2432a824b6f643011e70a0ec1133ba	CHECKED	0
stianeklund/halo	refs/heads/gh-pages	d069cb87a9e96090034813163eaa3f1ab8d703d7	CHECKED	0
stianeklund/halo	refs/heads/main	0e6f309a563a926f5e52adf6087eaafb1226246a	CHECKED	12
stianeklund/halo	refs/heads/pr-34	d916c2146277f09d6c1bcf5d1778c4f61a5b7235	CHECKED	0
stianeklund/halo	refs/heads/pr-36	b8c2f18d231e51edd9a991761dd812d6fcbe3f03	CHECKED	0
stianeklund/halo	refs/heads/pr-62	e9685c0740f8d12359b87b7d4abdb2c316d7fb08	CHECKED	0
stianeklund/halo	refs/pull/1/head	a58fa1725daeb16e8e6d646f6153abb11c14b5ab	CHECKED	238
stianeklund/halo	refs/pull/10/head	a8fb5209e84a8ea275fc2a7dff12dddea511e9c3	CHECKED	12
stianeklund/halo	refs/pull/11/head	3708d0b6b63eac36b21575d311068c64ca5a573a	CHECKED	12
stianeklund/halo	refs/pull/12/head	aa660358d6f55a38176610e1a0d1cb0e156a1c7e	CHECKED	12
stianeklund/halo	refs/pull/13/head	ab0f64650a6bef001b206cf8500a28499b3ec9b1	CHECKED	12
stianeklund/halo	refs/pull/14/head	b8a6820a5788aeb3d9b7d34cbb95a95389b22f49	CHECKED	12
stianeklund/halo	refs/pull/15/head	3344193cd85d3a683e6c5d3152ccc1de420eed96	CHECKED	12
stianeklund/halo	refs/pull/16/head	738935a295eab5f27d0e5fde0cb04df34e01e793	CHECKED	12
stianeklund/halo	refs/pull/17/head	a91c64407fce898bda8d3ff82af63d293128911b	CHECKED	12
stianeklund/halo	refs/pull/18/head	6da1fc0d2a93fc4d0ab9f211cb9b84310699ea62	CHECKED	12
stianeklund/halo	refs/pull/19/head	c633dd7b58c410c47431b6627356e5ecc0a81b8c	CHECKED	12
stianeklund/halo	refs/pull/2/head	f1ec114c196631939fe694fe57236ab307801a3b	CHECKED	12
stianeklund/halo	refs/pull/20/head	1417ede1143a15a10bd1fd4c7ff46f73b8911b05	CHECKED	12
stianeklund/halo	refs/pull/21/head	7966ec7d4f92fe664d2338771ced8698249a5a9a	CHECKED	12
stianeklund/halo	refs/pull/22/head	9a9d5821328bf242f564d643d50025328b9084c3	CHECKED	12
stianeklund/halo	refs/pull/23/head	1cab53977a35f649bf1c54c938b599ac002935f7	CHECKED	12
stianeklund/halo	refs/pull/24/head	eae30cdaae35aef670d0384879f79018806001e9	CHECKED	12
stianeklund/halo	refs/pull/25/head	e9b5d758a525cccd5cba69be343b2f6f937be054	CHECKED	16
stianeklund/halo	refs/pull/26/head	4b144c43a1fb6d640e1c8305bf02d6a6aba96b54	CHECKED	12
stianeklund/halo	refs/pull/27/head	c039dd6f2368672a50cfbb633738c3cbd27f8ee8	CHECKED	12
stianeklund/halo	refs/pull/28/head	0e25145edfb968a546cf55101894b9a0d358fd61	CHECKED	16
stianeklund/halo	refs/pull/29/head	0e6f309a563a926f5e52adf6087eaafb1226246a	CHECKED	12
stianeklund/halo	refs/pull/3/head	58d22c16198ef2a687cf124897ef319728c93438	CHECKED	12
stianeklund/halo	refs/pull/4/head	de88d06a825705e649c6ed6f97ccecc0f3686659	CHECKED	4
stianeklund/halo	refs/pull/5/head	b3cea4e59947bb279dcf9c353f60bdfa7300ba06	CHECKED	4
stianeklund/halo	refs/pull/6/head	73820ea7c32f972c63645a2dd6c2a2af38f76bd2	CHECKED	4
stianeklund/halo	refs/pull/7/head	3e862b3423eb3a912165960c67c9c4a9b2c87e16	CHECKED	4
stianeklund/halo	refs/pull/8/head	1e62bf0c1f799c23e8b2791b2c88f0af241b1f57	CHECKED	4
stianeklund/halo	refs/pull/9/head	a044a39d8a4772e0f4152e92df13cac8ba6858bc	CHECKED	4
MataPuelc0s/halo	refs/heads/main	0e6f309a563a926f5e52adf6087eaafb1226246a	CHECKED	12
scudo005/halo	refs/heads/main	dab03824e81c3cb52844bc4a6a137eb1c40de117	CHECKED	4
USAvery/halo	refs/heads/main	517a4cc3f0a7f6f98c2e8ddf6b6203a050c6c299	CHECKED	12
General-101/halo	refs/heads/main	26b4a1084c019246a57077bb4229d4a41ef4cf9b	CHECKED	4
pastudan/halo	refs/heads/gh-pages	9848a1a0d0f038f2a9d7fee443b9bca259c89ad0	CHECKED	0
pastudan/halo	refs/heads/halo-nft/handoff-mac-2026-09-27	a978a8c0b9e748f4a8307cfa4801d9bc11b0e3dc	CHECKED	0
pastudan/halo	refs/heads/handoff/mac-2026-09-27	f95baab10ad9f0b3e736dc0f81457f13ade36263	CHECKED	11
pastudan/halo	refs/heads/main	918af885935ec470a31256ecce9a977b12b01f80	CHECKED	11
pastudan/halo	refs/heads/track-a-collision-bsp	f316aa4023aa328eb333e9229d6d5d2ac3026944	CHECKED	11
pastudan/halo	refs/heads/track-a-grindA	b57a46c91773e321d71554c231c512988c4a450f	CHECKED	11
pastudan/halo	refs/heads/track-a-grok-e	1dccee3160fa9222ed96798c5e42096080d1adcb	CHECKED	11
pastudan/halo	refs/heads/track-a-grokN-solo	f654bfc54b759bb5f6d35381fc4abfb7a28266a0	CHECKED	11
nickarcade/halo	refs/heads/Push09132026	51257b3c94910ebfc8fcaf41cca4ef8fdc899c59	CHECKED	12
nickarcade/halo	refs/heads/batch-1.2-objects-recovery	3708d0b6b63eac36b21575d311068c64ca5a573a	CHECKED	12
nickarcade/halo	refs/heads/batch-1.3-ai-perception-recovery	aa660358d6f55a38176610e1a0d1cb0e156a1c7e	CHECKED	12
nickarcade/halo	refs/heads/batch-1.4-network-hud-recovery	ab0f64650a6bef001b206cf8500a28499b3ec9b1	CHECKED	12
nickarcade/halo	refs/heads/batch-1.5-rasterizer-render-recovery	b8a6820a5788aeb3d9b7d34cbb95a95389b22f49	CHECKED	12
nickarcade/halo	refs/heads/batch-1.5-rasterizer-render-recovery-revised	eae30cdaae35aef670d0384879f79018806001e9	CHECKED	12
nickarcade/halo	refs/heads/batch-2.1-game-engine-vtables	f025697b202a513e2fe9f73111ce313e7ee8b802	CHECKED	4
nickarcade/halo	refs/heads/batch-2.2-haloscript-core-recovery	eb29496a616038b0f3fffd0e102f55c376cdf403	CHECKED	4
nickarcade/halo	refs/heads/batch-2.3-remaining-subsystems	346878041fe26804f982f1c4228a16eb7d964e71	CHECKED	12
nickarcade/halo	refs/heads/batch-3-lift-and-byte-matching	738935a295eab5f27d0e5fde0cb04df34e01e793	CHECKED	12
nickarcade/halo	refs/heads/batch-3.1-math-geometry-leaves	0b24ffff4e72fc8f06a23d05366cdda00bcbc0b2	CHECKED	12
nickarcade/halo	refs/heads/batch-3.2-high-xref-engine-helpers	eb6d2dacb79d47d0a544614da9b442674cce169b	CHECKED	12
nickarcade/halo	refs/heads/batch-4.1-haloscript-core-recovery	a91c64407fce898bda8d3ff82af63d293128911b	CHECKED	12
nickarcade/halo	refs/heads/batch-4.2-weapon-subsystem-recovery	6da1fc0d2a93fc4d0ab9f211cb9b84310699ea62	CHECKED	12
nickarcade/halo	refs/heads/batch-4.3-player-subsystem-recovery	1417ede1143a15a10bd1fd4c7ff46f73b8911b05	CHECKED	12
nickarcade/halo	refs/heads/batch-4.x-close-near-complete-tus	c633dd7b58c410c47431b6627356e5ecc0a81b8c	CHECKED	12
nickarcade/halo	refs/heads/batch-4.x-fast-follow	7966ec7d4f92fe664d2338771ced8698249a5a9a	CHECKED	12
nickarcade/halo	refs/heads/batch-5.1a-player-effects-and-ui	9a9d5821328bf242f564d643d50025328b9084c3	CHECKED	12
nickarcade/halo	refs/heads/batch2revised	1cab53977a35f649bf1c54c938b599ac002935f7	CHECKED	12
nickarcade/halo	refs/heads/batch3revised	4b144c43a1fb6d640e1c8305bf02d6a6aba96b54	CHECKED	12
nickarcade/halo	refs/heads/branch3revised	c039dd6f2368672a50cfbb633738c3cbd27f8ee8	CHECKED	12
nickarcade/halo	refs/heads/bullet_hole_problems	9c87563d5b2432a824b6f643011e70a0ec1133ba	CHECKED	0
nickarcade/halo	refs/heads/gh-pages	da48cee41d9f120d47ea3b23580c8855d55b3a05	CHECKED	0
nickarcade/halo	refs/heads/hs-compile-core	a044a39d8a4772e0f4152e92df13cac8ba6858bc	CHECKED	4
nickarcade/halo	refs/heads/main	0e6f309a563a926f5e52adf6087eaafb1226246a	CHECKED	12
nickarcade/halo	refs/heads/main_with_revised	0e25145edfb968a546cf55101894b9a0d358fd61	CHECKED	16
nickarcade/halo	refs/heads/pr-34	d916c2146277f09d6c1bcf5d1778c4f61a5b7235	CHECKED	0
nickarcade/halo	refs/heads/pr-36	b8c2f18d231e51edd9a991761dd812d6fcbe3f03	CHECKED	0
nickarcade/halo	refs/heads/pr-62	e9685c0740f8d12359b87b7d4abdb2c316d7fb08	CHECKED	0
nickarcade/halo	refs/heads/shadow-culling-labels	58d22c16198ef2a687cf124897ef319728c93438	CHECKED	12
