path	commit	change	old_blob	new_blob
artifacts/snapshot_FUN_001a2290_actor_veto.json	a7dbb87ba2c22e2957ca2c30f06f4831b99d100a	D	8a7694af416fe8f5537fe1eb588cdbdf977ea3a8	0000000000000000000000000000000000000000
artifacts/snapshot_FUN_001a2290_actor_veto.json	c737d34e633f7ec77596d8a67f0a231b8ec0f0a5	A	0000000000000000000000000000000000000000	8a7694af416fe8f5537fe1eb588cdbdf977ea3a8
artifacts/snapshot_FUN_001a2290_actor_veto.json	daa01585966868ffa346f848dd3e2e9289529355	A	0000000000000000000000000000000000000000	8a7694af416fe8f5537fe1eb588cdbdf977ea3a8
artifacts/snapshot_FUN_001a2290_actor_veto.json	ec124a20c78a0ad2f87c1501071110f9249f158f	A	0000000000000000000000000000000000000000	8a7694af416fe8f5537fe1eb588cdbdf977ea3a8
artifacts/snapshot_FUN_001a2290_actor_veto.json	ee6f5a972a6a54cc93a5a7e19363d3592b367394	A	0000000000000000000000000000000000000000	8a7694af416fe8f5537fe1eb588cdbdf977ea3a8
artifacts/snapshots/gamestate_full.bin	027c1a597ec77edfb084939f800267be5326344e	A	0000000000000000000000000000000000000000	45e80d5244cb506a0d396e1917b4aeb625de5ebe
artifacts/snapshots/gamestate_full.bin	066669e873c7ac1dec34d8921f3994c0e782b821	A	0000000000000000000000000000000000000000	45e80d5244cb506a0d396e1917b4aeb625de5ebe
artifacts/snapshots/gamestate_full.bin	2ce389c8a0e224662139c19d28d4c8c25ca346f0	A	0000000000000000000000000000000000000000	45e80d5244cb506a0d396e1917b4aeb625de5ebe
artifacts/snapshots/gamestate_full.bin	6dc671363137184098e0f8f4c698cbdc9fea0225	A	0000000000000000000000000000000000000000	45e80d5244cb506a0d396e1917b4aeb625de5ebe
artifacts/snapshots/gamestate_full.bin	a7dbb87ba2c22e2957ca2c30f06f4831b99d100a	D	45e80d5244cb506a0d396e1917b4aeb625de5ebe	0000000000000000000000000000000000000000
artifacts/snapshots/gamestate_full.bin	c737d34e633f7ec77596d8a67f0a231b8ec0f0a5	A	0000000000000000000000000000000000000000	45e80d5244cb506a0d396e1917b4aeb625de5ebe
artifacts/snapshots/gamestate_full.bin	ee6f5a972a6a54cc93a5a7e19363d3592b367394	A	0000000000000000000000000000000000000000	45e80d5244cb506a0d396e1917b4aeb625de5ebe
artifacts/snapshots/gamestate_tables.bin	027c1a597ec77edfb084939f800267be5326344e	A	0000000000000000000000000000000000000000	f61fbe3a5fbc92e59288ca8450b43125d370539f
artifacts/snapshots/gamestate_tables.bin	066669e873c7ac1dec34d8921f3994c0e782b821	A	0000000000000000000000000000000000000000	f61fbe3a5fbc92e59288ca8450b43125d370539f
artifacts/snapshots/gamestate_tables.bin	2ce389c8a0e224662139c19d28d4c8c25ca346f0	A	0000000000000000000000000000000000000000	f61fbe3a5fbc92e59288ca8450b43125d370539f
artifacts/snapshots/gamestate_tables.bin	6dc671363137184098e0f8f4c698cbdc9fea0225	A	0000000000000000000000000000000000000000	f61fbe3a5fbc92e59288ca8450b43125d370539f
artifacts/snapshots/gamestate_tables.bin	a7dbb87ba2c22e2957ca2c30f06f4831b99d100a	D	f61fbe3a5fbc92e59288ca8450b43125d370539f	0000000000000000000000000000000000000000
artifacts/snapshots/gamestate_tables.bin	c737d34e633f7ec77596d8a67f0a231b8ec0f0a5	A	0000000000000000000000000000000000000000	f61fbe3a5fbc92e59288ca8450b43125d370539f
artifacts/snapshots/gamestate_tables.bin	ee6f5a972a6a54cc93a5a7e19363d3592b367394	A	0000000000000000000000000000000000000000	f61fbe3a5fbc92e59288ca8450b43125d370539f
artifacts/snapshots/glob_31f000.bin	027c1a597ec77edfb084939f800267be5326344e	A	0000000000000000000000000000000000000000	5e217eb59a8477201820c3ecaf3bf942fef22d1f
artifacts/snapshots/glob_31f000.bin	066669e873c7ac1dec34d8921f3994c0e782b821	A	0000000000000000000000000000000000000000	5e217eb59a8477201820c3ecaf3bf942fef22d1f
artifacts/snapshots/glob_31f000.bin	2ce389c8a0e224662139c19d28d4c8c25ca346f0	A	0000000000000000000000000000000000000000	5e217eb59a8477201820c3ecaf3bf942fef22d1f
artifacts/snapshots/glob_31f000.bin	6dc671363137184098e0f8f4c698cbdc9fea0225	A	0000000000000000000000000000000000000000	5e217eb59a8477201820c3ecaf3bf942fef22d1f
artifacts/snapshots/glob_31f000.bin	a7dbb87ba2c22e2957ca2c30f06f4831b99d100a	D	5e217eb59a8477201820c3ecaf3bf942fef22d1f	0000000000000000000000000000000000000000
artifacts/snapshots/glob_31f000.bin	c737d34e633f7ec77596d8a67f0a231b8ec0f0a5	A	0000000000000000000000000000000000000000	5e217eb59a8477201820c3ecaf3bf942fef22d1f
artifacts/snapshots/glob_31f000.bin	ee6f5a972a6a54cc93a5a7e19363d3592b367394	A	0000000000000000000000000000000000000000	5e217eb59a8477201820c3ecaf3bf942fef22d1f
artifacts/snapshots/glob_5a8000.bin	027c1a597ec77edfb084939f800267be5326344e	A	0000000000000000000000000000000000000000	41c5da3e1818ac6ccad3386b08116c310af1d811
artifacts/snapshots/glob_5a8000.bin	066669e873c7ac1dec34d8921f3994c0e782b821	A	0000000000000000000000000000000000000000	41c5da3e1818ac6ccad3386b08116c310af1d811
artifacts/snapshots/glob_5a8000.bin	2ce389c8a0e224662139c19d28d4c8c25ca346f0	A	0000000000000000000000000000000000000000	41c5da3e1818ac6ccad3386b08116c310af1d811
artifacts/snapshots/glob_5a8000.bin	6dc671363137184098e0f8f4c698cbdc9fea0225	A	0000000000000000000000000000000000000000	41c5da3e1818ac6ccad3386b08116c310af1d811
artifacts/snapshots/glob_5a8000.bin	a7dbb87ba2c22e2957ca2c30f06f4831b99d100a	D	41c5da3e1818ac6ccad3386b08116c310af1d811	0000000000000000000000000000000000000000
artifacts/snapshots/glob_5a8000.bin	c737d34e633f7ec77596d8a67f0a231b8ec0f0a5	A	0000000000000000000000000000000000000000	41c5da3e1818ac6ccad3386b08116c310af1d811
artifacts/snapshots/glob_5a8000.bin	ee6f5a972a6a54cc93a5a7e19363d3592b367394	A	0000000000000000000000000000000000000000	41c5da3e1818ac6ccad3386b08116c310af1d811
artifacts/snapshots/glob_5ab000.bin	027c1a597ec77edfb084939f800267be5326344e	A	0000000000000000000000000000000000000000	e51b6df0d1591ecca00c3a878c78696679f5ac38
artifacts/snapshots/glob_5ab000.bin	066669e873c7ac1dec34d8921f3994c0e782b821	A	0000000000000000000000000000000000000000	e51b6df0d1591ecca00c3a878c78696679f5ac38
artifacts/snapshots/glob_5ab000.bin	2ce389c8a0e224662139c19d28d4c8c25ca346f0	A	0000000000000000000000000000000000000000	e51b6df0d1591ecca00c3a878c78696679f5ac38
artifacts/snapshots/glob_5ab000.bin	6dc671363137184098e0f8f4c698cbdc9fea0225	A	0000000000000000000000000000000000000000	e51b6df0d1591ecca00c3a878c78696679f5ac38
artifacts/snapshots/glob_5ab000.bin	a7dbb87ba2c22e2957ca2c30f06f4831b99d100a	D	e51b6df0d1591ecca00c3a878c78696679f5ac38	0000000000000000000000000000000000000000
artifacts/snapshots/glob_5ab000.bin	c737d34e633f7ec77596d8a67f0a231b8ec0f0a5	A	0000000000000000000000000000000000000000	e51b6df0d1591ecca00c3a878c78696679f5ac38
artifacts/snapshots/glob_5ab000.bin	ee6f5a972a6a54cc93a5a7e19363d3592b367394	A	0000000000000000000000000000000000000000	e51b6df0d1591ecca00c3a878c78696679f5ac38
artifacts/snapshots/glob_632000.bin	027c1a597ec77edfb084939f800267be5326344e	A	0000000000000000000000000000000000000000	51f6d419ec5d605fee552fc2e7f8d2c1b11760f4
artifacts/snapshots/glob_632000.bin	066669e873c7ac1dec34d8921f3994c0e782b821	A	0000000000000000000000000000000000000000	51f6d419ec5d605fee552fc2e7f8d2c1b11760f4
artifacts/snapshots/glob_632000.bin	2ce389c8a0e224662139c19d28d4c8c25ca346f0	A	0000000000000000000000000000000000000000	51f6d419ec5d605fee552fc2e7f8d2c1b11760f4
artifacts/snapshots/glob_632000.bin	6dc671363137184098e0f8f4c698cbdc9fea0225	A	0000000000000000000000000000000000000000	51f6d419ec5d605fee552fc2e7f8d2c1b11760f4
artifacts/snapshots/glob_632000.bin	a7dbb87ba2c22e2957ca2c30f06f4831b99d100a	D	51f6d419ec5d605fee552fc2e7f8d2c1b11760f4	0000000000000000000000000000000000000000
artifacts/snapshots/glob_632000.bin	c737d34e633f7ec77596d8a67f0a231b8ec0f0a5	A	0000000000000000000000000000000000000000	51f6d419ec5d605fee552fc2e7f8d2c1b11760f4
artifacts/snapshots/glob_632000.bin	ee6f5a972a6a54cc93a5a7e19363d3592b367394	A	0000000000000000000000000000000000000000	51f6d419ec5d605fee552fc2e7f8d2c1b11760f4
artifacts/snapshots/infection_swarm.json	027c1a597ec77edfb084939f800267be5326344e	A	0000000000000000000000000000000000000000	38348cc91d7ec0060cfe61d5a408a0be704d8219
artifacts/snapshots/infection_swarm.json	15743c6a4d47a060180251a747a8c80fc819912b	A	0000000000000000000000000000000000000000	38348cc91d7ec0060cfe61d5a408a0be704d8219
artifacts/snapshots/infection_swarm.json	2ce389c8a0e224662139c19d28d4c8c25ca346f0	A	0000000000000000000000000000000000000000	38348cc91d7ec0060cfe61d5a408a0be704d8219
artifacts/snapshots/infection_swarm.json	5c1181e8853c849953c7a0582b2789ede2d0fef7	A	0000000000000000000000000000000000000000	38348cc91d7ec0060cfe61d5a408a0be704d8219
artifacts/snapshots/infection_swarm.json	6a423f2ccb7abd0e83c89acf172608b31627bc3f	A	0000000000000000000000000000000000000000	38348cc91d7ec0060cfe61d5a408a0be704d8219
artifacts/snapshots/infection_swarm.json	6dc671363137184098e0f8f4c698cbdc9fea0225	A	0000000000000000000000000000000000000000	38348cc91d7ec0060cfe61d5a408a0be704d8219
artifacts/snapshots/infection_swarm.json	a7dbb87ba2c22e2957ca2c30f06f4831b99d100a	D	38348cc91d7ec0060cfe61d5a408a0be704d8219	0000000000000000000000000000000000000000
artifacts/snapshots/infection_swarm.json	c737d34e633f7ec77596d8a67f0a231b8ec0f0a5	A	0000000000000000000000000000000000000000	38348cc91d7ec0060cfe61d5a408a0be704d8219
artifacts/snapshots/infection_swarm.json	ee6f5a972a6a54cc93a5a7e19363d3592b367394	A	0000000000000000000000000000000000000000	38348cc91d7ec0060cfe61d5a408a0be704d8219
artifacts/snapshots/rdata_28c000.bin	027c1a597ec77edfb084939f800267be5326344e	A	0000000000000000000000000000000000000000	cd59c26541d0d08d175323c262666ab1eef6d704
artifacts/snapshots/rdata_28c000.bin	066669e873c7ac1dec34d8921f3994c0e782b821	A	0000000000000000000000000000000000000000	cd59c26541d0d08d175323c262666ab1eef6d704
artifacts/snapshots/rdata_28c000.bin	2ce389c8a0e224662139c19d28d4c8c25ca346f0	A	0000000000000000000000000000000000000000	cd59c26541d0d08d175323c262666ab1eef6d704
artifacts/snapshots/rdata_28c000.bin	6dc671363137184098e0f8f4c698cbdc9fea0225	A	0000000000000000000000000000000000000000	cd59c26541d0d08d175323c262666ab1eef6d704
artifacts/snapshots/rdata_28c000.bin	a7dbb87ba2c22e2957ca2c30f06f4831b99d100a	D	cd59c26541d0d08d175323c262666ab1eef6d704	0000000000000000000000000000000000000000
artifacts/snapshots/rdata_28c000.bin	c737d34e633f7ec77596d8a67f0a231b8ec0f0a5	A	0000000000000000000000000000000000000000	cd59c26541d0d08d175323c262666ab1eef6d704
artifacts/snapshots/rdata_28c000.bin	ee6f5a972a6a54cc93a5a7e19363d3592b367394	A	0000000000000000000000000000000000000000	cd59c26541d0d08d175323c262666ab1eef6d704
artifacts/snapshots/rdata_const.bin	027c1a597ec77edfb084939f800267be5326344e	A	0000000000000000000000000000000000000000	d8d46c53079a084026193cf17472b91d155f9390
artifacts/snapshots/rdata_const.bin	066669e873c7ac1dec34d8921f3994c0e782b821	A	0000000000000000000000000000000000000000	d8d46c53079a084026193cf17472b91d155f9390
artifacts/snapshots/rdata_const.bin	2ce389c8a0e224662139c19d28d4c8c25ca346f0	A	0000000000000000000000000000000000000000	d8d46c53079a084026193cf17472b91d155f9390
artifacts/snapshots/rdata_const.bin	6dc671363137184098e0f8f4c698cbdc9fea0225	A	0000000000000000000000000000000000000000	d8d46c53079a084026193cf17472b91d155f9390
artifacts/snapshots/rdata_const.bin	a7dbb87ba2c22e2957ca2c30f06f4831b99d100a	D	d8d46c53079a084026193cf17472b91d155f9390	0000000000000000000000000000000000000000
artifacts/snapshots/rdata_const.bin	c737d34e633f7ec77596d8a67f0a231b8ec0f0a5	A	0000000000000000000000000000000000000000	d8d46c53079a084026193cf17472b91d155f9390
artifacts/snapshots/rdata_const.bin	ee6f5a972a6a54cc93a5a7e19363d3592b367394	A	0000000000000000000000000000000000000000	d8d46c53079a084026193cf17472b91d155f9390
build-standalone-nogpu/default.xbe	0dffe2b5f29979209fdb7c11a00a3ee8bc3d7a17	A	0000000000000000000000000000000000000000	cfbb97fa32704864e6eccd74e42be9926c7b7749
build-standalone-nogpu/default.xbe	49810ef3d29475d237a442edf01809a897fb5f5f	D	cfbb97fa32704864e6eccd74e42be9926c7b7749	0000000000000000000000000000000000000000
build-standalone-nogpu/default.xbe	6bd9dd0dbad907e13fa1d759cb2bc08a80e05338	A	0000000000000000000000000000000000000000	cfbb97fa32704864e6eccd74e42be9926c7b7749
build-standalone-nogpu/default.xbe	d9100190003c72fbfeda09cb379488762d045287	D	cfbb97fa32704864e6eccd74e42be9926c7b7749	0000000000000000000000000000000000000000
build-standalone-nogpu/generated/seed_binkdata.bin	0dffe2b5f29979209fdb7c11a00a3ee8bc3d7a17	A	0000000000000000000000000000000000000000	90de39867a7ab9aff6bc3459f27f5d7d072969e8
build-standalone-nogpu/generated/seed_binkdata.bin	49810ef3d29475d237a442edf01809a897fb5f5f	D	90de39867a7ab9aff6bc3459f27f5d7d072969e8	0000000000000000000000000000000000000000
build-standalone-nogpu/generated/seed_binkdata.bin	6bd9dd0dbad907e13fa1d759cb2bc08a80e05338	A	0000000000000000000000000000000000000000	90de39867a7ab9aff6bc3459f27f5d7d072969e8
build-standalone-nogpu/generated/seed_binkdata.bin	d9100190003c72fbfeda09cb379488762d045287	D	90de39867a7ab9aff6bc3459f27f5d7d072969e8	0000000000000000000000000000000000000000
build-standalone-nogpu/generated/seed_data.bin	0dffe2b5f29979209fdb7c11a00a3ee8bc3d7a17	A	0000000000000000000000000000000000000000	08592b6ee72fb53ef1c7ccb0d4c221571663d495
build-standalone-nogpu/generated/seed_data.bin	49810ef3d29475d237a442edf01809a897fb5f5f	D	08592b6ee72fb53ef1c7ccb0d4c221571663d495	0000000000000000000000000000000000000000
build-standalone-nogpu/generated/seed_data.bin	6bd9dd0dbad907e13fa1d759cb2bc08a80e05338	A	0000000000000000000000000000000000000000	08592b6ee72fb53ef1c7ccb0d4c221571663d495
build-standalone-nogpu/generated/seed_data.bin	d9100190003c72fbfeda09cb379488762d045287	D	08592b6ee72fb53ef1c7ccb0d4c221571663d495	0000000000000000000000000000000000000000
build-standalone-nogpu/generated/seed_dolby.bin	0dffe2b5f29979209fdb7c11a00a3ee8bc3d7a17	A	0000000000000000000000000000000000000000	0bf4e8af4a61a18b86907bead39709c982314fb7
build-standalone-nogpu/generated/seed_dolby.bin	49810ef3d29475d237a442edf01809a897fb5f5f	D	0bf4e8af4a61a18b86907bead39709c982314fb7	0000000000000000000000000000000000000000
build-standalone-nogpu/generated/seed_dolby.bin	6bd9dd0dbad907e13fa1d759cb2bc08a80e05338	A	0000000000000000000000000000000000000000	0bf4e8af4a61a18b86907bead39709c982314fb7
build-standalone-nogpu/generated/seed_dolby.bin	d9100190003c72fbfeda09cb379488762d045287	D	0bf4e8af4a61a18b86907bead39709c982314fb7	0000000000000000000000000000000000000000
build-standalone-nogpu/generated/seed_rdata.bin	0dffe2b5f29979209fdb7c11a00a3ee8bc3d7a17	A	0000000000000000000000000000000000000000	33417b6ef0529ac08a743ace02e2438de35c3c3c
build-standalone-nogpu/generated/seed_rdata.bin	49810ef3d29475d237a442edf01809a897fb5f5f	D	33417b6ef0529ac08a743ace02e2438de35c3c3c	0000000000000000000000000000000000000000
build-standalone-nogpu/generated/seed_rdata.bin	6bd9dd0dbad907e13fa1d759cb2bc08a80e05338	A	0000000000000000000000000000000000000000	33417b6ef0529ac08a743ace02e2438de35c3c3c
build-standalone-nogpu/generated/seed_rdata.bin	d9100190003c72fbfeda09cb379488762d045287	D	33417b6ef0529ac08a743ace02e2438de35c3c3c	0000000000000000000000000000000000000000
build-standalone-seed/default.xbe	0dffe2b5f29979209fdb7c11a00a3ee8bc3d7a17	A	0000000000000000000000000000000000000000	f50ffa59ba5996f61d662fc9b1afff8d0ecbf567
build-standalone-seed/default.xbe	49810ef3d29475d237a442edf01809a897fb5f5f	D	c086a0cd3dffc722bdb6ec4fb8068b436533c7c6	0000000000000000000000000000000000000000
build-standalone-seed/default.xbe	6bd9dd0dbad907e13fa1d759cb2bc08a80e05338	A	0000000000000000000000000000000000000000	c086a0cd3dffc722bdb6ec4fb8068b436533c7c6
build-standalone-seed/default.xbe	d9100190003c72fbfeda09cb379488762d045287	D	f50ffa59ba5996f61d662fc9b1afff8d0ecbf567	0000000000000000000000000000000000000000
build-standalone-seed/generated/seed_binkdata.bin	0dffe2b5f29979209fdb7c11a00a3ee8bc3d7a17	A	0000000000000000000000000000000000000000	90de39867a7ab9aff6bc3459f27f5d7d072969e8
build-standalone-seed/generated/seed_binkdata.bin	49810ef3d29475d237a442edf01809a897fb5f5f	D	90de39867a7ab9aff6bc3459f27f5d7d072969e8	0000000000000000000000000000000000000000
build-standalone-seed/generated/seed_binkdata.bin	6bd9dd0dbad907e13fa1d759cb2bc08a80e05338	A	0000000000000000000000000000000000000000	90de39867a7ab9aff6bc3459f27f5d7d072969e8
build-standalone-seed/generated/seed_binkdata.bin	d9100190003c72fbfeda09cb379488762d045287	D	90de39867a7ab9aff6bc3459f27f5d7d072969e8	0000000000000000000000000000000000000000
build-standalone-seed/generated/seed_data.bin	0dffe2b5f29979209fdb7c11a00a3ee8bc3d7a17	A	0000000000000000000000000000000000000000	08592b6ee72fb53ef1c7ccb0d4c221571663d495
build-standalone-seed/generated/seed_data.bin	49810ef3d29475d237a442edf01809a897fb5f5f	D	08592b6ee72fb53ef1c7ccb0d4c221571663d495	0000000000000000000000000000000000000000
build-standalone-seed/generated/seed_data.bin	6bd9dd0dbad907e13fa1d759cb2bc08a80e05338	A	0000000000000000000000000000000000000000	08592b6ee72fb53ef1c7ccb0d4c221571663d495
build-standalone-seed/generated/seed_data.bin	d9100190003c72fbfeda09cb379488762d045287	D	08592b6ee72fb53ef1c7ccb0d4c221571663d495	0000000000000000000000000000000000000000
build-standalone-seed/generated/seed_dolby.bin	0dffe2b5f29979209fdb7c11a00a3ee8bc3d7a17	A	0000000000000000000000000000000000000000	0bf4e8af4a61a18b86907bead39709c982314fb7
build-standalone-seed/generated/seed_dolby.bin	49810ef3d29475d237a442edf01809a897fb5f5f	D	0bf4e8af4a61a18b86907bead39709c982314fb7	0000000000000000000000000000000000000000
build-standalone-seed/generated/seed_dolby.bin	6bd9dd0dbad907e13fa1d759cb2bc08a80e05338	A	0000000000000000000000000000000000000000	0bf4e8af4a61a18b86907bead39709c982314fb7
build-standalone-seed/generated/seed_dolby.bin	d9100190003c72fbfeda09cb379488762d045287	D	0bf4e8af4a61a18b86907bead39709c982314fb7	0000000000000000000000000000000000000000
build-standalone-seed/generated/seed_rdata.bin	0dffe2b5f29979209fdb7c11a00a3ee8bc3d7a17	A	0000000000000000000000000000000000000000	33417b6ef0529ac08a743ace02e2438de35c3c3c
build-standalone-seed/generated/seed_rdata.bin	49810ef3d29475d237a442edf01809a897fb5f5f	D	33417b6ef0529ac08a743ace02e2438de35c3c3c	0000000000000000000000000000000000000000
build-standalone-seed/generated/seed_rdata.bin	6bd9dd0dbad907e13fa1d759cb2bc08a80e05338	A	0000000000000000000000000000000000000000	33417b6ef0529ac08a743ace02e2438de35c3c3c
build-standalone-seed/generated/seed_rdata.bin	d9100190003c72fbfeda09cb379488762d045287	D	33417b6ef0529ac08a743ace02e2438de35c3c3c	0000000000000000000000000000000000000000
build-standalone/default.xbe	0dffe2b5f29979209fdb7c11a00a3ee8bc3d7a17	A	0000000000000000000000000000000000000000	650463df1b810dc7af0f309b2cc798fd555dd40a
build-standalone/default.xbe	49810ef3d29475d237a442edf01809a897fb5f5f	D	650463df1b810dc7af0f309b2cc798fd555dd40a	0000000000000000000000000000000000000000
build-standalone/default.xbe	6bd9dd0dbad907e13fa1d759cb2bc08a80e05338	A	0000000000000000000000000000000000000000	650463df1b810dc7af0f309b2cc798fd555dd40a
build-standalone/default.xbe	d9100190003c72fbfeda09cb379488762d045287	D	650463df1b810dc7af0f309b2cc798fd555dd40a	0000000000000000000000000000000000000000
ci/snapshot.json	0e971cc8adf157477dce7c3acb67f8d06395834f	A	0000000000000000000000000000000000000000	da21a054cdd37207375c91398911c63b08a92e1a
ci/snapshot.json	6d4044e44f6dbb91c59d1b28db31c18efa4c6c2a	A	0000000000000000000000000000000000000000	da21a054cdd37207375c91398911c63b08a92e1a
ci/snapshot.json	7cf4c7a73c89fbfd72c7256175c7109110734fb4	A	0000000000000000000000000000000000000000	da21a054cdd37207375c91398911c63b08a92e1a
ci/snapshot.json	9b345ccd57ba5fa3d537db58e734d053c519d276	A	0000000000000000000000000000000000000000	da21a054cdd37207375c91398911c63b08a92e1a
ci/snapshot.json	9e7a50f9d3f484f222e6c7f61746d9b4a0dee0b0	A	0000000000000000000000000000000000000000	da21a054cdd37207375c91398911c63b08a92e1a
ci/snapshot.json	ae4e4e594d0b665e60be0eef358c9f38848be14a	A	0000000000000000000000000000000000000000	da21a054cdd37207375c91398911c63b08a92e1a
ci/snapshot.json	b0b5f492dc8e7cc9e94959f5c1b7b6a60ba66503	A	0000000000000000000000000000000000000000	da21a054cdd37207375c91398911c63b08a92e1a
ci/snapshot.json	cd3f0731a45ba3634e326f5660bd5b97b32c6c92	A	0000000000000000000000000000000000000000	da21a054cdd37207375c91398911c63b08a92e1a
ci/snapshot.json	ecb8e9e5fc1a254a316f20eb11954fc2deb11b9e	A	0000000000000000000000000000000000000000	da21a054cdd37207375c91398911c63b08a92e1a
ci/snapshot.json	f36d34b4ec6ca27d06ff4c4093415e994d8b45b2	A	0000000000000000000000000000000000000000	da21a054cdd37207375c91398911c63b08a92e1a
ci/snapshot.json	f57d64098a69ceaed90bc1a54fd9a29f75fae04b	A	0000000000000000000000000000000000000000	da21a054cdd37207375c91398911c63b08a92e1a
delinked/XAPILIB/FUN_001d7817.obj	13542ad345ab644d139266695a30f8edf2cbd42f	A	0000000000000000000000000000000000000000	013723dceb7e830c7e540c444d2c156ae58c8bab
delinked/XAPILIB/FUN_001d7817.obj	6c70fbee82c09b9a657f21c5c9f163b4987708b8	A	0000000000000000000000000000000000000000	013723dceb7e830c7e540c444d2c156ae58c8bab
delinked/XAPILIB/FUN_001d7817.obj	a7dbb87ba2c22e2957ca2c30f06f4831b99d100a	D	013723dceb7e830c7e540c444d2c156ae58c8bab	0000000000000000000000000000000000000000
delinked/XAPILIB/FUN_001d7817.obj	c737d34e633f7ec77596d8a67f0a231b8ec0f0a5	A	0000000000000000000000000000000000000000	013723dceb7e830c7e540c444d2c156ae58c8bab
delinked/XAPILIB/FUN_001d7817.obj	d7fe3476b524ef312908bdb7babb68043e026bc2	A	0000000000000000000000000000000000000000	013723dceb7e830c7e540c444d2c156ae58c8bab
delinked/XAPILIB/FUN_001d7817.obj	d91b33be10887b291f80872744be889b85982ec8	A	0000000000000000000000000000000000000000	013723dceb7e830c7e540c444d2c156ae58c8bab
delinked/XAPILIB/FUN_001d7817.obj	ee6f5a972a6a54cc93a5a7e19363d3592b367394	A	0000000000000000000000000000000000000000	013723dceb7e830c7e540c444d2c156ae58c8bab
delinked/XAPILIB/FUN_001d789a.obj	14d5358c36d5088907cd2a45f4d247c50e727b28	A	0000000000000000000000000000000000000000	dffb0392691669cc85b68ab3480292cd7f4268b3
delinked/XAPILIB/FUN_001d789a.obj	a7dbb87ba2c22e2957ca2c30f06f4831b99d100a	D	dffb0392691669cc85b68ab3480292cd7f4268b3	0000000000000000000000000000000000000000
delinked/XAPILIB/FUN_001d789a.obj	c737d34e633f7ec77596d8a67f0a231b8ec0f0a5	A	0000000000000000000000000000000000000000	dffb0392691669cc85b68ab3480292cd7f4268b3
delinked/XAPILIB/FUN_001d789a.obj	ee6f5a972a6a54cc93a5a7e19363d3592b367394	A	0000000000000000000000000000000000000000	dffb0392691669cc85b68ab3480292cd7f4268b3
delinked/XAPILIB/FUN_001d789a.obj	f279e6eacadb8cd904b63800b8aadf51f922f56c	A	0000000000000000000000000000000000000000	dffb0392691669cc85b68ab3480292cd7f4268b3
delinked/XAPILIB/xbox_crt.obj	13542ad345ab644d139266695a30f8edf2cbd42f	A	0000000000000000000000000000000000000000	574a33da7a3f425d51b19239d7d214a63f064d25
delinked/XAPILIB/xbox_crt.obj	6c70fbee82c09b9a657f21c5c9f163b4987708b8	A	0000000000000000000000000000000000000000	574a33da7a3f425d51b19239d7d214a63f064d25
delinked/XAPILIB/xbox_crt.obj	a7dbb87ba2c22e2957ca2c30f06f4831b99d100a	D	574a33da7a3f425d51b19239d7d214a63f064d25	0000000000000000000000000000000000000000
delinked/XAPILIB/xbox_crt.obj	c737d34e633f7ec77596d8a67f0a231b8ec0f0a5	A	0000000000000000000000000000000000000000	574a33da7a3f425d51b19239d7d214a63f064d25
delinked/XAPILIB/xbox_crt.obj	d7fe3476b524ef312908bdb7babb68043e026bc2	A	0000000000000000000000000000000000000000	574a33da7a3f425d51b19239d7d214a63f064d25
delinked/XAPILIB/xbox_crt.obj	d91b33be10887b291f80872744be889b85982ec8	A	0000000000000000000000000000000000000000	574a33da7a3f425d51b19239d7d214a63f064d25
delinked/XAPILIB/xbox_crt.obj	ee6f5a972a6a54cc93a5a7e19363d3592b367394	A	0000000000000000000000000000000000000000	574a33da7a3f425d51b19239d7d214a63f064d25
delinked/actions.obj	2e426ff46d2fd8b3dbc817037601ee733f19d9c9	A	0000000000000000000000000000000000000000	17573ea9d696638bb4e5989cfcf7c0347a1f8b30
delinked/actions.obj	a7dbb87ba2c22e2957ca2c30f06f4831b99d100a	D	17573ea9d696638bb4e5989cfcf7c0347a1f8b30	0000000000000000000000000000000000000000
delinked/actions.obj	c737d34e633f7ec77596d8a67f0a231b8ec0f0a5	A	0000000000000000000000000000000000000000	b5895efbbb1857fba552c11fa9cc69a51115a479
delinked/actions.obj	ee6f5a972a6a54cc93a5a7e19363d3592b367394	A	0000000000000000000000000000000000000000	b5895efbbb1857fba552c11fa9cc69a51115a479
delinked/actions.obj	f0acfaa26c6d6d2db6ebb023c8b85d37228dbd71	A	0000000000000000000000000000000000000000	17573ea9d696638bb4e5989cfcf7c0347a1f8b30
delinked/actor_combat.obj	1d4ac594f12dac773ecb9b1de86162ac20ee4758	A	0000000000000000000000000000000000000000	da456bd3e16f97d94de0768a01d7914f9e9c1eef
delinked/actor_combat.obj	a7dbb87ba2c22e2957ca2c30f06f4831b99d100a	D	da456bd3e16f97d94de0768a01d7914f9e9c1eef	0000000000000000000000000000000000000000
delinked/actor_combat.obj	c737d34e633f7ec77596d8a67f0a231b8ec0f0a5	A	0000000000000000000000000000000000000000	da456bd3e16f97d94de0768a01d7914f9e9c1eef
delinked/actor_combat.obj	ee6f5a972a6a54cc93a5a7e19363d3592b367394	A	0000000000000000000000000000000000000000	da456bd3e16f97d94de0768a01d7914f9e9c1eef
delinked/actor_looking_1a100.obj	a25e2db2c8b9f038461199da30f725160a18f441	A	0000000000000000000000000000000000000000	50707d49194e2237b1409085a5bdc590d323f589
delinked/actor_looking_1a100.obj	a7dbb87ba2c22e2957ca2c30f06f4831b99d100a	D	50707d49194e2237b1409085a5bdc590d323f589	0000000000000000000000000000000000000000
delinked/actor_looking_1a100.obj	c737d34e633f7ec77596d8a67f0a231b8ec0f0a5	A	0000000000000000000000000000000000000000	50707d49194e2237b1409085a5bdc590d323f589
delinked/actor_looking_1a100.obj	e2d41bf343b57f91d4ba7ce4d6616fa8831b1eb7	A	0000000000000000000000000000000000000000	50707d49194e2237b1409085a5bdc590d323f589
delinked/actor_looking_1a100.obj	eb6620f3114924cd2e633d8a6a3ac0672d3a1ded	A	0000000000000000000000000000000000000000	50707d49194e2237b1409085a5bdc590d323f589
delinked/actor_looking_1a100.obj	ee6f5a972a6a54cc93a5a7e19363d3592b367394	A	0000000000000000000000000000000000000000	50707d49194e2237b1409085a5bdc590d323f589
delinked/actor_looking_FUN_00013dd0.obj	027c1a597ec77edfb084939f800267be5326344e	A	0000000000000000000000000000000000000000	3564b0498d3cea127c0ceaf13c02cb3356f33fd1
delinked/actor_looking_FUN_00013dd0.obj	15743c6a4d47a060180251a747a8c80fc819912b	A	0000000000000000000000000000000000000000	3564b0498d3cea127c0ceaf13c02cb3356f33fd1
delinked/actor_looking_FUN_00013dd0.obj	442a35fa1fa280c9eed9d771c4fd774a457cb96e	A	0000000000000000000000000000000000000000	3564b0498d3cea127c0ceaf13c02cb3356f33fd1
delinked/actor_looking_FUN_00013dd0.obj	670e1a8a0d25c52a2683d34281e3a9e26fac08a7	A	0000000000000000000000000000000000000000	3564b0498d3cea127c0ceaf13c02cb3356f33fd1
delinked/actor_looking_FUN_00013dd0.obj	a562bea3754b91779cf6a04287ecfb09c38df3c1	M	3564b0498d3cea127c0ceaf13c02cb3356f33fd1	abcd131962da862da9036b41fd3084a94517fcf5
delinked/actor_looking_FUN_00013dd0.obj	a7dbb87ba2c22e2957ca2c30f06f4831b99d100a	D	abcd131962da862da9036b41fd3084a94517fcf5	0000000000000000000000000000000000000000
delinked/actor_looking_FUN_00013dd0.obj	ad72f2bef1ff0500f51188b5b3be2414160c50ed	A	0000000000000000000000000000000000000000	3564b0498d3cea127c0ceaf13c02cb3356f33fd1
delinked/actor_looking_FUN_00013dd0.obj	b9b2ad2592925cc5431f1c02486ff771c7061e9a	M	3564b0498d3cea127c0ceaf13c02cb3356f33fd1	abcd131962da862da9036b41fd3084a94517fcf5
delinked/actor_looking_FUN_00013dd0.obj	c737d34e633f7ec77596d8a67f0a231b8ec0f0a5	A	0000000000000000000000000000000000000000	abcd131962da862da9036b41fd3084a94517fcf5
delinked/actor_looking_FUN_00013dd0.obj	daa01585966868ffa346f848dd3e2e9289529355	M	3564b0498d3cea127c0ceaf13c02cb3356f33fd1	abcd131962da862da9036b41fd3084a94517fcf5
delinked/actor_looking_FUN_00013dd0.obj	e3462d16bb9f8b089fc42a913bad542c36282f62	A	0000000000000000000000000000000000000000	3564b0498d3cea127c0ceaf13c02cb3356f33fd1
delinked/actor_looking_FUN_00013dd0.obj	ee6f5a972a6a54cc93a5a7e19363d3592b367394	A	0000000000000000000000000000000000000000	abcd131962da862da9036b41fd3084a94517fcf5
delinked/actor_looking_FUN_00013ef0.obj	027c1a597ec77edfb084939f800267be5326344e	A	0000000000000000000000000000000000000000	84a0e454019ce1a405c891c328d9bf0be04be34c
delinked/actor_looking_FUN_00013ef0.obj	15743c6a4d47a060180251a747a8c80fc819912b	A	0000000000000000000000000000000000000000	84a0e454019ce1a405c891c328d9bf0be04be34c
delinked/actor_looking_FUN_00013ef0.obj	28eeb56a79db477e80c5173e3d3c61e41e1b8b9c	M	ba6c80a1060f177f5c9bdf908ee7e56b4f8f1745	347e697b62b9395547db06395fbe09dc624afc83
delinked/actor_looking_FUN_00013ef0.obj	442a35fa1fa280c9eed9d771c4fd774a457cb96e	A	0000000000000000000000000000000000000000	84a0e454019ce1a405c891c328d9bf0be04be34c
delinked/actor_looking_FUN_00013ef0.obj	45cc94f88cfa3b588964cf2583fc76a588429159	M	347e697b62b9395547db06395fbe09dc624afc83	84a0e454019ce1a405c891c328d9bf0be04be34c
delinked/actor_looking_FUN_00013ef0.obj	9c398c8debeeabe551dd71ea9cdd0e7d8ade3757	A	0000000000000000000000000000000000000000	ba6c80a1060f177f5c9bdf908ee7e56b4f8f1745
delinked/actor_looking_FUN_00013ef0.obj	a562bea3754b91779cf6a04287ecfb09c38df3c1	M	84a0e454019ce1a405c891c328d9bf0be04be34c	c9bd7ed95c62dfe8c58b7a3aba36548d4b0e3a28
delinked/actor_looking_FUN_00013ef0.obj	a666fa09ee8c023f0576c44328876074668bc78c	M	ba6c80a1060f177f5c9bdf908ee7e56b4f8f1745	347e697b62b9395547db06395fbe09dc624afc83
delinked/actor_looking_FUN_00013ef0.obj	a7dbb87ba2c22e2957ca2c30f06f4831b99d100a	D	c9bd7ed95c62dfe8c58b7a3aba36548d4b0e3a28	0000000000000000000000000000000000000000
delinked/actor_looking_FUN_00013ef0.obj	b9b2ad2592925cc5431f1c02486ff771c7061e9a	M	84a0e454019ce1a405c891c328d9bf0be04be34c	c9bd7ed95c62dfe8c58b7a3aba36548d4b0e3a28
delinked/actor_looking_FUN_00013ef0.obj	c737d34e633f7ec77596d8a67f0a231b8ec0f0a5	A	0000000000000000000000000000000000000000	c9bd7ed95c62dfe8c58b7a3aba36548d4b0e3a28
delinked/actor_looking_FUN_00013ef0.obj	daa01585966868ffa346f848dd3e2e9289529355	M	84a0e454019ce1a405c891c328d9bf0be04be34c	c9bd7ed95c62dfe8c58b7a3aba36548d4b0e3a28
delinked/actor_looking_FUN_00013ef0.obj	dd710a27d050a19579b47ea46d9a54c2d88ed283	A	0000000000000000000000000000000000000000	ba6c80a1060f177f5c9bdf908ee7e56b4f8f1745
delinked/actor_looking_FUN_00013ef0.obj	e3462d16bb9f8b089fc42a913bad542c36282f62	A	0000000000000000000000000000000000000000	84a0e454019ce1a405c891c328d9bf0be04be34c
delinked/actor_looking_FUN_00013ef0.obj	ee6f5a972a6a54cc93a5a7e19363d3592b367394	A	0000000000000000000000000000000000000000	c9bd7ed95c62dfe8c58b7a3aba36548d4b0e3a28
delinked/actor_looking_FUN_00013ef0.obj	fa9d2876e191bc48a579c55859f63af1be5240b4	M	347e697b62b9395547db06395fbe09dc624afc83	84a0e454019ce1a405c891c328d9bf0be04be34c
delinked/actor_looking_FUN_00014480.obj	027c1a597ec77edfb084939f800267be5326344e	A	0000000000000000000000000000000000000000	9891afd905f32b52816a20acf601bc232953b835
delinked/actor_looking_FUN_00014480.obj	15743c6a4d47a060180251a747a8c80fc819912b	A	0000000000000000000000000000000000000000	9891afd905f32b52816a20acf601bc232953b835
delinked/actor_looking_FUN_00014480.obj	16f5d1f169e24925ea13ee0007716b16de6ee00b	A	0000000000000000000000000000000000000000	9891afd905f32b52816a20acf601bc232953b835
delinked/actor_looking_FUN_00014480.obj	1f50938cb19e9f1a976188274791d2b9fe619559	A	0000000000000000000000000000000000000000	9891afd905f32b52816a20acf601bc232953b835
delinked/actor_looking_FUN_00014480.obj	442a35fa1fa280c9eed9d771c4fd774a457cb96e	A	0000000000000000000000000000000000000000	9891afd905f32b52816a20acf601bc232953b835
delinked/actor_looking_FUN_00014480.obj	a562bea3754b91779cf6a04287ecfb09c38df3c1	M	9891afd905f32b52816a20acf601bc232953b835	bd1c58d2d4da39df79122fe435abd4346091dc66
delinked/actor_looking_FUN_00014480.obj	a7dbb87ba2c22e2957ca2c30f06f4831b99d100a	D	bd1c58d2d4da39df79122fe435abd4346091dc66	0000000000000000000000000000000000000000
delinked/actor_looking_FUN_00014480.obj	b9b2ad2592925cc5431f1c02486ff771c7061e9a	M	9891afd905f32b52816a20acf601bc232953b835	bd1c58d2d4da39df79122fe435abd4346091dc66
delinked/actor_looking_FUN_00014480.obj	c737d34e633f7ec77596d8a67f0a231b8ec0f0a5	A	0000000000000000000000000000000000000000	bd1c58d2d4da39df79122fe435abd4346091dc66
delinked/actor_looking_FUN_00014480.obj	daa01585966868ffa346f848dd3e2e9289529355	M	9891afd905f32b52816a20acf601bc232953b835	bd1c58d2d4da39df79122fe435abd4346091dc66
delinked/actor_looking_FUN_00014480.obj	e3462d16bb9f8b089fc42a913bad542c36282f62	A	0000000000000000000000000000000000000000	9891afd905f32b52816a20acf601bc232953b835
delinked/actor_looking_FUN_00014480.obj	ee6f5a972a6a54cc93a5a7e19363d3592b367394	A	0000000000000000000000000000000000000000	bd1c58d2d4da39df79122fe435abd4346091dc66
delinked/actor_looking_FUN_00014540.obj	027c1a597ec77edfb084939f800267be5326344e	A	0000000000000000000000000000000000000000	8350929ef880a064601e25b369e67f2145182d7d
delinked/actor_looking_FUN_00014540.obj	15743c6a4d47a060180251a747a8c80fc819912b	A	0000000000000000000000000000000000000000	8350929ef880a064601e25b369e67f2145182d7d
delinked/actor_looking_FUN_00014540.obj	16f5d1f169e24925ea13ee0007716b16de6ee00b	A	0000000000000000000000000000000000000000	8350929ef880a064601e25b369e67f2145182d7d
delinked/actor_looking_FUN_00014540.obj	1f50938cb19e9f1a976188274791d2b9fe619559	A	0000000000000000000000000000000000000000	8350929ef880a064601e25b369e67f2145182d7d
delinked/actor_looking_FUN_00014540.obj	442a35fa1fa280c9eed9d771c4fd774a457cb96e	A	0000000000000000000000000000000000000000	8350929ef880a064601e25b369e67f2145182d7d
delinked/actor_looking_FUN_00014540.obj	a562bea3754b91779cf6a04287ecfb09c38df3c1	M	8350929ef880a064601e25b369e67f2145182d7d	c3d70f636cd89df41d16d992ed72c2c07a1f7983
delinked/actor_looking_FUN_00014540.obj	a7dbb87ba2c22e2957ca2c30f06f4831b99d100a	D	c3d70f636cd89df41d16d992ed72c2c07a1f7983	0000000000000000000000000000000000000000
delinked/actor_looking_FUN_00014540.obj	b9b2ad2592925cc5431f1c02486ff771c7061e9a	M	8350929ef880a064601e25b369e67f2145182d7d	c3d70f636cd89df41d16d992ed72c2c07a1f7983
delinked/actor_looking_FUN_00014540.obj	c737d34e633f7ec77596d8a67f0a231b8ec0f0a5	A	0000000000000000000000000000000000000000	c3d70f636cd89df41d16d992ed72c2c07a1f7983
delinked/actor_looking_FUN_00014540.obj	daa01585966868ffa346f848dd3e2e9289529355	M	8350929ef880a064601e25b369e67f2145182d7d	c3d70f636cd89df41d16d992ed72c2c07a1f7983
delinked/actor_looking_FUN_00014540.obj	e3462d16bb9f8b089fc42a913bad542c36282f62	A	0000000000000000000000000000000000000000	8350929ef880a064601e25b369e67f2145182d7d
delinked/actor_looking_FUN_00014540.obj	ee6f5a972a6a54cc93a5a7e19363d3592b367394	A	0000000000000000000000000000000000000000	c3d70f636cd89df41d16d992ed72c2c07a1f7983
delinked/actor_looking_FUN_00014620.obj	3101e2f29bcd89f04113d5995ef6e679892a8e79	A	0000000000000000000000000000000000000000	d2c5bc0768b81d9778bd460937639afb349d047b
delinked/actor_looking_FUN_00014620.obj	a7dbb87ba2c22e2957ca2c30f06f4831b99d100a	D	d2c5bc0768b81d9778bd460937639afb349d047b	0000000000000000000000000000000000000000
delinked/actor_looking_FUN_00014620.obj	c737d34e633f7ec77596d8a67f0a231b8ec0f0a5	A	0000000000000000000000000000000000000000	d2c5bc0768b81d9778bd460937639afb349d047b
delinked/actor_looking_FUN_00014620.obj	d1622ce69ea38ef0ada78ba73a0863e77bb46d0e	A	0000000000000000000000000000000000000000	d2c5bc0768b81d9778bd460937639afb349d047b
delinked/actor_looking_FUN_00014620.obj	ee6f5a972a6a54cc93a5a7e19363d3592b367394	A	0000000000000000000000000000000000000000	d2c5bc0768b81d9778bd460937639afb349d047b
delinked/actor_looking_FUN_00014ba0.obj	027c1a597ec77edfb084939f800267be5326344e	A	0000000000000000000000000000000000000000	e21e981a508fa70e67791af5978c43daf277ce2c
delinked/actor_looking_FUN_00014ba0.obj	05b1cdb2cbeadc16994a154c256a40af96048246	A	0000000000000000000000000000000000000000	e21e981a508fa70e67791af5978c43daf277ce2c
delinked/actor_looking_FUN_00014ba0.obj	15743c6a4d47a060180251a747a8c80fc819912b	A	0000000000000000000000000000000000000000	e21e981a508fa70e67791af5978c43daf277ce2c
delinked/actor_looking_FUN_00014ba0.obj	26a6c50ed7230ae562dd7c8f5c1639b2df08690e	A	0000000000000000000000000000000000000000	e21e981a508fa70e67791af5978c43daf277ce2c
delinked/actor_looking_FUN_00014ba0.obj	2ae419f5baae1926036696b98958e49a4b670fd2	A	0000000000000000000000000000000000000000	0e60570641074eda731bbffe359cfa5c942a9c69
delinked/actor_looking_FUN_00014ba0.obj	6b85431f456735422f0006dbe6f58c31bf7794e1	A	0000000000000000000000000000000000000000	e21e981a508fa70e67791af5978c43daf277ce2c
delinked/actor_looking_FUN_00014ba0.obj	a7dbb87ba2c22e2957ca2c30f06f4831b99d100a	D	e21e981a508fa70e67791af5978c43daf277ce2c	0000000000000000000000000000000000000000
delinked/actor_looking_FUN_00014ba0.obj	c737d34e633f7ec77596d8a67f0a231b8ec0f0a5	A	0000000000000000000000000000000000000000	e21e981a508fa70e67791af5978c43daf277ce2c
delinked/actor_looking_FUN_00014ba0.obj	ee6f5a972a6a54cc93a5a7e19363d3592b367394	A	0000000000000000000000000000000000000000	e21e981a508fa70e67791af5978c43daf277ce2c
delinked/actor_looking_FUN_00014ba0.obj	f6b15bfd69c01593fdfb7aa2f61e2f41f9990c9a	A	0000000000000000000000000000000000000000	e21e981a508fa70e67791af5978c43daf277ce2c
delinked/actor_looking_FUN_00014c10.obj	a60b1379b5524c0d893c07b5b042995a6b54bb71	A	0000000000000000000000000000000000000000	ab12d60d9686a5e9646460c525be8792ea2200bd
delinked/actor_looking_FUN_00014c10.obj	a7dbb87ba2c22e2957ca2c30f06f4831b99d100a	D	ab12d60d9686a5e9646460c525be8792ea2200bd	0000000000000000000000000000000000000000
delinked/actor_looking_FUN_00014c10.obj	c737d34e633f7ec77596d8a67f0a231b8ec0f0a5	A	0000000000000000000000000000000000000000	ab12d60d9686a5e9646460c525be8792ea2200bd
delinked/actor_looking_FUN_00014c10.obj	c873e094ffcc99fe16309bef2a3d580061445cc3	A	0000000000000000000000000000000000000000	ab12d60d9686a5e9646460c525be8792ea2200bd
delinked/actor_looking_FUN_00014c10.obj	ee6f5a972a6a54cc93a5a7e19363d3592b367394	A	0000000000000000000000000000000000000000	ab12d60d9686a5e9646460c525be8792ea2200bd
delinked/actor_looking_FUN_00014e90.obj	027c1a597ec77edfb084939f800267be5326344e	A	0000000000000000000000000000000000000000	a06512dec19b48bd594743770288b88260cb038f
delinked/actor_looking_FUN_00014e90.obj	05b1cdb2cbeadc16994a154c256a40af96048246	A	0000000000000000000000000000000000000000	a06512dec19b48bd594743770288b88260cb038f
delinked/actor_looking_FUN_00014e90.obj	15743c6a4d47a060180251a747a8c80fc819912b	A	0000000000000000000000000000000000000000	a06512dec19b48bd594743770288b88260cb038f
delinked/actor_looking_FUN_00014e90.obj	26a6c50ed7230ae562dd7c8f5c1639b2df08690e	A	0000000000000000000000000000000000000000	a06512dec19b48bd594743770288b88260cb038f
delinked/actor_looking_FUN_00014e90.obj	6b85431f456735422f0006dbe6f58c31bf7794e1	A	0000000000000000000000000000000000000000	a06512dec19b48bd594743770288b88260cb038f
delinked/actor_looking_FUN_00014e90.obj	a7dbb87ba2c22e2957ca2c30f06f4831b99d100a	D	a06512dec19b48bd594743770288b88260cb038f	0000000000000000000000000000000000000000
delinked/actor_looking_FUN_00014e90.obj	c737d34e633f7ec77596d8a67f0a231b8ec0f0a5	A	0000000000000000000000000000000000000000	a06512dec19b48bd594743770288b88260cb038f
delinked/actor_looking_FUN_00014e90.obj	ee6f5a972a6a54cc93a5a7e19363d3592b367394	A	0000000000000000000000000000000000000000	a06512dec19b48bd594743770288b88260cb038f
delinked/actor_looking_FUN_00014e90.obj	f6b15bfd69c01593fdfb7aa2f61e2f41f9990c9a	A	0000000000000000000000000000000000000000	a06512dec19b48bd594743770288b88260cb038f
delinked/actor_looking_FUN_00015040.obj	027c1a597ec77edfb084939f800267be5326344e	A	0000000000000000000000000000000000000000	e5b9603a50f0dff380c19c1a3513ee0a2a2b1090
delinked/actor_looking_FUN_00015040.obj	05b1cdb2cbeadc16994a154c256a40af96048246	A	0000000000000000000000000000000000000000	e5b9603a50f0dff380c19c1a3513ee0a2a2b1090
delinked/actor_looking_FUN_00015040.obj	15743c6a4d47a060180251a747a8c80fc819912b	A	0000000000000000000000000000000000000000	e5b9603a50f0dff380c19c1a3513ee0a2a2b1090
delinked/actor_looking_FUN_00015040.obj	26a6c50ed7230ae562dd7c8f5c1639b2df08690e	A	0000000000000000000000000000000000000000	e5b9603a50f0dff380c19c1a3513ee0a2a2b1090
delinked/actor_looking_FUN_00015040.obj	69a5dd8ad4269eaa55e119390c8743dec3dfa994	M	22166486065d9079e8a88310145bb2b64726f607	e5b9603a50f0dff380c19c1a3513ee0a2a2b1090
delinked/actor_looking_FUN_00015040.obj	6b85431f456735422f0006dbe6f58c31bf7794e1	A	0000000000000000000000000000000000000000	22166486065d9079e8a88310145bb2b64726f607
delinked/actor_looking_FUN_00015040.obj	82296822c0e337f37a81b10e85e47c3ec255ab20	M	22166486065d9079e8a88310145bb2b64726f607	e5b9603a50f0dff380c19c1a3513ee0a2a2b1090
delinked/actor_looking_FUN_00015040.obj	a7dbb87ba2c22e2957ca2c30f06f4831b99d100a	D	e5b9603a50f0dff380c19c1a3513ee0a2a2b1090	0000000000000000000000000000000000000000
delinked/actor_looking_FUN_00015040.obj	c737d34e633f7ec77596d8a67f0a231b8ec0f0a5	A	0000000000000000000000000000000000000000	e5b9603a50f0dff380c19c1a3513ee0a2a2b1090
delinked/actor_looking_FUN_00015040.obj	ee6f5a972a6a54cc93a5a7e19363d3592b367394	A	0000000000000000000000000000000000000000	e5b9603a50f0dff380c19c1a3513ee0a2a2b1090
delinked/actor_looking_FUN_00015040.obj	f6b15bfd69c01593fdfb7aa2f61e2f41f9990c9a	A	0000000000000000000000000000000000000000	22166486065d9079e8a88310145bb2b64726f607
delinked/actor_looking_FUN_00015520.obj	a562bea3754b91779cf6a04287ecfb09c38df3c1	M	f579f7d0415393d4e400151db36559613edd6cbc	3d2f82b702fcc46803c1f4b89448c45e84effc26
delinked/actor_looking_FUN_00015520.obj	a60b1379b5524c0d893c07b5b042995a6b54bb71	A	0000000000000000000000000000000000000000	f579f7d0415393d4e400151db36559613edd6cbc
delinked/actor_looking_FUN_00015520.obj	a7dbb87ba2c22e2957ca2c30f06f4831b99d100a	D	3d2f82b702fcc46803c1f4b89448c45e84effc26	0000000000000000000000000000000000000000
delinked/actor_looking_FUN_00015520.obj	b9b2ad2592925cc5431f1c02486ff771c7061e9a	M	f579f7d0415393d4e400151db36559613edd6cbc	3d2f82b702fcc46803c1f4b89448c45e84effc26
delinked/actor_looking_FUN_00015520.obj	c737d34e633f7ec77596d8a67f0a231b8ec0f0a5	A	0000000000000000000000000000000000000000	3d2f82b702fcc46803c1f4b89448c45e84effc26
delinked/actor_looking_FUN_00015520.obj	c873e094ffcc99fe16309bef2a3d580061445cc3	A	0000000000000000000000000000000000000000	f579f7d0415393d4e400151db36559613edd6cbc
delinked/actor_looking_FUN_00015520.obj	daa01585966868ffa346f848dd3e2e9289529355	M	f579f7d0415393d4e400151db36559613edd6cbc	3d2f82b702fcc46803c1f4b89448c45e84effc26
delinked/actor_looking_FUN_00015520.obj	ee6f5a972a6a54cc93a5a7e19363d3592b367394	A	0000000000000000000000000000000000000000	3d2f82b702fcc46803c1f4b89448c45e84effc26
delinked/actor_looking_FUN_000159d0.obj	027c1a597ec77edfb084939f800267be5326344e	A	0000000000000000000000000000000000000000	cdebf16d253fcb43b8b6c114ef5ebe02f73f9bd5
delinked/actor_looking_FUN_000159d0.obj	05b1cdb2cbeadc16994a154c256a40af96048246	A	0000000000000000000000000000000000000000	cdebf16d253fcb43b8b6c114ef5ebe02f73f9bd5
delinked/actor_looking_FUN_000159d0.obj	07d8df8d0d215cc2b7d4b5b162d8b3d18225376b	A	0000000000000000000000000000000000000000	cdebf16d253fcb43b8b6c114ef5ebe02f73f9bd5
delinked/actor_looking_FUN_000159d0.obj	15743c6a4d47a060180251a747a8c80fc819912b	A	0000000000000000000000000000000000000000	cdebf16d253fcb43b8b6c114ef5ebe02f73f9bd5
delinked/actor_looking_FUN_000159d0.obj	26a6c50ed7230ae562dd7c8f5c1639b2df08690e	A	0000000000000000000000000000000000000000	cdebf16d253fcb43b8b6c114ef5ebe02f73f9bd5
delinked/actor_looking_FUN_000159d0.obj	2ae419f5baae1926036696b98958e49a4b670fd2	A	0000000000000000000000000000000000000000	279252d6adbcf8fa3539ba8db57b18f530d235a9
delinked/actor_looking_FUN_000159d0.obj	a4fcef0dd47c9e1bd4e72b27539805698cf06af2	A	0000000000000000000000000000000000000000	cdebf16d253fcb43b8b6c114ef5ebe02f73f9bd5
delinked/actor_looking_FUN_000159d0.obj	a7dbb87ba2c22e2957ca2c30f06f4831b99d100a	D	cdebf16d253fcb43b8b6c114ef5ebe02f73f9bd5	0000000000000000000000000000000000000000
delinked/actor_looking_FUN_000159d0.obj	c737d34e633f7ec77596d8a67f0a231b8ec0f0a5	A	0000000000000000000000000000000000000000	cdebf16d253fcb43b8b6c114ef5ebe02f73f9bd5
delinked/actor_looking_FUN_000159d0.obj	ee6f5a972a6a54cc93a5a7e19363d3592b367394	A	0000000000000000000000000000000000000000	cdebf16d253fcb43b8b6c114ef5ebe02f73f9bd5
delinked/actor_looking_FUN_00015cf0.obj	2859977bcbdfc959bc46d8c390d55811ae3ac336	A	0000000000000000000000000000000000000000	19059e1c3c6d5da8f019073deaef55ca68e3e16a
delinked/actor_looking_FUN_00015cf0.obj	a7dbb87ba2c22e2957ca2c30f06f4831b99d100a	D	19059e1c3c6d5da8f019073deaef55ca68e3e16a	0000000000000000000000000000000000000000
delinked/actor_looking_FUN_00015cf0.obj	b12f3679b4a862e402eeebc92f592c4dea75e542	A	0000000000000000000000000000000000000000	19059e1c3c6d5da8f019073deaef55ca68e3e16a
delinked/actor_looking_FUN_00015cf0.obj	b586b1c394a9849645e5d19b92803b4fe78cf8cc	A	0000000000000000000000000000000000000000	19059e1c3c6d5da8f019073deaef55ca68e3e16a
delinked/actor_looking_FUN_00015cf0.obj	c737d34e633f7ec77596d8a67f0a231b8ec0f0a5	A	0000000000000000000000000000000000000000	19059e1c3c6d5da8f019073deaef55ca68e3e16a
delinked/actor_looking_FUN_00015cf0.obj	ee6f5a972a6a54cc93a5a7e19363d3592b367394	A	0000000000000000000000000000000000000000	19059e1c3c6d5da8f019073deaef55ca68e3e16a
delinked/actor_looking_FUN_00015f60.obj	027c1a597ec77edfb084939f800267be5326344e	M	e960b55a92513a43dc840ad994824647852651a3	8529ff2c6f3ce9386d6af263ec7a163e37cced14
delinked/actor_looking_FUN_00015f60.obj	05b1cdb2cbeadc16994a154c256a40af96048246	M	e960b55a92513a43dc840ad994824647852651a3	8529ff2c6f3ce9386d6af263ec7a163e37cced14
delinked/actor_looking_FUN_00015f60.obj	15743c6a4d47a060180251a747a8c80fc819912b	M	e960b55a92513a43dc840ad994824647852651a3	8529ff2c6f3ce9386d6af263ec7a163e37cced14
delinked/actor_looking_FUN_00015f60.obj	16cf28973e80d0e8366c01d44e2cd2bb72d50263	A	0000000000000000000000000000000000000000	e960b55a92513a43dc840ad994824647852651a3
delinked/actor_looking_FUN_00015f60.obj	26a6c50ed7230ae562dd7c8f5c1639b2df08690e	M	e960b55a92513a43dc840ad994824647852651a3	8529ff2c6f3ce9386d6af263ec7a163e37cced14
delinked/actor_looking_FUN_00015f60.obj	683998976a87d6707dec8fe37b2ebb87a251885b	A	0000000000000000000000000000000000000000	e960b55a92513a43dc840ad994824647852651a3
delinked/actor_looking_FUN_00015f60.obj	69a5dd8ad4269eaa55e119390c8743dec3dfa994	M	e960b55a92513a43dc840ad994824647852651a3	8529ff2c6f3ce9386d6af263ec7a163e37cced14
delinked/actor_looking_FUN_00015f60.obj	82296822c0e337f37a81b10e85e47c3ec255ab20	M	e960b55a92513a43dc840ad994824647852651a3	8529ff2c6f3ce9386d6af263ec7a163e37cced14
delinked/actor_looking_FUN_00015f60.obj	a7dbb87ba2c22e2957ca2c30f06f4831b99d100a	D	8529ff2c6f3ce9386d6af263ec7a163e37cced14	0000000000000000000000000000000000000000
delinked/actor_looking_FUN_00015f60.obj	c737d34e633f7ec77596d8a67f0a231b8ec0f0a5	A	0000000000000000000000000000000000000000	8529ff2c6f3ce9386d6af263ec7a163e37cced14
delinked/actor_looking_FUN_00015f60.obj	d9dcefafbd23acd5136c8d7f484d02546721caf3	A	0000000000000000000000000000000000000000	e960b55a92513a43dc840ad994824647852651a3
delinked/actor_looking_FUN_00015f60.obj	ee6f5a972a6a54cc93a5a7e19363d3592b367394	A	0000000000000000000000000000000000000000	8529ff2c6f3ce9386d6af263ec7a163e37cced14
delinked/actor_looking_FUN_00016050.obj	027c1a597ec77edfb084939f800267be5326344e	A	0000000000000000000000000000000000000000	81c29ac87895f6e2b2c0d8820fb5c41a50cb6386
delinked/actor_looking_FUN_00016050.obj	05b1cdb2cbeadc16994a154c256a40af96048246	A	0000000000000000000000000000000000000000	81c29ac87895f6e2b2c0d8820fb5c41a50cb6386
delinked/actor_looking_FUN_00016050.obj	15743c6a4d47a060180251a747a8c80fc819912b	A	0000000000000000000000000000000000000000	81c29ac87895f6e2b2c0d8820fb5c41a50cb6386
delinked/actor_looking_FUN_00016050.obj	26a6c50ed7230ae562dd7c8f5c1639b2df08690e	A	0000000000000000000000000000000000000000	81c29ac87895f6e2b2c0d8820fb5c41a50cb6386
delinked/actor_looking_FUN_00016050.obj	6b85431f456735422f0006dbe6f58c31bf7794e1	A	0000000000000000000000000000000000000000	81c29ac87895f6e2b2c0d8820fb5c41a50cb6386
delinked/actor_looking_FUN_00016050.obj	a7dbb87ba2c22e2957ca2c30f06f4831b99d100a	D	81c29ac87895f6e2b2c0d8820fb5c41a50cb6386	0000000000000000000000000000000000000000
delinked/actor_looking_FUN_00016050.obj	c737d34e633f7ec77596d8a67f0a231b8ec0f0a5	A	0000000000000000000000000000000000000000	81c29ac87895f6e2b2c0d8820fb5c41a50cb6386
delinked/actor_looking_FUN_00016050.obj	ee6f5a972a6a54cc93a5a7e19363d3592b367394	A	0000000000000000000000000000000000000000	81c29ac87895f6e2b2c0d8820fb5c41a50cb6386
delinked/actor_looking_FUN_00016050.obj	f6b15bfd69c01593fdfb7aa2f61e2f41f9990c9a	A	0000000000000000000000000000000000000000	81c29ac87895f6e2b2c0d8820fb5c41a50cb6386
delinked/actor_looking_FUN_00016210.obj	027c1a597ec77edfb084939f800267be5326344e	A	0000000000000000000000000000000000000000	4859369d5907de20c24a19cc1bff9e531c307aed
delinked/actor_looking_FUN_00016210.obj	05b1cdb2cbeadc16994a154c256a40af96048246	A	0000000000000000000000000000000000000000	4859369d5907de20c24a19cc1bff9e531c307aed
delinked/actor_looking_FUN_00016210.obj	15743c6a4d47a060180251a747a8c80fc819912b	A	0000000000000000000000000000000000000000	4859369d5907de20c24a19cc1bff9e531c307aed
delinked/actor_looking_FUN_00016210.obj	26a6c50ed7230ae562dd7c8f5c1639b2df08690e	A	0000000000000000000000000000000000000000	4859369d5907de20c24a19cc1bff9e531c307aed
delinked/actor_looking_FUN_00016210.obj	6b85431f456735422f0006dbe6f58c31bf7794e1	A	0000000000000000000000000000000000000000	4859369d5907de20c24a19cc1bff9e531c307aed
delinked/actor_looking_FUN_00016210.obj	a7dbb87ba2c22e2957ca2c30f06f4831b99d100a	D	4859369d5907de20c24a19cc1bff9e531c307aed	0000000000000000000000000000000000000000
delinked/actor_looking_FUN_00016210.obj	c737d34e633f7ec77596d8a67f0a231b8ec0f0a5	A	0000000000000000000000000000000000000000	4859369d5907de20c24a19cc1bff9e531c307aed
delinked/actor_looking_FUN_00016210.obj	ee6f5a972a6a54cc93a5a7e19363d3592b367394	A	0000000000000000000000000000000000000000	4859369d5907de20c24a19cc1bff9e531c307aed
delinked/actor_looking_FUN_00016210.obj	f6b15bfd69c01593fdfb7aa2f61e2f41f9990c9a	A	0000000000000000000000000000000000000000	4859369d5907de20c24a19cc1bff9e531c307aed
delinked/actor_looking_FUN_00016590.obj	2d6be675daee9e368eb8d5714a533726e5b5cf88	A	0000000000000000000000000000000000000000	daba3a7b7247380e1af949f2f31d48dc23888f84
delinked/actor_looking_FUN_00016590.obj	332577416faa3e32fd68020809c722b1b9c87409	A	0000000000000000000000000000000000000000	daba3a7b7247380e1af949f2f31d48dc23888f84
delinked/actor_looking_FUN_00016590.obj	730ac2a8ccdeba4350a6d5f006b3d9d8cd9e51a2	A	0000000000000000000000000000000000000000	daba3a7b7247380e1af949f2f31d48dc23888f84
delinked/actor_looking_FUN_00016590.obj	a7dbb87ba2c22e2957ca2c30f06f4831b99d100a	D	daba3a7b7247380e1af949f2f31d48dc23888f84	0000000000000000000000000000000000000000
delinked/actor_looking_FUN_00016590.obj	c737d34e633f7ec77596d8a67f0a231b8ec0f0a5	A	0000000000000000000000000000000000000000	daba3a7b7247380e1af949f2f31d48dc23888f84
delinked/actor_looking_FUN_00016590.obj	ee6f5a972a6a54cc93a5a7e19363d3592b367394	A	0000000000000000000000000000000000000000	daba3a7b7247380e1af949f2f31d48dc23888f84
delinked/actor_looking_FUN_000169a0.obj	a562bea3754b91779cf6a04287ecfb09c38df3c1	M	c1092bd4bf7b952cbeee4f79dcfafcec484bfe11	23afc44be80f18a8e531c026df6188b0589b4647
delinked/actor_looking_FUN_000169a0.obj	a60b1379b5524c0d893c07b5b042995a6b54bb71	A	0000000000000000000000000000000000000000	c1092bd4bf7b952cbeee4f79dcfafcec484bfe11
delinked/actor_looking_FUN_000169a0.obj	a7dbb87ba2c22e2957ca2c30f06f4831b99d100a	D	23afc44be80f18a8e531c026df6188b0589b4647	0000000000000000000000000000000000000000
delinked/actor_looking_FUN_000169a0.obj	b9b2ad2592925cc5431f1c02486ff771c7061e9a	M	c1092bd4bf7b952cbeee4f79dcfafcec484bfe11	23afc44be80f18a8e531c026df6188b0589b4647
delinked/actor_looking_FUN_000169a0.obj	c737d34e633f7ec77596d8a67f0a231b8ec0f0a5	A	0000000000000000000000000000000000000000	23afc44be80f18a8e531c026df6188b0589b4647
delinked/actor_looking_FUN_000169a0.obj	c873e094ffcc99fe16309bef2a3d580061445cc3	A	0000000000000000000000000000000000000000	c1092bd4bf7b952cbeee4f79dcfafcec484bfe11
delinked/actor_looking_FUN_000169a0.obj	daa01585966868ffa346f848dd3e2e9289529355	M	c1092bd4bf7b952cbeee4f79dcfafcec484bfe11	23afc44be80f18a8e531c026df6188b0589b4647
delinked/actor_looking_FUN_000169a0.obj	ee6f5a972a6a54cc93a5a7e19363d3592b367394	A	0000000000000000000000000000000000000000	23afc44be80f18a8e531c026df6188b0589b4647
delinked/actor_looking_FUN_00016bd0.obj	027c1a597ec77edfb084939f800267be5326344e	A	0000000000000000000000000000000000000000	87ee16dd7e885c29c953f5e608fe47ab5448d77a
delinked/actor_looking_FUN_00016bd0.obj	05b1cdb2cbeadc16994a154c256a40af96048246	A	0000000000000000000000000000000000000000	87ee16dd7e885c29c953f5e608fe47ab5448d77a
delinked/actor_looking_FUN_00016bd0.obj	15743c6a4d47a060180251a747a8c80fc819912b	A	0000000000000000000000000000000000000000	87ee16dd7e885c29c953f5e608fe47ab5448d77a
delinked/actor_looking_FUN_00016bd0.obj	26a6c50ed7230ae562dd7c8f5c1639b2df08690e	A	0000000000000000000000000000000000000000	87ee16dd7e885c29c953f5e608fe47ab5448d77a
delinked/actor_looking_FUN_00016bd0.obj	6b85431f456735422f0006dbe6f58c31bf7794e1	A	0000000000000000000000000000000000000000	87ee16dd7e885c29c953f5e608fe47ab5448d77a
delinked/actor_looking_FUN_00016bd0.obj	a562bea3754b91779cf6a04287ecfb09c38df3c1	M	87ee16dd7e885c29c953f5e608fe47ab5448d77a	93759ea3fe55600f57f7dd474ad0850b760937da
delinked/actor_looking_FUN_00016bd0.obj	a7dbb87ba2c22e2957ca2c30f06f4831b99d100a	D	93759ea3fe55600f57f7dd474ad0850b760937da	0000000000000000000000000000000000000000
delinked/actor_looking_FUN_00016bd0.obj	b9b2ad2592925cc5431f1c02486ff771c7061e9a	M	87ee16dd7e885c29c953f5e608fe47ab5448d77a	93759ea3fe55600f57f7dd474ad0850b760937da
delinked/actor_looking_FUN_00016bd0.obj	c737d34e633f7ec77596d8a67f0a231b8ec0f0a5	A	0000000000000000000000000000000000000000	93759ea3fe55600f57f7dd474ad0850b760937da
delinked/actor_looking_FUN_00016bd0.obj	daa01585966868ffa346f848dd3e2e9289529355	M	87ee16dd7e885c29c953f5e608fe47ab5448d77a	93759ea3fe55600f57f7dd474ad0850b760937da
delinked/actor_looking_FUN_00016bd0.obj	ee6f5a972a6a54cc93a5a7e19363d3592b367394	A	0000000000000000000000000000000000000000	93759ea3fe55600f57f7dd474ad0850b760937da
delinked/actor_looking_FUN_00016bd0.obj	f6b15bfd69c01593fdfb7aa2f61e2f41f9990c9a	A	0000000000000000000000000000000000000000	87ee16dd7e885c29c953f5e608fe47ab5448d77a
delinked/actor_looking_FUN_00016cf0.obj	027c1a597ec77edfb084939f800267be5326344e	A	0000000000000000000000000000000000000000	22f0053a49e0ee8df9bc56af9a4b2669e08d7ebe
delinked/actor_looking_FUN_00016cf0.obj	05b1cdb2cbeadc16994a154c256a40af96048246	A	0000000000000000000000000000000000000000	22f0053a49e0ee8df9bc56af9a4b2669e08d7ebe
delinked/actor_looking_FUN_00016cf0.obj	15743c6a4d47a060180251a747a8c80fc819912b	A	0000000000000000000000000000000000000000	22f0053a49e0ee8df9bc56af9a4b2669e08d7ebe
delinked/actor_looking_FUN_00016cf0.obj	26a6c50ed7230ae562dd7c8f5c1639b2df08690e	A	0000000000000000000000000000000000000000	22f0053a49e0ee8df9bc56af9a4b2669e08d7ebe
delinked/actor_looking_FUN_00016cf0.obj	6b85431f456735422f0006dbe6f58c31bf7794e1	A	0000000000000000000000000000000000000000	22f0053a49e0ee8df9bc56af9a4b2669e08d7ebe
delinked/actor_looking_FUN_00016cf0.obj	a7dbb87ba2c22e2957ca2c30f06f4831b99d100a	D	22f0053a49e0ee8df9bc56af9a4b2669e08d7ebe	0000000000000000000000000000000000000000
delinked/actor_looking_FUN_00016cf0.obj	c737d34e633f7ec77596d8a67f0a231b8ec0f0a5	A	0000000000000000000000000000000000000000	22f0053a49e0ee8df9bc56af9a4b2669e08d7ebe
delinked/actor_looking_FUN_00016cf0.obj	ee6f5a972a6a54cc93a5a7e19363d3592b367394	A	0000000000000000000000000000000000000000	22f0053a49e0ee8df9bc56af9a4b2669e08d7ebe
delinked/actor_looking_FUN_00016cf0.obj	f6b15bfd69c01593fdfb7aa2f61e2f41f9990c9a	A	0000000000000000000000000000000000000000	22f0053a49e0ee8df9bc56af9a4b2669e08d7ebe
delinked/actor_looking_FUN_00016d40.obj	2d67ead6953ba4aac606f3da32aea87c9fbe52b9	A	0000000000000000000000000000000000000000	985436d3973adceef42716283b6cad6dc3374573
delinked/actor_looking_FUN_00016d40.obj	9bb04eb4bd9b078740b54617cd93de9a0abd3c20	A	0000000000000000000000000000000000000000	985436d3973adceef42716283b6cad6dc3374573
delinked/actor_looking_FUN_00016d40.obj	a562bea3754b91779cf6a04287ecfb09c38df3c1	M	985436d3973adceef42716283b6cad6dc3374573	adbd29250c1dab5bc7a7c17d67bc28e03bfa286f
delinked/actor_looking_FUN_00016d40.obj	a7dbb87ba2c22e2957ca2c30f06f4831b99d100a	D	adbd29250c1dab5bc7a7c17d67bc28e03bfa286f	0000000000000000000000000000000000000000
delinked/actor_looking_FUN_00016d40.obj	b716aacef6c769470243c34b6f89224c3d3104bf	A	0000000000000000000000000000000000000000	985436d3973adceef42716283b6cad6dc3374573
delinked/actor_looking_FUN_00016d40.obj	b9b2ad2592925cc5431f1c02486ff771c7061e9a	M	985436d3973adceef42716283b6cad6dc3374573	adbd29250c1dab5bc7a7c17d67bc28e03bfa286f
delinked/actor_looking_FUN_00016d40.obj	c737d34e633f7ec77596d8a67f0a231b8ec0f0a5	A	0000000000000000000000000000000000000000	adbd29250c1dab5bc7a7c17d67bc28e03bfa286f
delinked/actor_looking_FUN_00016d40.obj	daa01585966868ffa346f848dd3e2e9289529355	M	985436d3973adceef42716283b6cad6dc3374573	adbd29250c1dab5bc7a7c17d67bc28e03bfa286f
delinked/actor_looking_FUN_00016d40.obj	ee6f5a972a6a54cc93a5a7e19363d3592b367394	A	0000000000000000000000000000000000000000	adbd29250c1dab5bc7a7c17d67bc28e03bfa286f
delinked/actor_looking_FUN_00017960.obj	a60b1379b5524c0d893c07b5b042995a6b54bb71	A	0000000000000000000000000000000000000000	801aaf28d7392bbd7d4de473e61d2d811c74a4a0
delinked/actor_looking_FUN_00017960.obj	a7dbb87ba2c22e2957ca2c30f06f4831b99d100a	D	801aaf28d7392bbd7d4de473e61d2d811c74a4a0	0000000000000000000000000000000000000000
delinked/actor_looking_FUN_00017960.obj	c737d34e633f7ec77596d8a67f0a231b8ec0f0a5	A	0000000000000000000000000000000000000000	801aaf28d7392bbd7d4de473e61d2d811c74a4a0
delinked/actor_looking_FUN_00017960.obj	c873e094ffcc99fe16309bef2a3d580061445cc3	A	0000000000000000000000000000000000000000	801aaf28d7392bbd7d4de473e61d2d811c74a4a0
delinked/actor_looking_FUN_00017960.obj	ee6f5a972a6a54cc93a5a7e19363d3592b367394	A	0000000000000000000000000000000000000000	801aaf28d7392bbd7d4de473e61d2d811c74a4a0
delinked/actor_looking_FUN_00019110.obj	a60b1379b5524c0d893c07b5b042995a6b54bb71	A	0000000000000000000000000000000000000000	f46db59f0fcdc4433c9e93704408ee96fb97c364
delinked/actor_looking_FUN_00019110.obj	a7dbb87ba2c22e2957ca2c30f06f4831b99d100a	D	f46db59f0fcdc4433c9e93704408ee96fb97c364	0000000000000000000000000000000000000000
delinked/actor_looking_FUN_00019110.obj	c737d34e633f7ec77596d8a67f0a231b8ec0f0a5	A	0000000000000000000000000000000000000000	f46db59f0fcdc4433c9e93704408ee96fb97c364
delinked/actor_looking_FUN_00019110.obj	c873e094ffcc99fe16309bef2a3d580061445cc3	A	0000000000000000000000000000000000000000	f46db59f0fcdc4433c9e93704408ee96fb97c364
delinked/actor_looking_FUN_00019110.obj	ee6f5a972a6a54cc93a5a7e19363d3592b367394	A	0000000000000000000000000000000000000000	f46db59f0fcdc4433c9e93704408ee96fb97c364
delinked/actor_looking_FUN_000192b0.obj	027c1a597ec77edfb084939f800267be5326344e	A	0000000000000000000000000000000000000000	e44677334c4aa0941f36b7e98a3a74c62751b969
delinked/actor_looking_FUN_000192b0.obj	05b1cdb2cbeadc16994a154c256a40af96048246	A	0000000000000000000000000000000000000000	e44677334c4aa0941f36b7e98a3a74c62751b969
delinked/actor_looking_FUN_000192b0.obj	15743c6a4d47a060180251a747a8c80fc819912b	A	0000000000000000000000000000000000000000	e44677334c4aa0941f36b7e98a3a74c62751b969
delinked/actor_looking_FUN_000192b0.obj	26a6c50ed7230ae562dd7c8f5c1639b2df08690e	A	0000000000000000000000000000000000000000	e44677334c4aa0941f36b7e98a3a74c62751b969
delinked/actor_looking_FUN_000192b0.obj	6b85431f456735422f0006dbe6f58c31bf7794e1	A	0000000000000000000000000000000000000000	e44677334c4aa0941f36b7e98a3a74c62751b969
delinked/actor_looking_FUN_000192b0.obj	a7dbb87ba2c22e2957ca2c30f06f4831b99d100a	D	e44677334c4aa0941f36b7e98a3a74c62751b969	0000000000000000000000000000000000000000
delinked/actor_looking_FUN_000192b0.obj	c737d34e633f7ec77596d8a67f0a231b8ec0f0a5	A	0000000000000000000000000000000000000000	e44677334c4aa0941f36b7e98a3a74c62751b969
delinked/actor_looking_FUN_000192b0.obj	ee6f5a972a6a54cc93a5a7e19363d3592b367394	A	0000000000000000000000000000000000000000	e44677334c4aa0941f36b7e98a3a74c62751b969
delinked/actor_looking_FUN_000192b0.obj	f6b15bfd69c01593fdfb7aa2f61e2f41f9990c9a	A	0000000000000000000000000000000000000000	e44677334c4aa0941f36b7e98a3a74c62751b969
delinked/actor_looking_FUN_000197d0.obj	0b5f4f7cc75aaf403aab1c929c7762c93f018eff	A	0000000000000000000000000000000000000000	1c73aa28ed0e426221e098a3919b444d64dc7592
delinked/actor_looking_FUN_000197d0.obj	39170fa971a836e6733ec366711bbe52ac7ef5e2	A	0000000000000000000000000000000000000000	1c73aa28ed0e426221e098a3919b444d64dc7592
delinked/actor_looking_FUN_000197d0.obj	758444dbae729a69f36e722f6636f093d24e11ee	A	0000000000000000000000000000000000000000	1c73aa28ed0e426221e098a3919b444d64dc7592
delinked/actor_looking_FUN_000197d0.obj	a7dbb87ba2c22e2957ca2c30f06f4831b99d100a	D	1c73aa28ed0e426221e098a3919b444d64dc7592	0000000000000000000000000000000000000000
delinked/actor_looking_FUN_000197d0.obj	c737d34e633f7ec77596d8a67f0a231b8ec0f0a5	A	0000000000000000000000000000000000000000	1c73aa28ed0e426221e098a3919b444d64dc7592
delinked/actor_looking_FUN_000197d0.obj	ee6f5a972a6a54cc93a5a7e19363d3592b367394	A	0000000000000000000000000000000000000000	1c73aa28ed0e426221e098a3919b444d64dc7592
delinked/actor_looking_FUN_00019940.obj	027c1a597ec77edfb084939f800267be5326344e	M	3ef3a30563d7ece71bd440965dc85b0e13ad43fa	5109891acb8254539f1c1fbd30542211e10e80ef
delinked/actor_looking_FUN_00019940.obj	05b1cdb2cbeadc16994a154c256a40af96048246	M	3ef3a30563d7ece71bd440965dc85b0e13ad43fa	5109891acb8254539f1c1fbd30542211e10e80ef
delinked/actor_looking_FUN_00019940.obj	15743c6a4d47a060180251a747a8c80fc819912b	M	3ef3a30563d7ece71bd440965dc85b0e13ad43fa	5109891acb8254539f1c1fbd30542211e10e80ef
delinked/actor_looking_FUN_00019940.obj	26a6c50ed7230ae562dd7c8f5c1639b2df08690e	M	3ef3a30563d7ece71bd440965dc85b0e13ad43fa	5109891acb8254539f1c1fbd30542211e10e80ef
delinked/actor_looking_FUN_00019940.obj	69a5dd8ad4269eaa55e119390c8743dec3dfa994	M	3ef3a30563d7ece71bd440965dc85b0e13ad43fa	5109891acb8254539f1c1fbd30542211e10e80ef
delinked/actor_looking_FUN_00019940.obj	700b77a492a3d7d5a69a16438c48574ede9d9785	A	0000000000000000000000000000000000000000	3ef3a30563d7ece71bd440965dc85b0e13ad43fa
delinked/actor_looking_FUN_00019940.obj	82296822c0e337f37a81b10e85e47c3ec255ab20	M	3ef3a30563d7ece71bd440965dc85b0e13ad43fa	5109891acb8254539f1c1fbd30542211e10e80ef
delinked/actor_looking_FUN_00019940.obj	a7dbb87ba2c22e2957ca2c30f06f4831b99d100a	D	5109891acb8254539f1c1fbd30542211e10e80ef	0000000000000000000000000000000000000000
delinked/actor_looking_FUN_00019940.obj	bb28974580b909de15272efb1738c4087c7fcc51	A	0000000000000000000000000000000000000000	3ef3a30563d7ece71bd440965dc85b0e13ad43fa
delinked/actor_looking_FUN_00019940.obj	c737d34e633f7ec77596d8a67f0a231b8ec0f0a5	A	0000000000000000000000000000000000000000	5109891acb8254539f1c1fbd30542211e10e80ef
delinked/actor_looking_FUN_00019940.obj	cabf6d2a0f267b8d8754163b5d85377b2745b5fb	A	0000000000000000000000000000000000000000	3ef3a30563d7ece71bd440965dc85b0e13ad43fa
delinked/actor_looking_FUN_00019940.obj	ee6f5a972a6a54cc93a5a7e19363d3592b367394	A	0000000000000000000000000000000000000000	5109891acb8254539f1c1fbd30542211e10e80ef
delinked/actor_looking_FUN_00019b20.obj	14495f0669ad8e0e99f887cbb16c3c957ecf9e8d	M	dd532aa0c19613dc68a34576930496e92ea5bdc4	7a493547e94215051ed6ab882bff41d0279a8ba0
delinked/actor_looking_FUN_00019b20.obj	700b77a492a3d7d5a69a16438c48574ede9d9785	A	0000000000000000000000000000000000000000	dd532aa0c19613dc68a34576930496e92ea5bdc4
delinked/actor_looking_FUN_00019b20.obj	9848743dcbac9c034a7d08888439dabf7e9d394c	M	dd532aa0c19613dc68a34576930496e92ea5bdc4	7a493547e94215051ed6ab882bff41d0279a8ba0
delinked/actor_looking_FUN_00019b20.obj	a7dbb87ba2c22e2957ca2c30f06f4831b99d100a	D	7a493547e94215051ed6ab882bff41d0279a8ba0	0000000000000000000000000000000000000000
delinked/actor_looking_FUN_00019b20.obj	bb28974580b909de15272efb1738c4087c7fcc51	A	0000000000000000000000000000000000000000	dd532aa0c19613dc68a34576930496e92ea5bdc4
delinked/actor_looking_FUN_00019b20.obj	c737d34e633f7ec77596d8a67f0a231b8ec0f0a5	A	0000000000000000000000000000000000000000	7a493547e94215051ed6ab882bff41d0279a8ba0
delinked/actor_looking_FUN_00019b20.obj	cabf6d2a0f267b8d8754163b5d85377b2745b5fb	A	0000000000000000000000000000000000000000	dd532aa0c19613dc68a34576930496e92ea5bdc4
delinked/actor_looking_FUN_00019b20.obj	ceff2b3630ba58983279162d62778380ae5aa8af	M	dd532aa0c19613dc68a34576930496e92ea5bdc4	7a493547e94215051ed6ab882bff41d0279a8ba0
delinked/actor_looking_FUN_00019b20.obj	ee6f5a972a6a54cc93a5a7e19363d3592b367394	A	0000000000000000000000000000000000000000	7a493547e94215051ed6ab882bff41d0279a8ba0
delinked/actor_looking_FUN_00019c70.obj	027c1a597ec77edfb084939f800267be5326344e	A	0000000000000000000000000000000000000000	b3431b7a56824787a48c73622836e49e87a93a5f
delinked/actor_looking_FUN_00019c70.obj	05b1cdb2cbeadc16994a154c256a40af96048246	A	0000000000000000000000000000000000000000	b3431b7a56824787a48c73622836e49e87a93a5f
delinked/actor_looking_FUN_00019c70.obj	15743c6a4d47a060180251a747a8c80fc819912b	A	0000000000000000000000000000000000000000	b3431b7a56824787a48c73622836e49e87a93a5f
delinked/actor_looking_FUN_00019c70.obj	26a6c50ed7230ae562dd7c8f5c1639b2df08690e	A	0000000000000000000000000000000000000000	b3431b7a56824787a48c73622836e49e87a93a5f
delinked/actor_looking_FUN_00019c70.obj	2ae419f5baae1926036696b98958e49a4b670fd2	A	0000000000000000000000000000000000000000	02a2fc573fd52dfcf355612b0ddf52be800bce8c
delinked/actor_looking_FUN_00019c70.obj	6b85431f456735422f0006dbe6f58c31bf7794e1	A	0000000000000000000000000000000000000000	b3431b7a56824787a48c73622836e49e87a93a5f
delinked/actor_looking_FUN_00019c70.obj	a7dbb87ba2c22e2957ca2c30f06f4831b99d100a	D	b3431b7a56824787a48c73622836e49e87a93a5f	0000000000000000000000000000000000000000
delinked/actor_looking_FUN_00019c70.obj	c737d34e633f7ec77596d8a67f0a231b8ec0f0a5	A	0000000000000000000000000000000000000000	b3431b7a56824787a48c73622836e49e87a93a5f
delinked/actor_looking_FUN_00019c70.obj	ee6f5a972a6a54cc93a5a7e19363d3592b367394	A	0000000000000000000000000000000000000000	b3431b7a56824787a48c73622836e49e87a93a5f
delinked/actor_looking_FUN_00019c70.obj	f6b15bfd69c01593fdfb7aa2f61e2f41f9990c9a	A	0000000000000000000000000000000000000000	b3431b7a56824787a48c73622836e49e87a93a5f
delinked/actor_looking_FUN_00019d00.obj	9f9760afd7295e097ea904d6ebd712ffeee4831f	A	0000000000000000000000000000000000000000	9fe030f181256bd2013002b659d45205845baa7e
delinked/actor_looking_FUN_0001a100.obj	2ae419f5baae1926036696b98958e49a4b670fd2	A	0000000000000000000000000000000000000000	50707d49194e2237b1409085a5bdc590d323f589
delinked/actor_looking_FUN_0001a420.obj	027c1a597ec77edfb084939f800267be5326344e	M	3fc12b404ae4f62c2064cad424c8c897e7fd809e	f434f5fdfa9a87f13690f1a356753fa1bf831a12
delinked/actor_looking_FUN_0001a420.obj	05b1cdb2cbeadc16994a154c256a40af96048246	M	3fc12b404ae4f62c2064cad424c8c897e7fd809e	f434f5fdfa9a87f13690f1a356753fa1bf831a12
delinked/actor_looking_FUN_0001a420.obj	15743c6a4d47a060180251a747a8c80fc819912b	M	3fc12b404ae4f62c2064cad424c8c897e7fd809e	f434f5fdfa9a87f13690f1a356753fa1bf831a12
delinked/actor_looking_FUN_0001a420.obj	26a6c50ed7230ae562dd7c8f5c1639b2df08690e	M	3fc12b404ae4f62c2064cad424c8c897e7fd809e	f434f5fdfa9a87f13690f1a356753fa1bf831a12
delinked/actor_looking_FUN_0001a420.obj	5aa397f68cee084eada415167683d412066e1dff	A	0000000000000000000000000000000000000000	3fc12b404ae4f62c2064cad424c8c897e7fd809e
delinked/actor_looking_FUN_0001a420.obj	69a5dd8ad4269eaa55e119390c8743dec3dfa994	M	3fc12b404ae4f62c2064cad424c8c897e7fd809e	f434f5fdfa9a87f13690f1a356753fa1bf831a12
delinked/actor_looking_FUN_0001a420.obj	765eb853a5144b7d4f090cf618e872c3413752fb	A	0000000000000000000000000000000000000000	3fc12b404ae4f62c2064cad424c8c897e7fd809e
delinked/actor_looking_FUN_0001a420.obj	82296822c0e337f37a81b10e85e47c3ec255ab20	M	3fc12b404ae4f62c2064cad424c8c897e7fd809e	f434f5fdfa9a87f13690f1a356753fa1bf831a12
delinked/actor_looking_FUN_0001a420.obj	86944f75a0aed9e6f16e22734b70ee3c871a3a9e	A	0000000000000000000000000000000000000000	3fc12b404ae4f62c2064cad424c8c897e7fd809e
delinked/actor_looking_FUN_0001a420.obj	a7dbb87ba2c22e2957ca2c30f06f4831b99d100a	D	f434f5fdfa9a87f13690f1a356753fa1bf831a12	0000000000000000000000000000000000000000
delinked/actor_looking_FUN_0001a420.obj	c737d34e633f7ec77596d8a67f0a231b8ec0f0a5	A	0000000000000000000000000000000000000000	f434f5fdfa9a87f13690f1a356753fa1bf831a12
delinked/actor_looking_FUN_0001a420.obj	ee6f5a972a6a54cc93a5a7e19363d3592b367394	A	0000000000000000000000000000000000000000	f434f5fdfa9a87f13690f1a356753fa1bf831a12
delinked/actor_looking_FUN_0001a600.obj	027c1a597ec77edfb084939f800267be5326344e	A	0000000000000000000000000000000000000000	3446e476889a5772503f0115e51010990cde107c
delinked/actor_looking_FUN_0001a600.obj	05b1cdb2cbeadc16994a154c256a40af96048246	A	0000000000000000000000000000000000000000	3446e476889a5772503f0115e51010990cde107c
delinked/actor_looking_FUN_0001a600.obj	15743c6a4d47a060180251a747a8c80fc819912b	A	0000000000000000000000000000000000000000	3446e476889a5772503f0115e51010990cde107c
delinked/actor_looking_FUN_0001a600.obj	26a6c50ed7230ae562dd7c8f5c1639b2df08690e	A	0000000000000000000000000000000000000000	3446e476889a5772503f0115e51010990cde107c
delinked/actor_looking_FUN_0001a600.obj	2ae419f5baae1926036696b98958e49a4b670fd2	A	0000000000000000000000000000000000000000	70528d532d7e91ec8a1d36cdddc9927fbf137bd3
delinked/actor_looking_FUN_0001a600.obj	6b85431f456735422f0006dbe6f58c31bf7794e1	A	0000000000000000000000000000000000000000	3446e476889a5772503f0115e51010990cde107c
delinked/actor_looking_FUN_0001a600.obj	a7dbb87ba2c22e2957ca2c30f06f4831b99d100a	D	3446e476889a5772503f0115e51010990cde107c	0000000000000000000000000000000000000000
delinked/actor_looking_FUN_0001a600.obj	c737d34e633f7ec77596d8a67f0a231b8ec0f0a5	A	0000000000000000000000000000000000000000	3446e476889a5772503f0115e51010990cde107c
delinked/actor_looking_FUN_0001a600.obj	ee6f5a972a6a54cc93a5a7e19363d3592b367394	A	0000000000000000000000000000000000000000	3446e476889a5772503f0115e51010990cde107c
delinked/actor_looking_FUN_0001a600.obj	f6b15bfd69c01593fdfb7aa2f61e2f41f9990c9a	A	0000000000000000000000000000000000000000	3446e476889a5772503f0115e51010990cde107c
delinked/actor_looking_FUN_0001a670.obj	027c1a597ec77edfb084939f800267be5326344e	A	0000000000000000000000000000000000000000	4363dd5a56fb07f05a8adeb158df43ff3bd9a59e
delinked/actor_looking_FUN_0001a670.obj	05b1cdb2cbeadc16994a154c256a40af96048246	A	0000000000000000000000000000000000000000	4363dd5a56fb07f05a8adeb158df43ff3bd9a59e
delinked/actor_looking_FUN_0001a670.obj	15743c6a4d47a060180251a747a8c80fc819912b	A	0000000000000000000000000000000000000000	4363dd5a56fb07f05a8adeb158df43ff3bd9a59e
delinked/actor_looking_FUN_0001a670.obj	26a6c50ed7230ae562dd7c8f5c1639b2df08690e	A	0000000000000000000000000000000000000000	4363dd5a56fb07f05a8adeb158df43ff3bd9a59e
delinked/actor_looking_FUN_0001a670.obj	6b85431f456735422f0006dbe6f58c31bf7794e1	A	0000000000000000000000000000000000000000	4363dd5a56fb07f05a8adeb158df43ff3bd9a59e
delinked/actor_looking_FUN_0001a670.obj	a7dbb87ba2c22e2957ca2c30f06f4831b99d100a	D	4363dd5a56fb07f05a8adeb158df43ff3bd9a59e	0000000000000000000000000000000000000000
delinked/actor_looking_FUN_0001a670.obj	c737d34e633f7ec77596d8a67f0a231b8ec0f0a5	A	0000000000000000000000000000000000000000	4363dd5a56fb07f05a8adeb158df43ff3bd9a59e
delinked/actor_looking_FUN_0001a670.obj	ee6f5a972a6a54cc93a5a7e19363d3592b367394	A	0000000000000000000000000000000000000000	4363dd5a56fb07f05a8adeb158df43ff3bd9a59e
delinked/actor_looking_FUN_0001a670.obj	f6b15bfd69c01593fdfb7aa2f61e2f41f9990c9a	A	0000000000000000000000000000000000000000	4363dd5a56fb07f05a8adeb158df43ff3bd9a59e
delinked/actor_looking_FUN_0001a7e0.obj	700b77a492a3d7d5a69a16438c48574ede9d9785	A	0000000000000000000000000000000000000000	b0cf151a180303a3684c99e5a66282b777758463
delinked/actor_looking_FUN_0001a7e0.obj	a7dbb87ba2c22e2957ca2c30f06f4831b99d100a	D	b0cf151a180303a3684c99e5a66282b777758463	0000000000000000000000000000000000000000
delinked/actor_looking_FUN_0001a7e0.obj	bb28974580b909de15272efb1738c4087c7fcc51	A	0000000000000000000000000000000000000000	b0cf151a180303a3684c99e5a66282b777758463
delinked/actor_looking_FUN_0001a7e0.obj	c737d34e633f7ec77596d8a67f0a231b8ec0f0a5	A	0000000000000000000000000000000000000000	b0cf151a180303a3684c99e5a66282b777758463
delinked/actor_looking_FUN_0001a7e0.obj	cabf6d2a0f267b8d8754163b5d85377b2745b5fb	A	0000000000000000000000000000000000000000	b0cf151a180303a3684c99e5a66282b777758463
delinked/actor_looking_FUN_0001a7e0.obj	ee6f5a972a6a54cc93a5a7e19363d3592b367394	A	0000000000000000000000000000000000000000	b0cf151a180303a3684c99e5a66282b777758463
delinked/actor_looking_FUN_0001ac00.obj	2ae419f5baae1926036696b98958e49a4b670fd2	A	0000000000000000000000000000000000000000	66875cf67895eb062b7ea3e70b7672cdfa9e8e84
delinked/actor_looking_FUN_0001ac00_wide.obj	1b87319cb4480aa3066fbd0908c438284cebaabf	A	0000000000000000000000000000000000000000	b4e41c1800fbc895d142863c40127af295838b90
delinked/actor_looking_FUN_0001ac00_wide.obj	a7dbb87ba2c22e2957ca2c30f06f4831b99d100a	D	b4e41c1800fbc895d142863c40127af295838b90	0000000000000000000000000000000000000000
delinked/actor_looking_FUN_0001ac00_wide.obj	b19b05dbb6749a52b32593cf4b21c1607f836a7e	A	0000000000000000000000000000000000000000	b4e41c1800fbc895d142863c40127af295838b90
delinked/actor_looking_FUN_0001ac00_wide.obj	c737d34e633f7ec77596d8a67f0a231b8ec0f0a5	A	0000000000000000000000000000000000000000	b4e41c1800fbc895d142863c40127af295838b90
delinked/actor_looking_FUN_0001ac00_wide.obj	edecf97eae1becbf20e25111915f98e0975c2faa	A	0000000000000000000000000000000000000000	b4e41c1800fbc895d142863c40127af295838b90
delinked/actor_looking_FUN_0001ac00_wide.obj	ee6f5a972a6a54cc93a5a7e19363d3592b367394	A	0000000000000000000000000000000000000000	b4e41c1800fbc895d142863c40127af295838b90
delinked/actor_looking_FUN_00024ca0.obj	027c1a597ec77edfb084939f800267be5326344e	A	0000000000000000000000000000000000000000	147defc3883331e0ba47010486d0fda8114afdcb
delinked/actor_looking_FUN_00024ca0.obj	05b1cdb2cbeadc16994a154c256a40af96048246	A	0000000000000000000000000000000000000000	147defc3883331e0ba47010486d0fda8114afdcb
delinked/actor_looking_FUN_00024ca0.obj	15743c6a4d47a060180251a747a8c80fc819912b	A	0000000000000000000000000000000000000000	147defc3883331e0ba47010486d0fda8114afdcb
delinked/actor_looking_FUN_00024ca0.obj	26a6c50ed7230ae562dd7c8f5c1639b2df08690e	A	0000000000000000000000000000000000000000	147defc3883331e0ba47010486d0fda8114afdcb
delinked/actor_looking_FUN_00024ca0.obj	2ae419f5baae1926036696b98958e49a4b670fd2	A	0000000000000000000000000000000000000000	5e7632332974d227dbaeea51ca322228a1fe7508
delinked/actor_looking_FUN_00024ca0.obj	69a5dd8ad4269eaa55e119390c8743dec3dfa994	M	55dd8847a4f93794c3ec3f5f77138e18cd0add78	147defc3883331e0ba47010486d0fda8114afdcb
delinked/actor_looking_FUN_00024ca0.obj	6b85431f456735422f0006dbe6f58c31bf7794e1	A	0000000000000000000000000000000000000000	55dd8847a4f93794c3ec3f5f77138e18cd0add78
delinked/actor_looking_FUN_00024ca0.obj	82296822c0e337f37a81b10e85e47c3ec255ab20	M	55dd8847a4f93794c3ec3f5f77138e18cd0add78	147defc3883331e0ba47010486d0fda8114afdcb
delinked/actor_looking_FUN_00024ca0.obj	a7dbb87ba2c22e2957ca2c30f06f4831b99d100a	D	147defc3883331e0ba47010486d0fda8114afdcb	0000000000000000000000000000000000000000
delinked/actor_looking_FUN_00024ca0.obj	c737d34e633f7ec77596d8a67f0a231b8ec0f0a5	A	0000000000000000000000000000000000000000	147defc3883331e0ba47010486d0fda8114afdcb
delinked/actor_looking_FUN_00024ca0.obj	ee6f5a972a6a54cc93a5a7e19363d3592b367394	A	0000000000000000000000000000000000000000	147defc3883331e0ba47010486d0fda8114afdcb
delinked/actor_looking_FUN_00024ca0.obj	f6b15bfd69c01593fdfb7aa2f61e2f41f9990c9a	A	0000000000000000000000000000000000000000	55dd8847a4f93794c3ec3f5f77138e18cd0add78
delinked/actor_looking_FUN_00024cf0.obj	67a17eb34ceebeefaf1259b5ce985bbff88bd0ac	A	0000000000000000000000000000000000000000	9baf75c389ee3a4959d004afc9effcc04905ac65
delinked/actor_looking_FUN_00024cf0.obj	a7dbb87ba2c22e2957ca2c30f06f4831b99d100a	D	9baf75c389ee3a4959d004afc9effcc04905ac65	0000000000000000000000000000000000000000
delinked/actor_looking_FUN_00024cf0.obj	ba4b47822c783a3b69637cebee41453a26c62a93	A	0000000000000000000000000000000000000000	9baf75c389ee3a4959d004afc9effcc04905ac65
delinked/actor_looking_FUN_00024cf0.obj	c737d34e633f7ec77596d8a67f0a231b8ec0f0a5	A	0000000000000000000000000000000000000000	9baf75c389ee3a4959d004afc9effcc04905ac65
delinked/actor_looking_FUN_00024cf0.obj	ee6f5a972a6a54cc93a5a7e19363d3592b367394	A	0000000000000000000000000000000000000000	9baf75c389ee3a4959d004afc9effcc04905ac65
delinked/actor_looking_FUN_00024cf0.obj	fcecb7db7465a5a499efc6b60cf5a411349181ad	A	0000000000000000000000000000000000000000	9baf75c389ee3a4959d004afc9effcc04905ac65
delinked/actor_looking_FUN_00025a00.obj	a60b1379b5524c0d893c07b5b042995a6b54bb71	A	0000000000000000000000000000000000000000	03121bc149bee5eb8a9c06fd827dd047d86ec150
delinked/actor_looking_FUN_00025a00.obj	a7dbb87ba2c22e2957ca2c30f06f4831b99d100a	D	03121bc149bee5eb8a9c06fd827dd047d86ec150	0000000000000000000000000000000000000000
delinked/actor_looking_FUN_00025a00.obj	c737d34e633f7ec77596d8a67f0a231b8ec0f0a5	A	0000000000000000000000000000000000000000	03121bc149bee5eb8a9c06fd827dd047d86ec150
delinked/actor_looking_FUN_00025a00.obj	c873e094ffcc99fe16309bef2a3d580061445cc3	A	0000000000000000000000000000000000000000	03121bc149bee5eb8a9c06fd827dd047d86ec150
delinked/actor_looking_FUN_00025a00.obj	ee6f5a972a6a54cc93a5a7e19363d3592b367394	A	0000000000000000000000000000000000000000	03121bc149bee5eb8a9c06fd827dd047d86ec150
delinked/actor_looking_FUN_00027090.obj	0e9f8556186f2f3e28b6c15a6e99290a7c1f5cf2	A	0000000000000000000000000000000000000000	d230571f712160c596d508022daff7525773ca00
delinked/actor_looking_FUN_00027090.obj	a7dbb87ba2c22e2957ca2c30f06f4831b99d100a	D	d230571f712160c596d508022daff7525773ca00	0000000000000000000000000000000000000000
delinked/actor_looking_FUN_00027090.obj	ba4b47822c783a3b69637cebee41453a26c62a93	A	0000000000000000000000000000000000000000	d230571f712160c596d508022daff7525773ca00
delinked/actor_looking_FUN_00027090.obj	c737d34e633f7ec77596d8a67f0a231b8ec0f0a5	A	0000000000000000000000000000000000000000	d230571f712160c596d508022daff7525773ca00
delinked/actor_looking_FUN_00027090.obj	ee6f5a972a6a54cc93a5a7e19363d3592b367394	A	0000000000000000000000000000000000000000	d230571f712160c596d508022daff7525773ca00
delinked/actor_looking_FUN_00027090.obj	fcecb7db7465a5a499efc6b60cf5a411349181ad	A	0000000000000000000000000000000000000000	d230571f712160c596d508022daff7525773ca00
delinked/actor_looking_FUN_000272d0.obj	20c79e571f77838820d63ec686aad68259dae4be	A	0000000000000000000000000000000000000000	8c2d0a975a903c829f1b81156f9e12483bd10928
delinked/actor_looking_FUN_000272d0.obj	5047f37d413ccb2323441af0a6ee32aae023b21f	A	0000000000000000000000000000000000000000	8c2d0a975a903c829f1b81156f9e12483bd10928
delinked/actor_looking_FUN_000272d0.obj	922c6708fc38ad93b508fe6fdc02425246e26ade	A	0000000000000000000000000000000000000000	8c2d0a975a903c829f1b81156f9e12483bd10928
delinked/actor_looking_FUN_000272d0.obj	a7dbb87ba2c22e2957ca2c30f06f4831b99d100a	D	8c2d0a975a903c829f1b81156f9e12483bd10928	0000000000000000000000000000000000000000
delinked/actor_looking_FUN_000272d0.obj	c737d34e633f7ec77596d8a67f0a231b8ec0f0a5	A	0000000000000000000000000000000000000000	8c2d0a975a903c829f1b81156f9e12483bd10928
delinked/actor_looking_FUN_000272d0.obj	ee6f5a972a6a54cc93a5a7e19363d3592b367394	A	0000000000000000000000000000000000000000	8c2d0a975a903c829f1b81156f9e12483bd10928
delinked/actor_looking_FUN_00027410.obj	453963be9d00122d988d196401ec3d6fe683abba	A	0000000000000000000000000000000000000000	ff84671d52a2ea80738864a6bb242b84b67ade63
delinked/actor_looking_FUN_00027410.obj	a7dbb87ba2c22e2957ca2c30f06f4831b99d100a	D	ff84671d52a2ea80738864a6bb242b84b67ade63	0000000000000000000000000000000000000000
delinked/actor_looking_FUN_00027410.obj	ba4b47822c783a3b69637cebee41453a26c62a93	A	0000000000000000000000000000000000000000	ff84671d52a2ea80738864a6bb242b84b67ade63
delinked/actor_looking_FUN_00027410.obj	c737d34e633f7ec77596d8a67f0a231b8ec0f0a5	A	0000000000000000000000000000000000000000	ff84671d52a2ea80738864a6bb242b84b67ade63
delinked/actor_looking_FUN_00027410.obj	ee6f5a972a6a54cc93a5a7e19363d3592b367394	A	0000000000000000000000000000000000000000	ff84671d52a2ea80738864a6bb242b84b67ade63
delinked/actor_looking_FUN_00027410.obj	fcecb7db7465a5a499efc6b60cf5a411349181ad	A	0000000000000000000000000000000000000000	ff84671d52a2ea80738864a6bb242b84b67ade63
delinked/actor_looking_FUN_000278e0.obj	027c1a597ec77edfb084939f800267be5326344e	A	0000000000000000000000000000000000000000	768ecf2e2037351c9d729ca40769300066ba5e53
delinked/actor_looking_FUN_000278e0.obj	05b1cdb2cbeadc16994a154c256a40af96048246	A	0000000000000000000000000000000000000000	768ecf2e2037351c9d729ca40769300066ba5e53
delinked/actor_looking_FUN_000278e0.obj	15743c6a4d47a060180251a747a8c80fc819912b	A	0000000000000000000000000000000000000000	768ecf2e2037351c9d729ca40769300066ba5e53
delinked/actor_looking_FUN_000278e0.obj	26a6c50ed7230ae562dd7c8f5c1639b2df08690e	A	0000000000000000000000000000000000000000	768ecf2e2037351c9d729ca40769300066ba5e53
delinked/actor_looking_FUN_000278e0.obj	6b85431f456735422f0006dbe6f58c31bf7794e1	A	0000000000000000000000000000000000000000	768ecf2e2037351c9d729ca40769300066ba5e53
delinked/actor_looking_FUN_000278e0.obj	a7dbb87ba2c22e2957ca2c30f06f4831b99d100a	D	768ecf2e2037351c9d729ca40769300066ba5e53	0000000000000000000000000000000000000000
delinked/actor_looking_FUN_000278e0.obj	c737d34e633f7ec77596d8a67f0a231b8ec0f0a5	A	0000000000000000000000000000000000000000	768ecf2e2037351c9d729ca40769300066ba5e53
delinked/actor_looking_FUN_000278e0.obj	ee6f5a972a6a54cc93a5a7e19363d3592b367394	A	0000000000000000000000000000000000000000	768ecf2e2037351c9d729ca40769300066ba5e53
delinked/actor_looking_FUN_000278e0.obj	f6b15bfd69c01593fdfb7aa2f61e2f41f9990c9a	A	0000000000000000000000000000000000000000	768ecf2e2037351c9d729ca40769300066ba5e53
delinked/actor_looking_FUN_00027a10.obj	027c1a597ec77edfb084939f800267be5326344e	A	0000000000000000000000000000000000000000	c1ca2dfb85d23c56c0eadfee7a1bc559c68d0f26
delinked/actor_looking_FUN_00027a10.obj	05b1cdb2cbeadc16994a154c256a40af96048246	A	0000000000000000000000000000000000000000	c1ca2dfb85d23c56c0eadfee7a1bc559c68d0f26
delinked/actor_looking_FUN_00027a10.obj	15743c6a4d47a060180251a747a8c80fc819912b	A	0000000000000000000000000000000000000000	c1ca2dfb85d23c56c0eadfee7a1bc559c68d0f26
delinked/actor_looking_FUN_00027a10.obj	26a6c50ed7230ae562dd7c8f5c1639b2df08690e	A	0000000000000000000000000000000000000000	c1ca2dfb85d23c56c0eadfee7a1bc559c68d0f26
delinked/actor_looking_FUN_00027a10.obj	6b85431f456735422f0006dbe6f58c31bf7794e1	A	0000000000000000000000000000000000000000	c1ca2dfb85d23c56c0eadfee7a1bc559c68d0f26
delinked/actor_looking_FUN_00027a10.obj	a7dbb87ba2c22e2957ca2c30f06f4831b99d100a	D	c1ca2dfb85d23c56c0eadfee7a1bc559c68d0f26	0000000000000000000000000000000000000000
delinked/actor_looking_FUN_00027a10.obj	c737d34e633f7ec77596d8a67f0a231b8ec0f0a5	A	0000000000000000000000000000000000000000	c1ca2dfb85d23c56c0eadfee7a1bc559c68d0f26
delinked/actor_looking_FUN_00027a10.obj	ee6f5a972a6a54cc93a5a7e19363d3592b367394	A	0000000000000000000000000000000000000000	c1ca2dfb85d23c56c0eadfee7a1bc559c68d0f26
delinked/actor_looking_FUN_00027a10.obj	f6b15bfd69c01593fdfb7aa2f61e2f41f9990c9a	A	0000000000000000000000000000000000000000	c1ca2dfb85d23c56c0eadfee7a1bc559c68d0f26
delinked/actor_looking_FUN_00027a60.obj	5ecaeef7507500bca29c316cf471021ef6919ccc	A	0000000000000000000000000000000000000000	9afdeba2aa63e3c19b3df11e78113cdb8beda545
delinked/actor_looking_FUN_00027a60.obj	a60b1379b5524c0d893c07b5b042995a6b54bb71	A	0000000000000000000000000000000000000000	38c5735996db52f6f3869e9ac519da698e576cfe
delinked/actor_looking_FUN_00027a60.obj	a7dbb87ba2c22e2957ca2c30f06f4831b99d100a	D	38c5735996db52f6f3869e9ac519da698e576cfe	0000000000000000000000000000000000000000
delinked/actor_looking_FUN_00027a60.obj	c737d34e633f7ec77596d8a67f0a231b8ec0f0a5	A	0000000000000000000000000000000000000000	38c5735996db52f6f3869e9ac519da698e576cfe
delinked/actor_looking_FUN_00027a60.obj	c873e094ffcc99fe16309bef2a3d580061445cc3	A	0000000000000000000000000000000000000000	38c5735996db52f6f3869e9ac519da698e576cfe
delinked/actor_looking_FUN_00027a60.obj	ee6f5a972a6a54cc93a5a7e19363d3592b367394	A	0000000000000000000000000000000000000000	38c5735996db52f6f3869e9ac519da698e576cfe
delinked/actor_looking_FUN_00029040.obj	3d5c46242ae925efa5c4faf129700265fa33e2ed	A	0000000000000000000000000000000000000000	657f045a7410c4755247d73a29a62e8701e35e37
delinked/actor_looking_FUN_00029040.obj	87976cabfd21da367455329983b843e0c62d6d1a	A	0000000000000000000000000000000000000000	657f045a7410c4755247d73a29a62e8701e35e37
delinked/actor_looking_FUN_00029040.obj	a79dec909fb604626fd1b133c947ae963254b6f2	M	657f045a7410c4755247d73a29a62e8701e35e37	4d168f8c697c4f4d404321e7cd763cfdde731e51
delinked/actor_looking_FUN_00029040.obj	a7dbb87ba2c22e2957ca2c30f06f4831b99d100a	D	657f045a7410c4755247d73a29a62e8701e35e37	0000000000000000000000000000000000000000
delinked/actor_looking_FUN_00029040.obj	c737d34e633f7ec77596d8a67f0a231b8ec0f0a5	A	0000000000000000000000000000000000000000	657f045a7410c4755247d73a29a62e8701e35e37
delinked/actor_looking_FUN_00029040.obj	d6765f55b149ee606af4512c3c519bd344f3edb1	M	4d168f8c697c4f4d404321e7cd763cfdde731e51	657f045a7410c4755247d73a29a62e8701e35e37
delinked/actor_looking_FUN_00029040.obj	daa01585966868ffa346f848dd3e2e9289529355	M	657f045a7410c4755247d73a29a62e8701e35e37	4d168f8c697c4f4d404321e7cd763cfdde731e51
delinked/actor_looking_FUN_00029040.obj	ee6f5a972a6a54cc93a5a7e19363d3592b367394	A	0000000000000000000000000000000000000000	657f045a7410c4755247d73a29a62e8701e35e37
delinked/actor_looking_FUN_0002a2b0.obj	027c1a597ec77edfb084939f800267be5326344e	A	0000000000000000000000000000000000000000	3959faf0c017d0fbfbee6f79266ebb4cfb7e69d6
delinked/actor_looking_FUN_0002a2b0.obj	15743c6a4d47a060180251a747a8c80fc819912b	A	0000000000000000000000000000000000000000	3959faf0c017d0fbfbee6f79266ebb4cfb7e69d6
delinked/actor_looking_FUN_0002a2b0.obj	16f5d1f169e24925ea13ee0007716b16de6ee00b	A	0000000000000000000000000000000000000000	3959faf0c017d0fbfbee6f79266ebb4cfb7e69d6
delinked/actor_looking_FUN_0002a2b0.obj	1f50938cb19e9f1a976188274791d2b9fe619559	A	0000000000000000000000000000000000000000	3959faf0c017d0fbfbee6f79266ebb4cfb7e69d6
delinked/actor_looking_FUN_0002a2b0.obj	442a35fa1fa280c9eed9d771c4fd774a457cb96e	A	0000000000000000000000000000000000000000	3959faf0c017d0fbfbee6f79266ebb4cfb7e69d6
delinked/actor_looking_FUN_0002a2b0.obj	a7dbb87ba2c22e2957ca2c30f06f4831b99d100a	D	3959faf0c017d0fbfbee6f79266ebb4cfb7e69d6	0000000000000000000000000000000000000000
delinked/actor_looking_FUN_0002a2b0.obj	c737d34e633f7ec77596d8a67f0a231b8ec0f0a5	A	0000000000000000000000000000000000000000	3959faf0c017d0fbfbee6f79266ebb4cfb7e69d6
delinked/actor_looking_FUN_0002a2b0.obj	e3462d16bb9f8b089fc42a913bad542c36282f62	A	0000000000000000000000000000000000000000	3959faf0c017d0fbfbee6f79266ebb4cfb7e69d6
delinked/actor_looking_FUN_0002a2b0.obj	ee6f5a972a6a54cc93a5a7e19363d3592b367394	A	0000000000000000000000000000000000000000	3959faf0c017d0fbfbee6f79266ebb4cfb7e69d6
delinked/actor_looking_math.obj	23120cbab18918db77fe5f02232c9c880d442a28	A	0000000000000000000000000000000000000000	b105bf40828b65b647f5419e58cbaaebd0ad0fe5
delinked/actor_looking_math.obj	6541b82fa52da20f96a9ba9c5779020a07edf3ef	A	0000000000000000000000000000000000000000	b105bf40828b65b647f5419e58cbaaebd0ad0fe5
delinked/actor_looking_math.obj	a1942615ee760b90982f93d2d02442ed1d7d092a	A	0000000000000000000000000000000000000000	b105bf40828b65b647f5419e58cbaaebd0ad0fe5
delinked/actor_looking_math.obj	a7dbb87ba2c22e2957ca2c30f06f4831b99d100a	D	b105bf40828b65b647f5419e58cbaaebd0ad0fe5	0000000000000000000000000000000000000000
delinked/actor_looking_math.obj	c737d34e633f7ec77596d8a67f0a231b8ec0f0a5	A	0000000000000000000000000000000000000000	b105bf40828b65b647f5419e58cbaaebd0ad0fe5
delinked/actor_looking_math.obj	ee6f5a972a6a54cc93a5a7e19363d3592b367394	A	0000000000000000000000000000000000000000	b105bf40828b65b647f5419e58cbaaebd0ad0fe5
delinked/actor_moving_FUN_0002d900.obj	027c1a597ec77edfb084939f800267be5326344e	A	0000000000000000000000000000000000000000	eec3b843de8e8ec0418fed5c60f20a2e94302be1
delinked/actor_moving_FUN_0002d900.obj	15743c6a4d47a060180251a747a8c80fc819912b	A	0000000000000000000000000000000000000000	eec3b843de8e8ec0418fed5c60f20a2e94302be1
delinked/actor_moving_FUN_0002d900.obj	a7dbb87ba2c22e2957ca2c30f06f4831b99d100a	D	eec3b843de8e8ec0418fed5c60f20a2e94302be1	0000000000000000000000000000000000000000
delinked/actor_moving_FUN_0002d900.obj	c6dc3681f01b1def31b063efb3243ef9f3b60184	A	0000000000000000000000000000000000000000	eec3b843de8e8ec0418fed5c60f20a2e94302be1
delinked/actor_moving_FUN_0002d900.obj	c737d34e633f7ec77596d8a67f0a231b8ec0f0a5	A	0000000000000000000000000000000000000000	eec3b843de8e8ec0418fed5c60f20a2e94302be1
delinked/actor_moving_FUN_0002d900.obj	ee6f5a972a6a54cc93a5a7e19363d3592b367394	A	0000000000000000000000000000000000000000	eec3b843de8e8ec0418fed5c60f20a2e94302be1
delinked/actor_moving_FUN_0002d900.obj	f76bc85e220ddee84551ce664b315cb679f84057	A	0000000000000000000000000000000000000000	eec3b843de8e8ec0418fed5c60f20a2e94302be1
delinked/actors.obj	a5ee4794cdb48974dc48b9edd5ce2074f6c34735	A	0000000000000000000000000000000000000000	db25dc2c9f5a409c3694abee5cc7634ef321e260
delinked/actors.obj	a7dbb87ba2c22e2957ca2c30f06f4831b99d100a	D	db25dc2c9f5a409c3694abee5cc7634ef321e260	0000000000000000000000000000000000000000
delinked/actors.obj	c737d34e633f7ec77596d8a67f0a231b8ec0f0a5	A	0000000000000000000000000000000000000000	db25dc2c9f5a409c3694abee5cc7634ef321e260
delinked/actors.obj	ee6f5a972a6a54cc93a5a7e19363d3592b367394	A	0000000000000000000000000000000000000000	db25dc2c9f5a409c3694abee5cc7634ef321e260
delinked/actors.obj	ff39b827883af32b9c526f8d37bfe11edef9e322	A	0000000000000000000000000000000000000000	db25dc2c9f5a409c3694abee5cc7634ef321e260
delinked/actors_FUN_00036e50.obj	048ff2eb0f182e9a97023f5847d81493a20260a5	A	0000000000000000000000000000000000000000	1eeb266b240744ff3aaf91004ee8a96e4b7c88df
delinked/actors_FUN_00036e50.obj	4b751ce3d00ac3c554825e72de1e3d0151398df1	A	0000000000000000000000000000000000000000	1eeb266b240744ff3aaf91004ee8a96e4b7c88df
delinked/actors_FUN_00036e50.obj	a7dbb87ba2c22e2957ca2c30f06f4831b99d100a	D	1eeb266b240744ff3aaf91004ee8a96e4b7c88df	0000000000000000000000000000000000000000
delinked/actors_FUN_00036e50.obj	c737d34e633f7ec77596d8a67f0a231b8ec0f0a5	A	0000000000000000000000000000000000000000	1eeb266b240744ff3aaf91004ee8a96e4b7c88df
delinked/actors_FUN_00036e50.obj	ee6f5a972a6a54cc93a5a7e19363d3592b367394	A	0000000000000000000000000000000000000000	1eeb266b240744ff3aaf91004ee8a96e4b7c88df
delinked/actors_FUN_000377d0.obj	6670cca1a005175b0aa3048dfc1796984f0e0c08	A	0000000000000000000000000000000000000000	7a438df903f6c76708195df9e4f5838266e18fe7
delinked/actors_FUN_000377d0.obj	823c7346600912aaf351445073fea93cbb2352ca	A	0000000000000000000000000000000000000000	7a438df903f6c76708195df9e4f5838266e18fe7
delinked/actors_FUN_000377d0.obj	a7dbb87ba2c22e2957ca2c30f06f4831b99d100a	D	7a438df903f6c76708195df9e4f5838266e18fe7	0000000000000000000000000000000000000000
delinked/actors_FUN_000377d0.obj	c737d34e633f7ec77596d8a67f0a231b8ec0f0a5	A	0000000000000000000000000000000000000000	7a438df903f6c76708195df9e4f5838266e18fe7
delinked/actors_FUN_000377d0.obj	ee6f5a972a6a54cc93a5a7e19363d3592b367394	A	0000000000000000000000000000000000000000	7a438df903f6c76708195df9e4f5838266e18fe7
delinked/actors_FUN_00038200.obj	1a1b320fe2f24de3f1fc88c5064c120b9c38d4f4	A	0000000000000000000000000000000000000000	d41d1481d4b4d8911ce9580a1822ce5d20efa585
delinked/actors_FUN_00038200.obj	a7dbb87ba2c22e2957ca2c30f06f4831b99d100a	D	d41d1481d4b4d8911ce9580a1822ce5d20efa585	0000000000000000000000000000000000000000
delinked/actors_FUN_00038200.obj	af3870f8d0e90cae404f2e07ba61f62a73de67fd	A	0000000000000000000000000000000000000000	d41d1481d4b4d8911ce9580a1822ce5d20efa585
delinked/actors_FUN_00038200.obj	c737d34e633f7ec77596d8a67f0a231b8ec0f0a5	A	0000000000000000000000000000000000000000	d41d1481d4b4d8911ce9580a1822ce5d20efa585
delinked/actors_FUN_00038200.obj	ee6f5a972a6a54cc93a5a7e19363d3592b367394	A	0000000000000000000000000000000000000000	d41d1481d4b4d8911ce9580a1822ce5d20efa585
delinked/actors_FUN_00038b10.obj	9f3dde2098498f12f963022a9d7ced2560f188b2	A	0000000000000000000000000000000000000000	cbbe2e6971576ed1d9cbeb6c458f55ad327e002f
delinked/actors_FUN_00038b10.obj	a7dbb87ba2c22e2957ca2c30f06f4831b99d100a	D	cbbe2e6971576ed1d9cbeb6c458f55ad327e002f	0000000000000000000000000000000000000000
delinked/actors_FUN_00038b10.obj	c737d34e633f7ec77596d8a67f0a231b8ec0f0a5	A	0000000000000000000000000000000000000000	cbbe2e6971576ed1d9cbeb6c458f55ad327e002f
delinked/actors_FUN_00038b10.obj	ee6f5a972a6a54cc93a5a7e19363d3592b367394	A	0000000000000000000000000000000000000000	cbbe2e6971576ed1d9cbeb6c458f55ad327e002f
delinked/actors_FUN_00038b10.obj	eec1aff7476fcb6289f72c462223c2bf22e7870e	A	0000000000000000000000000000000000000000	cbbe2e6971576ed1d9cbeb6c458f55ad327e002f
delinked/actors_FUN_0003b150.obj	a7dbb87ba2c22e2957ca2c30f06f4831b99d100a	D	7f47e23ea12e9bcc00c8ac6b0c3f8e517f430d2a	0000000000000000000000000000000000000000
delinked/actors_FUN_0003b150.obj	c737d34e633f7ec77596d8a67f0a231b8ec0f0a5	A	0000000000000000000000000000000000000000	7f47e23ea12e9bcc00c8ac6b0c3f8e517f430d2a
delinked/actors_FUN_0003b150.obj	de617f939aacbffce7a0c0b5bea93aa413160bed	A	0000000000000000000000000000000000000000	7f47e23ea12e9bcc00c8ac6b0c3f8e517f430d2a
delinked/actors_FUN_0003b150.obj	e78136a20c3ffc03d23ae21031465f21d42a6ff2	A	0000000000000000000000000000000000000000	7f47e23ea12e9bcc00c8ac6b0c3f8e517f430d2a
delinked/actors_FUN_0003b150.obj	ee6f5a972a6a54cc93a5a7e19363d3592b367394	A	0000000000000000000000000000000000000000	7f47e23ea12e9bcc00c8ac6b0c3f8e517f430d2a
delinked/biped_FUN_001a0b30.obj	a7dbb87ba2c22e2957ca2c30f06f4831b99d100a	D	c9372ddc3a35e6ef5b1bb2d8f0e71b30f52ec33c	0000000000000000000000000000000000000000
delinked/biped_FUN_001a0b30.obj	c737d34e633f7ec77596d8a67f0a231b8ec0f0a5	A	0000000000000000000000000000000000000000	c9372ddc3a35e6ef5b1bb2d8f0e71b30f52ec33c
delinked/biped_FUN_001a0b30.obj	daa01585966868ffa346f848dd3e2e9289529355	A	0000000000000000000000000000000000000000	c9372ddc3a35e6ef5b1bb2d8f0e71b30f52ec33c
delinked/biped_FUN_001a0b30.obj	db4c4cb57c83b236e32ee7cc1e9c565e7c1c237d	A	0000000000000000000000000000000000000000	c9372ddc3a35e6ef5b1bb2d8f0e71b30f52ec33c
delinked/biped_FUN_001a0b30.obj	ee6f5a972a6a54cc93a5a7e19363d3592b367394	A	0000000000000000000000000000000000000000	c9372ddc3a35e6ef5b1bb2d8f0e71b30f52ec33c
delinked/biped_FUN_001a1e70.obj	a7dbb87ba2c22e2957ca2c30f06f4831b99d100a	D	b1a6b4d601a3a17eec3f02557b7ca507dd2eebf9	0000000000000000000000000000000000000000
delinked/biped_FUN_001a1e70.obj	c737d34e633f7ec77596d8a67f0a231b8ec0f0a5	A	0000000000000000000000000000000000000000	b1a6b4d601a3a17eec3f02557b7ca507dd2eebf9
delinked/biped_FUN_001a1e70.obj	daa01585966868ffa346f848dd3e2e9289529355	A	0000000000000000000000000000000000000000	b1a6b4d601a3a17eec3f02557b7ca507dd2eebf9
delinked/biped_FUN_001a1e70.obj	db4c4cb57c83b236e32ee7cc1e9c565e7c1c237d	A	0000000000000000000000000000000000000000	b1a6b4d601a3a17eec3f02557b7ca507dd2eebf9
delinked/biped_FUN_001a1e70.obj	ee6f5a972a6a54cc93a5a7e19363d3592b367394	A	0000000000000000000000000000000000000000	b1a6b4d601a3a17eec3f02557b7ca507dd2eebf9
delinked/biped_FUN_001a2290.obj	a7dbb87ba2c22e2957ca2c30f06f4831b99d100a	D	e4f702f555550b3d81e380fa3d20ce6a32f9e8a5	0000000000000000000000000000000000000000
delinked/biped_FUN_001a2290.obj	c737d34e633f7ec77596d8a67f0a231b8ec0f0a5	A	0000000000000000000000000000000000000000	e4f702f555550b3d81e380fa3d20ce6a32f9e8a5
delinked/biped_FUN_001a2290.obj	daa01585966868ffa346f848dd3e2e9289529355	A	0000000000000000000000000000000000000000	e4f702f555550b3d81e380fa3d20ce6a32f9e8a5
delinked/biped_FUN_001a2290.obj	db4c4cb57c83b236e32ee7cc1e9c565e7c1c237d	A	0000000000000000000000000000000000000000	e4f702f555550b3d81e380fa3d20ce6a32f9e8a5
delinked/biped_FUN_001a2290.obj	ee6f5a972a6a54cc93a5a7e19363d3592b367394	A	0000000000000000000000000000000000000000	e4f702f555550b3d81e380fa3d20ce6a32f9e8a5
delinked/biped_FUN_001a2a60.obj	a7dbb87ba2c22e2957ca2c30f06f4831b99d100a	D	718f539730e392f9e9ac451f43e7738e632ae2a6	0000000000000000000000000000000000000000
delinked/biped_FUN_001a2a60.obj	c737d34e633f7ec77596d8a67f0a231b8ec0f0a5	A	0000000000000000000000000000000000000000	718f539730e392f9e9ac451f43e7738e632ae2a6
delinked/biped_FUN_001a2a60.obj	daa01585966868ffa346f848dd3e2e9289529355	A	0000000000000000000000000000000000000000	718f539730e392f9e9ac451f43e7738e632ae2a6
delinked/biped_FUN_001a2a60.obj	db4c4cb57c83b236e32ee7cc1e9c565e7c1c237d	A	0000000000000000000000000000000000000000	718f539730e392f9e9ac451f43e7738e632ae2a6
delinked/biped_FUN_001a2a60.obj	ee6f5a972a6a54cc93a5a7e19363d3592b367394	A	0000000000000000000000000000000000000000	718f539730e392f9e9ac451f43e7738e632ae2a6
delinked/bipeds_FUN_001a2f40.obj	225080e6c711b423dc027b003cd5485172d04940	A	0000000000000000000000000000000000000000	1e8df0a9092ec2d309853dd110c305c226a85d87
delinked/bipeds_FUN_001a2f40.obj	a4c7ab3206274d8b940d4fef65303af9fc822bb2	A	0000000000000000000000000000000000000000	1e8df0a9092ec2d309853dd110c305c226a85d87
delinked/bipeds_FUN_001a2f40.obj	a7dbb87ba2c22e2957ca2c30f06f4831b99d100a	D	1e8df0a9092ec2d309853dd110c305c226a85d87	0000000000000000000000000000000000000000
delinked/bipeds_FUN_001a2f40.obj	c737d34e633f7ec77596d8a67f0a231b8ec0f0a5	A	0000000000000000000000000000000000000000	1e8df0a9092ec2d309853dd110c305c226a85d87
delinked/bipeds_FUN_001a2f40.obj	ee6f5a972a6a54cc93a5a7e19363d3592b367394	A	0000000000000000000000000000000000000000	1e8df0a9092ec2d309853dd110c305c226a85d87
delinked/bitmap_utilities_FUN_00075380.obj	0a474d3259402f859be3139fe44ac636dbd8665b	A	0000000000000000000000000000000000000000	3dd71c1cf9ae353214ba3f9eebe7865a5bad4086
delinked/bitmap_utilities_FUN_00075380.obj	3886bc983eb3eec416b23138c6cae2d77a12e18a	A	0000000000000000000000000000000000000000	3dd71c1cf9ae353214ba3f9eebe7865a5bad4086
delinked/bitmap_utilities_FUN_00075380.obj	4637fc9fe3caf8b6fa8027719792e6934835a5e2	A	0000000000000000000000000000000000000000	3dd71c1cf9ae353214ba3f9eebe7865a5bad4086
delinked/bitmap_utilities_FUN_00075380.obj	82bfbeab197a2e639996c82c3a2ffa1e04a626a6	A	0000000000000000000000000000000000000000	3dd71c1cf9ae353214ba3f9eebe7865a5bad4086
delinked/bitmap_utilities_FUN_00075380.obj	a7dbb87ba2c22e2957ca2c30f06f4831b99d100a	D	3dd71c1cf9ae353214ba3f9eebe7865a5bad4086	0000000000000000000000000000000000000000
delinked/bitmap_utilities_FUN_00075380.obj	c737d34e633f7ec77596d8a67f0a231b8ec0f0a5	A	0000000000000000000000000000000000000000	3dd71c1cf9ae353214ba3f9eebe7865a5bad4086
delinked/bitmap_utilities_FUN_00075380.obj	eb6f0aa1380154ad47d10f2bbd21ee88263ed19a	A	0000000000000000000000000000000000000000	3dd71c1cf9ae353214ba3f9eebe7865a5bad4086
delinked/bitmap_utilities_FUN_00075380.obj	ee6f5a972a6a54cc93a5a7e19363d3592b367394	A	0000000000000000000000000000000000000000	3dd71c1cf9ae353214ba3f9eebe7865a5bad4086
delinked/bitmap_utilities_FUN_00075380.obj	fbc58e2cc5086f94317ed55d9147a2bcf7960195	A	0000000000000000000000000000000000000000	3dd71c1cf9ae353214ba3f9eebe7865a5bad4086
delinked/circular_queue.obj	0f90445d6c379a3d66bc9d7227e87fc914e12705	M	6758becddb178a5380fe3043254c639353480c77	6c8def55ddaa8d0cd7b264f807d8a4c7f925948d
delinked/circular_queue.obj	1359420105419a4cd21a60c3a2506f21d15be29e	A	0000000000000000000000000000000000000000	6758becddb178a5380fe3043254c639353480c77
delinked/circular_queue.obj	76af9420d92a03aac9453501328129ee623197f9	M	6758becddb178a5380fe3043254c639353480c77	6c8def55ddaa8d0cd7b264f807d8a4c7f925948d
delinked/circular_queue.obj	a7dbb87ba2c22e2957ca2c30f06f4831b99d100a	D	27dcc03d3c07af87c0a46bb1935f9d8b9e6c49ac	0000000000000000000000000000000000000000
delinked/circular_queue.obj	aab4f81b69159647dc89c347c4747322918fb8f3	M	6c8def55ddaa8d0cd7b264f807d8a4c7f925948d	27dcc03d3c07af87c0a46bb1935f9d8b9e6c49ac
delinked/circular_queue.obj	c737d34e633f7ec77596d8a67f0a231b8ec0f0a5	A	0000000000000000000000000000000000000000	27dcc03d3c07af87c0a46bb1935f9d8b9e6c49ac
delinked/circular_queue.obj	c77351b6444a0968da5cbb6d30911d9320a03a87	A	0000000000000000000000000000000000000000	6758becddb178a5380fe3043254c639353480c77
delinked/circular_queue.obj	cc213b1e26739a1dc821643dc1f47a2daa173f2f	M	6758becddb178a5380fe3043254c639353480c77	6c8def55ddaa8d0cd7b264f807d8a4c7f925948d
delinked/circular_queue.obj	cfd60165bb4a5c04046eb7427d0e105e78c29048	M	6758becddb178a5380fe3043254c639353480c77	6c8def55ddaa8d0cd7b264f807d8a4c7f925948d
delinked/circular_queue.obj	dc2c3a4b43c07183bb2a0181a2e88960d49ca7ac	M	6c8def55ddaa8d0cd7b264f807d8a4c7f925948d	27dcc03d3c07af87c0a46bb1935f9d8b9e6c49ac
delinked/circular_queue.obj	ee6f5a972a6a54cc93a5a7e19363d3592b367394	A	0000000000000000000000000000000000000000	27dcc03d3c07af87c0a46bb1935f9d8b9e6c49ac
delinked/circular_queue_FUN_00118fb0.obj	13542ad345ab644d139266695a30f8edf2cbd42f	A	0000000000000000000000000000000000000000	09c8d7bc5c9adfa96c15d94173762e1853c9e455
delinked/circular_queue_FUN_00118fb0.obj	59e985b489005de7bfaf5a231b23236706f0544f	A	0000000000000000000000000000000000000000	09c8d7bc5c9adfa96c15d94173762e1853c9e455
delinked/circular_queue_FUN_00118fb0.obj	7f236b0546caf161fa5aa99a261e20383acce226	A	0000000000000000000000000000000000000000	09c8d7bc5c9adfa96c15d94173762e1853c9e455
delinked/circular_queue_FUN_00118fb0.obj	a7dbb87ba2c22e2957ca2c30f06f4831b99d100a	D	48f9cc2dfd5426d50b61bd0284fe80b522b03e54	0000000000000000000000000000000000000000
delinked/circular_queue_FUN_00118fb0.obj	aab4f81b69159647dc89c347c4747322918fb8f3	M	09c8d7bc5c9adfa96c15d94173762e1853c9e455	48f9cc2dfd5426d50b61bd0284fe80b522b03e54
delinked/circular_queue_FUN_00118fb0.obj	c737d34e633f7ec77596d8a67f0a231b8ec0f0a5	A	0000000000000000000000000000000000000000	48f9cc2dfd5426d50b61bd0284fe80b522b03e54
delinked/circular_queue_FUN_00118fb0.obj	d91b33be10887b291f80872744be889b85982ec8	A	0000000000000000000000000000000000000000	09c8d7bc5c9adfa96c15d94173762e1853c9e455
delinked/circular_queue_FUN_00118fb0.obj	dc2c3a4b43c07183bb2a0181a2e88960d49ca7ac	M	09c8d7bc5c9adfa96c15d94173762e1853c9e455	48f9cc2dfd5426d50b61bd0284fe80b522b03e54
delinked/circular_queue_FUN_00118fb0.obj	ee6f5a972a6a54cc93a5a7e19363d3592b367394	A	0000000000000000000000000000000000000000	48f9cc2dfd5426d50b61bd0284fe80b522b03e54
delinked/collision_usage_FUN_0014c6d0.obj	a7dbb87ba2c22e2957ca2c30f06f4831b99d100a	D	14a747a080331ce209dcd9905feda7646342c4d4	0000000000000000000000000000000000000000
delinked/collision_usage_FUN_0014c6d0.obj	c737d34e633f7ec77596d8a67f0a231b8ec0f0a5	A	0000000000000000000000000000000000000000	14a747a080331ce209dcd9905feda7646342c4d4
delinked/collision_usage_FUN_0014c6d0.obj	d59df310a159a966c164d7ba38b329ea65418fc1	A	0000000000000000000000000000000000000000	14a747a080331ce209dcd9905feda7646342c4d4
delinked/collision_usage_FUN_0014c6d0.obj	e3a0bf1f3ef53df568a5f256ef1db61e81f835d2	A	0000000000000000000000000000000000000000	14a747a080331ce209dcd9905feda7646342c4d4
delinked/collision_usage_FUN_0014c6d0.obj	e4142dd5f68ec63edbad1ef47b48c2c3ab13f274	A	0000000000000000000000000000000000000000	14a747a080331ce209dcd9905feda7646342c4d4
delinked/collision_usage_FUN_0014c6d0.obj	ee6f5a972a6a54cc93a5a7e19363d3592b367394	A	0000000000000000000000000000000000000000	14a747a080331ce209dcd9905feda7646342c4d4
delinked/collision_usage_FUN_0014c7b0.obj	a5897d683a6d84dec7fcfa2f47b977fb262d7c0d	A	0000000000000000000000000000000000000000	368181a360c0cfc13785b38ae607870e7b3af537
delinked/collision_usage_FUN_0014c7b0.obj	a7dbb87ba2c22e2957ca2c30f06f4831b99d100a	D	368181a360c0cfc13785b38ae607870e7b3af537	0000000000000000000000000000000000000000
delinked/collision_usage_FUN_0014c7b0.obj	c737d34e633f7ec77596d8a67f0a231b8ec0f0a5	A	0000000000000000000000000000000000000000	368181a360c0cfc13785b38ae607870e7b3af537
delinked/collision_usage_FUN_0014c7b0.obj	d59df310a159a966c164d7ba38b329ea65418fc1	A	0000000000000000000000000000000000000000	368181a360c0cfc13785b38ae607870e7b3af537
delinked/collision_usage_FUN_0014c7b0.obj	e4142dd5f68ec63edbad1ef47b48c2c3ab13f274	A	0000000000000000000000000000000000000000	368181a360c0cfc13785b38ae607870e7b3af537
delinked/collision_usage_FUN_0014c7b0.obj	ee6f5a972a6a54cc93a5a7e19363d3592b367394	A	0000000000000000000000000000000000000000	368181a360c0cfc13785b38ae607870e7b3af537
delinked/collision_usage_FUN_0014c8e0.obj	a7dbb87ba2c22e2957ca2c30f06f4831b99d100a	D	516f3de3328c6612bd2e1e3578ee50dad839689b	0000000000000000000000000000000000000000
delinked/collision_usage_FUN_0014c8e0.obj	bf5b462d39479b3e4f34e153b45dc505b7fafe97	A	0000000000000000000000000000000000000000	516f3de3328c6612bd2e1e3578ee50dad839689b
delinked/collision_usage_FUN_0014c8e0.obj	c737d34e633f7ec77596d8a67f0a231b8ec0f0a5	A	0000000000000000000000000000000000000000	516f3de3328c6612bd2e1e3578ee50dad839689b
delinked/collision_usage_FUN_0014c8e0.obj	d59df310a159a966c164d7ba38b329ea65418fc1	A	0000000000000000000000000000000000000000	516f3de3328c6612bd2e1e3578ee50dad839689b
delinked/collision_usage_FUN_0014c8e0.obj	e4142dd5f68ec63edbad1ef47b48c2c3ab13f274	A	0000000000000000000000000000000000000000	516f3de3328c6612bd2e1e3578ee50dad839689b
delinked/collision_usage_FUN_0014c8e0.obj	ee6f5a972a6a54cc93a5a7e19363d3592b367394	A	0000000000000000000000000000000000000000	516f3de3328c6612bd2e1e3578ee50dad839689b
delinked/collision_usage_FUN_0014c950.obj	7d19ea9e43ea3270fbf6e574ad9f69c259848948	A	0000000000000000000000000000000000000000	d9d3fbf2a755e27ecd2c1a498bb23e48a8469435
delinked/collision_usage_FUN_0014c950.obj	a7dbb87ba2c22e2957ca2c30f06f4831b99d100a	D	d9d3fbf2a755e27ecd2c1a498bb23e48a8469435	0000000000000000000000000000000000000000
delinked/collision_usage_FUN_0014c950.obj	c737d34e633f7ec77596d8a67f0a231b8ec0f0a5	A	0000000000000000000000000000000000000000	d9d3fbf2a755e27ecd2c1a498bb23e48a8469435
delinked/collision_usage_FUN_0014c950.obj	d59df310a159a966c164d7ba38b329ea65418fc1	A	0000000000000000000000000000000000000000	d9d3fbf2a755e27ecd2c1a498bb23e48a8469435
delinked/collision_usage_FUN_0014c950.obj	e4142dd5f68ec63edbad1ef47b48c2c3ab13f274	A	0000000000000000000000000000000000000000	d9d3fbf2a755e27ecd2c1a498bb23e48a8469435
delinked/collision_usage_FUN_0014c950.obj	ee6f5a972a6a54cc93a5a7e19363d3592b367394	A	0000000000000000000000000000000000000000	d9d3fbf2a755e27ecd2c1a498bb23e48a8469435
delinked/collision_usage_FUN_0014ca30.obj	a7dbb87ba2c22e2957ca2c30f06f4831b99d100a	D	c2a01af8ba34857702d80bd2b191bf21c039716c	0000000000000000000000000000000000000000
delinked/collision_usage_FUN_0014ca30.obj	c737d34e633f7ec77596d8a67f0a231b8ec0f0a5	A	0000000000000000000000000000000000000000	c2a01af8ba34857702d80bd2b191bf21c039716c
delinked/collision_usage_FUN_0014ca30.obj	ca1c9c6406680d45637ddce8b950ce84e2808fe6	A	0000000000000000000000000000000000000000	c2a01af8ba34857702d80bd2b191bf21c039716c
delinked/collision_usage_FUN_0014ca30.obj	d59df310a159a966c164d7ba38b329ea65418fc1	A	0000000000000000000000000000000000000000	c2a01af8ba34857702d80bd2b191bf21c039716c
delinked/collision_usage_FUN_0014ca30.obj	e4142dd5f68ec63edbad1ef47b48c2c3ab13f274	A	0000000000000000000000000000000000000000	c2a01af8ba34857702d80bd2b191bf21c039716c
delinked/collision_usage_FUN_0014ca30.obj	ee6f5a972a6a54cc93a5a7e19363d3592b367394	A	0000000000000000000000000000000000000000	c2a01af8ba34857702d80bd2b191bf21c039716c
delinked/collision_usage_FUN_0014cb00.obj	a7dbb87ba2c22e2957ca2c30f06f4831b99d100a	D	f29fd975a18751da47cdb659cfd3492697a4a117	0000000000000000000000000000000000000000
delinked/collision_usage_FUN_0014cb00.obj	c737d34e633f7ec77596d8a67f0a231b8ec0f0a5	A	0000000000000000000000000000000000000000	f29fd975a18751da47cdb659cfd3492697a4a117
delinked/collision_usage_FUN_0014cb00.obj	d3ade8d86915a9ec13436dbb8163eb08d517fb2c	A	0000000000000000000000000000000000000000	f29fd975a18751da47cdb659cfd3492697a4a117
delinked/collision_usage_FUN_0014cb00.obj	d59df310a159a966c164d7ba38b329ea65418fc1	A	0000000000000000000000000000000000000000	f29fd975a18751da47cdb659cfd3492697a4a117
delinked/collision_usage_FUN_0014cb00.obj	e4142dd5f68ec63edbad1ef47b48c2c3ab13f274	A	0000000000000000000000000000000000000000	f29fd975a18751da47cdb659cfd3492697a4a117
delinked/collision_usage_FUN_0014cb00.obj	ee6f5a972a6a54cc93a5a7e19363d3592b367394	A	0000000000000000000000000000000000000000	f29fd975a18751da47cdb659cfd3492697a4a117
delinked/collision_usage_FUN_0014cc80.obj	30ef642ca0d5face1edd9b159fe4841417b8074b	A	0000000000000000000000000000000000000000	098d73cc8cf8f64df68d30bb5dbe69eb29d0cc01
delinked/collision_usage_FUN_0014cc80.obj	44a6e350a47bad79577db70b6d02111e1a9505c6	A	0000000000000000000000000000000000000000	098d73cc8cf8f64df68d30bb5dbe69eb29d0cc01
delinked/collision_usage_FUN_0014cc80.obj	5e0088b7224ceffdc992e47ea5d1de890918be1b	A	0000000000000000000000000000000000000000	098d73cc8cf8f64df68d30bb5dbe69eb29d0cc01
delinked/collision_usage_FUN_0014cc80.obj	a7dbb87ba2c22e2957ca2c30f06f4831b99d100a	D	098d73cc8cf8f64df68d30bb5dbe69eb29d0cc01	0000000000000000000000000000000000000000
delinked/collision_usage_FUN_0014cc80.obj	aeb213ca53bf2b87903fdadcaf1f762b0d8496de	A	0000000000000000000000000000000000000000	098d73cc8cf8f64df68d30bb5dbe69eb29d0cc01
delinked/collision_usage_FUN_0014cc80.obj	b06270d484ff729ff5b4678795677b7e38aff5f5	A	0000000000000000000000000000000000000000	6dd4bdc7887a1d763ae8bc1b431f1a9994442801
delinked/collision_usage_FUN_0014cc80.obj	c737d34e633f7ec77596d8a67f0a231b8ec0f0a5	A	0000000000000000000000000000000000000000	098d73cc8cf8f64df68d30bb5dbe69eb29d0cc01
delinked/collision_usage_FUN_0014cc80.obj	ee6f5a972a6a54cc93a5a7e19363d3592b367394	A	0000000000000000000000000000000000000000	098d73cc8cf8f64df68d30bb5dbe69eb29d0cc01
delinked/collision_usage_FUN_0014cde0.obj	0013f3b0a8f5cb7ecd28891c9dc4239d554961ef	A	0000000000000000000000000000000000000000	0f255fad11048525bab2a541aa07f32a5927b2f5
delinked/collision_usage_FUN_0014cde0.obj	1e55837e3bc86349f62b7f103d58d01da0cc3f5d	A	0000000000000000000000000000000000000000	0f255fad11048525bab2a541aa07f32a5927b2f5
delinked/collision_usage_FUN_0014cde0.obj	8e8bee16eef19c66d14deadc921183bfd9b8cef0	A	0000000000000000000000000000000000000000	0f255fad11048525bab2a541aa07f32a5927b2f5
delinked/collision_usage_FUN_0014cde0.obj	a7dbb87ba2c22e2957ca2c30f06f4831b99d100a	D	0f255fad11048525bab2a541aa07f32a5927b2f5	0000000000000000000000000000000000000000
delinked/collision_usage_FUN_0014cde0.obj	c737d34e633f7ec77596d8a67f0a231b8ec0f0a5	A	0000000000000000000000000000000000000000	0f255fad11048525bab2a541aa07f32a5927b2f5
delinked/collision_usage_FUN_0014cde0.obj	ee6f5a972a6a54cc93a5a7e19363d3592b367394	A	0000000000000000000000000000000000000000	0f255fad11048525bab2a541aa07f32a5927b2f5
delinked/collision_usage_FUN_0014cf20.obj	3f23662e555cc16b9c92ec8f1a06f9ddcf82aebb	A	0000000000000000000000000000000000000000	b8f57df5b8f71376b01663e4d8fbeaa2a5f6d8be
delinked/collision_usage_FUN_0014cf20.obj	63410da644a5d697826475c105850c7a793113a1	A	0000000000000000000000000000000000000000	df349b3efae262a9aa2dd23b3399eb5e800b694c
delinked/collision_usage_FUN_0014cf20.obj	67b697bbd130a8f1de923a3c898d50e0e5d0de3f	A	0000000000000000000000000000000000000000	df349b3efae262a9aa2dd23b3399eb5e800b694c
delinked/collision_usage_FUN_0014cf20.obj	6bb9298ac1554687a3dc148212adb7eed587632b	A	0000000000000000000000000000000000000000	df349b3efae262a9aa2dd23b3399eb5e800b694c
delinked/collision_usage_FUN_0014cf20.obj	a7dbb87ba2c22e2957ca2c30f06f4831b99d100a	D	df349b3efae262a9aa2dd23b3399eb5e800b694c	0000000000000000000000000000000000000000
delinked/collision_usage_FUN_0014cf20.obj	c294a2babae3c9f9cc50a45082ce4e84ffdce67f	A	0000000000000000000000000000000000000000	df349b3efae262a9aa2dd23b3399eb5e800b694c
delinked/collision_usage_FUN_0014cf20.obj	c737d34e633f7ec77596d8a67f0a231b8ec0f0a5	A	0000000000000000000000000000000000000000	df349b3efae262a9aa2dd23b3399eb5e800b694c
delinked/collision_usage_FUN_0014cf20.obj	ee6f5a972a6a54cc93a5a7e19363d3592b367394	A	0000000000000000000000000000000000000000	df349b3efae262a9aa2dd23b3399eb5e800b694c
delinked/collision_usage_FUN_0014cfe0.obj	63410da644a5d697826475c105850c7a793113a1	A	0000000000000000000000000000000000000000	acfc63665892c8c9d69c9adffb0a3ca1f079c72d
delinked/collision_usage_FUN_0014cfe0.obj	a7dbb87ba2c22e2957ca2c30f06f4831b99d100a	D	acfc63665892c8c9d69c9adffb0a3ca1f079c72d	0000000000000000000000000000000000000000
delinked/collision_usage_FUN_0014cfe0.obj	c294a2babae3c9f9cc50a45082ce4e84ffdce67f	A	0000000000000000000000000000000000000000	acfc63665892c8c9d69c9adffb0a3ca1f079c72d
delinked/collision_usage_FUN_0014cfe0.obj	c384ecc5baf95fa9723f0f8909b5dd88b16ecf32	A	0000000000000000000000000000000000000000	acfc63665892c8c9d69c9adffb0a3ca1f079c72d
delinked/collision_usage_FUN_0014cfe0.obj	c737d34e633f7ec77596d8a67f0a231b8ec0f0a5	A	0000000000000000000000000000000000000000	acfc63665892c8c9d69c9adffb0a3ca1f079c72d
delinked/collision_usage_FUN_0014cfe0.obj	ec3c9c704493d9735eb6f0673166af1ccafd73a6	A	0000000000000000000000000000000000000000	acfc63665892c8c9d69c9adffb0a3ca1f079c72d
delinked/collision_usage_FUN_0014cfe0.obj	ee6f5a972a6a54cc93a5a7e19363d3592b367394	A	0000000000000000000000000000000000000000	acfc63665892c8c9d69c9adffb0a3ca1f079c72d
delinked/collision_usage_FUN_0014d070.obj	8b55268c3a87da3d9f5d1c2951a629afcbef1656	A	0000000000000000000000000000000000000000	ff102363cf0a4a446d93dd480bb4009d1a541851
delinked/collision_usage_FUN_0014dab0.obj	0cb1fb1adc6b54a442eb59efe6ea7e6ae43fa88b	A	0000000000000000000000000000000000000000	0a1dc25db63f516f79b29a238a8e3446a5283572
delinked/collision_usage_FUN_0014dab0.obj	546bcfb0071289c4db2ba6cff897062e9eada4ab	A	0000000000000000000000000000000000000000	0a1dc25db63f516f79b29a238a8e3446a5283572
delinked/collision_usage_FUN_0014dab0.obj	6c3b0d7b38f874aeb29312b46613656ecd71d77f	A	0000000000000000000000000000000000000000	0a1dc25db63f516f79b29a238a8e3446a5283572
delinked/collision_usage_FUN_0014dab0.obj	a7dbb87ba2c22e2957ca2c30f06f4831b99d100a	D	0a1dc25db63f516f79b29a238a8e3446a5283572	0000000000000000000000000000000000000000
delinked/collision_usage_FUN_0014dab0.obj	c737d34e633f7ec77596d8a67f0a231b8ec0f0a5	A	0000000000000000000000000000000000000000	0a1dc25db63f516f79b29a238a8e3446a5283572
delinked/collision_usage_FUN_0014dab0.obj	ee6f5a972a6a54cc93a5a7e19363d3592b367394	A	0000000000000000000000000000000000000000	0a1dc25db63f516f79b29a238a8e3446a5283572
delinked/collision_usage_FUN_0014db10.obj	2552c33404f7b508a2116ad8db25d1184cdcf3c7	A	0000000000000000000000000000000000000000	9e43e62e5a5265b29c6d0a84be02513b6e3eb924
delinked/collision_usage_FUN_0014db10.obj	4c64beb276da4f99ef37a92bb36398b5756f1db1	A	0000000000000000000000000000000000000000	9e43e62e5a5265b29c6d0a84be02513b6e3eb924
delinked/collision_usage_FUN_0014db10.obj	5a7cea585365abea47e37f0cf80018c0817c58e4	A	0000000000000000000000000000000000000000	9e43e62e5a5265b29c6d0a84be02513b6e3eb924
delinked/collision_usage_FUN_0014db10.obj	a7dbb87ba2c22e2957ca2c30f06f4831b99d100a	D	9e43e62e5a5265b29c6d0a84be02513b6e3eb924	0000000000000000000000000000000000000000
delinked/collision_usage_FUN_0014db10.obj	c737d34e633f7ec77596d8a67f0a231b8ec0f0a5	A	0000000000000000000000000000000000000000	9e43e62e5a5265b29c6d0a84be02513b6e3eb924
delinked/collision_usage_FUN_0014db10.obj	ee6f5a972a6a54cc93a5a7e19363d3592b367394	A	0000000000000000000000000000000000000000	9e43e62e5a5265b29c6d0a84be02513b6e3eb924
delinked/collision_usage_FUN_0014df70.obj	41e2795b13d408a0de11e1db975772b0ee4b2a25	A	0000000000000000000000000000000000000000	991e64c1ac931694d9a3dc97e6bddbc787580f3f
delinked/collision_usage_FUN_0014df70.obj	a7dbb87ba2c22e2957ca2c30f06f4831b99d100a	D	991e64c1ac931694d9a3dc97e6bddbc787580f3f	0000000000000000000000000000000000000000
delinked/collision_usage_FUN_0014df70.obj	ba4b47822c783a3b69637cebee41453a26c62a93	A	0000000000000000000000000000000000000000	991e64c1ac931694d9a3dc97e6bddbc787580f3f
delinked/collision_usage_FUN_0014df70.obj	c737d34e633f7ec77596d8a67f0a231b8ec0f0a5	A	0000000000000000000000000000000000000000	991e64c1ac931694d9a3dc97e6bddbc787580f3f
delinked/collision_usage_FUN_0014df70.obj	ee6f5a972a6a54cc93a5a7e19363d3592b367394	A	0000000000000000000000000000000000000000	991e64c1ac931694d9a3dc97e6bddbc787580f3f
delinked/collision_usage_FUN_0014df70.obj	fcecb7db7465a5a499efc6b60cf5a411349181ad	A	0000000000000000000000000000000000000000	991e64c1ac931694d9a3dc97e6bddbc787580f3f
delinked/collision_usage_FUN_0014ec30.obj	225080e6c711b423dc027b003cd5485172d04940	A	0000000000000000000000000000000000000000	65a60cc68e26dc1736a8830985a5e3189d1a18ce
delinked/collision_usage_FUN_0014ec30.obj	4fecba7195b23ed0b1e0233e67ad0adde685e0ae	A	0000000000000000000000000000000000000000	65a60cc68e26dc1736a8830985a5e3189d1a18ce
delinked/collision_usage_FUN_0014ec30.obj	a7dbb87ba2c22e2957ca2c30f06f4831b99d100a	D	65a60cc68e26dc1736a8830985a5e3189d1a18ce	0000000000000000000000000000000000000000
delinked/collision_usage_FUN_0014ec30.obj	c737d34e633f7ec77596d8a67f0a231b8ec0f0a5	A	0000000000000000000000000000000000000000	65a60cc68e26dc1736a8830985a5e3189d1a18ce
delinked/collision_usage_FUN_0014ec30.obj	ee6f5a972a6a54cc93a5a7e19363d3592b367394	A	0000000000000000000000000000000000000000	65a60cc68e26dc1736a8830985a5e3189d1a18ce
delinked/collision_usage_FUN_0014eeb0.obj	67a17eb34ceebeefaf1259b5ce985bbff88bd0ac	A	0000000000000000000000000000000000000000	38d0dea348502a78f5303c9e566389e3179eab43
delinked/collision_usage_FUN_0014eeb0.obj	a7dbb87ba2c22e2957ca2c30f06f4831b99d100a	D	38d0dea348502a78f5303c9e566389e3179eab43	0000000000000000000000000000000000000000
delinked/collision_usage_FUN_0014eeb0.obj	ba4b47822c783a3b69637cebee41453a26c62a93	A	0000000000000000000000000000000000000000	38d0dea348502a78f5303c9e566389e3179eab43
delinked/collision_usage_FUN_0014eeb0.obj	c737d34e633f7ec77596d8a67f0a231b8ec0f0a5	A	0000000000000000000000000000000000000000	38d0dea348502a78f5303c9e566389e3179eab43
delinked/collision_usage_FUN_0014eeb0.obj	ee6f5a972a6a54cc93a5a7e19363d3592b367394	A	0000000000000000000000000000000000000000	38d0dea348502a78f5303c9e566389e3179eab43
delinked/collision_usage_FUN_0014eeb0.obj	fcecb7db7465a5a499efc6b60cf5a411349181ad	A	0000000000000000000000000000000000000000	38d0dea348502a78f5303c9e566389e3179eab43
delinked/collision_usage_FUN_0014ef30.obj	67a17eb34ceebeefaf1259b5ce985bbff88bd0ac	A	0000000000000000000000000000000000000000	1f415288e3681bcf65de2b793dcec017eda5e783
delinked/collision_usage_FUN_0014ef30.obj	a7dbb87ba2c22e2957ca2c30f06f4831b99d100a	D	1f415288e3681bcf65de2b793dcec017eda5e783	0000000000000000000000000000000000000000
delinked/collision_usage_FUN_0014ef30.obj	ba4b47822c783a3b69637cebee41453a26c62a93	A	0000000000000000000000000000000000000000	1f415288e3681bcf65de2b793dcec017eda5e783
delinked/collision_usage_FUN_0014ef30.obj	c737d34e633f7ec77596d8a67f0a231b8ec0f0a5	A	0000000000000000000000000000000000000000	1f415288e3681bcf65de2b793dcec017eda5e783
delinked/collision_usage_FUN_0014ef30.obj	ee6f5a972a6a54cc93a5a7e19363d3592b367394	A	0000000000000000000000000000000000000000	1f415288e3681bcf65de2b793dcec017eda5e783
delinked/collision_usage_FUN_0014ef30.obj	fcecb7db7465a5a499efc6b60cf5a411349181ad	A	0000000000000000000000000000000000000000	1f415288e3681bcf65de2b793dcec017eda5e783
delinked/collision_usage_FUN_0014ef80.obj	7ac9a67cc96d4e046a81bfff2b500669ca25a850	A	0000000000000000000000000000000000000000	f68b9c817ed437614f7da17bd0c6aff0008f2b1a
delinked/collision_usage_FUN_0014ef80.obj	a7dbb87ba2c22e2957ca2c30f06f4831b99d100a	D	f68b9c817ed437614f7da17bd0c6aff0008f2b1a	0000000000000000000000000000000000000000
delinked/collision_usage_FUN_0014ef80.obj	ba4b47822c783a3b69637cebee41453a26c62a93	A	0000000000000000000000000000000000000000	f68b9c817ed437614f7da17bd0c6aff0008f2b1a
delinked/collision_usage_FUN_0014ef80.obj	c737d34e633f7ec77596d8a67f0a231b8ec0f0a5	A	0000000000000000000000000000000000000000	f68b9c817ed437614f7da17bd0c6aff0008f2b1a
delinked/collision_usage_FUN_0014ef80.obj	ee6f5a972a6a54cc93a5a7e19363d3592b367394	A	0000000000000000000000000000000000000000	f68b9c817ed437614f7da17bd0c6aff0008f2b1a
delinked/collision_usage_FUN_0014ef80.obj	fcecb7db7465a5a499efc6b60cf5a411349181ad	A	0000000000000000000000000000000000000000	f68b9c817ed437614f7da17bd0c6aff0008f2b1a
delinked/collision_usage_FUN_0014f020.obj	a7dbb87ba2c22e2957ca2c30f06f4831b99d100a	D	4f947e9d4246672d42092479fb4e249303113ff7	0000000000000000000000000000000000000000
delinked/collision_usage_FUN_0014f020.obj	ba4b47822c783a3b69637cebee41453a26c62a93	A	0000000000000000000000000000000000000000	4f947e9d4246672d42092479fb4e249303113ff7
delinked/collision_usage_FUN_0014f020.obj	c737d34e633f7ec77596d8a67f0a231b8ec0f0a5	A	0000000000000000000000000000000000000000	4f947e9d4246672d42092479fb4e249303113ff7
delinked/collision_usage_FUN_0014f020.obj	ee6f5a972a6a54cc93a5a7e19363d3592b367394	A	0000000000000000000000000000000000000000	4f947e9d4246672d42092479fb4e249303113ff7
delinked/collision_usage_FUN_0014f020.obj	f11ef1622dbc5fcaa2173751fc27305343b98d52	A	0000000000000000000000000000000000000000	4f947e9d4246672d42092479fb4e249303113ff7
delinked/collision_usage_FUN_0014f020.obj	fcecb7db7465a5a499efc6b60cf5a411349181ad	A	0000000000000000000000000000000000000000	4f947e9d4246672d42092479fb4e249303113ff7
delinked/collision_usage_FUN_0014f2c0.obj	78c8a413f26b35711e75619590fb2d856b4dbd39	A	0000000000000000000000000000000000000000	8bc62cd4ba64da3e257a10f2537ff402e539be06
delinked/collision_usage_FUN_0014f2c0.obj	a7dbb87ba2c22e2957ca2c30f06f4831b99d100a	D	8bc62cd4ba64da3e257a10f2537ff402e539be06	0000000000000000000000000000000000000000
delinked/collision_usage_FUN_0014f2c0.obj	ba4b47822c783a3b69637cebee41453a26c62a93	A	0000000000000000000000000000000000000000	8bc62cd4ba64da3e257a10f2537ff402e539be06
delinked/collision_usage_FUN_0014f2c0.obj	c737d34e633f7ec77596d8a67f0a231b8ec0f0a5	A	0000000000000000000000000000000000000000	8bc62cd4ba64da3e257a10f2537ff402e539be06
delinked/collision_usage_FUN_0014f2c0.obj	ee6f5a972a6a54cc93a5a7e19363d3592b367394	A	0000000000000000000000000000000000000000	8bc62cd4ba64da3e257a10f2537ff402e539be06
delinked/collision_usage_FUN_0014f2c0.obj	fcecb7db7465a5a499efc6b60cf5a411349181ad	A	0000000000000000000000000000000000000000	8bc62cd4ba64da3e257a10f2537ff402e539be06
delinked/collision_usage_FUN_14da20.obj	020100472ecc3aad9576d11a59e49e96edba9d12	A	0000000000000000000000000000000000000000	449597b9369184ba99f1e159748af75d9f08698c
delinked/collision_usage_FUN_14da20.obj	a7dbb87ba2c22e2957ca2c30f06f4831b99d100a	D	449597b9369184ba99f1e159748af75d9f08698c	0000000000000000000000000000000000000000
delinked/collision_usage_FUN_14da20.obj	c737d34e633f7ec77596d8a67f0a231b8ec0f0a5	A	0000000000000000000000000000000000000000	449597b9369184ba99f1e159748af75d9f08698c
delinked/collision_usage_FUN_14da20.obj	ee6f5a972a6a54cc93a5a7e19363d3592b367394	A	0000000000000000000000000000000000000000	449597b9369184ba99f1e159748af75d9f08698c
delinked/collision_usage_FUN_14da20.obj	fc2c9ff7dcc35ff8d0489cac8b87bd6c30f20e72	A	0000000000000000000000000000000000000000	449597b9369184ba99f1e159748af75d9f08698c
delinked/collision_usage_FUN_14da80.obj	9ee7fa3ba101fbde23c49011ffb913eb207fe114	A	0000000000000000000000000000000000000000	cffc85a20dde4de5da350a1c4e7f5cc1abef44ce
delinked/collision_usage_FUN_14da80.obj	a7dbb87ba2c22e2957ca2c30f06f4831b99d100a	D	cffc85a20dde4de5da350a1c4e7f5cc1abef44ce	0000000000000000000000000000000000000000
delinked/collision_usage_FUN_14da80.obj	c737d34e633f7ec77596d8a67f0a231b8ec0f0a5	A	0000000000000000000000000000000000000000	cffc85a20dde4de5da350a1c4e7f5cc1abef44ce
delinked/collision_usage_FUN_14da80.obj	ee6f5a972a6a54cc93a5a7e19363d3592b367394	A	0000000000000000000000000000000000000000	cffc85a20dde4de5da350a1c4e7f5cc1abef44ce
delinked/collision_usage_FUN_14da80.obj	f0c4770c1a6eb09776ff28cb65af1af3e05fe955	A	0000000000000000000000000000000000000000	cffc85a20dde4de5da350a1c4e7f5cc1abef44ce
delinked/collision_usage_collision_log_render.obj	78c8a413f26b35711e75619590fb2d856b4dbd39	A	0000000000000000000000000000000000000000	de2918468f318f28f17912629c428c7ef680c28f
delinked/collision_usage_collision_log_render.obj	a7dbb87ba2c22e2957ca2c30f06f4831b99d100a	D	de2918468f318f28f17912629c428c7ef680c28f	0000000000000000000000000000000000000000
delinked/collision_usage_collision_log_render.obj	ba4b47822c783a3b69637cebee41453a26c62a93	A	0000000000000000000000000000000000000000	de2918468f318f28f17912629c428c7ef680c28f
delinked/collision_usage_collision_log_render.obj	c737d34e633f7ec77596d8a67f0a231b8ec0f0a5	A	0000000000000000000000000000000000000000	de2918468f318f28f17912629c428c7ef680c28f
delinked/collision_usage_collision_log_render.obj	ee6f5a972a6a54cc93a5a7e19363d3592b367394	A	0000000000000000000000000000000000000000	de2918468f318f28f17912629c428c7ef680c28f
delinked/collision_usage_collision_log_render.obj	fcecb7db7465a5a499efc6b60cf5a411349181ad	A	0000000000000000000000000000000000000000	de2918468f318f28f17912629c428c7ef680c28f
delinked/contrails_97980.obj	13542ad345ab644d139266695a30f8edf2cbd42f	A	0000000000000000000000000000000000000000	df41bee87ebdea8421cd6a1027e77cc4211a441e
delinked/contrails_97980.obj	26a79667482d4baad163174257da92cdc4034058	A	0000000000000000000000000000000000000000	df41bee87ebdea8421cd6a1027e77cc4211a441e
delinked/contrails_97980.obj	2800f2d12a8806710789885d320daf392bc026a2	A	0000000000000000000000000000000000000000	df41bee87ebdea8421cd6a1027e77cc4211a441e
delinked/contrails_97980.obj	a7dbb87ba2c22e2957ca2c30f06f4831b99d100a	D	df41bee87ebdea8421cd6a1027e77cc4211a441e	0000000000000000000000000000000000000000
delinked/contrails_97980.obj	c737d34e633f7ec77596d8a67f0a231b8ec0f0a5	A	0000000000000000000000000000000000000000	df41bee87ebdea8421cd6a1027e77cc4211a441e
delinked/contrails_97980.obj	d91b33be10887b291f80872744be889b85982ec8	A	0000000000000000000000000000000000000000	df41bee87ebdea8421cd6a1027e77cc4211a441e
delinked/contrails_97980.obj	ee6f5a972a6a54cc93a5a7e19363d3592b367394	A	0000000000000000000000000000000000000000	df41bee87ebdea8421cd6a1027e77cc4211a441e
delinked/contrails_97ae0.obj	5e0088b7224ceffdc992e47ea5d1de890918be1b	A	0000000000000000000000000000000000000000	a2cfcf41964911a4104250f6a5e0c84f4cb749be
delinked/contrails_97ae0.obj	80480691ef9addf1706a80fe046968921cf2144f	A	0000000000000000000000000000000000000000	a2cfcf41964911a4104250f6a5e0c84f4cb749be
delinked/contrails_97ae0.obj	a7dbb87ba2c22e2957ca2c30f06f4831b99d100a	D	a2cfcf41964911a4104250f6a5e0c84f4cb749be	0000000000000000000000000000000000000000
delinked/contrails_97ae0.obj	aad6a9cf38e622e6f6491fe34924168bf2377392	A	0000000000000000000000000000000000000000	a2cfcf41964911a4104250f6a5e0c84f4cb749be
delinked/contrails_97ae0.obj	aeb213ca53bf2b87903fdadcaf1f762b0d8496de	A	0000000000000000000000000000000000000000	a2cfcf41964911a4104250f6a5e0c84f4cb749be
delinked/contrails_97ae0.obj	c737d34e633f7ec77596d8a67f0a231b8ec0f0a5	A	0000000000000000000000000000000000000000	a2cfcf41964911a4104250f6a5e0c84f4cb749be
delinked/contrails_97ae0.obj	ee6f5a972a6a54cc93a5a7e19363d3592b367394	A	0000000000000000000000000000000000000000	a2cfcf41964911a4104250f6a5e0c84f4cb749be
delinked/contrails_98200.obj	a0a8e709d3db362adf30392e0ccd0abb3bc02f6c	A	0000000000000000000000000000000000000000	2a460aa828a0b24b06750c9ccf701f651b9836b3
delinked/contrails_98200.obj	a7dbb87ba2c22e2957ca2c30f06f4831b99d100a	D	2a460aa828a0b24b06750c9ccf701f651b9836b3	0000000000000000000000000000000000000000
delinked/contrails_98200.obj	c737d34e633f7ec77596d8a67f0a231b8ec0f0a5	A	0000000000000000000000000000000000000000	2a460aa828a0b24b06750c9ccf701f651b9836b3
delinked/contrails_98200.obj	ee6f5a972a6a54cc93a5a7e19363d3592b367394	A	0000000000000000000000000000000000000000	2a460aa828a0b24b06750c9ccf701f651b9836b3
delinked/contrails_98200.obj	fc16686b2bbf27cffd73c9f120036dd528678508	A	0000000000000000000000000000000000000000	2a460aa828a0b24b06750c9ccf701f651b9836b3
delinked/contrails_98580_98730.obj	2fded1a04798a49592fc6b4fadef7226f7808989	A	0000000000000000000000000000000000000000	ba8acca4f595290e56b11bcea0a2ff4a98810329
delinked/contrails_98580_98730.obj	5e0088b7224ceffdc992e47ea5d1de890918be1b	A	0000000000000000000000000000000000000000	ba8acca4f595290e56b11bcea0a2ff4a98810329
delinked/contrails_98580_98730.obj	87f3239538c67f63524a5c536b6bac61c57949eb	A	0000000000000000000000000000000000000000	ba8acca4f595290e56b11bcea0a2ff4a98810329
delinked/contrails_98580_98730.obj	a7dbb87ba2c22e2957ca2c30f06f4831b99d100a	D	ba8acca4f595290e56b11bcea0a2ff4a98810329	0000000000000000000000000000000000000000
delinked/contrails_98580_98730.obj	aeb213ca53bf2b87903fdadcaf1f762b0d8496de	A	0000000000000000000000000000000000000000	ba8acca4f595290e56b11bcea0a2ff4a98810329
delinked/contrails_98580_98730.obj	c737d34e633f7ec77596d8a67f0a231b8ec0f0a5	A	0000000000000000000000000000000000000000	ba8acca4f595290e56b11bcea0a2ff4a98810329
delinked/contrails_98580_98730.obj	ee6f5a972a6a54cc93a5a7e19363d3592b367394	A	0000000000000000000000000000000000000000	ba8acca4f595290e56b11bcea0a2ff4a98810329
delinked/contrails_98580_tight.obj	13542ad345ab644d139266695a30f8edf2cbd42f	A	0000000000000000000000000000000000000000	8bacd9d57d65d247cd5783a6b9fe2b3a3d26ad49
delinked/contrails_98580_tight.obj	2477deba69e25e6b8049c9aeff4ff52a88cd8e57	A	0000000000000000000000000000000000000000	8bacd9d57d65d247cd5783a6b9fe2b3a3d26ad49
delinked/contrails_98580_tight.obj	a7dbb87ba2c22e2957ca2c30f06f4831b99d100a	D	8bacd9d57d65d247cd5783a6b9fe2b3a3d26ad49	0000000000000000000000000000000000000000
delinked/contrails_98580_tight.obj	b667432ae0263796dff008bf6876357fb5ea15a1	A	0000000000000000000000000000000000000000	8bacd9d57d65d247cd5783a6b9fe2b3a3d26ad49
delinked/contrails_98580_tight.obj	c737d34e633f7ec77596d8a67f0a231b8ec0f0a5	A	0000000000000000000000000000000000000000	8bacd9d57d65d247cd5783a6b9fe2b3a3d26ad49
delinked/contrails_98580_tight.obj	d91b33be10887b291f80872744be889b85982ec8	A	0000000000000000000000000000000000000000	8bacd9d57d65d247cd5783a6b9fe2b3a3d26ad49
delinked/contrails_98580_tight.obj	ee6f5a972a6a54cc93a5a7e19363d3592b367394	A	0000000000000000000000000000000000000000	8bacd9d57d65d247cd5783a6b9fe2b3a3d26ad49
delinked/data_FUN_1194a0.obj	6ebae2050eae554ff1174dc83248430171e93220	A	0000000000000000000000000000000000000000	2bf7e6b3a059a3d66253f40b78f7dd5b0db74278
delinked/data_FUN_1194a0.obj	a7dbb87ba2c22e2957ca2c30f06f4831b99d100a	D	2bf7e6b3a059a3d66253f40b78f7dd5b0db74278	0000000000000000000000000000000000000000
delinked/data_FUN_1194a0.obj	c737d34e633f7ec77596d8a67f0a231b8ec0f0a5	A	0000000000000000000000000000000000000000	2bf7e6b3a059a3d66253f40b78f7dd5b0db74278
delinked/data_FUN_1194a0.obj	eb6694f35841d827914e79ac520bfef4a0b704ca	A	0000000000000000000000000000000000000000	2bf7e6b3a059a3d66253f40b78f7dd5b0db74278
delinked/data_FUN_1194a0.obj	ee6f5a972a6a54cc93a5a7e19363d3592b367394	A	0000000000000000000000000000000000000000	2bf7e6b3a059a3d66253f40b78f7dd5b0db74278
delinked/data_encoding_FUN_119df0.obj	0f90445d6c379a3d66bc9d7227e87fc914e12705	A	0000000000000000000000000000000000000000	be2a93f68b8e2e7cb5afe836e0f068ea631902f5
delinked/data_encoding_FUN_119df0.obj	131d45c801721112eaecccdc065b3fba154e1c5e	A	0000000000000000000000000000000000000000	be2a93f68b8e2e7cb5afe836e0f068ea631902f5
delinked/data_encoding_FUN_119df0.obj	13542ad345ab644d139266695a30f8edf2cbd42f	A	0000000000000000000000000000000000000000	be2a93f68b8e2e7cb5afe836e0f068ea631902f5
delinked/data_encoding_FUN_119df0.obj	4644b32644c91ac26f027151a79f555cfea606a4	A	0000000000000000000000000000000000000000	be2a93f68b8e2e7cb5afe836e0f068ea631902f5
delinked/data_encoding_FUN_119df0.obj	76af9420d92a03aac9453501328129ee623197f9	A	0000000000000000000000000000000000000000	be2a93f68b8e2e7cb5afe836e0f068ea631902f5
delinked/data_encoding_FUN_119df0.obj	a7dbb87ba2c22e2957ca2c30f06f4831b99d100a	D	be2a93f68b8e2e7cb5afe836e0f068ea631902f5	0000000000000000000000000000000000000000
delinked/data_encoding_FUN_119df0.obj	c737d34e633f7ec77596d8a67f0a231b8ec0f0a5	A	0000000000000000000000000000000000000000	be2a93f68b8e2e7cb5afe836e0f068ea631902f5
delinked/data_encoding_FUN_119df0.obj	d91b33be10887b291f80872744be889b85982ec8	A	0000000000000000000000000000000000000000	be2a93f68b8e2e7cb5afe836e0f068ea631902f5
delinked/data_encoding_FUN_119df0.obj	ee6f5a972a6a54cc93a5a7e19363d3592b367394	A	0000000000000000000000000000000000000000	be2a93f68b8e2e7cb5afe836e0f068ea631902f5
delinked/data_encoding_FUN_119ff0.obj	0f90445d6c379a3d66bc9d7227e87fc914e12705	A	0000000000000000000000000000000000000000	74c11791b59c6baca10d23ed992bc787da552ead
delinked/data_encoding_FUN_119ff0.obj	131d45c801721112eaecccdc065b3fba154e1c5e	A	0000000000000000000000000000000000000000	74c11791b59c6baca10d23ed992bc787da552ead
delinked/data_encoding_FUN_119ff0.obj	13542ad345ab644d139266695a30f8edf2cbd42f	A	0000000000000000000000000000000000000000	74c11791b59c6baca10d23ed992bc787da552ead
delinked/data_encoding_FUN_119ff0.obj	4644b32644c91ac26f027151a79f555cfea606a4	A	0000000000000000000000000000000000000000	74c11791b59c6baca10d23ed992bc787da552ead
delinked/data_encoding_FUN_119ff0.obj	76af9420d92a03aac9453501328129ee623197f9	A	0000000000000000000000000000000000000000	74c11791b59c6baca10d23ed992bc787da552ead
delinked/data_encoding_FUN_119ff0.obj	a7dbb87ba2c22e2957ca2c30f06f4831b99d100a	D	74c11791b59c6baca10d23ed992bc787da552ead	0000000000000000000000000000000000000000
delinked/data_encoding_FUN_119ff0.obj	c737d34e633f7ec77596d8a67f0a231b8ec0f0a5	A	0000000000000000000000000000000000000000	74c11791b59c6baca10d23ed992bc787da552ead
delinked/data_encoding_FUN_119ff0.obj	d91b33be10887b291f80872744be889b85982ec8	A	0000000000000000000000000000000000000000	74c11791b59c6baca10d23ed992bc787da552ead
delinked/data_encoding_FUN_119ff0.obj	ee6f5a972a6a54cc93a5a7e19363d3592b367394	A	0000000000000000000000000000000000000000	74c11791b59c6baca10d23ed992bc787da552ead
delinked/effects_9c910_tight.obj	415455ced843a9ef5d2e71d559e6d268c94cf7e1	A	0000000000000000000000000000000000000000	ee53b3f2b3656419ea1c52c91b87c3ae96d5a830
delinked/effects_9c910_tight.obj	5e0088b7224ceffdc992e47ea5d1de890918be1b	A	0000000000000000000000000000000000000000	ee53b3f2b3656419ea1c52c91b87c3ae96d5a830
delinked/effects_9c910_tight.obj	a7dbb87ba2c22e2957ca2c30f06f4831b99d100a	D	ee53b3f2b3656419ea1c52c91b87c3ae96d5a830	0000000000000000000000000000000000000000
delinked/effects_9c910_tight.obj	aeb213ca53bf2b87903fdadcaf1f762b0d8496de	A	0000000000000000000000000000000000000000	ee53b3f2b3656419ea1c52c91b87c3ae96d5a830
delinked/effects_9c910_tight.obj	c737d34e633f7ec77596d8a67f0a231b8ec0f0a5	A	0000000000000000000000000000000000000000	ee53b3f2b3656419ea1c52c91b87c3ae96d5a830
delinked/effects_9c910_tight.obj	d1d9689b0cb3cc5acd3cad858d5f52af4da3e3e3	A	0000000000000000000000000000000000000000	ee53b3f2b3656419ea1c52c91b87c3ae96d5a830
delinked/effects_9c910_tight.obj	ee6f5a972a6a54cc93a5a7e19363d3592b367394	A	0000000000000000000000000000000000000000	ee53b3f2b3656419ea1c52c91b87c3ae96d5a830
delinked/effects_9c9a0.obj	5e0088b7224ceffdc992e47ea5d1de890918be1b	A	0000000000000000000000000000000000000000	1b442b2a49a62f31cdd852fbfaaa28a4e907961a
delinked/effects_9c9a0.obj	80480691ef9addf1706a80fe046968921cf2144f	A	0000000000000000000000000000000000000000	1b442b2a49a62f31cdd852fbfaaa28a4e907961a
delinked/effects_9c9a0.obj	a7dbb87ba2c22e2957ca2c30f06f4831b99d100a	D	1b442b2a49a62f31cdd852fbfaaa28a4e907961a	0000000000000000000000000000000000000000
delinked/effects_9c9a0.obj	aad6a9cf38e622e6f6491fe34924168bf2377392	A	0000000000000000000000000000000000000000	1b442b2a49a62f31cdd852fbfaaa28a4e907961a
delinked/effects_9c9a0.obj	aeb213ca53bf2b87903fdadcaf1f762b0d8496de	A	0000000000000000000000000000000000000000	1b442b2a49a62f31cdd852fbfaaa28a4e907961a
delinked/effects_9c9a0.obj	c737d34e633f7ec77596d8a67f0a231b8ec0f0a5	A	0000000000000000000000000000000000000000	1b442b2a49a62f31cdd852fbfaaa28a4e907961a
delinked/effects_9c9a0.obj	ee6f5a972a6a54cc93a5a7e19363d3592b367394	A	0000000000000000000000000000000000000000	1b442b2a49a62f31cdd852fbfaaa28a4e907961a
delinked/effects_9c9f0.obj	a7dbb87ba2c22e2957ca2c30f06f4831b99d100a	D	28a7d270b7da185c9a5f498878861596a4ce35a5	0000000000000000000000000000000000000000
delinked/effects_9c9f0.obj	c737d34e633f7ec77596d8a67f0a231b8ec0f0a5	A	0000000000000000000000000000000000000000	28a7d270b7da185c9a5f498878861596a4ce35a5
delinked/effects_9c9f0.obj	e3986bf6bdcd10b2976b89301c3e33ccf985d0c8	A	0000000000000000000000000000000000000000	28a7d270b7da185c9a5f498878861596a4ce35a5
delinked/effects_9c9f0.obj	ee6f5a972a6a54cc93a5a7e19363d3592b367394	A	0000000000000000000000000000000000000000	28a7d270b7da185c9a5f498878861596a4ce35a5
delinked/effects_9c9f0.obj	fcecb7db7465a5a499efc6b60cf5a411349181ad	A	0000000000000000000000000000000000000000	28a7d270b7da185c9a5f498878861596a4ce35a5
delinked/effects_9ca70.obj	a7dbb87ba2c22e2957ca2c30f06f4831b99d100a	D	dbd2b4fa0f603bafe75ff55ff19d1f5d1fbe113f	0000000000000000000000000000000000000000
delinked/effects_9ca70.obj	c737d34e633f7ec77596d8a67f0a231b8ec0f0a5	A	0000000000000000000000000000000000000000	dbd2b4fa0f603bafe75ff55ff19d1f5d1fbe113f
delinked/effects_9ca70.obj	e3986bf6bdcd10b2976b89301c3e33ccf985d0c8	A	0000000000000000000000000000000000000000	dbd2b4fa0f603bafe75ff55ff19d1f5d1fbe113f
delinked/effects_9ca70.obj	ee6f5a972a6a54cc93a5a7e19363d3592b367394	A	0000000000000000000000000000000000000000	dbd2b4fa0f603bafe75ff55ff19d1f5d1fbe113f
delinked/effects_9ca70.obj	fcecb7db7465a5a499efc6b60cf5a411349181ad	A	0000000000000000000000000000000000000000	dbd2b4fa0f603bafe75ff55ff19d1f5d1fbe113f
delinked/effects_9ce80.obj	13542ad345ab644d139266695a30f8edf2cbd42f	A	0000000000000000000000000000000000000000	b642b03886339b7d4efeee8384093bc99a24493a
delinked/effects_9ce80.obj	3d175151153623ba73c12a517b1383c6b6a6f181	A	0000000000000000000000000000000000000000	b642b03886339b7d4efeee8384093bc99a24493a
delinked/effects_9ce80.obj	7ae4b9219f99aece52215b5d8f8595f09fc42cc9	A	0000000000000000000000000000000000000000	b642b03886339b7d4efeee8384093bc99a24493a
delinked/effects_9ce80.obj	a7dbb87ba2c22e2957ca2c30f06f4831b99d100a	D	b642b03886339b7d4efeee8384093bc99a24493a	0000000000000000000000000000000000000000
delinked/effects_9ce80.obj	c737d34e633f7ec77596d8a67f0a231b8ec0f0a5	A	0000000000000000000000000000000000000000	b642b03886339b7d4efeee8384093bc99a24493a
delinked/effects_9ce80.obj	d91b33be10887b291f80872744be889b85982ec8	A	0000000000000000000000000000000000000000	b642b03886339b7d4efeee8384093bc99a24493a
delinked/effects_9ce80.obj	ee6f5a972a6a54cc93a5a7e19363d3592b367394	A	0000000000000000000000000000000000000000	b642b03886339b7d4efeee8384093bc99a24493a
delinked/effects_9ce90.obj	13542ad345ab644d139266695a30f8edf2cbd42f	A	0000000000000000000000000000000000000000	d8caef92ba158ff3d4cce2b791af2919c1734d6f
delinked/effects_9ce90.obj	26a79667482d4baad163174257da92cdc4034058	A	0000000000000000000000000000000000000000	d8caef92ba158ff3d4cce2b791af2919c1734d6f
delinked/effects_9ce90.obj	2800f2d12a8806710789885d320daf392bc026a2	A	0000000000000000000000000000000000000000	d8caef92ba158ff3d4cce2b791af2919c1734d6f
delinked/effects_9ce90.obj	a7dbb87ba2c22e2957ca2c30f06f4831b99d100a	D	d8caef92ba158ff3d4cce2b791af2919c1734d6f	0000000000000000000000000000000000000000
delinked/effects_9ce90.obj	c737d34e633f7ec77596d8a67f0a231b8ec0f0a5	A	0000000000000000000000000000000000000000	d8caef92ba158ff3d4cce2b791af2919c1734d6f
delinked/effects_9ce90.obj	d91b33be10887b291f80872744be889b85982ec8	A	0000000000000000000000000000000000000000	d8caef92ba158ff3d4cce2b791af2919c1734d6f
delinked/effects_9ce90.obj	ee6f5a972a6a54cc93a5a7e19363d3592b367394	A	0000000000000000000000000000000000000000	d8caef92ba158ff3d4cce2b791af2919c1734d6f
delinked/effects_9ceb0.obj	13542ad345ab644d139266695a30f8edf2cbd42f	A	0000000000000000000000000000000000000000	465cbdcb48e6ec391b5201727cfb88d557326b68
delinked/effects_9ceb0.obj	26a79667482d4baad163174257da92cdc4034058	A	0000000000000000000000000000000000000000	465cbdcb48e6ec391b5201727cfb88d557326b68
delinked/effects_9ceb0.obj	2800f2d12a8806710789885d320daf392bc026a2	A	0000000000000000000000000000000000000000	465cbdcb48e6ec391b5201727cfb88d557326b68
delinked/effects_9ceb0.obj	a7dbb87ba2c22e2957ca2c30f06f4831b99d100a	D	465cbdcb48e6ec391b5201727cfb88d557326b68	0000000000000000000000000000000000000000
delinked/effects_9ceb0.obj	c737d34e633f7ec77596d8a67f0a231b8ec0f0a5	A	0000000000000000000000000000000000000000	465cbdcb48e6ec391b5201727cfb88d557326b68
delinked/effects_9ceb0.obj	d91b33be10887b291f80872744be889b85982ec8	A	0000000000000000000000000000000000000000	465cbdcb48e6ec391b5201727cfb88d557326b68
delinked/effects_9ceb0.obj	ee6f5a972a6a54cc93a5a7e19363d3592b367394	A	0000000000000000000000000000000000000000	465cbdcb48e6ec391b5201727cfb88d557326b68
delinked/effects_9cf40.obj	13542ad345ab644d139266695a30f8edf2cbd42f	A	0000000000000000000000000000000000000000	e1364e4b9a795b63681862404f58c3896ee96843
delinked/effects_9cf40.obj	26a79667482d4baad163174257da92cdc4034058	A	0000000000000000000000000000000000000000	e1364e4b9a795b63681862404f58c3896ee96843
delinked/effects_9cf40.obj	2800f2d12a8806710789885d320daf392bc026a2	A	0000000000000000000000000000000000000000	e1364e4b9a795b63681862404f58c3896ee96843
delinked/effects_9cf40.obj	a7dbb87ba2c22e2957ca2c30f06f4831b99d100a	D	e1364e4b9a795b63681862404f58c3896ee96843	0000000000000000000000000000000000000000
delinked/effects_9cf40.obj	c737d34e633f7ec77596d8a67f0a231b8ec0f0a5	A	0000000000000000000000000000000000000000	e1364e4b9a795b63681862404f58c3896ee96843
delinked/effects_9cf40.obj	d91b33be10887b291f80872744be889b85982ec8	A	0000000000000000000000000000000000000000	e1364e4b9a795b63681862404f58c3896ee96843
delinked/effects_9cf40.obj	ee6f5a972a6a54cc93a5a7e19363d3592b367394	A	0000000000000000000000000000000000000000	e1364e4b9a795b63681862404f58c3896ee96843
delinked/effects_9f3b0.obj	13542ad345ab644d139266695a30f8edf2cbd42f	A	0000000000000000000000000000000000000000	56b77cbe2a77b1e536de1c458c81d6703c29a342
delinked/effects_9f3b0.obj	26a79667482d4baad163174257da92cdc4034058	A	0000000000000000000000000000000000000000	56b77cbe2a77b1e536de1c458c81d6703c29a342
delinked/effects_9f3b0.obj	2800f2d12a8806710789885d320daf392bc026a2	A	0000000000000000000000000000000000000000	56b77cbe2a77b1e536de1c458c81d6703c29a342
delinked/effects_9f3b0.obj	a7dbb87ba2c22e2957ca2c30f06f4831b99d100a	D	56b77cbe2a77b1e536de1c458c81d6703c29a342	0000000000000000000000000000000000000000
delinked/effects_9f3b0.obj	c737d34e633f7ec77596d8a67f0a231b8ec0f0a5	A	0000000000000000000000000000000000000000	56b77cbe2a77b1e536de1c458c81d6703c29a342
delinked/effects_9f3b0.obj	d91b33be10887b291f80872744be889b85982ec8	A	0000000000000000000000000000000000000000	56b77cbe2a77b1e536de1c458c81d6703c29a342
delinked/effects_9f3b0.obj	ee6f5a972a6a54cc93a5a7e19363d3592b367394	A	0000000000000000000000000000000000000000	56b77cbe2a77b1e536de1c458c81d6703c29a342
delinked/effects_FUN_0009ce80.obj	13542ad345ab644d139266695a30f8edf2cbd42f	A	0000000000000000000000000000000000000000	b7cb64b2192667e909be346b6998c0879d3d610b
delinked/effects_FUN_0009ce80.obj	59e985b489005de7bfaf5a231b23236706f0544f	A	0000000000000000000000000000000000000000	b7cb64b2192667e909be346b6998c0879d3d610b
delinked/effects_FUN_0009ce80.obj	7f236b0546caf161fa5aa99a261e20383acce226	A	0000000000000000000000000000000000000000	b7cb64b2192667e909be346b6998c0879d3d610b
delinked/effects_FUN_0009ce80.obj	a7dbb87ba2c22e2957ca2c30f06f4831b99d100a	D	b7cb64b2192667e909be346b6998c0879d3d610b	0000000000000000000000000000000000000000
delinked/effects_FUN_0009ce80.obj	c737d34e633f7ec77596d8a67f0a231b8ec0f0a5	A	0000000000000000000000000000000000000000	b7cb64b2192667e909be346b6998c0879d3d610b
delinked/effects_FUN_0009ce80.obj	d91b33be10887b291f80872744be889b85982ec8	A	0000000000000000000000000000000000000000	b7cb64b2192667e909be346b6998c0879d3d610b
delinked/effects_FUN_0009ce80.obj	ee6f5a972a6a54cc93a5a7e19363d3592b367394	A	0000000000000000000000000000000000000000	b7cb64b2192667e909be346b6998c0879d3d610b
delinked/errors.obj	3ad56339da92ec001aff5269500ab56a08063f15	M	c553814258a11d3257e30013645deddbe49f3a23	49e4c54afcaa68de0d1d76e43c2d7b48c57e20c3
delinked/errors.obj	710cf6687aaab1a06e8358f9946e54bb6bc9687d	M	49e4c54afcaa68de0d1d76e43c2d7b48c57e20c3	9f2bb3f93f46024bcd07f772b8c4523325bf04bb
delinked/errors.obj	725870ea62b3cb1bf09082fc80a6b9a5091d221a	A	0000000000000000000000000000000000000000	c553814258a11d3257e30013645deddbe49f3a23
delinked/errors.obj	a7dbb87ba2c22e2957ca2c30f06f4831b99d100a	D	9f2bb3f93f46024bcd07f772b8c4523325bf04bb	0000000000000000000000000000000000000000
delinked/errors.obj	c737d34e633f7ec77596d8a67f0a231b8ec0f0a5	A	0000000000000000000000000000000000000000	9f2bb3f93f46024bcd07f772b8c4523325bf04bb
delinked/errors.obj	d7a18e5fe3fab23e1d84a8a909a0f6fc0adb5029	A	0000000000000000000000000000000000000000	c553814258a11d3257e30013645deddbe49f3a23
delinked/errors.obj	ee6f5a972a6a54cc93a5a7e19363d3592b367394	A	0000000000000000000000000000000000000000	9f2bb3f93f46024bcd07f772b8c4523325bf04bb
delinked/errors.obj	fc00c84c5d4f0d7c15f983a9aa9abf02952d8288	A	0000000000000000000000000000000000000000	c553814258a11d3257e30013645deddbe49f3a23
delinked/errors.obj_FUN_8e650.obj	1e9a98b2c9ac3ef9a0468e1b0e71ddb6fa9adf6c	A	0000000000000000000000000000000000000000	d37de7025f42bf00217eb66421d7825bbce81743
delinked/errors.obj_FUN_8e650.obj	a7dbb87ba2c22e2957ca2c30f06f4831b99d100a	D	d37de7025f42bf00217eb66421d7825bbce81743	0000000000000000000000000000000000000000
delinked/errors.obj_FUN_8e650.obj	c737d34e633f7ec77596d8a67f0a231b8ec0f0a5	A	0000000000000000000000000000000000000000	d37de7025f42bf00217eb66421d7825bbce81743
delinked/errors.obj_FUN_8e650.obj	ee6f5a972a6a54cc93a5a7e19363d3592b367394	A	0000000000000000000000000000000000000000	d37de7025f42bf00217eb66421d7825bbce81743
delinked/errors.obj_FUN_8e650.obj	f82c0ccb2f4e5bb69140a330f4cdda837a9055e7	A	0000000000000000000000000000000000000000	d37de7025f42bf00217eb66421d7825bbce81743
delinked/functions/0007f3a0.obj	4db7ddf0eaffa0bd684d8efd5b5c9b87afb1adce	A	0000000000000000000000000000000000000000	3c1887d728152841a8980912497dfd2d1d236435
delinked/functions/0007f3a0.obj	9b345ccd57ba5fa3d537db58e734d053c519d276	A	0000000000000000000000000000000000000000	3c1887d728152841a8980912497dfd2d1d236435
delinked/functions/0007f3a0.obj	b0b5f492dc8e7cc9e94959f5c1b7b6a60ba66503	A	0000000000000000000000000000000000000000	3c1887d728152841a8980912497dfd2d1d236435
delinked/functions/0007f3a0.obj	f427fda7c027d4343ede4ed7e75692ca23df1782	A	0000000000000000000000000000000000000000	3c1887d728152841a8980912497dfd2d1d236435
delinked/functions/0007ff40.obj	48d76dde53402f91adf861a8ba712467945bbc88	A	0000000000000000000000000000000000000000	d287dfed93ba64f4452dbfd4f2d2ff74a0452d3f
delinked/functions/0007ff40.obj	4db7ddf0eaffa0bd684d8efd5b5c9b87afb1adce	A	0000000000000000000000000000000000000000	d287dfed93ba64f4452dbfd4f2d2ff74a0452d3f
delinked/functions/0007ff40.obj	9b345ccd57ba5fa3d537db58e734d053c519d276	A	0000000000000000000000000000000000000000	d287dfed93ba64f4452dbfd4f2d2ff74a0452d3f
delinked/functions/0007ff40.obj	b0b5f492dc8e7cc9e94959f5c1b7b6a60ba66503	A	0000000000000000000000000000000000000000	d287dfed93ba64f4452dbfd4f2d2ff74a0452d3f
delinked/functions/0007ffe0.obj	4db7ddf0eaffa0bd684d8efd5b5c9b87afb1adce	A	0000000000000000000000000000000000000000	48e7cb6eaa71ed20e2b8dd9719691d43b6fe2838
delinked/functions/0007ffe0.obj	6f8b4f4e9841c226885efd218df0fdbe4135eaa3	A	0000000000000000000000000000000000000000	48e7cb6eaa71ed20e2b8dd9719691d43b6fe2838
delinked/functions/0007ffe0.obj	9b345ccd57ba5fa3d537db58e734d053c519d276	A	0000000000000000000000000000000000000000	48e7cb6eaa71ed20e2b8dd9719691d43b6fe2838
delinked/functions/0007ffe0.obj	b0b5f492dc8e7cc9e94959f5c1b7b6a60ba66503	A	0000000000000000000000000000000000000000	48e7cb6eaa71ed20e2b8dd9719691d43b6fe2838
delinked/functions/00080070.obj	4db7ddf0eaffa0bd684d8efd5b5c9b87afb1adce	A	0000000000000000000000000000000000000000	bc57599673438c7fbdbd9aa140de284a20fdb5b3
delinked/functions/00080070.obj	9b345ccd57ba5fa3d537db58e734d053c519d276	A	0000000000000000000000000000000000000000	bc57599673438c7fbdbd9aa140de284a20fdb5b3
delinked/functions/00080070.obj	b0b5f492dc8e7cc9e94959f5c1b7b6a60ba66503	A	0000000000000000000000000000000000000000	bc57599673438c7fbdbd9aa140de284a20fdb5b3
delinked/functions/00080070.obj	cc0f2171db37de275d566026e8024ef8abecc7e5	A	0000000000000000000000000000000000000000	bc57599673438c7fbdbd9aa140de284a20fdb5b3
delinked/functions/000800d0.obj	4db7ddf0eaffa0bd684d8efd5b5c9b87afb1adce	A	0000000000000000000000000000000000000000	ec63cf63d4643694e817082f57da9fdd68dcc569
delinked/functions/000800d0.obj	9b345ccd57ba5fa3d537db58e734d053c519d276	A	0000000000000000000000000000000000000000	ec63cf63d4643694e817082f57da9fdd68dcc569
delinked/functions/000800d0.obj	b0b5f492dc8e7cc9e94959f5c1b7b6a60ba66503	A	0000000000000000000000000000000000000000	ec63cf63d4643694e817082f57da9fdd68dcc569
delinked/functions/000800d0.obj	cbb341f73214ba07718ec860ecc3ebfbd26b811e	A	0000000000000000000000000000000000000000	ec63cf63d4643694e817082f57da9fdd68dcc569
delinked/functions/00080210.obj	4db7ddf0eaffa0bd684d8efd5b5c9b87afb1adce	A	0000000000000000000000000000000000000000	5cf763ff795fc316fe67ac8f8b3f91b90a98d7d1
delinked/functions/00080210.obj	7a5e7bc6805e047b50cec219cd74d6230bcc0265	A	0000000000000000000000000000000000000000	5cf763ff795fc316fe67ac8f8b3f91b90a98d7d1
delinked/functions/00080210.obj	9b345ccd57ba5fa3d537db58e734d053c519d276	A	0000000000000000000000000000000000000000	5cf763ff795fc316fe67ac8f8b3f91b90a98d7d1
delinked/functions/00080210.obj	b0b5f492dc8e7cc9e94959f5c1b7b6a60ba66503	A	0000000000000000000000000000000000000000	5cf763ff795fc316fe67ac8f8b3f91b90a98d7d1
delinked/functions/00140750.obj	78849902b140316ecb731111a4717cf372243d30	A	0000000000000000000000000000000000000000	014e28893a1a8de17c40f9a2699bd451a9bceb26
delinked/functions/0018e3c0.obj	8d1254225d69eca37d8ff98bb2ee9e0b6b072d50	A	0000000000000000000000000000000000000000	157f181fd593682abd0928c808b6eb7ce45d4f5c
delinked/functions/0018e3c0.obj	967c7aa2596cc30b58c600e5fa143a587276e635	A	0000000000000000000000000000000000000000	157f181fd593682abd0928c808b6eb7ce45d4f5c
delinked/functions/0018e3c0.obj	9b345ccd57ba5fa3d537db58e734d053c519d276	A	0000000000000000000000000000000000000000	157f181fd593682abd0928c808b6eb7ce45d4f5c
delinked/functions/0018e3c0.obj	b0b5f492dc8e7cc9e94959f5c1b7b6a60ba66503	A	0000000000000000000000000000000000000000	157f181fd593682abd0928c808b6eb7ce45d4f5c
delinked/functions/0018e3c0.obj	f6115788172b1856039702be98fbe76870891410	A	0000000000000000000000000000000000000000	157f181fd593682abd0928c808b6eb7ce45d4f5c
delinked/functions/00193a80.obj	8d1254225d69eca37d8ff98bb2ee9e0b6b072d50	A	0000000000000000000000000000000000000000	fb72549d995b1f2695fede98301ebc061822d636
delinked/functions/00193a80.obj	967c7aa2596cc30b58c600e5fa143a587276e635	A	0000000000000000000000000000000000000000	fb72549d995b1f2695fede98301ebc061822d636
delinked/functions/00193a80.obj	9b345ccd57ba5fa3d537db58e734d053c519d276	A	0000000000000000000000000000000000000000	fb72549d995b1f2695fede98301ebc061822d636
delinked/functions/00193a80.obj	b0b5f492dc8e7cc9e94959f5c1b7b6a60ba66503	A	0000000000000000000000000000000000000000	fb72549d995b1f2695fede98301ebc061822d636
delinked/functions/00193a80.obj	f6115788172b1856039702be98fbe76870891410	A	0000000000000000000000000000000000000000	fb72549d995b1f2695fede98301ebc061822d636
delinked/functions/00193b00.obj	8d1254225d69eca37d8ff98bb2ee9e0b6b072d50	A	0000000000000000000000000000000000000000	403a40074396f044aa72f5b0c7b3adb200cd75b2
delinked/functions/00193b00.obj	967c7aa2596cc30b58c600e5fa143a587276e635	A	0000000000000000000000000000000000000000	403a40074396f044aa72f5b0c7b3adb200cd75b2
delinked/functions/00193b00.obj	9b345ccd57ba5fa3d537db58e734d053c519d276	A	0000000000000000000000000000000000000000	403a40074396f044aa72f5b0c7b3adb200cd75b2
delinked/functions/00193b00.obj	b0b5f492dc8e7cc9e94959f5c1b7b6a60ba66503	A	0000000000000000000000000000000000000000	403a40074396f044aa72f5b0c7b3adb200cd75b2
delinked/functions/00193b00.obj	f6115788172b1856039702be98fbe76870891410	A	0000000000000000000000000000000000000000	403a40074396f044aa72f5b0c7b3adb200cd75b2
delinked/functions/00193c00.obj	8d1254225d69eca37d8ff98bb2ee9e0b6b072d50	A	0000000000000000000000000000000000000000	356709812886d1816b89e0b9359a32ecfeb84d26
delinked/functions/00193c00.obj	967c7aa2596cc30b58c600e5fa143a587276e635	A	0000000000000000000000000000000000000000	356709812886d1816b89e0b9359a32ecfeb84d26
delinked/functions/00193c00.obj	9b345ccd57ba5fa3d537db58e734d053c519d276	A	0000000000000000000000000000000000000000	356709812886d1816b89e0b9359a32ecfeb84d26
delinked/functions/00193c00.obj	b0b5f492dc8e7cc9e94959f5c1b7b6a60ba66503	A	0000000000000000000000000000000000000000	356709812886d1816b89e0b9359a32ecfeb84d26
delinked/functions/00193c00.obj	f6115788172b1856039702be98fbe76870891410	A	0000000000000000000000000000000000000000	356709812886d1816b89e0b9359a32ecfeb84d26
delinked/functions/00195bc0.obj	8d1254225d69eca37d8ff98bb2ee9e0b6b072d50	A	0000000000000000000000000000000000000000	eade35109f3f18afe301957cc8729098e835a5d7
delinked/functions/00195bc0.obj	967c7aa2596cc30b58c600e5fa143a587276e635	A	0000000000000000000000000000000000000000	eade35109f3f18afe301957cc8729098e835a5d7
delinked/functions/00195bc0.obj	9b345ccd57ba5fa3d537db58e734d053c519d276	A	0000000000000000000000000000000000000000	eade35109f3f18afe301957cc8729098e835a5d7
delinked/functions/00195bc0.obj	b0b5f492dc8e7cc9e94959f5c1b7b6a60ba66503	A	0000000000000000000000000000000000000000	eade35109f3f18afe301957cc8729098e835a5d7
delinked/functions/00195bc0.obj	f6115788172b1856039702be98fbe76870891410	A	0000000000000000000000000000000000000000	eade35109f3f18afe301957cc8729098e835a5d7
delinked/functions/0019b210.obj	8d1254225d69eca37d8ff98bb2ee9e0b6b072d50	A	0000000000000000000000000000000000000000	116fbe87271dbf914a656525ee96d1bb7dff83b2
delinked/functions/0019b210.obj	967c7aa2596cc30b58c600e5fa143a587276e635	A	0000000000000000000000000000000000000000	116fbe87271dbf914a656525ee96d1bb7dff83b2
delinked/functions/0019b210.obj	9b345ccd57ba5fa3d537db58e734d053c519d276	A	0000000000000000000000000000000000000000	116fbe87271dbf914a656525ee96d1bb7dff83b2
delinked/functions/0019b210.obj	b0b5f492dc8e7cc9e94959f5c1b7b6a60ba66503	A	0000000000000000000000000000000000000000	116fbe87271dbf914a656525ee96d1bb7dff83b2
delinked/functions/0019b210.obj	f6115788172b1856039702be98fbe76870891410	A	0000000000000000000000000000000000000000	116fbe87271dbf914a656525ee96d1bb7dff83b2
delinked/game_allegiance_a8110_a8192.obj	13542ad345ab644d139266695a30f8edf2cbd42f	A	0000000000000000000000000000000000000000	07e02d37c2ee49e8c1470d376bf4251bf546879c
delinked/game_allegiance_a8110_a8192.obj	3d175151153623ba73c12a517b1383c6b6a6f181	A	0000000000000000000000000000000000000000	07e02d37c2ee49e8c1470d376bf4251bf546879c
delinked/game_allegiance_a8110_a8192.obj	7ae4b9219f99aece52215b5d8f8595f09fc42cc9	A	0000000000000000000000000000000000000000	07e02d37c2ee49e8c1470d376bf4251bf546879c
delinked/game_allegiance_a8110_a8192.obj	a7dbb87ba2c22e2957ca2c30f06f4831b99d100a	D	07e02d37c2ee49e8c1470d376bf4251bf546879c	0000000000000000000000000000000000000000
delinked/game_allegiance_a8110_a8192.obj	c737d34e633f7ec77596d8a67f0a231b8ec0f0a5	A	0000000000000000000000000000000000000000	07e02d37c2ee49e8c1470d376bf4251bf546879c
delinked/game_allegiance_a8110_a8192.obj	d91b33be10887b291f80872744be889b85982ec8	A	0000000000000000000000000000000000000000	07e02d37c2ee49e8c1470d376bf4251bf546879c
delinked/game_allegiance_a8110_a8192.obj	ee6f5a972a6a54cc93a5a7e19363d3592b367394	A	0000000000000000000000000000000000000000	07e02d37c2ee49e8c1470d376bf4251bf546879c
delinked/game_engine_game_engine_player_killed.obj	027c1a597ec77edfb084939f800267be5326344e	A	0000000000000000000000000000000000000000	845b795fa6313a7af80f079f5b26052f37ccdc28
delinked/game_engine_game_engine_player_killed.obj	134aa81aead1e5e108d33286b05a4defc7e897ef	A	0000000000000000000000000000000000000000	845b795fa6313a7af80f079f5b26052f37ccdc28
delinked/game_engine_game_engine_player_killed.obj	15743c6a4d47a060180251a747a8c80fc819912b	A	0000000000000000000000000000000000000000	845b795fa6313a7af80f079f5b26052f37ccdc28
delinked/game_engine_game_engine_player_killed.obj	a7dbb87ba2c22e2957ca2c30f06f4831b99d100a	D	845b795fa6313a7af80f079f5b26052f37ccdc28	0000000000000000000000000000000000000000
delinked/game_engine_game_engine_player_killed.obj	bcf6e0359bf63850f03d71383c7ad05ecb85c2d5	A	0000000000000000000000000000000000000000	845b795fa6313a7af80f079f5b26052f37ccdc28
delinked/game_engine_game_engine_player_killed.obj	c737d34e633f7ec77596d8a67f0a231b8ec0f0a5	A	0000000000000000000000000000000000000000	845b795fa6313a7af80f079f5b26052f37ccdc28
delinked/game_engine_game_engine_player_killed.obj	ee6f5a972a6a54cc93a5a7e19363d3592b367394	A	0000000000000000000000000000000000000000	845b795fa6313a7af80f079f5b26052f37ccdc28
delinked/hud_FUN_000d02f0.obj	a7dbb87ba2c22e2957ca2c30f06f4831b99d100a	D	9db37027e8131039a8b9c99be9a5dd8d20fce7fb	0000000000000000000000000000000000000000
delinked/hud_FUN_000d02f0.obj	c737d34e633f7ec77596d8a67f0a231b8ec0f0a5	A	0000000000000000000000000000000000000000	9db37027e8131039a8b9c99be9a5dd8d20fce7fb
delinked/hud_FUN_000d02f0.obj	ee6f5a972a6a54cc93a5a7e19363d3592b367394	A	0000000000000000000000000000000000000000	9db37027e8131039a8b9c99be9a5dd8d20fce7fb
delinked/hud_FUN_000d02f0.obj	fa14f74cf122865453c8f9539cbdd971a13b2e81	A	0000000000000000000000000000000000000000	9db37027e8131039a8b9c99be9a5dd8d20fce7fb
delinked/hud_d0340_d0440.obj	49e576b3f930e82685092d33f248381398d6d05c	A	0000000000000000000000000000000000000000	4a8b87972721f42cc5a38c60787cbe69129997d5
delinked/hud_d0340_d0440.obj	5e0088b7224ceffdc992e47ea5d1de890918be1b	A	0000000000000000000000000000000000000000	4a8b87972721f42cc5a38c60787cbe69129997d5
delinked/hud_d0340_d0440.obj	8234ed062a32c109345252e162b4ef45b494982b	A	0000000000000000000000000000000000000000	4a8b87972721f42cc5a38c60787cbe69129997d5
delinked/hud_d0340_d0440.obj	a7dbb87ba2c22e2957ca2c30f06f4831b99d100a	D	4a8b87972721f42cc5a38c60787cbe69129997d5	0000000000000000000000000000000000000000
delinked/hud_d0340_d0440.obj	aeb213ca53bf2b87903fdadcaf1f762b0d8496de	A	0000000000000000000000000000000000000000	4a8b87972721f42cc5a38c60787cbe69129997d5
delinked/hud_d0340_d0440.obj	c737d34e633f7ec77596d8a67f0a231b8ec0f0a5	A	0000000000000000000000000000000000000000	4a8b87972721f42cc5a38c60787cbe69129997d5
delinked/hud_d0340_d0440.obj	ee6f5a972a6a54cc93a5a7e19363d3592b367394	A	0000000000000000000000000000000000000000	4a8b87972721f42cc5a38c60787cbe69129997d5
delinked/hud_d1550_d1578.obj	5bb500a6a2c20a8adfd9d1e960e846a1c6da1d4b	A	0000000000000000000000000000000000000000	63e3b8e7ee2911068e68954ffd54f0915abb1dc3
delinked/hud_d1550_d1578.obj	a7dbb87ba2c22e2957ca2c30f06f4831b99d100a	D	63e3b8e7ee2911068e68954ffd54f0915abb1dc3	0000000000000000000000000000000000000000
delinked/hud_d1550_d1578.obj	bd9c05152d29ba8ac845ec14c8f6006e2756e5b2	A	0000000000000000000000000000000000000000	63e3b8e7ee2911068e68954ffd54f0915abb1dc3
delinked/hud_d1550_d1578.obj	c737d34e633f7ec77596d8a67f0a231b8ec0f0a5	A	0000000000000000000000000000000000000000	63e3b8e7ee2911068e68954ffd54f0915abb1dc3
delinked/hud_d1550_d1578.obj	ee6f5a972a6a54cc93a5a7e19363d3592b367394	A	0000000000000000000000000000000000000000	63e3b8e7ee2911068e68954ffd54f0915abb1dc3
delinked/hud_d1690_d1700.obj	5e0088b7224ceffdc992e47ea5d1de890918be1b	A	0000000000000000000000000000000000000000	568a07d7adaf8a9de0bed9d4bed4188fdaf3c377
delinked/hud_d1690_d1700.obj	9b652743e882e1deba9ffc37c8f69ad12cd88cc6	A	0000000000000000000000000000000000000000	568a07d7adaf8a9de0bed9d4bed4188fdaf3c377
delinked/hud_d1690_d1700.obj	a2f6bc2bc38a169078dc2a0bf58e8e370d77b199	A	0000000000000000000000000000000000000000	568a07d7adaf8a9de0bed9d4bed4188fdaf3c377
delinked/hud_d1690_d1700.obj	a7dbb87ba2c22e2957ca2c30f06f4831b99d100a	D	568a07d7adaf8a9de0bed9d4bed4188fdaf3c377	0000000000000000000000000000000000000000
delinked/hud_d1690_d1700.obj	aeb213ca53bf2b87903fdadcaf1f762b0d8496de	A	0000000000000000000000000000000000000000	568a07d7adaf8a9de0bed9d4bed4188fdaf3c377
delinked/hud_d1690_d1700.obj	c737d34e633f7ec77596d8a67f0a231b8ec0f0a5	A	0000000000000000000000000000000000000000	568a07d7adaf8a9de0bed9d4bed4188fdaf3c377
delinked/hud_d1690_d1700.obj	ee6f5a972a6a54cc93a5a7e19363d3592b367394	A	0000000000000000000000000000000000000000	568a07d7adaf8a9de0bed9d4bed4188fdaf3c377
delinked/hud_d1c50_d1c88.obj	5bb500a6a2c20a8adfd9d1e960e846a1c6da1d4b	A	0000000000000000000000000000000000000000	3e474acd7f203a409270af2871bcd3547d43bcc4
delinked/hud_d1c50_d1c88.obj	a7dbb87ba2c22e2957ca2c30f06f4831b99d100a	D	3e474acd7f203a409270af2871bcd3547d43bcc4	0000000000000000000000000000000000000000
delinked/hud_d1c50_d1c88.obj	bd9c05152d29ba8ac845ec14c8f6006e2756e5b2	A	0000000000000000000000000000000000000000	3e474acd7f203a409270af2871bcd3547d43bcc4
delinked/hud_d1c50_d1c88.obj	c737d34e633f7ec77596d8a67f0a231b8ec0f0a5	A	0000000000000000000000000000000000000000	3e474acd7f203a409270af2871bcd3547d43bcc4
delinked/hud_d1c50_d1c88.obj	ee6f5a972a6a54cc93a5a7e19363d3592b367394	A	0000000000000000000000000000000000000000	3e474acd7f203a409270af2871bcd3547d43bcc4
delinked/hud_d1dd0_d1f00.obj	5e0088b7224ceffdc992e47ea5d1de890918be1b	A	0000000000000000000000000000000000000000	88230539ef967282d82b270de2c5aa4f254f5d93
delinked/hud_d1dd0_d1f00.obj	95a49a390af95bfc806b9b5f9f769eb5cff101f0	A	0000000000000000000000000000000000000000	88230539ef967282d82b270de2c5aa4f254f5d93
delinked/hud_d1dd0_d1f00.obj	a7dbb87ba2c22e2957ca2c30f06f4831b99d100a	D	88230539ef967282d82b270de2c5aa4f254f5d93	0000000000000000000000000000000000000000
delinked/hud_d1dd0_d1f00.obj	aeb213ca53bf2b87903fdadcaf1f762b0d8496de	A	0000000000000000000000000000000000000000	88230539ef967282d82b270de2c5aa4f254f5d93
delinked/hud_d1dd0_d1f00.obj	c737d34e633f7ec77596d8a67f0a231b8ec0f0a5	A	0000000000000000000000000000000000000000	88230539ef967282d82b270de2c5aa4f254f5d93
delinked/hud_d1dd0_d1f00.obj	ee6f5a972a6a54cc93a5a7e19363d3592b367394	A	0000000000000000000000000000000000000000	88230539ef967282d82b270de2c5aa4f254f5d93
delinked/hud_d1dd0_d1f00.obj	f03fbc9193a10b64d983181483f9beac4a11c089	A	0000000000000000000000000000000000000000	88230539ef967282d82b270de2c5aa4f254f5d93
delinked/hud_d1e90.obj	13542ad345ab644d139266695a30f8edf2cbd42f	A	0000000000000000000000000000000000000000	ad978186a8c6b8bcf3b320e8fb49360bad5a3962
delinked/hud_d1e90.obj	26a79667482d4baad163174257da92cdc4034058	A	0000000000000000000000000000000000000000	ad978186a8c6b8bcf3b320e8fb49360bad5a3962
delinked/hud_d1e90.obj	2800f2d12a8806710789885d320daf392bc026a2	A	0000000000000000000000000000000000000000	ad978186a8c6b8bcf3b320e8fb49360bad5a3962
delinked/hud_d1e90.obj	a7dbb87ba2c22e2957ca2c30f06f4831b99d100a	D	ad978186a8c6b8bcf3b320e8fb49360bad5a3962	0000000000000000000000000000000000000000
delinked/hud_d1e90.obj	c737d34e633f7ec77596d8a67f0a231b8ec0f0a5	A	0000000000000000000000000000000000000000	ad978186a8c6b8bcf3b320e8fb49360bad5a3962
delinked/hud_d1e90.obj	d91b33be10887b291f80872744be889b85982ec8	A	0000000000000000000000000000000000000000	ad978186a8c6b8bcf3b320e8fb49360bad5a3962
delinked/hud_d1e90.obj	ee6f5a972a6a54cc93a5a7e19363d3592b367394	A	0000000000000000000000000000000000000000	ad978186a8c6b8bcf3b320e8fb49360bad5a3962
delinked/hud_draw.obj	c737d34e633f7ec77596d8a67f0a231b8ec0f0a5	A	0000000000000000000000000000000000000000	d9922d05db90789a2b3ae45769d839dcc122c228
delinked/hud_draw.obj	ee6f5a972a6a54cc93a5a7e19363d3592b367394	A	0000000000000000000000000000000000000000	d9922d05db90789a2b3ae45769d839dcc122c228
delinked/hud_messaging.obj	a7dbb87ba2c22e2957ca2c30f06f4831b99d100a	D	aa043cc5f2021763b72b338de58051d338e7caf8	0000000000000000000000000000000000000000
delinked/hud_messaging.obj	c737d34e633f7ec77596d8a67f0a231b8ec0f0a5	A	0000000000000000000000000000000000000000	aa043cc5f2021763b72b338de58051d338e7caf8
delinked/hud_messaging.obj	dc2c3a4b43c07183bb2a0181a2e88960d49ca7ac	A	0000000000000000000000000000000000000000	aa043cc5f2021763b72b338de58051d338e7caf8
delinked/hud_messaging.obj	e5c8be67fc276c41ffddae11a154e307cc223049	A	0000000000000000000000000000000000000000	aa043cc5f2021763b72b338de58051d338e7caf8
delinked/hud_messaging.obj	ee6f5a972a6a54cc93a5a7e19363d3592b367394	A	0000000000000000000000000000000000000000	aa043cc5f2021763b72b338de58051d338e7caf8
delinked/hud_messaging_FUN_0d4680.obj	0649e14c848fa6cb3d336165e4bc76c98ffd36d7	A	0000000000000000000000000000000000000000	e5d0980b62add2138263fa4e7ef46011b7dd5cfb
delinked/hud_messaging_FUN_0d4680.obj	8cb33fe591d6db332337a71218f131628c28ac31	A	0000000000000000000000000000000000000000	e5d0980b62add2138263fa4e7ef46011b7dd5cfb
delinked/hud_messaging_FUN_0d4680.obj	a7dbb87ba2c22e2957ca2c30f06f4831b99d100a	D	e5d0980b62add2138263fa4e7ef46011b7dd5cfb	0000000000000000000000000000000000000000
delinked/hud_messaging_FUN_0d4680.obj	c737d34e633f7ec77596d8a67f0a231b8ec0f0a5	A	0000000000000000000000000000000000000000	e5d0980b62add2138263fa4e7ef46011b7dd5cfb
delinked/hud_messaging_FUN_0d4680.obj	ee6f5a972a6a54cc93a5a7e19363d3592b367394	A	0000000000000000000000000000000000000000	e5d0980b62add2138263fa4e7ef46011b7dd5cfb
delinked/hud_messaging_FUN_0d46d0.obj	8c837e669f1262b5a0de64bf6cb59ecb7c0ef9b2	A	0000000000000000000000000000000000000000	bea99b6c8a43df98cbce48e5972a3da3cbefc6bd
delinked/hud_messaging_FUN_0d46d0.obj	936879ea9a2356089be8acc6d95a03c7ad1b4fb1	A	0000000000000000000000000000000000000000	bea99b6c8a43df98cbce48e5972a3da3cbefc6bd
delinked/hud_messaging_FUN_0d46d0.obj	a7dbb87ba2c22e2957ca2c30f06f4831b99d100a	D	bea99b6c8a43df98cbce48e5972a3da3cbefc6bd	0000000000000000000000000000000000000000
delinked/hud_messaging_FUN_0d46d0.obj	c737d34e633f7ec77596d8a67f0a231b8ec0f0a5	A	0000000000000000000000000000000000000000	bea99b6c8a43df98cbce48e5972a3da3cbefc6bd
delinked/hud_messaging_FUN_0d46d0.obj	ee6f5a972a6a54cc93a5a7e19363d3592b367394	A	0000000000000000000000000000000000000000	bea99b6c8a43df98cbce48e5972a3da3cbefc6bd
delinked/hud_messaging_FUN_0d5160.obj	a7dbb87ba2c22e2957ca2c30f06f4831b99d100a	D	76ce72ba716b6286c68c3e16202853ed00d57650	0000000000000000000000000000000000000000
delinked/hud_messaging_FUN_0d5160.obj	c737d34e633f7ec77596d8a67f0a231b8ec0f0a5	A	0000000000000000000000000000000000000000	76ce72ba716b6286c68c3e16202853ed00d57650
delinked/hud_messaging_FUN_0d5160.obj	e7e7ea7492dc85ccc4769c7f0ebc95f5e5bfd8f2	A	0000000000000000000000000000000000000000	76ce72ba716b6286c68c3e16202853ed00d57650
delinked/hud_messaging_FUN_0d5160.obj	eb5ca57af85b0cabbad679ca4a9f6841b75c34de	A	0000000000000000000000000000000000000000	76ce72ba716b6286c68c3e16202853ed00d57650
delinked/hud_messaging_FUN_0d5160.obj	ee6f5a972a6a54cc93a5a7e19363d3592b367394	A	0000000000000000000000000000000000000000	76ce72ba716b6286c68c3e16202853ed00d57650
delinked/hud_messaging_FUN_0d5180.obj	a7dbb87ba2c22e2957ca2c30f06f4831b99d100a	D	dbb19ba01f5b994c5b0704c44f99b4b12ff61ecb	0000000000000000000000000000000000000000
delinked/hud_messaging_FUN_0d5180.obj	c737d34e633f7ec77596d8a67f0a231b8ec0f0a5	A	0000000000000000000000000000000000000000	dbb19ba01f5b994c5b0704c44f99b4b12ff61ecb
delinked/hud_messaging_FUN_0d5180.obj	e7e7ea7492dc85ccc4769c7f0ebc95f5e5bfd8f2	A	0000000000000000000000000000000000000000	dbb19ba01f5b994c5b0704c44f99b4b12ff61ecb
delinked/hud_messaging_FUN_0d5180.obj	eb5ca57af85b0cabbad679ca4a9f6841b75c34de	A	0000000000000000000000000000000000000000	dbb19ba01f5b994c5b0704c44f99b4b12ff61ecb
delinked/hud_messaging_FUN_0d5180.obj	ee6f5a972a6a54cc93a5a7e19363d3592b367394	A	0000000000000000000000000000000000000000	dbb19ba01f5b994c5b0704c44f99b4b12ff61ecb
delinked/hud_weapon.obj	c737d34e633f7ec77596d8a67f0a231b8ec0f0a5	A	0000000000000000000000000000000000000000	210383716d9945c93c8f51e836131ddf5fd895d0
delinked/hud_weapon.obj	ee6f5a972a6a54cc93a5a7e19363d3592b367394	A	0000000000000000000000000000000000000000	210383716d9945c93c8f51e836131ddf5fd895d0
delinked/input_xbox_FUN_0cf3e0.obj	27820a1b71fb3ea835132346b7cff77cdee1900a	A	0000000000000000000000000000000000000000	e5a226e4d0015cda3e7d16003bb04c07b9285662
delinked/input_xbox_FUN_0cf3e0.obj	40cd1401c66514926ef520889199bc2c2b4c8937	A	0000000000000000000000000000000000000000	e5a226e4d0015cda3e7d16003bb04c07b9285662
delinked/input_xbox_FUN_0cf3e0.obj	a7dbb87ba2c22e2957ca2c30f06f4831b99d100a	D	e5a226e4d0015cda3e7d16003bb04c07b9285662	0000000000000000000000000000000000000000
delinked/input_xbox_FUN_0cf3e0.obj	c737d34e633f7ec77596d8a67f0a231b8ec0f0a5	A	0000000000000000000000000000000000000000	e5a226e4d0015cda3e7d16003bb04c07b9285662
delinked/input_xbox_FUN_0cf3e0.obj	ee6f5a972a6a54cc93a5a7e19363d3592b367394	A	0000000000000000000000000000000000000000	e5a226e4d0015cda3e7d16003bb04c07b9285662
delinked/input_xbox_FUN_0cf690.obj	27820a1b71fb3ea835132346b7cff77cdee1900a	A	0000000000000000000000000000000000000000	f8de11e59ba59282fd6cde8d64e28c3c835af2ee
delinked/input_xbox_FUN_0cf690.obj	40cd1401c66514926ef520889199bc2c2b4c8937	A	0000000000000000000000000000000000000000	f8de11e59ba59282fd6cde8d64e28c3c835af2ee
delinked/input_xbox_FUN_0cf690.obj	a7dbb87ba2c22e2957ca2c30f06f4831b99d100a	D	f8de11e59ba59282fd6cde8d64e28c3c835af2ee	0000000000000000000000000000000000000000
delinked/input_xbox_FUN_0cf690.obj	c737d34e633f7ec77596d8a67f0a231b8ec0f0a5	A	0000000000000000000000000000000000000000	f8de11e59ba59282fd6cde8d64e28c3c835af2ee
delinked/input_xbox_FUN_0cf690.obj	ee6f5a972a6a54cc93a5a7e19363d3592b367394	A	0000000000000000000000000000000000000000	f8de11e59ba59282fd6cde8d64e28c3c835af2ee
delinked/memory_pool.obj	a7dbb87ba2c22e2957ca2c30f06f4831b99d100a	D	42659a0a5d20c57e17fdef6ba3861e5499a5bd3b	0000000000000000000000000000000000000000
delinked/memory_pool.obj	b271d93ec0e46c858d0a1839fe2f3a0a63874f53	A	0000000000000000000000000000000000000000	42659a0a5d20c57e17fdef6ba3861e5499a5bd3b
delinked/memory_pool.obj	c737d34e633f7ec77596d8a67f0a231b8ec0f0a5	A	0000000000000000000000000000000000000000	42659a0a5d20c57e17fdef6ba3861e5499a5bd3b
delinked/memory_pool.obj	dc2c3a4b43c07183bb2a0181a2e88960d49ca7ac	A	0000000000000000000000000000000000000000	42659a0a5d20c57e17fdef6ba3861e5499a5bd3b
delinked/memory_pool.obj	ee6f5a972a6a54cc93a5a7e19363d3592b367394	A	0000000000000000000000000000000000000000	42659a0a5d20c57e17fdef6ba3861e5499a5bd3b
delinked/network_server_manager_12bf70_12d100.obj	0f90445d6c379a3d66bc9d7227e87fc914e12705	A	0000000000000000000000000000000000000000	e95af4d9eae0564fbf7b39b0859242a9ebc3d1e4
delinked/network_server_manager_12bf70_12d100.obj	13542ad345ab644d139266695a30f8edf2cbd42f	A	0000000000000000000000000000000000000000	e95af4d9eae0564fbf7b39b0859242a9ebc3d1e4
delinked/network_server_manager_12bf70_12d100.obj	65b36622240b98b2e33061cdb08f2af75546501a	A	0000000000000000000000000000000000000000	e95af4d9eae0564fbf7b39b0859242a9ebc3d1e4
delinked/network_server_manager_12bf70_12d100.obj	76af9420d92a03aac9453501328129ee623197f9	A	0000000000000000000000000000000000000000	e95af4d9eae0564fbf7b39b0859242a9ebc3d1e4
delinked/network_server_manager_12bf70_12d100.obj	a64221ab5167f4ee8beca51b45e62d28d848d4c2	A	0000000000000000000000000000000000000000	e95af4d9eae0564fbf7b39b0859242a9ebc3d1e4
delinked/network_server_manager_12bf70_12d100.obj	a7dbb87ba2c22e2957ca2c30f06f4831b99d100a	D	e95af4d9eae0564fbf7b39b0859242a9ebc3d1e4	0000000000000000000000000000000000000000
delinked/network_server_manager_12bf70_12d100.obj	c737d34e633f7ec77596d8a67f0a231b8ec0f0a5	A	0000000000000000000000000000000000000000	e95af4d9eae0564fbf7b39b0859242a9ebc3d1e4
delinked/network_server_manager_12bf70_12d100.obj	d91b33be10887b291f80872744be889b85982ec8	A	0000000000000000000000000000000000000000	e95af4d9eae0564fbf7b39b0859242a9ebc3d1e4
delinked/network_server_manager_12bf70_12d100.obj	ee6f5a972a6a54cc93a5a7e19363d3592b367394	A	0000000000000000000000000000000000000000	e95af4d9eae0564fbf7b39b0859242a9ebc3d1e4
delinked/network_server_manager_12c410_12f990.obj	37b57ee608f5724a8643f94e3f63b657ab066c5f	A	0000000000000000000000000000000000000000	a96661f056f5d110469b46820e27817e15fe8743
delinked/network_server_manager_12c410_12f990.obj	a7dbb87ba2c22e2957ca2c30f06f4831b99d100a	D	a96661f056f5d110469b46820e27817e15fe8743	0000000000000000000000000000000000000000
delinked/network_server_manager_12c410_12f990.obj	c737d34e633f7ec77596d8a67f0a231b8ec0f0a5	A	0000000000000000000000000000000000000000	a96661f056f5d110469b46820e27817e15fe8743
delinked/network_server_manager_12c410_12f990.obj	ee6f5a972a6a54cc93a5a7e19363d3592b367394	A	0000000000000000000000000000000000000000	a96661f056f5d110469b46820e27817e15fe8743
delinked/network_server_manager_12c410_12fd74.obj	a7dbb87ba2c22e2957ca2c30f06f4831b99d100a	D	2b2a8349d77261e9627ddda9455fe413f01b72c7	0000000000000000000000000000000000000000
delinked/network_server_manager_12c410_12fd74.obj	c737d34e633f7ec77596d8a67f0a231b8ec0f0a5	A	0000000000000000000000000000000000000000	2b2a8349d77261e9627ddda9455fe413f01b72c7
delinked/network_server_manager_12c410_12fd74.obj	ee6f5a972a6a54cc93a5a7e19363d3592b367394	A	0000000000000000000000000000000000000000	2b2a8349d77261e9627ddda9455fe413f01b72c7
delinked/network_server_manager_12c410_12fd74.obj	f28a5b6e9ff45f09a296617813fea75cbc465e67	A	0000000000000000000000000000000000000000	2b2a8349d77261e9627ddda9455fe413f01b72c7
delinked/network_server_manager_FUN_0012db30.obj	c737d34e633f7ec77596d8a67f0a231b8ec0f0a5	A	0000000000000000000000000000000000000000	d6537fd8a680933bae91809c1f93320078671cc5
delinked/network_server_manager_FUN_0012db30.obj	ee6f5a972a6a54cc93a5a7e19363d3592b367394	A	0000000000000000000000000000000000000000	d6537fd8a680933bae91809c1f93320078671cc5
delinked/network_server_manager_FUN_0012e750.obj	c737d34e633f7ec77596d8a67f0a231b8ec0f0a5	A	0000000000000000000000000000000000000000	6b1887a9639af6721b038d4f2741e85ff3877832
delinked/network_server_manager_FUN_0012e750.obj	ee6f5a972a6a54cc93a5a7e19363d3592b367394	A	0000000000000000000000000000000000000000	6b1887a9639af6721b038d4f2741e85ff3877832
delinked/network_server_manager_FUN_0012eb20.obj	c737d34e633f7ec77596d8a67f0a231b8ec0f0a5	A	0000000000000000000000000000000000000000	fb80b096b70432234d319e59bc081450ff469fc6
delinked/network_server_manager_FUN_0012eb20.obj	ee6f5a972a6a54cc93a5a7e19363d3592b367394	A	0000000000000000000000000000000000000000	fb80b096b70432234d319e59bc081450ff469fc6
delinked/network_server_manager_FUN_0012f540.obj	9499f62f9b1939ca6922536612afe59799b49473	A	0000000000000000000000000000000000000000	10bf2a8e2300433c27b874dad2566823e5859a85
delinked/network_server_manager_FUN_0012f540.obj	a7dbb87ba2c22e2957ca2c30f06f4831b99d100a	D	10bf2a8e2300433c27b874dad2566823e5859a85	0000000000000000000000000000000000000000
delinked/network_server_manager_FUN_0012f540.obj	c737d34e633f7ec77596d8a67f0a231b8ec0f0a5	A	0000000000000000000000000000000000000000	10bf2a8e2300433c27b874dad2566823e5859a85
delinked/network_server_manager_FUN_0012f540.obj	ee6f5a972a6a54cc93a5a7e19363d3592b367394	A	0000000000000000000000000000000000000000	10bf2a8e2300433c27b874dad2566823e5859a85
delinked/network_server_manager_FUN_0012f5d0.obj	c737d34e633f7ec77596d8a67f0a231b8ec0f0a5	A	0000000000000000000000000000000000000000	3704a05f97240ca8ee65f9b21dc35f41d6b466a9
delinked/network_server_manager_FUN_0012f5d0.obj	ee6f5a972a6a54cc93a5a7e19363d3592b367394	A	0000000000000000000000000000000000000000	3704a05f97240ca8ee65f9b21dc35f41d6b466a9
delinked/network_server_manager_FUN_0012f690.obj	c737d34e633f7ec77596d8a67f0a231b8ec0f0a5	A	0000000000000000000000000000000000000000	6a6ef1cb9577b7de61a250ff64ed56add69e5f3d
delinked/network_server_manager_FUN_0012f690.obj	ee6f5a972a6a54cc93a5a7e19363d3592b367394	A	0000000000000000000000000000000000000000	6a6ef1cb9577b7de61a250ff64ed56add69e5f3d
delinked/network_server_manager_FUN_0012f990.obj	c737d34e633f7ec77596d8a67f0a231b8ec0f0a5	A	0000000000000000000000000000000000000000	7eed4cf5a096bc61f1a894c6d4406fde859f9f12
delinked/network_server_manager_FUN_0012f990.obj	ee6f5a972a6a54cc93a5a7e19363d3592b367394	A	0000000000000000000000000000000000000000	7eed4cf5a096bc61f1a894c6d4406fde859f9f12
delinked/objects_134ae0_136a00.obj	5820405d6dfc9cf50c1cbe99e9866fda7c060dd1	A	0000000000000000000000000000000000000000	59f78e6d6e9094df01521acd6bdc50f6de5d6628
delinked/objects_135f20_13640c.obj	85e3474fee0eecbe9022b72e40a78ed3555ad26f	A	0000000000000000000000000000000000000000	35e0e07abad3bd79247bdf029ba0478272abe2ef
delinked/objects_135f90_136400.obj	067e3c5d98e983b3d2ff79b1706ec81d88f1e704	A	0000000000000000000000000000000000000000	5e444576684e80b605ee2e996a9a48226b5cdcb1
delinked/objects_1363d0_136a00.obj	829357244487416ab01858a380384df77afa0943	A	0000000000000000000000000000000000000000	0db7eb0087fe24ce58be1f55612ab6e10ee6ab77
delinked/objects_1396e0_13d570.obj	5820405d6dfc9cf50c1cbe99e9866fda7c060dd1	A	0000000000000000000000000000000000000000	ea4c39b81cbbad2c0e0f8d6831bcc8f79d2f51f5
delinked/objects_13aed0_13b150.obj	5b1c087cabcd4c7a27831e2c2a39be3287ec92da	A	0000000000000000000000000000000000000000	bab9c32d5e565e07d41362ad76b25dc6b9713a85
delinked/objects_13b150_13d570.obj	5820405d6dfc9cf50c1cbe99e9866fda7c060dd1	A	0000000000000000000000000000000000000000	0f1d8b3302273f9b1c418846cc54c8b5c8efe1f1
delinked/objects_13dfc0_13e0e0.obj	9718bd4202c5c1415f8af3c6123fa07fad9d4506	A	0000000000000000000000000000000000000000	fd6c90706895295907048ea0e865773f1a5940db
delinked/objects_13eb30_13ec00.obj	9718bd4202c5c1415f8af3c6123fa07fad9d4506	A	0000000000000000000000000000000000000000	3e200b75f81c7ca7ff5e1468fdbf8b3edfbb467b
delinked/objects_13ebc0_13f060.obj	4725acdd6d6edbd10dc7d1d7f1dee61de67a6ea4	A	0000000000000000000000000000000000000000	53bb551db94df693cce455e0a9c9f98420b94661
delinked/objects_13ee60_140a00.obj	d79c8e5d4f839d62d27b46c3d24eda5306319190	A	0000000000000000000000000000000000000000	2458d66ba1ca082813a064be2aedc25c11cbe10f
delinked/objects_13f060_13f810.obj	5b1c087cabcd4c7a27831e2c2a39be3287ec92da	A	0000000000000000000000000000000000000000	28dd03f779212e5d1521ecbbb7c251a9b9c0af17
delinked/objects_13f380_13fb30.obj	4725acdd6d6edbd10dc7d1d7f1dee61de67a6ea4	A	0000000000000000000000000000000000000000	2f79aa49171c51318889e14f9b67526c4b3c387e
delinked/objects_13f810_13ffc0.obj	5b1c087cabcd4c7a27831e2c2a39be3287ec92da	A	0000000000000000000000000000000000000000	1d93ae774372dec0a8ee138b4186982ebca66dbb
delinked/objects_13fb80_13fcc0.obj	85e3474fee0eecbe9022b72e40a78ed3555ad26f	A	0000000000000000000000000000000000000000	64049cf3d7b9f05b9f30413d9946738e232a6c98
delinked/objects_13fc20_13ffc0.obj	6b21b8be6c6ed6590fb89686bb7032e337935d93	A	0000000000000000000000000000000000000000	df00c3ff6f6365eb844f78085f569c91bed9e33d
delinked/objects_13ffc0_140200.obj	d48763648c0c622d8c36ce449deac8cf473e556c	A	0000000000000000000000000000000000000000	c86712e8789950722d5864c343a28ea9c3b7669d
delinked/objects_140230_140500.obj	cf6981e47394ee2cb50c9e2c756493fc033c8478	A	0000000000000000000000000000000000000000	ce0b53f1b33c8ff03863195a708a0e43c102ec55
delinked/objects_140720_1408c0.obj	f67b82faf5b33929b884d71021c6f35226712103	A	0000000000000000000000000000000000000000	f2c6f09bdb4a3b26c64f181c50c5b557ff694dc7
delinked/objects_1407e0_140b80.obj	fbff08a0390c46561e8c7379a020ff620918562a	A	0000000000000000000000000000000000000000	a942ae8536b7f2ab6b14eff2e2c275449ab3425a
delinked/objects_140b80_1413c0.obj	264ec8bc55e48c94cec512217242d4a9276ce7b4	A	0000000000000000000000000000000000000000	4f99603959aaf946a80fd17e2957bbc5fff23a88
delinked/objects_141480_141e00.obj	6a93d60772e39f05000436e03e7dc153463fb798	A	0000000000000000000000000000000000000000	c093c0f083bb3f46f9ca94df75e562db6a3989d6
delinked/objects_141900_141b70.obj	c449435709ab706ad28a5844bd85c59db2b258b3	A	0000000000000000000000000000000000000000	79fccb81bd823e6d2c80d090f31ccf92cacb4473
delinked/objects_143510_144500.obj	264ec8bc55e48c94cec512217242d4a9276ce7b4	A	0000000000000000000000000000000000000000	e71f2284533b1af50cb6952da6acef6720ff3306
delinked/objects_1443f0_145170.obj	fb350777d2a4dcc8434754b536afcf1ac721bee4	A	0000000000000000000000000000000000000000	5abd2f54985394ba9ae156a33a4927f4a8df97ac
delinked/objects_144770_145500.obj	264ec8bc55e48c94cec512217242d4a9276ce7b4	A	0000000000000000000000000000000000000000	ab688f7fcb57d0a85634397dcbb49e767bde7554
delinked/objects_145170_145700.obj	6a93d60772e39f05000436e03e7dc153463fb798	A	0000000000000000000000000000000000000000	19426598586ec339cfca4b5d77a1ec21353ac8ce
delinked/objects_85000_86000.obj	6e60c1514f34575fa3822cbee2084dd92c7e4dd7	A	0000000000000000000000000000000000000000	8cbc61975a33fedad3ada15438eba8888b6b2d70
delinked/objects_FUN_00084a10.obj	027c1a597ec77edfb084939f800267be5326344e	A	0000000000000000000000000000000000000000	f01b703799b67acfdd14870f6e339ec86cf66957
delinked/objects_FUN_00084a10.obj	15743c6a4d47a060180251a747a8c80fc819912b	A	0000000000000000000000000000000000000000	f01b703799b67acfdd14870f6e339ec86cf66957
delinked/objects_FUN_00084a10.obj	4111e44eb16125114ca3a343be3d56822a53e48f	A	0000000000000000000000000000000000000000	f01b703799b67acfdd14870f6e339ec86cf66957
delinked/objects_FUN_00084a10.obj	442a35fa1fa280c9eed9d771c4fd774a457cb96e	A	0000000000000000000000000000000000000000	f01b703799b67acfdd14870f6e339ec86cf66957
delinked/objects_FUN_00084a10.obj	6b9b3b54c0a5f9c7d21fb411a11a1714320956fb	A	0000000000000000000000000000000000000000	f01b703799b67acfdd14870f6e339ec86cf66957
delinked/objects_FUN_00084a10.obj	a7dbb87ba2c22e2957ca2c30f06f4831b99d100a	D	f01b703799b67acfdd14870f6e339ec86cf66957	0000000000000000000000000000000000000000
delinked/objects_FUN_00084a10.obj	c737d34e633f7ec77596d8a67f0a231b8ec0f0a5	A	0000000000000000000000000000000000000000	f01b703799b67acfdd14870f6e339ec86cf66957
delinked/objects_FUN_00084a10.obj	e3462d16bb9f8b089fc42a913bad542c36282f62	A	0000000000000000000000000000000000000000	f01b703799b67acfdd14870f6e339ec86cf66957
delinked/objects_FUN_00084a10.obj	ee6f5a972a6a54cc93a5a7e19363d3592b367394	A	0000000000000000000000000000000000000000	f01b703799b67acfdd14870f6e339ec86cf66957
delinked/objects_FUN_00084fe0.obj	a7dbb87ba2c22e2957ca2c30f06f4831b99d100a	D	e697bc6290b3e81e151edde34232908cfb0ad009	0000000000000000000000000000000000000000
delinked/objects_FUN_00084fe0.obj	c737d34e633f7ec77596d8a67f0a231b8ec0f0a5	A	0000000000000000000000000000000000000000	e697bc6290b3e81e151edde34232908cfb0ad009
delinked/objects_FUN_00084fe0.obj	d342c80ed31a4de2c8273135ed6903294714bac1	A	0000000000000000000000000000000000000000	e697bc6290b3e81e151edde34232908cfb0ad009
delinked/objects_FUN_00084fe0.obj	ee6f5a972a6a54cc93a5a7e19363d3592b367394	A	0000000000000000000000000000000000000000	e697bc6290b3e81e151edde34232908cfb0ad009
delinked/objects_FUN_00084fe0.obj	ef246a04408b5990f4a025b71d5492152491a3b7	A	0000000000000000000000000000000000000000	e697bc6290b3e81e151edde34232908cfb0ad009
delinked/objects_FUN_00085000.obj	788677a645906712809f0a835847573530fd2517	A	0000000000000000000000000000000000000000	623259064ca0dfa41acdc44fc26d6cbacb84de1d
delinked/objects_FUN_00085000.obj	a7dbb87ba2c22e2957ca2c30f06f4831b99d100a	D	623259064ca0dfa41acdc44fc26d6cbacb84de1d	0000000000000000000000000000000000000000
delinked/objects_FUN_00085000.obj	be01c58b06c09d81b72eb1ed53052ee7d65bb506	A	0000000000000000000000000000000000000000	623259064ca0dfa41acdc44fc26d6cbacb84de1d
delinked/objects_FUN_00085000.obj	c737d34e633f7ec77596d8a67f0a231b8ec0f0a5	A	0000000000000000000000000000000000000000	623259064ca0dfa41acdc44fc26d6cbacb84de1d
delinked/objects_FUN_00085000.obj	ee6f5a972a6a54cc93a5a7e19363d3592b367394	A	0000000000000000000000000000000000000000	623259064ca0dfa41acdc44fc26d6cbacb84de1d
delinked/objects_FUN_000850d0.obj	a7dbb87ba2c22e2957ca2c30f06f4831b99d100a	D	effe1931a5f4153c2bb403c5b79d048c64dd069b	0000000000000000000000000000000000000000
delinked/objects_FUN_000850d0.obj	c737d34e633f7ec77596d8a67f0a231b8ec0f0a5	A	0000000000000000000000000000000000000000	effe1931a5f4153c2bb403c5b79d048c64dd069b
delinked/objects_FUN_000850d0.obj	d342c80ed31a4de2c8273135ed6903294714bac1	A	0000000000000000000000000000000000000000	effe1931a5f4153c2bb403c5b79d048c64dd069b
delinked/objects_FUN_000850d0.obj	ee6f5a972a6a54cc93a5a7e19363d3592b367394	A	0000000000000000000000000000000000000000	effe1931a5f4153c2bb403c5b79d048c64dd069b
delinked/objects_FUN_000850d0.obj	ef246a04408b5990f4a025b71d5492152491a3b7	A	0000000000000000000000000000000000000000	effe1931a5f4153c2bb403c5b79d048c64dd069b
delinked/objects_FUN_00085110.obj	a7dbb87ba2c22e2957ca2c30f06f4831b99d100a	D	78c747d4bf8d4780146c6d5fb96183ce82564be8	0000000000000000000000000000000000000000
delinked/objects_FUN_00085110.obj	c737d34e633f7ec77596d8a67f0a231b8ec0f0a5	A	0000000000000000000000000000000000000000	78c747d4bf8d4780146c6d5fb96183ce82564be8
delinked/objects_FUN_00085110.obj	d342c80ed31a4de2c8273135ed6903294714bac1	A	0000000000000000000000000000000000000000	78c747d4bf8d4780146c6d5fb96183ce82564be8
delinked/objects_FUN_00085110.obj	ee6f5a972a6a54cc93a5a7e19363d3592b367394	A	0000000000000000000000000000000000000000	78c747d4bf8d4780146c6d5fb96183ce82564be8
delinked/objects_FUN_00085110.obj	ef246a04408b5990f4a025b71d5492152491a3b7	A	0000000000000000000000000000000000000000	78c747d4bf8d4780146c6d5fb96183ce82564be8
delinked/objects_FUN_00085180.obj	788677a645906712809f0a835847573530fd2517	A	0000000000000000000000000000000000000000	d06684a750c26c7538cd9d9bac590fca67d0a810
delinked/objects_FUN_00085180.obj	a7dbb87ba2c22e2957ca2c30f06f4831b99d100a	D	d06684a750c26c7538cd9d9bac590fca67d0a810	0000000000000000000000000000000000000000
delinked/objects_FUN_00085180.obj	be01c58b06c09d81b72eb1ed53052ee7d65bb506	A	0000000000000000000000000000000000000000	d06684a750c26c7538cd9d9bac590fca67d0a810
delinked/objects_FUN_00085180.obj	c737d34e633f7ec77596d8a67f0a231b8ec0f0a5	A	0000000000000000000000000000000000000000	d06684a750c26c7538cd9d9bac590fca67d0a810
delinked/objects_FUN_00085180.obj	ee6f5a972a6a54cc93a5a7e19363d3592b367394	A	0000000000000000000000000000000000000000	d06684a750c26c7538cd9d9bac590fca67d0a810
delinked/objects_FUN_001345b0.obj	403c7a0457e14aa18cac4781bfe2f33f226c1ab8	A	0000000000000000000000000000000000000000	a6ac46d6731caedbcb2b9a05ed56fddba10d0506
delinked/objects_FUN_001345b0_tight.obj	29bc437ef47cab45baa7b6f6e5e84b7de9b38adb	A	0000000000000000000000000000000000000000	cf057aefcaa59332361794054692433fcd5b2816
delinked/objects_FUN_00134ae0.obj	a84e2d5e3a9eada88ca62d149d0256154318ad97	A	0000000000000000000000000000000000000000	5518f05aca12c30905f9b397be69fe383b97ce6f
delinked/objects_FUN_00134be0.obj	104985442c41e7bcc1c88d686208439c31ea9fc6	A	0000000000000000000000000000000000000000	322fdd78d1834cc5ec41071eec90d79c53ce7aa8
delinked/objects_FUN_00134be0.obj	63410da644a5d697826475c105850c7a793113a1	A	0000000000000000000000000000000000000000	322fdd78d1834cc5ec41071eec90d79c53ce7aa8
delinked/objects_FUN_00134be0.obj	a7dbb87ba2c22e2957ca2c30f06f4831b99d100a	D	322fdd78d1834cc5ec41071eec90d79c53ce7aa8	0000000000000000000000000000000000000000
delinked/objects_FUN_00134be0.obj	b5afab997b2c7bbf61a8d0eb39e8a5e056cbce47	A	0000000000000000000000000000000000000000	322fdd78d1834cc5ec41071eec90d79c53ce7aa8
delinked/objects_FUN_00134be0.obj	c294a2babae3c9f9cc50a45082ce4e84ffdce67f	A	0000000000000000000000000000000000000000	322fdd78d1834cc5ec41071eec90d79c53ce7aa8
delinked/objects_FUN_00134be0.obj	c737d34e633f7ec77596d8a67f0a231b8ec0f0a5	A	0000000000000000000000000000000000000000	322fdd78d1834cc5ec41071eec90d79c53ce7aa8
delinked/objects_FUN_00134be0.obj	ee6f5a972a6a54cc93a5a7e19363d3592b367394	A	0000000000000000000000000000000000000000	322fdd78d1834cc5ec41071eec90d79c53ce7aa8
delinked/objects_FUN_00134c20.obj	104985442c41e7bcc1c88d686208439c31ea9fc6	A	0000000000000000000000000000000000000000	e7e9c4c1d5d73075d3b12476c68bf17fc80bfac1
delinked/objects_FUN_00134c20.obj	63410da644a5d697826475c105850c7a793113a1	A	0000000000000000000000000000000000000000	e7e9c4c1d5d73075d3b12476c68bf17fc80bfac1
delinked/objects_FUN_00134c20.obj	a7dbb87ba2c22e2957ca2c30f06f4831b99d100a	D	e7e9c4c1d5d73075d3b12476c68bf17fc80bfac1	0000000000000000000000000000000000000000
delinked/objects_FUN_00134c20.obj	b5afab997b2c7bbf61a8d0eb39e8a5e056cbce47	A	0000000000000000000000000000000000000000	e7e9c4c1d5d73075d3b12476c68bf17fc80bfac1
delinked/objects_FUN_00134c20.obj	c294a2babae3c9f9cc50a45082ce4e84ffdce67f	A	0000000000000000000000000000000000000000	e7e9c4c1d5d73075d3b12476c68bf17fc80bfac1
delinked/objects_FUN_00134c20.obj	c737d34e633f7ec77596d8a67f0a231b8ec0f0a5	A	0000000000000000000000000000000000000000	e7e9c4c1d5d73075d3b12476c68bf17fc80bfac1
delinked/objects_FUN_00134c20.obj	ee6f5a972a6a54cc93a5a7e19363d3592b367394	A	0000000000000000000000000000000000000000	e7e9c4c1d5d73075d3b12476c68bf17fc80bfac1
delinked/objects_FUN_00134e80.obj	29bc437ef47cab45baa7b6f6e5e84b7de9b38adb	A	0000000000000000000000000000000000000000	2d687ff72e607981b55f8da4af86d3762f2e8a4f
delinked/objects_FUN_001353b0.obj	104985442c41e7bcc1c88d686208439c31ea9fc6	A	0000000000000000000000000000000000000000	71a5b43032ca1f6bbf3429aaaf16a6569b8ac5fc
delinked/objects_FUN_001353b0.obj	63410da644a5d697826475c105850c7a793113a1	A	0000000000000000000000000000000000000000	71a5b43032ca1f6bbf3429aaaf16a6569b8ac5fc
delinked/objects_FUN_001353b0.obj	a7dbb87ba2c22e2957ca2c30f06f4831b99d100a	D	71a5b43032ca1f6bbf3429aaaf16a6569b8ac5fc	0000000000000000000000000000000000000000
delinked/objects_FUN_001353b0.obj	b5afab997b2c7bbf61a8d0eb39e8a5e056cbce47	A	0000000000000000000000000000000000000000	71a5b43032ca1f6bbf3429aaaf16a6569b8ac5fc
delinked/objects_FUN_001353b0.obj	c294a2babae3c9f9cc50a45082ce4e84ffdce67f	A	0000000000000000000000000000000000000000	71a5b43032ca1f6bbf3429aaaf16a6569b8ac5fc
delinked/objects_FUN_001353b0.obj	c737d34e633f7ec77596d8a67f0a231b8ec0f0a5	A	0000000000000000000000000000000000000000	71a5b43032ca1f6bbf3429aaaf16a6569b8ac5fc
delinked/objects_FUN_001353b0.obj	ee6f5a972a6a54cc93a5a7e19363d3592b367394	A	0000000000000000000000000000000000000000	71a5b43032ca1f6bbf3429aaaf16a6569b8ac5fc
delinked/objects_FUN_001353f0.obj	29e1bd4715945b6cb797d6d0658d00e2c9cbaa6a	A	0000000000000000000000000000000000000000	50f69abaf32ec12e635ee6e86de287909ba69411
delinked/objects_FUN_001353f0.obj	63410da644a5d697826475c105850c7a793113a1	A	0000000000000000000000000000000000000000	50f69abaf32ec12e635ee6e86de287909ba69411
delinked/objects_FUN_001353f0.obj	a7dbb87ba2c22e2957ca2c30f06f4831b99d100a	D	50f69abaf32ec12e635ee6e86de287909ba69411	0000000000000000000000000000000000000000
delinked/objects_FUN_001353f0.obj	c294a2babae3c9f9cc50a45082ce4e84ffdce67f	A	0000000000000000000000000000000000000000	50f69abaf32ec12e635ee6e86de287909ba69411
delinked/objects_FUN_001353f0.obj	c6393126e26368b69013bd58da04c9483b3e9544	A	0000000000000000000000000000000000000000	50f69abaf32ec12e635ee6e86de287909ba69411
delinked/objects_FUN_001353f0.obj	c737d34e633f7ec77596d8a67f0a231b8ec0f0a5	A	0000000000000000000000000000000000000000	50f69abaf32ec12e635ee6e86de287909ba69411
delinked/objects_FUN_001353f0.obj	ee6f5a972a6a54cc93a5a7e19363d3592b367394	A	0000000000000000000000000000000000000000	50f69abaf32ec12e635ee6e86de287909ba69411
delinked/objects_FUN_00135f90.obj	63410da644a5d697826475c105850c7a793113a1	A	0000000000000000000000000000000000000000	d5e3ea46f3bac2e9bc3617a02ea92db5d5113785
delinked/objects_FUN_00135f90.obj	a7dbb87ba2c22e2957ca2c30f06f4831b99d100a	D	d5e3ea46f3bac2e9bc3617a02ea92db5d5113785	0000000000000000000000000000000000000000
delinked/objects_FUN_00135f90.obj	b6f98d18d79779e8f426a68f6dbb9d312ac72293	A	0000000000000000000000000000000000000000	d5e3ea46f3bac2e9bc3617a02ea92db5d5113785
delinked/objects_FUN_00135f90.obj	c294a2babae3c9f9cc50a45082ce4e84ffdce67f	A	0000000000000000000000000000000000000000	d5e3ea46f3bac2e9bc3617a02ea92db5d5113785
delinked/objects_FUN_00135f90.obj	c737d34e633f7ec77596d8a67f0a231b8ec0f0a5	A	0000000000000000000000000000000000000000	d5e3ea46f3bac2e9bc3617a02ea92db5d5113785
delinked/objects_FUN_00135f90.obj	dc5ada818a027a5ad9fcef97648dfd545027fde1	A	0000000000000000000000000000000000000000	d5e3ea46f3bac2e9bc3617a02ea92db5d5113785
delinked/objects_FUN_00135f90.obj	ee6f5a972a6a54cc93a5a7e19363d3592b367394	A	0000000000000000000000000000000000000000	d5e3ea46f3bac2e9bc3617a02ea92db5d5113785
delinked/objects_FUN_00136040.obj	63410da644a5d697826475c105850c7a793113a1	A	0000000000000000000000000000000000000000	68c2378e95c99aba66bba4009ad47795feba77d4
delinked/objects_FUN_00136040.obj	a7dbb87ba2c22e2957ca2c30f06f4831b99d100a	D	68c2378e95c99aba66bba4009ad47795feba77d4	0000000000000000000000000000000000000000
delinked/objects_FUN_00136040.obj	b6f98d18d79779e8f426a68f6dbb9d312ac72293	A	0000000000000000000000000000000000000000	68c2378e95c99aba66bba4009ad47795feba77d4
delinked/objects_FUN_00136040.obj	c294a2babae3c9f9cc50a45082ce4e84ffdce67f	A	0000000000000000000000000000000000000000	68c2378e95c99aba66bba4009ad47795feba77d4
delinked/objects_FUN_00136040.obj	c737d34e633f7ec77596d8a67f0a231b8ec0f0a5	A	0000000000000000000000000000000000000000	68c2378e95c99aba66bba4009ad47795feba77d4
delinked/objects_FUN_00136040.obj	dc5ada818a027a5ad9fcef97648dfd545027fde1	A	0000000000000000000000000000000000000000	68c2378e95c99aba66bba4009ad47795feba77d4
delinked/objects_FUN_00136040.obj	ee6f5a972a6a54cc93a5a7e19363d3592b367394	A	0000000000000000000000000000000000000000	68c2378e95c99aba66bba4009ad47795feba77d4
delinked/objects_FUN_001360a0.obj	63410da644a5d697826475c105850c7a793113a1	A	0000000000000000000000000000000000000000	e3d60a6c21f6d2ce1b4fa1ef84802cb99a0c3073
delinked/objects_FUN_001360a0.obj	a7dbb87ba2c22e2957ca2c30f06f4831b99d100a	D	e3d60a6c21f6d2ce1b4fa1ef84802cb99a0c3073	0000000000000000000000000000000000000000
delinked/objects_FUN_001360a0.obj	b6f98d18d79779e8f426a68f6dbb9d312ac72293	A	0000000000000000000000000000000000000000	e3d60a6c21f6d2ce1b4fa1ef84802cb99a0c3073
delinked/objects_FUN_001360a0.obj	c294a2babae3c9f9cc50a45082ce4e84ffdce67f	A	0000000000000000000000000000000000000000	e3d60a6c21f6d2ce1b4fa1ef84802cb99a0c3073
delinked/objects_FUN_001360a0.obj	c737d34e633f7ec77596d8a67f0a231b8ec0f0a5	A	0000000000000000000000000000000000000000	e3d60a6c21f6d2ce1b4fa1ef84802cb99a0c3073
delinked/objects_FUN_001360a0.obj	dc5ada818a027a5ad9fcef97648dfd545027fde1	A	0000000000000000000000000000000000000000	e3d60a6c21f6d2ce1b4fa1ef84802cb99a0c3073
delinked/objects_FUN_001360a0.obj	ee6f5a972a6a54cc93a5a7e19363d3592b367394	A	0000000000000000000000000000000000000000	e3d60a6c21f6d2ce1b4fa1ef84802cb99a0c3073
delinked/objects_FUN_00136100.obj	63410da644a5d697826475c105850c7a793113a1	A	0000000000000000000000000000000000000000	366f1ac468a576de9166f98d6d5c77a24726cc41
delinked/objects_FUN_00136100.obj	a7dbb87ba2c22e2957ca2c30f06f4831b99d100a	D	366f1ac468a576de9166f98d6d5c77a24726cc41	0000000000000000000000000000000000000000
delinked/objects_FUN_00136100.obj	b6f98d18d79779e8f426a68f6dbb9d312ac72293	A	0000000000000000000000000000000000000000	366f1ac468a576de9166f98d6d5c77a24726cc41
delinked/objects_FUN_00136100.obj	c294a2babae3c9f9cc50a45082ce4e84ffdce67f	A	0000000000000000000000000000000000000000	366f1ac468a576de9166f98d6d5c77a24726cc41
delinked/objects_FUN_00136100.obj	c737d34e633f7ec77596d8a67f0a231b8ec0f0a5	A	0000000000000000000000000000000000000000	366f1ac468a576de9166f98d6d5c77a24726cc41
delinked/objects_FUN_00136100.obj	dc5ada818a027a5ad9fcef97648dfd545027fde1	A	0000000000000000000000000000000000000000	366f1ac468a576de9166f98d6d5c77a24726cc41
delinked/objects_FUN_00136100.obj	ee6f5a972a6a54cc93a5a7e19363d3592b367394	A	0000000000000000000000000000000000000000	366f1ac468a576de9166f98d6d5c77a24726cc41
delinked/objects_FUN_00136150.obj	027c1a597ec77edfb084939f800267be5326344e	A	0000000000000000000000000000000000000000	f5fcaa67e5e84a263a15663c7ad4cb756ed805af
delinked/objects_FUN_00136150.obj	15743c6a4d47a060180251a747a8c80fc819912b	A	0000000000000000000000000000000000000000	f5fcaa67e5e84a263a15663c7ad4cb756ed805af
delinked/objects_FUN_00136150.obj	4111e44eb16125114ca3a343be3d56822a53e48f	A	0000000000000000000000000000000000000000	f5fcaa67e5e84a263a15663c7ad4cb756ed805af
delinked/objects_FUN_00136150.obj	442a35fa1fa280c9eed9d771c4fd774a457cb96e	A	0000000000000000000000000000000000000000	f5fcaa67e5e84a263a15663c7ad4cb756ed805af
delinked/objects_FUN_00136150.obj	6b9b3b54c0a5f9c7d21fb411a11a1714320956fb	A	0000000000000000000000000000000000000000	f5fcaa67e5e84a263a15663c7ad4cb756ed805af
delinked/objects_FUN_00136150.obj	a7dbb87ba2c22e2957ca2c30f06f4831b99d100a	D	f5fcaa67e5e84a263a15663c7ad4cb756ed805af	0000000000000000000000000000000000000000
delinked/objects_FUN_00136150.obj	c737d34e633f7ec77596d8a67f0a231b8ec0f0a5	A	0000000000000000000000000000000000000000	f5fcaa67e5e84a263a15663c7ad4cb756ed805af
delinked/objects_FUN_00136150.obj	e3462d16bb9f8b089fc42a913bad542c36282f62	A	0000000000000000000000000000000000000000	f5fcaa67e5e84a263a15663c7ad4cb756ed805af
delinked/objects_FUN_00136150.obj	ee6f5a972a6a54cc93a5a7e19363d3592b367394	A	0000000000000000000000000000000000000000	f5fcaa67e5e84a263a15663c7ad4cb756ed805af
delinked/objects_FUN_001366b0.obj	db9a6a1e97c442764c3e7f2afe3b99bc4e58655a	A	0000000000000000000000000000000000000000	64d9e84ff5a9ac3155ab760159321e178c5320e1
delinked/objects_FUN_001398b0.obj	29e5b4db3d7ac68f63ae0efe63d170d8ead916c5	A	0000000000000000000000000000000000000000	7db5b5960469a70218885f131f1ce49e0a85d064
delinked/objects_FUN_001398b0.obj	308defd419b2b02ba234c3ff398e027531e97f3c	A	0000000000000000000000000000000000000000	7db5b5960469a70218885f131f1ce49e0a85d064
delinked/objects_FUN_001398b0.obj	63410da644a5d697826475c105850c7a793113a1	A	0000000000000000000000000000000000000000	7db5b5960469a70218885f131f1ce49e0a85d064
delinked/objects_FUN_001398b0.obj	a7dbb87ba2c22e2957ca2c30f06f4831b99d100a	D	7db5b5960469a70218885f131f1ce49e0a85d064	0000000000000000000000000000000000000000
delinked/objects_FUN_001398b0.obj	c294a2babae3c9f9cc50a45082ce4e84ffdce67f	A	0000000000000000000000000000000000000000	7db5b5960469a70218885f131f1ce49e0a85d064
delinked/objects_FUN_001398b0.obj	c737d34e633f7ec77596d8a67f0a231b8ec0f0a5	A	0000000000000000000000000000000000000000	7db5b5960469a70218885f131f1ce49e0a85d064
delinked/objects_FUN_001398b0.obj	ee6f5a972a6a54cc93a5a7e19363d3592b367394	A	0000000000000000000000000000000000000000	7db5b5960469a70218885f131f1ce49e0a85d064
delinked/objects_FUN_001398d0.obj	29e5b4db3d7ac68f63ae0efe63d170d8ead916c5	A	0000000000000000000000000000000000000000	b5a90e57a83272a2bb23cff56f88f6350de5a809
delinked/objects_FUN_001398d0.obj	308defd419b2b02ba234c3ff398e027531e97f3c	A	0000000000000000000000000000000000000000	b5a90e57a83272a2bb23cff56f88f6350de5a809
delinked/objects_FUN_001398d0.obj	63410da644a5d697826475c105850c7a793113a1	A	0000000000000000000000000000000000000000	b5a90e57a83272a2bb23cff56f88f6350de5a809
delinked/objects_FUN_001398d0.obj	a7dbb87ba2c22e2957ca2c30f06f4831b99d100a	D	b5a90e57a83272a2bb23cff56f88f6350de5a809	0000000000000000000000000000000000000000
delinked/objects_FUN_001398d0.obj	c294a2babae3c9f9cc50a45082ce4e84ffdce67f	A	0000000000000000000000000000000000000000	b5a90e57a83272a2bb23cff56f88f6350de5a809
delinked/objects_FUN_001398d0.obj	c737d34e633f7ec77596d8a67f0a231b8ec0f0a5	A	0000000000000000000000000000000000000000	b5a90e57a83272a2bb23cff56f88f6350de5a809
delinked/objects_FUN_001398d0.obj	ee6f5a972a6a54cc93a5a7e19363d3592b367394	A	0000000000000000000000000000000000000000	b5a90e57a83272a2bb23cff56f88f6350de5a809
delinked/objects_FUN_0013a340.obj	829357244487416ab01858a380384df77afa0943	A	0000000000000000000000000000000000000000	9ccd485b8ad94657c672a46e2b06dcb7a102f55b
delinked/objects_FUN_0013aa10_tight.obj	403c7a0457e14aa18cac4781bfe2f33f226c1ab8	A	0000000000000000000000000000000000000000	ea4c39b81cbbad2c0e0f8d6831bcc8f79d2f51f5
delinked/objects_FUN_0013c100.obj	a7dbb87ba2c22e2957ca2c30f06f4831b99d100a	D	857bd9140132d4fee3d73c81223f41f4c737bf63	0000000000000000000000000000000000000000
delinked/objects_FUN_0013c100.obj	b240f38d8c8377572bb888a1ea125367db142aee	A	0000000000000000000000000000000000000000	857bd9140132d4fee3d73c81223f41f4c737bf63
delinked/objects_FUN_0013c100.obj	c737d34e633f7ec77596d8a67f0a231b8ec0f0a5	A	0000000000000000000000000000000000000000	857bd9140132d4fee3d73c81223f41f4c737bf63
delinked/objects_FUN_0013c100.obj	ee6f5a972a6a54cc93a5a7e19363d3592b367394	A	0000000000000000000000000000000000000000	857bd9140132d4fee3d73c81223f41f4c737bf63
delinked/objects_FUN_0013c100.obj	f454094c77697b4463ffd14bd266da0e1eb83da6	A	0000000000000000000000000000000000000000	857bd9140132d4fee3d73c81223f41f4c737bf63
delinked/objects_FUN_0013c2e0.obj	829357244487416ab01858a380384df77afa0943	A	0000000000000000000000000000000000000000	7f5946752aabc0b8a8c2a1ac4b7035d9b675cded
delinked/objects_FUN_0013c3a0.obj	29e5b4db3d7ac68f63ae0efe63d170d8ead916c5	A	0000000000000000000000000000000000000000	6657d21051968ed556400f1bf2468606e3b2ff0a
delinked/objects_FUN_0013c3a0.obj	308defd419b2b02ba234c3ff398e027531e97f3c	A	0000000000000000000000000000000000000000	6657d21051968ed556400f1bf2468606e3b2ff0a
delinked/objects_FUN_0013c3a0.obj	63410da644a5d697826475c105850c7a793113a1	A	0000000000000000000000000000000000000000	6657d21051968ed556400f1bf2468606e3b2ff0a
delinked/objects_FUN_0013c3a0.obj	a7dbb87ba2c22e2957ca2c30f06f4831b99d100a	D	6657d21051968ed556400f1bf2468606e3b2ff0a	0000000000000000000000000000000000000000
delinked/objects_FUN_0013c3a0.obj	c294a2babae3c9f9cc50a45082ce4e84ffdce67f	A	0000000000000000000000000000000000000000	6657d21051968ed556400f1bf2468606e3b2ff0a
delinked/objects_FUN_0013c3a0.obj	c737d34e633f7ec77596d8a67f0a231b8ec0f0a5	A	0000000000000000000000000000000000000000	6657d21051968ed556400f1bf2468606e3b2ff0a
delinked/objects_FUN_0013c3a0.obj	ee6f5a972a6a54cc93a5a7e19363d3592b367394	A	0000000000000000000000000000000000000000	6657d21051968ed556400f1bf2468606e3b2ff0a
delinked/objects_FUN_0013c3d0.obj	29e5b4db3d7ac68f63ae0efe63d170d8ead916c5	A	0000000000000000000000000000000000000000	266449c9a088ca2de4fd79de79d0de025aa97659
delinked/objects_FUN_0013c3d0.obj	308defd419b2b02ba234c3ff398e027531e97f3c	A	0000000000000000000000000000000000000000	266449c9a088ca2de4fd79de79d0de025aa97659
delinked/objects_FUN_0013c3d0.obj	63410da644a5d697826475c105850c7a793113a1	A	0000000000000000000000000000000000000000	266449c9a088ca2de4fd79de79d0de025aa97659
delinked/objects_FUN_0013c3d0.obj	a7dbb87ba2c22e2957ca2c30f06f4831b99d100a	D	266449c9a088ca2de4fd79de79d0de025aa97659	0000000000000000000000000000000000000000
delinked/objects_FUN_0013c3d0.obj	c294a2babae3c9f9cc50a45082ce4e84ffdce67f	A	0000000000000000000000000000000000000000	266449c9a088ca2de4fd79de79d0de025aa97659
delinked/objects_FUN_0013c3d0.obj	c737d34e633f7ec77596d8a67f0a231b8ec0f0a5	A	0000000000000000000000000000000000000000	266449c9a088ca2de4fd79de79d0de025aa97659
delinked/objects_FUN_0013c3d0.obj	ee6f5a972a6a54cc93a5a7e19363d3592b367394	A	0000000000000000000000000000000000000000	266449c9a088ca2de4fd79de79d0de025aa97659
delinked/objects_FUN_0013c400.obj	29e5b4db3d7ac68f63ae0efe63d170d8ead916c5	A	0000000000000000000000000000000000000000	f3ba31f2e48a27b0edefdf22d26e244f2e8e2736
delinked/objects_FUN_0013c400.obj	308defd419b2b02ba234c3ff398e027531e97f3c	A	0000000000000000000000000000000000000000	f3ba31f2e48a27b0edefdf22d26e244f2e8e2736
delinked/objects_FUN_0013c400.obj	63410da644a5d697826475c105850c7a793113a1	A	0000000000000000000000000000000000000000	f3ba31f2e48a27b0edefdf22d26e244f2e8e2736
delinked/objects_FUN_0013c400.obj	a7dbb87ba2c22e2957ca2c30f06f4831b99d100a	D	f3ba31f2e48a27b0edefdf22d26e244f2e8e2736	0000000000000000000000000000000000000000
delinked/objects_FUN_0013c400.obj	c294a2babae3c9f9cc50a45082ce4e84ffdce67f	A	0000000000000000000000000000000000000000	f3ba31f2e48a27b0edefdf22d26e244f2e8e2736
delinked/objects_FUN_0013c400.obj	c737d34e633f7ec77596d8a67f0a231b8ec0f0a5	A	0000000000000000000000000000000000000000	f3ba31f2e48a27b0edefdf22d26e244f2e8e2736
delinked/objects_FUN_0013c400.obj	ee6f5a972a6a54cc93a5a7e19363d3592b367394	A	0000000000000000000000000000000000000000	f3ba31f2e48a27b0edefdf22d26e244f2e8e2736
delinked/objects_FUN_0013c430.obj	29e5b4db3d7ac68f63ae0efe63d170d8ead916c5	A	0000000000000000000000000000000000000000	d867f2487173ccf14305ac761516610e52b3e4d5
delinked/objects_FUN_0013c430.obj	308defd419b2b02ba234c3ff398e027531e97f3c	A	0000000000000000000000000000000000000000	d867f2487173ccf14305ac761516610e52b3e4d5
delinked/objects_FUN_0013c430.obj	63410da644a5d697826475c105850c7a793113a1	A	0000000000000000000000000000000000000000	d867f2487173ccf14305ac761516610e52b3e4d5
delinked/objects_FUN_0013c430.obj	a7dbb87ba2c22e2957ca2c30f06f4831b99d100a	D	d867f2487173ccf14305ac761516610e52b3e4d5	0000000000000000000000000000000000000000
delinked/objects_FUN_0013c430.obj	c294a2babae3c9f9cc50a45082ce4e84ffdce67f	A	0000000000000000000000000000000000000000	d867f2487173ccf14305ac761516610e52b3e4d5
delinked/objects_FUN_0013c430.obj	c737d34e633f7ec77596d8a67f0a231b8ec0f0a5	A	0000000000000000000000000000000000000000	d867f2487173ccf14305ac761516610e52b3e4d5
delinked/objects_FUN_0013c430.obj	ee6f5a972a6a54cc93a5a7e19363d3592b367394	A	0000000000000000000000000000000000000000	d867f2487173ccf14305ac761516610e52b3e4d5
delinked/objects_FUN_0013c500.obj	29e5b4db3d7ac68f63ae0efe63d170d8ead916c5	A	0000000000000000000000000000000000000000	21df7c0eaad72477526b933ee344477ffa56f860
delinked/objects_FUN_0013c500.obj	308defd419b2b02ba234c3ff398e027531e97f3c	A	0000000000000000000000000000000000000000	21df7c0eaad72477526b933ee344477ffa56f860
delinked/objects_FUN_0013c500.obj	63410da644a5d697826475c105850c7a793113a1	A	0000000000000000000000000000000000000000	21df7c0eaad72477526b933ee344477ffa56f860
delinked/objects_FUN_0013c500.obj	a7dbb87ba2c22e2957ca2c30f06f4831b99d100a	D	21df7c0eaad72477526b933ee344477ffa56f860	0000000000000000000000000000000000000000
delinked/objects_FUN_0013c500.obj	c294a2babae3c9f9cc50a45082ce4e84ffdce67f	A	0000000000000000000000000000000000000000	21df7c0eaad72477526b933ee344477ffa56f860
delinked/objects_FUN_0013c500.obj	c737d34e633f7ec77596d8a67f0a231b8ec0f0a5	A	0000000000000000000000000000000000000000	21df7c0eaad72477526b933ee344477ffa56f860
delinked/objects_FUN_0013c500.obj	ee6f5a972a6a54cc93a5a7e19363d3592b367394	A	0000000000000000000000000000000000000000	21df7c0eaad72477526b933ee344477ffa56f860
delinked/objects_FUN_0013c560.obj	29e5b4db3d7ac68f63ae0efe63d170d8ead916c5	A	0000000000000000000000000000000000000000	fea14895143560e8334671da4708af6bea6fbccc
delinked/objects_FUN_0013c560.obj	308defd419b2b02ba234c3ff398e027531e97f3c	A	0000000000000000000000000000000000000000	fea14895143560e8334671da4708af6bea6fbccc
delinked/objects_FUN_0013c560.obj	63410da644a5d697826475c105850c7a793113a1	A	0000000000000000000000000000000000000000	fea14895143560e8334671da4708af6bea6fbccc
delinked/objects_FUN_0013c560.obj	a7dbb87ba2c22e2957ca2c30f06f4831b99d100a	D	fea14895143560e8334671da4708af6bea6fbccc	0000000000000000000000000000000000000000
delinked/objects_FUN_0013c560.obj	c294a2babae3c9f9cc50a45082ce4e84ffdce67f	A	0000000000000000000000000000000000000000	fea14895143560e8334671da4708af6bea6fbccc
delinked/objects_FUN_0013c560.obj	c737d34e633f7ec77596d8a67f0a231b8ec0f0a5	A	0000000000000000000000000000000000000000	fea14895143560e8334671da4708af6bea6fbccc
delinked/objects_FUN_0013c560.obj	ee6f5a972a6a54cc93a5a7e19363d3592b367394	A	0000000000000000000000000000000000000000	fea14895143560e8334671da4708af6bea6fbccc
delinked/objects_FUN_0013c620.obj	29e5b4db3d7ac68f63ae0efe63d170d8ead916c5	A	0000000000000000000000000000000000000000	d5957c8162f660d17a87bd3d745806abb614bf2e
delinked/objects_FUN_0013c620.obj	308defd419b2b02ba234c3ff398e027531e97f3c	A	0000000000000000000000000000000000000000	d5957c8162f660d17a87bd3d745806abb614bf2e
delinked/objects_FUN_0013c620.obj	63410da644a5d697826475c105850c7a793113a1	A	0000000000000000000000000000000000000000	d5957c8162f660d17a87bd3d745806abb614bf2e
delinked/objects_FUN_0013c620.obj	a7dbb87ba2c22e2957ca2c30f06f4831b99d100a	D	d5957c8162f660d17a87bd3d745806abb614bf2e	0000000000000000000000000000000000000000
delinked/objects_FUN_0013c620.obj	c294a2babae3c9f9cc50a45082ce4e84ffdce67f	A	0000000000000000000000000000000000000000	d5957c8162f660d17a87bd3d745806abb614bf2e
delinked/objects_FUN_0013c620.obj	c737d34e633f7ec77596d8a67f0a231b8ec0f0a5	A	0000000000000000000000000000000000000000	d5957c8162f660d17a87bd3d745806abb614bf2e
delinked/objects_FUN_0013c620.obj	ee6f5a972a6a54cc93a5a7e19363d3592b367394	A	0000000000000000000000000000000000000000	d5957c8162f660d17a87bd3d745806abb614bf2e
delinked/objects_FUN_0013c680.obj	63410da644a5d697826475c105850c7a793113a1	A	0000000000000000000000000000000000000000	d80ecf1e86015ce62bb88560bc806a5f544598b6
delinked/objects_FUN_0013c680.obj	a7dbb87ba2c22e2957ca2c30f06f4831b99d100a	D	d80ecf1e86015ce62bb88560bc806a5f544598b6	0000000000000000000000000000000000000000
delinked/objects_FUN_0013c680.obj	c294a2babae3c9f9cc50a45082ce4e84ffdce67f	A	0000000000000000000000000000000000000000	d80ecf1e86015ce62bb88560bc806a5f544598b6
delinked/objects_FUN_0013c680.obj	c737d34e633f7ec77596d8a67f0a231b8ec0f0a5	A	0000000000000000000000000000000000000000	d80ecf1e86015ce62bb88560bc806a5f544598b6
delinked/objects_FUN_0013c680.obj	da8874c749d85537b765ab36451aecd3c70adc8a	A	0000000000000000000000000000000000000000	d80ecf1e86015ce62bb88560bc806a5f544598b6
delinked/objects_FUN_0013c680.obj	ee6f5a972a6a54cc93a5a7e19363d3592b367394	A	0000000000000000000000000000000000000000	d80ecf1e86015ce62bb88560bc806a5f544598b6
delinked/objects_FUN_0013c680.obj	fe7e60084670737a97c1702f03d3985669ba43db	A	0000000000000000000000000000000000000000	d80ecf1e86015ce62bb88560bc806a5f544598b6
delinked/objects_FUN_0013c7a0.obj	15ab6a3b3f7931ce2e122b464a00b0e4871665c3	A	0000000000000000000000000000000000000000	9a9ce9fb4fbee590ff1b196631bdffa0de1ab59e
delinked/objects_FUN_0013c7a0.obj	5bf98d4011f325437e75186a52c1e7d4d3c7bc1b	A	0000000000000000000000000000000000000000	9a9ce9fb4fbee590ff1b196631bdffa0de1ab59e
delinked/objects_FUN_0013c7a0.obj	63410da644a5d697826475c105850c7a793113a1	A	0000000000000000000000000000000000000000	9a9ce9fb4fbee590ff1b196631bdffa0de1ab59e
delinked/objects_FUN_0013c7a0.obj	a7dbb87ba2c22e2957ca2c30f06f4831b99d100a	D	9a9ce9fb4fbee590ff1b196631bdffa0de1ab59e	0000000000000000000000000000000000000000
delinked/objects_FUN_0013c7a0.obj	c294a2babae3c9f9cc50a45082ce4e84ffdce67f	A	0000000000000000000000000000000000000000	9a9ce9fb4fbee590ff1b196631bdffa0de1ab59e
delinked/objects_FUN_0013c7a0.obj	c737d34e633f7ec77596d8a67f0a231b8ec0f0a5	A	0000000000000000000000000000000000000000	9a9ce9fb4fbee590ff1b196631bdffa0de1ab59e
delinked/objects_FUN_0013c7a0.obj	ee6f5a972a6a54cc93a5a7e19363d3592b367394	A	0000000000000000000000000000000000000000	9a9ce9fb4fbee590ff1b196631bdffa0de1ab59e
delinked/objects_FUN_0013c8c0.obj	15ab6a3b3f7931ce2e122b464a00b0e4871665c3	A	0000000000000000000000000000000000000000	4e9db5287b0ed2a326a1ba660e08577e3fd1967e
delinked/objects_FUN_0013c8c0.obj	5bf98d4011f325437e75186a52c1e7d4d3c7bc1b	A	0000000000000000000000000000000000000000	4e9db5287b0ed2a326a1ba660e08577e3fd1967e
delinked/objects_FUN_0013c8c0.obj	63410da644a5d697826475c105850c7a793113a1	A	0000000000000000000000000000000000000000	4e9db5287b0ed2a326a1ba660e08577e3fd1967e
delinked/objects_FUN_0013c8c0.obj	a7dbb87ba2c22e2957ca2c30f06f4831b99d100a	D	4e9db5287b0ed2a326a1ba660e08577e3fd1967e	0000000000000000000000000000000000000000
delinked/objects_FUN_0013c8c0.obj	c294a2babae3c9f9cc50a45082ce4e84ffdce67f	A	0000000000000000000000000000000000000000	4e9db5287b0ed2a326a1ba660e08577e3fd1967e
delinked/objects_FUN_0013c8c0.obj	c737d34e633f7ec77596d8a67f0a231b8ec0f0a5	A	0000000000000000000000000000000000000000	4e9db5287b0ed2a326a1ba660e08577e3fd1967e
delinked/objects_FUN_0013c8c0.obj	ee6f5a972a6a54cc93a5a7e19363d3592b367394	A	0000000000000000000000000000000000000000	4e9db5287b0ed2a326a1ba660e08577e3fd1967e
delinked/objects_FUN_0013c920.obj	15ab6a3b3f7931ce2e122b464a00b0e4871665c3	A	0000000000000000000000000000000000000000	9f02e5003f3ecd4007638f3178bc23e91a22a9ab
delinked/objects_FUN_0013c920.obj	5bf98d4011f325437e75186a52c1e7d4d3c7bc1b	A	0000000000000000000000000000000000000000	9f02e5003f3ecd4007638f3178bc23e91a22a9ab
delinked/objects_FUN_0013c920.obj	63410da644a5d697826475c105850c7a793113a1	A	0000000000000000000000000000000000000000	9f02e5003f3ecd4007638f3178bc23e91a22a9ab
delinked/objects_FUN_0013c920.obj	a7dbb87ba2c22e2957ca2c30f06f4831b99d100a	D	9f02e5003f3ecd4007638f3178bc23e91a22a9ab	0000000000000000000000000000000000000000
delinked/objects_FUN_0013c920.obj	c294a2babae3c9f9cc50a45082ce4e84ffdce67f	A	0000000000000000000000000000000000000000	9f02e5003f3ecd4007638f3178bc23e91a22a9ab
delinked/objects_FUN_0013c920.obj	c737d34e633f7ec77596d8a67f0a231b8ec0f0a5	A	0000000000000000000000000000000000000000	9f02e5003f3ecd4007638f3178bc23e91a22a9ab
delinked/objects_FUN_0013c920.obj	ee6f5a972a6a54cc93a5a7e19363d3592b367394	A	0000000000000000000000000000000000000000	9f02e5003f3ecd4007638f3178bc23e91a22a9ab
delinked/objects_FUN_0013c980.obj	15ab6a3b3f7931ce2e122b464a00b0e4871665c3	A	0000000000000000000000000000000000000000	e9e1490a493313cba5cc362b87682768fcc88339
delinked/objects_FUN_0013c980.obj	5bf98d4011f325437e75186a52c1e7d4d3c7bc1b	A	0000000000000000000000000000000000000000	e9e1490a493313cba5cc362b87682768fcc88339
delinked/objects_FUN_0013c980.obj	63410da644a5d697826475c105850c7a793113a1	A	0000000000000000000000000000000000000000	e9e1490a493313cba5cc362b87682768fcc88339
delinked/objects_FUN_0013c980.obj	a7dbb87ba2c22e2957ca2c30f06f4831b99d100a	D	e9e1490a493313cba5cc362b87682768fcc88339	0000000000000000000000000000000000000000
delinked/objects_FUN_0013c980.obj	c294a2babae3c9f9cc50a45082ce4e84ffdce67f	A	0000000000000000000000000000000000000000	e9e1490a493313cba5cc362b87682768fcc88339
delinked/objects_FUN_0013c980.obj	c737d34e633f7ec77596d8a67f0a231b8ec0f0a5	A	0000000000000000000000000000000000000000	e9e1490a493313cba5cc362b87682768fcc88339
delinked/objects_FUN_0013c980.obj	ee6f5a972a6a54cc93a5a7e19363d3592b367394	A	0000000000000000000000000000000000000000	e9e1490a493313cba5cc362b87682768fcc88339
delinked/objects_FUN_0013ca30.obj	15ab6a3b3f7931ce2e122b464a00b0e4871665c3	A	0000000000000000000000000000000000000000	c5855bbeea3dbfc6f8f158de68862510ca432a30
delinked/objects_FUN_0013ca30.obj	5bf98d4011f325437e75186a52c1e7d4d3c7bc1b	A	0000000000000000000000000000000000000000	c5855bbeea3dbfc6f8f158de68862510ca432a30
delinked/objects_FUN_0013ca30.obj	63410da644a5d697826475c105850c7a793113a1	A	0000000000000000000000000000000000000000	c5855bbeea3dbfc6f8f158de68862510ca432a30
delinked/objects_FUN_0013ca30.obj	a7dbb87ba2c22e2957ca2c30f06f4831b99d100a	D	c5855bbeea3dbfc6f8f158de68862510ca432a30	0000000000000000000000000000000000000000
delinked/objects_FUN_0013ca30.obj	c294a2babae3c9f9cc50a45082ce4e84ffdce67f	A	0000000000000000000000000000000000000000	c5855bbeea3dbfc6f8f158de68862510ca432a30
delinked/objects_FUN_0013ca30.obj	c737d34e633f7ec77596d8a67f0a231b8ec0f0a5	A	0000000000000000000000000000000000000000	c5855bbeea3dbfc6f8f158de68862510ca432a30
delinked/objects_FUN_0013ca30.obj	ee6f5a972a6a54cc93a5a7e19363d3592b367394	A	0000000000000000000000000000000000000000	c5855bbeea3dbfc6f8f158de68862510ca432a30
delinked/objects_FUN_0013cab0.obj	15ab6a3b3f7931ce2e122b464a00b0e4871665c3	A	0000000000000000000000000000000000000000	2f6afe08a5cf9ab3485f47711dacfc9d2df3292c
delinked/objects_FUN_0013cab0.obj	5bf98d4011f325437e75186a52c1e7d4d3c7bc1b	A	0000000000000000000000000000000000000000	2f6afe08a5cf9ab3485f47711dacfc9d2df3292c
delinked/objects_FUN_0013cab0.obj	63410da644a5d697826475c105850c7a793113a1	A	0000000000000000000000000000000000000000	2f6afe08a5cf9ab3485f47711dacfc9d2df3292c
delinked/objects_FUN_0013cab0.obj	a7dbb87ba2c22e2957ca2c30f06f4831b99d100a	D	2f6afe08a5cf9ab3485f47711dacfc9d2df3292c	0000000000000000000000000000000000000000
delinked/objects_FUN_0013cab0.obj	c294a2babae3c9f9cc50a45082ce4e84ffdce67f	A	0000000000000000000000000000000000000000	2f6afe08a5cf9ab3485f47711dacfc9d2df3292c
delinked/objects_FUN_0013cab0.obj	c737d34e633f7ec77596d8a67f0a231b8ec0f0a5	A	0000000000000000000000000000000000000000	2f6afe08a5cf9ab3485f47711dacfc9d2df3292c
delinked/objects_FUN_0013cab0.obj	ee6f5a972a6a54cc93a5a7e19363d3592b367394	A	0000000000000000000000000000000000000000	2f6afe08a5cf9ab3485f47711dacfc9d2df3292c
delinked/objects_FUN_0013cb80.obj	de8f0fe33d9dac98e4d010bb81992a45af632357	A	0000000000000000000000000000000000000000	857d046078ebc2bfcda7ee874532691f9ef4672d
delinked/objects_FUN_0013ce90.obj	de8f0fe33d9dac98e4d010bb81992a45af632357	A	0000000000000000000000000000000000000000	b9356e659fc70e755ddf2b7244a04715cf43bdb9
delinked/objects_FUN_0013ce90_tight.obj	de8f0fe33d9dac98e4d010bb81992a45af632357	A	0000000000000000000000000000000000000000	012d0816488f088fb1a82aec5fa1509aa69dd621
delinked/objects_FUN_0013d870.obj	03673c39098cdfe299294352c572c15e44a66fac	A	0000000000000000000000000000000000000000	65b97762700fed290f93d5c3f2b85e6b6d59db9c
delinked/objects_FUN_0013d870.obj	63410da644a5d697826475c105850c7a793113a1	A	0000000000000000000000000000000000000000	65b97762700fed290f93d5c3f2b85e6b6d59db9c
delinked/objects_FUN_0013d870.obj	a7dbb87ba2c22e2957ca2c30f06f4831b99d100a	D	65b97762700fed290f93d5c3f2b85e6b6d59db9c	0000000000000000000000000000000000000000
delinked/objects_FUN_0013d870.obj	c294a2babae3c9f9cc50a45082ce4e84ffdce67f	A	0000000000000000000000000000000000000000	65b97762700fed290f93d5c3f2b85e6b6d59db9c
delinked/objects_FUN_0013d870.obj	c737d34e633f7ec77596d8a67f0a231b8ec0f0a5	A	0000000000000000000000000000000000000000	65b97762700fed290f93d5c3f2b85e6b6d59db9c
delinked/objects_FUN_0013d870.obj	cf71121f07f8efea5d2e184b3fc67847d87108fe	A	0000000000000000000000000000000000000000	65b97762700fed290f93d5c3f2b85e6b6d59db9c
delinked/objects_FUN_0013d870.obj	ee6f5a972a6a54cc93a5a7e19363d3592b367394	A	0000000000000000000000000000000000000000	65b97762700fed290f93d5c3f2b85e6b6d59db9c
delinked/objects_FUN_0013d880.obj	a7dbb87ba2c22e2957ca2c30f06f4831b99d100a	D	e74e3d21e42312b6d4f3d91cf5ddc13fa290196a	0000000000000000000000000000000000000000
delinked/objects_FUN_0013d880.obj	b240f38d8c8377572bb888a1ea125367db142aee	A	0000000000000000000000000000000000000000	e74e3d21e42312b6d4f3d91cf5ddc13fa290196a
delinked/objects_FUN_0013d880.obj	c737d34e633f7ec77596d8a67f0a231b8ec0f0a5	A	0000000000000000000000000000000000000000	e74e3d21e42312b6d4f3d91cf5ddc13fa290196a
delinked/objects_FUN_0013d880.obj	ee6f5a972a6a54cc93a5a7e19363d3592b367394	A	0000000000000000000000000000000000000000	e74e3d21e42312b6d4f3d91cf5ddc13fa290196a
delinked/objects_FUN_0013d880.obj	f454094c77697b4463ffd14bd266da0e1eb83da6	A	0000000000000000000000000000000000000000	e74e3d21e42312b6d4f3d91cf5ddc13fa290196a
delinked/objects_FUN_0013dbe0.obj	03673c39098cdfe299294352c572c15e44a66fac	A	0000000000000000000000000000000000000000	a36206e47e0cb9f42a746b6e2a081e175aa441cd
delinked/objects_FUN_0013dbe0.obj	63410da644a5d697826475c105850c7a793113a1	A	0000000000000000000000000000000000000000	a36206e47e0cb9f42a746b6e2a081e175aa441cd
delinked/objects_FUN_0013dbe0.obj	a7dbb87ba2c22e2957ca2c30f06f4831b99d100a	D	a36206e47e0cb9f42a746b6e2a081e175aa441cd	0000000000000000000000000000000000000000
delinked/objects_FUN_0013dbe0.obj	c294a2babae3c9f9cc50a45082ce4e84ffdce67f	A	0000000000000000000000000000000000000000	a36206e47e0cb9f42a746b6e2a081e175aa441cd
delinked/objects_FUN_0013dbe0.obj	c737d34e633f7ec77596d8a67f0a231b8ec0f0a5	A	0000000000000000000000000000000000000000	a36206e47e0cb9f42a746b6e2a081e175aa441cd
delinked/objects_FUN_0013dbe0.obj	cf71121f07f8efea5d2e184b3fc67847d87108fe	A	0000000000000000000000000000000000000000	a36206e47e0cb9f42a746b6e2a081e175aa441cd
delinked/objects_FUN_0013dbe0.obj	ee6f5a972a6a54cc93a5a7e19363d3592b367394	A	0000000000000000000000000000000000000000	a36206e47e0cb9f42a746b6e2a081e175aa441cd
delinked/objects_FUN_0013dc10.obj	829357244487416ab01858a380384df77afa0943	A	0000000000000000000000000000000000000000	738df0890fa550bd80b90605385509dae8165165
delinked/objects_FUN_0013dcb0.obj	03673c39098cdfe299294352c572c15e44a66fac	A	0000000000000000000000000000000000000000	a767b0f1065e5a09039d6c95b1acee98a7a60298
delinked/objects_FUN_0013dcb0.obj	63410da644a5d697826475c105850c7a793113a1	A	0000000000000000000000000000000000000000	a767b0f1065e5a09039d6c95b1acee98a7a60298
delinked/objects_FUN_0013dcb0.obj	a7dbb87ba2c22e2957ca2c30f06f4831b99d100a	D	a767b0f1065e5a09039d6c95b1acee98a7a60298	0000000000000000000000000000000000000000
delinked/objects_FUN_0013dcb0.obj	c294a2babae3c9f9cc50a45082ce4e84ffdce67f	A	0000000000000000000000000000000000000000	a767b0f1065e5a09039d6c95b1acee98a7a60298
delinked/objects_FUN_0013dcb0.obj	c737d34e633f7ec77596d8a67f0a231b8ec0f0a5	A	0000000000000000000000000000000000000000	a767b0f1065e5a09039d6c95b1acee98a7a60298
delinked/objects_FUN_0013dcb0.obj	cf71121f07f8efea5d2e184b3fc67847d87108fe	A	0000000000000000000000000000000000000000	a767b0f1065e5a09039d6c95b1acee98a7a60298
delinked/objects_FUN_0013dcb0.obj	ee6f5a972a6a54cc93a5a7e19363d3592b367394	A	0000000000000000000000000000000000000000	a767b0f1065e5a09039d6c95b1acee98a7a60298
delinked/objects_FUN_0013ddd0.obj	9718bd4202c5c1415f8af3c6123fa07fad9d4506	A	0000000000000000000000000000000000000000	c2416725bbb269a8eab7a18eba34070146b1612d
delinked/objects_FUN_0013f080.obj	18769d2c10c3df49a34dc8ffc28d6ed23db8ba8a	A	0000000000000000000000000000000000000000	0462758d2ff973c21c21a40deeaff7c115427488
delinked/objects_FUN_0013f080.obj	73aca24c1dcd4f74174867a1f13ddeb3fc3e4873	A	0000000000000000000000000000000000000000	0462758d2ff973c21c21a40deeaff7c115427488
delinked/objects_FUN_0013f080.obj	a7dbb87ba2c22e2957ca2c30f06f4831b99d100a	D	0462758d2ff973c21c21a40deeaff7c115427488	0000000000000000000000000000000000000000
delinked/objects_FUN_0013f080.obj	c737d34e633f7ec77596d8a67f0a231b8ec0f0a5	A	0000000000000000000000000000000000000000	0462758d2ff973c21c21a40deeaff7c115427488
delinked/objects_FUN_0013f080.obj	ee6f5a972a6a54cc93a5a7e19363d3592b367394	A	0000000000000000000000000000000000000000	0462758d2ff973c21c21a40deeaff7c115427488
delinked/objects_FUN_0013fb30.obj	4725acdd6d6edbd10dc7d1d7f1dee61de67a6ea4	A	0000000000000000000000000000000000000000	5e40f2785f6600c313eed12a200338144b369e70
delinked/objects_FUN_0013fe70.obj	5449dca38ac44d99656ed34fbdf24e1ac3531a65	A	0000000000000000000000000000000000000000	2857655d784b74b450d96dec74195b01baaa1e22
delinked/objects_FUN_0013fe70.obj	a7dbb87ba2c22e2957ca2c30f06f4831b99d100a	D	2857655d784b74b450d96dec74195b01baaa1e22	0000000000000000000000000000000000000000
delinked/objects_FUN_0013fe70.obj	b312fa28fa19d34cea76d333cf5e98c1e58af2f6	A	0000000000000000000000000000000000000000	2857655d784b74b450d96dec74195b01baaa1e22
delinked/objects_FUN_0013fe70.obj	c737d34e633f7ec77596d8a67f0a231b8ec0f0a5	A	0000000000000000000000000000000000000000	2857655d784b74b450d96dec74195b01baaa1e22
delinked/objects_FUN_0013fe70.obj	d217c969a4e09a17dfd9ffa87ed1fc6a6adf9b74	A	0000000000000000000000000000000000000000	2857655d784b74b450d96dec74195b01baaa1e22
delinked/objects_FUN_0013fe70.obj	ee6f5a972a6a54cc93a5a7e19363d3592b367394	A	0000000000000000000000000000000000000000	2857655d784b74b450d96dec74195b01baaa1e22
delinked/objects_FUN_00141970.obj	29bc437ef47cab45baa7b6f6e5e84b7de9b38adb	A	0000000000000000000000000000000000000000	c093c0f083bb3f46f9ca94df75e562db6a3989d6
delinked/objects_FUN_00141970_tight.obj	29bc437ef47cab45baa7b6f6e5e84b7de9b38adb	A	0000000000000000000000000000000000000000	46cdd2815626b25dfed306be45d93fc17dc93284
delinked/objects_FUN_00144b50.obj	0a474d3259402f859be3139fe44ac636dbd8665b	A	0000000000000000000000000000000000000000	64d556df2c160d0e2140079fa4ed199aa6eef63a
delinked/objects_FUN_00144b50.obj	14318a34a50bcbfbb7cd2e3d9f152e831ed64eac	A	0000000000000000000000000000000000000000	64d556df2c160d0e2140079fa4ed199aa6eef63a
delinked/objects_FUN_00144b50.obj	159e23b365af2dbcaca7d8774ecccd50eb8461e6	A	0000000000000000000000000000000000000000	64d556df2c160d0e2140079fa4ed199aa6eef63a
delinked/objects_FUN_00144b50.obj	3265261ae06255172888d28f97f98d259b3c5d8c	A	0000000000000000000000000000000000000000	64d556df2c160d0e2140079fa4ed199aa6eef63a
delinked/objects_FUN_00144b50.obj	4f91e3a1730112a78dbf998f1c57d1cfcea275cf	A	0000000000000000000000000000000000000000	64d556df2c160d0e2140079fa4ed199aa6eef63a
delinked/objects_FUN_00144b50.obj	82bfbeab197a2e639996c82c3a2ffa1e04a626a6	A	0000000000000000000000000000000000000000	64d556df2c160d0e2140079fa4ed199aa6eef63a
delinked/objects_FUN_00144b50.obj	a7dbb87ba2c22e2957ca2c30f06f4831b99d100a	D	64d556df2c160d0e2140079fa4ed199aa6eef63a	0000000000000000000000000000000000000000
delinked/objects_FUN_00144b50.obj	c737d34e633f7ec77596d8a67f0a231b8ec0f0a5	A	0000000000000000000000000000000000000000	64d556df2c160d0e2140079fa4ed199aa6eef63a
delinked/objects_FUN_00144b50.obj	eb6f0aa1380154ad47d10f2bbd21ee88263ed19a	A	0000000000000000000000000000000000000000	64d556df2c160d0e2140079fa4ed199aa6eef63a
delinked/objects_FUN_00144b50.obj	ee6f5a972a6a54cc93a5a7e19363d3592b367394	A	0000000000000000000000000000000000000000	64d556df2c160d0e2140079fa4ed199aa6eef63a
delinked/objects_FUN_00144b50.obj	fbc58e2cc5086f94317ed55d9147a2bcf7960195	A	0000000000000000000000000000000000000000	64d556df2c160d0e2140079fa4ed199aa6eef63a
delinked/objects_FUN_00145490.obj	9718bd4202c5c1415f8af3c6123fa07fad9d4506	A	0000000000000000000000000000000000000000	108a72b83916a0f778d0acaf12221b440ae823af
delinked/objects_FUN_1407e0.obj	58689b7b5a2382fe82b3ae8ba827135b398e1022	A	0000000000000000000000000000000000000000	34226236c44fae6cf734a0811b3185fc12b34784
delinked/objects_FUN_1407e0.obj	913a4eb96c6b99bd171c759288f57025ba77daff	A	0000000000000000000000000000000000000000	34226236c44fae6cf734a0811b3185fc12b34784
delinked/objects_FUN_1407e0.obj	a7dbb87ba2c22e2957ca2c30f06f4831b99d100a	D	34226236c44fae6cf734a0811b3185fc12b34784	0000000000000000000000000000000000000000
delinked/objects_FUN_1407e0.obj	c737d34e633f7ec77596d8a67f0a231b8ec0f0a5	A	0000000000000000000000000000000000000000	34226236c44fae6cf734a0811b3185fc12b34784
delinked/objects_FUN_1407e0.obj	ee6f5a972a6a54cc93a5a7e19363d3592b367394	A	0000000000000000000000000000000000000000	34226236c44fae6cf734a0811b3185fc12b34784
delinked/objects_adf70_ae260.obj	6e60c1514f34575fa3822cbee2084dd92c7e4dd7	A	0000000000000000000000000000000000000000	e890015f56fe0da7e111337aec02ad9f88cae97f
delinked/objects_ae250_ae600.obj	c449435709ab706ad28a5844bd85c59db2b258b3	A	0000000000000000000000000000000000000000	0032df7dc79bcab9d9b2557b93392f0e86fc763d
delinked/objects_cluster_get_first_noncollideable_object.obj	63410da644a5d697826475c105850c7a793113a1	A	0000000000000000000000000000000000000000	e8ebb71f4412aa013f52519b78ec550b175463d6
delinked/objects_cluster_get_first_noncollideable_object.obj	a01d92bbb63a87414b1ee321bd9741026494da2a	A	0000000000000000000000000000000000000000	e8ebb71f4412aa013f52519b78ec550b175463d6
delinked/objects_cluster_get_first_noncollideable_object.obj	a7dbb87ba2c22e2957ca2c30f06f4831b99d100a	D	e8ebb71f4412aa013f52519b78ec550b175463d6	0000000000000000000000000000000000000000
delinked/objects_cluster_get_first_noncollideable_object.obj	c294a2babae3c9f9cc50a45082ce4e84ffdce67f	A	0000000000000000000000000000000000000000	e8ebb71f4412aa013f52519b78ec550b175463d6
delinked/objects_cluster_get_first_noncollideable_object.obj	c737d34e633f7ec77596d8a67f0a231b8ec0f0a5	A	0000000000000000000000000000000000000000	e8ebb71f4412aa013f52519b78ec550b175463d6
delinked/objects_cluster_get_first_noncollideable_object.obj	e3a48fbc3bc59d7ff04b420eab5dc6ee0b1a8bb6	A	0000000000000000000000000000000000000000	e8ebb71f4412aa013f52519b78ec550b175463d6
delinked/objects_cluster_get_first_noncollideable_object.obj	ee6f5a972a6a54cc93a5a7e19363d3592b367394	A	0000000000000000000000000000000000000000	e8ebb71f4412aa013f52519b78ec550b175463d6
delinked/objects_cluster_get_next_noncollideable_object.obj	63410da644a5d697826475c105850c7a793113a1	A	0000000000000000000000000000000000000000	ec3c361241fa0d6b90d663fd6610b31a9e16e4bc
delinked/objects_cluster_get_next_noncollideable_object.obj	a01d92bbb63a87414b1ee321bd9741026494da2a	A	0000000000000000000000000000000000000000	ec3c361241fa0d6b90d663fd6610b31a9e16e4bc
delinked/objects_cluster_get_next_noncollideable_object.obj	a7dbb87ba2c22e2957ca2c30f06f4831b99d100a	D	ec3c361241fa0d6b90d663fd6610b31a9e16e4bc	0000000000000000000000000000000000000000
delinked/objects_cluster_get_next_noncollideable_object.obj	c294a2babae3c9f9cc50a45082ce4e84ffdce67f	A	0000000000000000000000000000000000000000	ec3c361241fa0d6b90d663fd6610b31a9e16e4bc
delinked/objects_cluster_get_next_noncollideable_object.obj	c737d34e633f7ec77596d8a67f0a231b8ec0f0a5	A	0000000000000000000000000000000000000000	ec3c361241fa0d6b90d663fd6610b31a9e16e4bc
delinked/objects_cluster_get_next_noncollideable_object.obj	e3a48fbc3bc59d7ff04b420eab5dc6ee0b1a8bb6	A	0000000000000000000000000000000000000000	ec3c361241fa0d6b90d663fd6610b31a9e16e4bc
delinked/objects_cluster_get_next_noncollideable_object.obj	ee6f5a972a6a54cc93a5a7e19363d3592b367394	A	0000000000000000000000000000000000000000	ec3c361241fa0d6b90d663fd6610b31a9e16e4bc
delinked/objects_garbage_collect_now.obj	2959dd820c3384b8a7f362b1641428e0191f7783	A	0000000000000000000000000000000000000000	96b49a00ad364479a6ac094fe875025acbaec3df
delinked/objects_garbage_collect_now.obj	63410da644a5d697826475c105850c7a793113a1	A	0000000000000000000000000000000000000000	96b49a00ad364479a6ac094fe875025acbaec3df
delinked/objects_garbage_collect_now.obj	a7dbb87ba2c22e2957ca2c30f06f4831b99d100a	D	96b49a00ad364479a6ac094fe875025acbaec3df	0000000000000000000000000000000000000000
delinked/objects_garbage_collect_now.obj	add9f59a906f1daafeb998690782237a2f51c9aa	A	0000000000000000000000000000000000000000	96b49a00ad364479a6ac094fe875025acbaec3df
delinked/objects_garbage_collect_now.obj	c294a2babae3c9f9cc50a45082ce4e84ffdce67f	A	0000000000000000000000000000000000000000	96b49a00ad364479a6ac094fe875025acbaec3df
delinked/objects_garbage_collect_now.obj	c737d34e633f7ec77596d8a67f0a231b8ec0f0a5	A	0000000000000000000000000000000000000000	96b49a00ad364479a6ac094fe875025acbaec3df
delinked/objects_garbage_collect_now.obj	ee6f5a972a6a54cc93a5a7e19363d3592b367394	A	0000000000000000000000000000000000000000	96b49a00ad364479a6ac094fe875025acbaec3df
delinked/objects_iterators_13d5b0_13ddd0.obj	d77f99652e172c445daa06dc7ea7d8ca4177f061	A	0000000000000000000000000000000000000000	7ff2ff2e364702e314641e7eed1c5d94fca70398
delinked/objects_object_beautify.obj	2959dd820c3384b8a7f362b1641428e0191f7783	A	0000000000000000000000000000000000000000	fcc10f3919c857f36510b82a77b60a06f9de2169
delinked/objects_object_beautify.obj	63410da644a5d697826475c105850c7a793113a1	A	0000000000000000000000000000000000000000	fcc10f3919c857f36510b82a77b60a06f9de2169
delinked/objects_object_beautify.obj	a7dbb87ba2c22e2957ca2c30f06f4831b99d100a	D	fcc10f3919c857f36510b82a77b60a06f9de2169	0000000000000000000000000000000000000000
delinked/objects_object_beautify.obj	add9f59a906f1daafeb998690782237a2f51c9aa	A	0000000000000000000000000000000000000000	fcc10f3919c857f36510b82a77b60a06f9de2169
delinked/objects_object_beautify.obj	c294a2babae3c9f9cc50a45082ce4e84ffdce67f	A	0000000000000000000000000000000000000000	fcc10f3919c857f36510b82a77b60a06f9de2169
delinked/objects_object_beautify.obj	c737d34e633f7ec77596d8a67f0a231b8ec0f0a5	A	0000000000000000000000000000000000000000	fcc10f3919c857f36510b82a77b60a06f9de2169
delinked/objects_object_beautify.obj	ee6f5a972a6a54cc93a5a7e19363d3592b367394	A	0000000000000000000000000000000000000000	fcc10f3919c857f36510b82a77b60a06f9de2169
delinked/objects_object_compute_node_matrices.obj	319b237ae3fa4ea8682f2cee4e339c689e1fc943	A	0000000000000000000000000000000000000000	b33c46be7d4a39827d7da5b051b79149ec8817d3
delinked/objects_object_definition_predict.obj	2959dd820c3384b8a7f362b1641428e0191f7783	A	0000000000000000000000000000000000000000	9bd5d6614c33ed5957f73b71a67bbff9ab1a04f0
delinked/objects_object_definition_predict.obj	63410da644a5d697826475c105850c7a793113a1	A	0000000000000000000000000000000000000000	9bd5d6614c33ed5957f73b71a67bbff9ab1a04f0
delinked/objects_object_definition_predict.obj	a7dbb87ba2c22e2957ca2c30f06f4831b99d100a	D	9bd5d6614c33ed5957f73b71a67bbff9ab1a04f0	0000000000000000000000000000000000000000
delinked/objects_object_definition_predict.obj	add9f59a906f1daafeb998690782237a2f51c9aa	A	0000000000000000000000000000000000000000	9bd5d6614c33ed5957f73b71a67bbff9ab1a04f0
delinked/objects_object_definition_predict.obj	c294a2babae3c9f9cc50a45082ce4e84ffdce67f	A	0000000000000000000000000000000000000000	9bd5d6614c33ed5957f73b71a67bbff9ab1a04f0
delinked/objects_object_definition_predict.obj	c737d34e633f7ec77596d8a67f0a231b8ec0f0a5	A	0000000000000000000000000000000000000000	9bd5d6614c33ed5957f73b71a67bbff9ab1a04f0
delinked/objects_object_definition_predict.obj	ee6f5a972a6a54cc93a5a7e19363d3592b367394	A	0000000000000000000000000000000000000000	9bd5d6614c33ed5957f73b71a67bbff9ab1a04f0
delinked/objects_object_get_location.obj	d48763648c0c622d8c36ce449deac8cf473e556c	A	0000000000000000000000000000000000000000	c964e238366b77458de2023e6b0c3f30e65a71ec
delinked/objects_object_get_orientation.obj	2b8190f4bbb092db9cca69ade3f9c4594b4cde97	A	0000000000000000000000000000000000000000	42d71a191b17185c65717a9fd816110226bdd432
delinked/objects_object_new.obj	a84e2d5e3a9eada88ca62d149d0256154318ad97	A	0000000000000000000000000000000000000000	96c51c2c68e4c8f6d66abc28d76561b53237dde7
delinked/objects_object_new_from_scenario.obj	a84e2d5e3a9eada88ca62d149d0256154318ad97	A	0000000000000000000000000000000000000000	5610396cf4b8e6024ff7692ff4804850911adc35
delinked/objects_object_pvs_activate.obj	63410da644a5d697826475c105850c7a793113a1	A	0000000000000000000000000000000000000000	608140d3f35578330ac33e9123833c87f12ab1d6
delinked/objects_object_pvs_activate.obj	a7ad5616bca2ab8cafa63acd8497f20f643a3995	A	0000000000000000000000000000000000000000	608140d3f35578330ac33e9123833c87f12ab1d6
delinked/objects_object_pvs_activate.obj	a7dbb87ba2c22e2957ca2c30f06f4831b99d100a	D	608140d3f35578330ac33e9123833c87f12ab1d6	0000000000000000000000000000000000000000
delinked/objects_object_pvs_activate.obj	c294a2babae3c9f9cc50a45082ce4e84ffdce67f	A	0000000000000000000000000000000000000000	608140d3f35578330ac33e9123833c87f12ab1d6
delinked/objects_object_pvs_activate.obj	c737d34e633f7ec77596d8a67f0a231b8ec0f0a5	A	0000000000000000000000000000000000000000	608140d3f35578330ac33e9123833c87f12ab1d6
delinked/objects_object_pvs_activate.obj	ee6f5a972a6a54cc93a5a7e19363d3592b367394	A	0000000000000000000000000000000000000000	608140d3f35578330ac33e9123833c87f12ab1d6
delinked/objects_object_pvs_activate.obj	fba65926e27d9c00e30a402c0f7149fe1ee2a109	A	0000000000000000000000000000000000000000	608140d3f35578330ac33e9123833c87f12ab1d6
delinked/objects_object_scripting_set_collideable.obj	2959dd820c3384b8a7f362b1641428e0191f7783	A	0000000000000000000000000000000000000000	8410125fc33155b01c9474aed0c6c16b03d890c8
delinked/objects_object_scripting_set_collideable.obj	63410da644a5d697826475c105850c7a793113a1	A	0000000000000000000000000000000000000000	8410125fc33155b01c9474aed0c6c16b03d890c8
delinked/objects_object_scripting_set_collideable.obj	a7dbb87ba2c22e2957ca2c30f06f4831b99d100a	D	8410125fc33155b01c9474aed0c6c16b03d890c8	0000000000000000000000000000000000000000
delinked/objects_object_scripting_set_collideable.obj	add9f59a906f1daafeb998690782237a2f51c9aa	A	0000000000000000000000000000000000000000	8410125fc33155b01c9474aed0c6c16b03d890c8
delinked/objects_object_scripting_set_collideable.obj	c294a2babae3c9f9cc50a45082ce4e84ffdce67f	A	0000000000000000000000000000000000000000	8410125fc33155b01c9474aed0c6c16b03d890c8
delinked/objects_object_scripting_set_collideable.obj	c737d34e633f7ec77596d8a67f0a231b8ec0f0a5	A	0000000000000000000000000000000000000000	8410125fc33155b01c9474aed0c6c16b03d890c8
delinked/objects_object_scripting_set_collideable.obj	ee6f5a972a6a54cc93a5a7e19363d3592b367394	A	0000000000000000000000000000000000000000	8410125fc33155b01c9474aed0c6c16b03d890c8
delinked/objects_object_select_random.obj	d79c8e5d4f839d62d27b46c3d24eda5306319190	A	0000000000000000000000000000000000000000	ddc816bc16ec57ab1292e1526753b43768728cfe
delinked/objects_object_set_garbage.obj	d48763648c0c622d8c36ce449deac8cf473e556c	A	0000000000000000000000000000000000000000	f1edc8f2e2e68d563d2f52b02616354ddd9a4675
delinked/objects_object_set_region_count.obj	d48763648c0c622d8c36ce449deac8cf473e556c	A	0000000000000000000000000000000000000000	026380fe9f1efee36a55367d76514bc1c6380ecb
delinked/objects_object_set_region_count_wide.obj	f67b82faf5b33929b884d71021c6f35226712103	A	0000000000000000000000000000000000000000	5b37a5e0b8aa83f5a83e804bdfad1977aaa8eba7
delinked/objects_object_update_children_recursive.obj	a84e2d5e3a9eada88ca62d149d0256154318ad97	A	0000000000000000000000000000000000000000	865736c2f35ee7166fab289ca6adc89fcc937b3c
delinked/objects_object_visible_to_any_player.obj	a84e2d5e3a9eada88ca62d149d0256154318ad97	A	0000000000000000000000000000000000000000	fe86b4e11720ad5cbd2453096af97525be2dc44d
delinked/objects_object_wake.obj	5820405d6dfc9cf50c1cbe99e9866fda7c060dd1	A	0000000000000000000000000000000000000000	5d14d37ef96f45f5ac73f38e9fd0435094ddd8c4
delinked/objects_objects_dispose.obj	412503b5a199794e4977baaf3baa007305270db3	A	0000000000000000000000000000000000000000	1e943cf7bc86aac00d54ad15d38cc742a0d79374
delinked/objects_objects_scripting_detach.obj	63410da644a5d697826475c105850c7a793113a1	A	0000000000000000000000000000000000000000	58b99265e50ca270c4293a25af269d92cfd1d79a
delinked/objects_objects_scripting_detach.obj	69a7b6221ef17f0c6abcf6dca1425c2a51dba634	A	0000000000000000000000000000000000000000	58b99265e50ca270c4293a25af269d92cfd1d79a
delinked/objects_objects_scripting_detach.obj	a7dbb87ba2c22e2957ca2c30f06f4831b99d100a	D	58b99265e50ca270c4293a25af269d92cfd1d79a	0000000000000000000000000000000000000000
delinked/objects_objects_scripting_detach.obj	c294a2babae3c9f9cc50a45082ce4e84ffdce67f	A	0000000000000000000000000000000000000000	58b99265e50ca270c4293a25af269d92cfd1d79a
delinked/objects_objects_scripting_detach.obj	c737d34e633f7ec77596d8a67f0a231b8ec0f0a5	A	0000000000000000000000000000000000000000	58b99265e50ca270c4293a25af269d92cfd1d79a
delinked/objects_objects_scripting_detach.obj	ee6f5a972a6a54cc93a5a7e19363d3592b367394	A	0000000000000000000000000000000000000000	58b99265e50ca270c4293a25af269d92cfd1d79a
delinked/objects_objects_scripting_detach.obj	ff9521cf6e100f56c78df66fd52b9f48891a54c0	A	0000000000000000000000000000000000000000	58b99265e50ca270c4293a25af269d92cfd1d79a
delinked/objects_objects_scripting_set_scale.obj	63410da644a5d697826475c105850c7a793113a1	A	0000000000000000000000000000000000000000	1b5434a948cd4e3c61cbafbf74037007674909aa
delinked/objects_objects_scripting_set_scale.obj	a7ad5616bca2ab8cafa63acd8497f20f643a3995	A	0000000000000000000000000000000000000000	1b5434a948cd4e3c61cbafbf74037007674909aa
delinked/objects_objects_scripting_set_scale.obj	a7dbb87ba2c22e2957ca2c30f06f4831b99d100a	D	1b5434a948cd4e3c61cbafbf74037007674909aa	0000000000000000000000000000000000000000
delinked/objects_objects_scripting_set_scale.obj	c294a2babae3c9f9cc50a45082ce4e84ffdce67f	A	0000000000000000000000000000000000000000	1b5434a948cd4e3c61cbafbf74037007674909aa
delinked/objects_objects_scripting_set_scale.obj	c737d34e633f7ec77596d8a67f0a231b8ec0f0a5	A	0000000000000000000000000000000000000000	1b5434a948cd4e3c61cbafbf74037007674909aa
delinked/objects_objects_scripting_set_scale.obj	ee6f5a972a6a54cc93a5a7e19363d3592b367394	A	0000000000000000000000000000000000000000	1b5434a948cd4e3c61cbafbf74037007674909aa
delinked/objects_objects_scripting_set_scale.obj	fba65926e27d9c00e30a402c0f7149fe1ee2a109	A	0000000000000000000000000000000000000000	1b5434a948cd4e3c61cbafbf74037007674909aa
delinked/objects_real_vector3d_valid.obj	6e60c1514f34575fa3822cbee2084dd92c7e4dd7	A	0000000000000000000000000000000000000000	863b7193faeeea66a83d57bc227a11a0c549663c
delinked/objects_sort_dumps.obj	63410da644a5d697826475c105850c7a793113a1	A	0000000000000000000000000000000000000000	4983ca66f6821d2f087878817cd6224612edf96b
delinked/objects_sort_dumps.obj	a7ad5616bca2ab8cafa63acd8497f20f643a3995	A	0000000000000000000000000000000000000000	4983ca66f6821d2f087878817cd6224612edf96b
delinked/objects_sort_dumps.obj	a7dbb87ba2c22e2957ca2c30f06f4831b99d100a	D	4983ca66f6821d2f087878817cd6224612edf96b	0000000000000000000000000000000000000000
delinked/objects_sort_dumps.obj	c294a2babae3c9f9cc50a45082ce4e84ffdce67f	A	0000000000000000000000000000000000000000	4983ca66f6821d2f087878817cd6224612edf96b
delinked/objects_sort_dumps.obj	c737d34e633f7ec77596d8a67f0a231b8ec0f0a5	A	0000000000000000000000000000000000000000	4983ca66f6821d2f087878817cd6224612edf96b
delinked/objects_sort_dumps.obj	ee6f5a972a6a54cc93a5a7e19363d3592b367394	A	0000000000000000000000000000000000000000	4983ca66f6821d2f087878817cd6224612edf96b
delinked/objects_sort_dumps.obj	fba65926e27d9c00e30a402c0f7149fe1ee2a109	A	0000000000000000000000000000000000000000	4983ca66f6821d2f087878817cd6224612edf96b
delinked/player_queues_b8f00_b9040.obj	1fbe65e7048062d4e47072fd26e7952dfd3edc2b	A	0000000000000000000000000000000000000000	5eafed567d0683f7cfbdb2819fc5fce2764fea38
delinked/player_queues_b8f00_b9040.obj	5e0088b7224ceffdc992e47ea5d1de890918be1b	A	0000000000000000000000000000000000000000	5eafed567d0683f7cfbdb2819fc5fce2764fea38
delinked/player_queues_b8f00_b9040.obj	8b23cabacaa07eeef5ad76d26ba939c89753c510	A	0000000000000000000000000000000000000000	5eafed567d0683f7cfbdb2819fc5fce2764fea38
delinked/player_queues_b8f00_b9040.obj	a7dbb87ba2c22e2957ca2c30f06f4831b99d100a	D	5eafed567d0683f7cfbdb2819fc5fce2764fea38	0000000000000000000000000000000000000000
delinked/player_queues_b8f00_b9040.obj	aeb213ca53bf2b87903fdadcaf1f762b0d8496de	A	0000000000000000000000000000000000000000	5eafed567d0683f7cfbdb2819fc5fce2764fea38
delinked/player_queues_b8f00_b9040.obj	c737d34e633f7ec77596d8a67f0a231b8ec0f0a5	A	0000000000000000000000000000000000000000	5eafed567d0683f7cfbdb2819fc5fce2764fea38
delinked/player_queues_b8f00_b9040.obj	ee6f5a972a6a54cc93a5a7e19363d3592b367394	A	0000000000000000000000000000000000000000	5eafed567d0683f7cfbdb2819fc5fce2764fea38
delinked/player_queues_b97b0_b9880.obj	55816f8ce708cee1028ed9e871b426754369b20c	A	0000000000000000000000000000000000000000	f608e2fa5fe4d39f9df51d4db1626255145545e6
delinked/player_queues_b97b0_b9880.obj	5e0088b7224ceffdc992e47ea5d1de890918be1b	A	0000000000000000000000000000000000000000	f608e2fa5fe4d39f9df51d4db1626255145545e6
delinked/player_queues_b97b0_b9880.obj	94199a37cf0a184c7a7fffa655c1917971642717	A	0000000000000000000000000000000000000000	f608e2fa5fe4d39f9df51d4db1626255145545e6
delinked/player_queues_b97b0_b9880.obj	a7dbb87ba2c22e2957ca2c30f06f4831b99d100a	D	f608e2fa5fe4d39f9df51d4db1626255145545e6	0000000000000000000000000000000000000000
delinked/player_queues_b97b0_b9880.obj	aeb213ca53bf2b87903fdadcaf1f762b0d8496de	A	0000000000000000000000000000000000000000	f608e2fa5fe4d39f9df51d4db1626255145545e6
delinked/player_queues_b97b0_b9880.obj	c737d34e633f7ec77596d8a67f0a231b8ec0f0a5	A	0000000000000000000000000000000000000000	f608e2fa5fe4d39f9df51d4db1626255145545e6
delinked/player_queues_b97b0_b9880.obj	ee6f5a972a6a54cc93a5a7e19363d3592b367394	A	0000000000000000000000000000000000000000	f608e2fa5fe4d39f9df51d4db1626255145545e6
delinked/player_queues_b97b0_b9900.obj	2fded1a04798a49592fc6b4fadef7226f7808989	A	0000000000000000000000000000000000000000	f722ac6e697ab03620958b45a8286735f88d5798
delinked/player_queues_b97b0_b9900.obj	5e0088b7224ceffdc992e47ea5d1de890918be1b	A	0000000000000000000000000000000000000000	f722ac6e697ab03620958b45a8286735f88d5798
delinked/player_queues_b97b0_b9900.obj	87f3239538c67f63524a5c536b6bac61c57949eb	A	0000000000000000000000000000000000000000	f722ac6e697ab03620958b45a8286735f88d5798
delinked/player_queues_b97b0_b9900.obj	a7dbb87ba2c22e2957ca2c30f06f4831b99d100a	D	f722ac6e697ab03620958b45a8286735f88d5798	0000000000000000000000000000000000000000
delinked/player_queues_b97b0_b9900.obj	aeb213ca53bf2b87903fdadcaf1f762b0d8496de	A	0000000000000000000000000000000000000000	f722ac6e697ab03620958b45a8286735f88d5798
delinked/player_queues_b97b0_b9900.obj	c737d34e633f7ec77596d8a67f0a231b8ec0f0a5	A	0000000000000000000000000000000000000000	f722ac6e697ab03620958b45a8286735f88d5798
delinked/player_queues_b97b0_b9900.obj	ee6f5a972a6a54cc93a5a7e19363d3592b367394	A	0000000000000000000000000000000000000000	f722ac6e697ab03620958b45a8286735f88d5798
delinked/predicted_resources_1bdd40.obj	13542ad345ab644d139266695a30f8edf2cbd42f	A	0000000000000000000000000000000000000000	368807264b17a06857d11157f0088ad9629343d7
delinked/predicted_resources_1bdd40.obj	26a79667482d4baad163174257da92cdc4034058	A	0000000000000000000000000000000000000000	368807264b17a06857d11157f0088ad9629343d7
delinked/predicted_resources_1bdd40.obj	2800f2d12a8806710789885d320daf392bc026a2	A	0000000000000000000000000000000000000000	368807264b17a06857d11157f0088ad9629343d7
delinked/predicted_resources_1bdd40.obj	a7dbb87ba2c22e2957ca2c30f06f4831b99d100a	D	368807264b17a06857d11157f0088ad9629343d7	0000000000000000000000000000000000000000
delinked/predicted_resources_1bdd40.obj	c737d34e633f7ec77596d8a67f0a231b8ec0f0a5	A	0000000000000000000000000000000000000000	368807264b17a06857d11157f0088ad9629343d7
delinked/predicted_resources_1bdd40.obj	d91b33be10887b291f80872744be889b85982ec8	A	0000000000000000000000000000000000000000	368807264b17a06857d11157f0088ad9629343d7
delinked/predicted_resources_1bdd40.obj	ee6f5a972a6a54cc93a5a7e19363d3592b367394	A	0000000000000000000000000000000000000000	368807264b17a06857d11157f0088ad9629343d7
delinked/predicted_resources_1bdd40_1bdf00.obj	2fded1a04798a49592fc6b4fadef7226f7808989	A	0000000000000000000000000000000000000000	737bc96778ca121e067673e28d7b20e3f688871e
delinked/predicted_resources_1bdd40_1bdf00.obj	5e0088b7224ceffdc992e47ea5d1de890918be1b	A	0000000000000000000000000000000000000000	737bc96778ca121e067673e28d7b20e3f688871e
delinked/predicted_resources_1bdd40_1bdf00.obj	87f3239538c67f63524a5c536b6bac61c57949eb	A	0000000000000000000000000000000000000000	737bc96778ca121e067673e28d7b20e3f688871e
delinked/predicted_resources_1bdd40_1bdf00.obj	a7dbb87ba2c22e2957ca2c30f06f4831b99d100a	D	737bc96778ca121e067673e28d7b20e3f688871e	0000000000000000000000000000000000000000
delinked/predicted_resources_1bdd40_1bdf00.obj	aeb213ca53bf2b87903fdadcaf1f762b0d8496de	A	0000000000000000000000000000000000000000	737bc96778ca121e067673e28d7b20e3f688871e
delinked/predicted_resources_1bdd40_1bdf00.obj	c737d34e633f7ec77596d8a67f0a231b8ec0f0a5	A	0000000000000000000000000000000000000000	737bc96778ca121e067673e28d7b20e3f688871e
delinked/predicted_resources_1bdd40_1bdf00.obj	ee6f5a972a6a54cc93a5a7e19363d3592b367394	A	0000000000000000000000000000000000000000	737bc96778ca121e067673e28d7b20e3f688871e
delinked/predicted_resources_1bdd50.obj	13542ad345ab644d139266695a30f8edf2cbd42f	A	0000000000000000000000000000000000000000	17463ec8d9026d42be32aa8326c7732dc7486243
delinked/predicted_resources_1bdd50.obj	26a79667482d4baad163174257da92cdc4034058	A	0000000000000000000000000000000000000000	17463ec8d9026d42be32aa8326c7732dc7486243
delinked/predicted_resources_1bdd50.obj	2800f2d12a8806710789885d320daf392bc026a2	A	0000000000000000000000000000000000000000	17463ec8d9026d42be32aa8326c7732dc7486243
delinked/predicted_resources_1bdd50.obj	a7dbb87ba2c22e2957ca2c30f06f4831b99d100a	D	17463ec8d9026d42be32aa8326c7732dc7486243	0000000000000000000000000000000000000000
delinked/predicted_resources_1bdd50.obj	c737d34e633f7ec77596d8a67f0a231b8ec0f0a5	A	0000000000000000000000000000000000000000	17463ec8d9026d42be32aa8326c7732dc7486243
delinked/predicted_resources_1bdd50.obj	d91b33be10887b291f80872744be889b85982ec8	A	0000000000000000000000000000000000000000	17463ec8d9026d42be32aa8326c7732dc7486243
delinked/predicted_resources_1bdd50.obj	ee6f5a972a6a54cc93a5a7e19363d3592b367394	A	0000000000000000000000000000000000000000	17463ec8d9026d42be32aa8326c7732dc7486243
delinked/predicted_resources_1bdd60.obj	13542ad345ab644d139266695a30f8edf2cbd42f	A	0000000000000000000000000000000000000000	473bf5c924a6de49471719a24f0e28bbb8d48f26
delinked/predicted_resources_1bdd60.obj	26a79667482d4baad163174257da92cdc4034058	A	0000000000000000000000000000000000000000	473bf5c924a6de49471719a24f0e28bbb8d48f26
delinked/predicted_resources_1bdd60.obj	2800f2d12a8806710789885d320daf392bc026a2	A	0000000000000000000000000000000000000000	473bf5c924a6de49471719a24f0e28bbb8d48f26
delinked/predicted_resources_1bdd60.obj	a7dbb87ba2c22e2957ca2c30f06f4831b99d100a	D	473bf5c924a6de49471719a24f0e28bbb8d48f26	0000000000000000000000000000000000000000
delinked/predicted_resources_1bdd60.obj	c737d34e633f7ec77596d8a67f0a231b8ec0f0a5	A	0000000000000000000000000000000000000000	473bf5c924a6de49471719a24f0e28bbb8d48f26
delinked/predicted_resources_1bdd60.obj	d91b33be10887b291f80872744be889b85982ec8	A	0000000000000000000000000000000000000000	473bf5c924a6de49471719a24f0e28bbb8d48f26
delinked/predicted_resources_1bdd60.obj	ee6f5a972a6a54cc93a5a7e19363d3592b367394	A	0000000000000000000000000000000000000000	473bf5c924a6de49471719a24f0e28bbb8d48f26
delinked/predicted_resources_1bdd70.obj	13542ad345ab644d139266695a30f8edf2cbd42f	A	0000000000000000000000000000000000000000	d75b721b889a497109838727cd60e14b681b9ad8
delinked/predicted_resources_1bdd70.obj	26a79667482d4baad163174257da92cdc4034058	A	0000000000000000000000000000000000000000	d75b721b889a497109838727cd60e14b681b9ad8
delinked/predicted_resources_1bdd70.obj	2800f2d12a8806710789885d320daf392bc026a2	A	0000000000000000000000000000000000000000	d75b721b889a497109838727cd60e14b681b9ad8
delinked/predicted_resources_1bdd70.obj	a7dbb87ba2c22e2957ca2c30f06f4831b99d100a	D	d75b721b889a497109838727cd60e14b681b9ad8	0000000000000000000000000000000000000000
delinked/predicted_resources_1bdd70.obj	c737d34e633f7ec77596d8a67f0a231b8ec0f0a5	A	0000000000000000000000000000000000000000	d75b721b889a497109838727cd60e14b681b9ad8
delinked/predicted_resources_1bdd70.obj	d91b33be10887b291f80872744be889b85982ec8	A	0000000000000000000000000000000000000000	d75b721b889a497109838727cd60e14b681b9ad8
delinked/predicted_resources_1bdd70.obj	ee6f5a972a6a54cc93a5a7e19363d3592b367394	A	0000000000000000000000000000000000000000	d75b721b889a497109838727cd60e14b681b9ad8
delinked/random_math_10b3c0.obj	5e0088b7224ceffdc992e47ea5d1de890918be1b	A	0000000000000000000000000000000000000000	cefe09da9894d91b089868385ee88798abba4872
delinked/random_math_10b3c0.obj	80480691ef9addf1706a80fe046968921cf2144f	A	0000000000000000000000000000000000000000	cefe09da9894d91b089868385ee88798abba4872
delinked/random_math_10b3c0.obj	a7dbb87ba2c22e2957ca2c30f06f4831b99d100a	D	cefe09da9894d91b089868385ee88798abba4872	0000000000000000000000000000000000000000
delinked/random_math_10b3c0.obj	aad6a9cf38e622e6f6491fe34924168bf2377392	A	0000000000000000000000000000000000000000	cefe09da9894d91b089868385ee88798abba4872
delinked/random_math_10b3c0.obj	aeb213ca53bf2b87903fdadcaf1f762b0d8496de	A	0000000000000000000000000000000000000000	cefe09da9894d91b089868385ee88798abba4872
delinked/random_math_10b3c0.obj	c737d34e633f7ec77596d8a67f0a231b8ec0f0a5	A	0000000000000000000000000000000000000000	cefe09da9894d91b089868385ee88798abba4872
delinked/random_math_10b3c0.obj	ee6f5a972a6a54cc93a5a7e19363d3592b367394	A	0000000000000000000000000000000000000000	cefe09da9894d91b089868385ee88798abba4872
delinked/random_math_FUN_10a930.obj	21cf703233eb09a1aee99f0e93abaf5b1eecdfad	A	0000000000000000000000000000000000000000	a6dc11420626a7e9afc7e0229aa79ba82ac14de3
delinked/random_math_FUN_10a930.obj	6205edb43e8fa52675048f23479af68239384906	A	0000000000000000000000000000000000000000	a6dc11420626a7e9afc7e0229aa79ba82ac14de3
delinked/random_math_FUN_10a930.obj	a7dbb87ba2c22e2957ca2c30f06f4831b99d100a	D	0c36aa214e155f9f19d07dd2f5fc597a60674f0f	0000000000000000000000000000000000000000
delinked/random_math_FUN_10a930.obj	b957913db3587041b526dd86db760b1e58d75e8e	M	a6dc11420626a7e9afc7e0229aa79ba82ac14de3	0c36aa214e155f9f19d07dd2f5fc597a60674f0f
delinked/random_math_FUN_10a930.obj	b9d7e1bc89c9cefc8b135d3e3cd31df52a18fd3b	M	a6dc11420626a7e9afc7e0229aa79ba82ac14de3	0c36aa214e155f9f19d07dd2f5fc597a60674f0f
delinked/random_math_FUN_10a930.obj	c737d34e633f7ec77596d8a67f0a231b8ec0f0a5	A	0000000000000000000000000000000000000000	0c36aa214e155f9f19d07dd2f5fc597a60674f0f
delinked/random_math_FUN_10a930.obj	ee6f5a972a6a54cc93a5a7e19363d3592b367394	A	0000000000000000000000000000000000000000	0c36aa214e155f9f19d07dd2f5fc597a60674f0f
delinked/random_math_FUN_10a930.obj	f0b1f3c47b949734f4f9e0d070ae8ae9f8b69607	A	0000000000000000000000000000000000000000	a6dc11420626a7e9afc7e0229aa79ba82ac14de3
delinked/random_math_FUN_10ad10.obj	1ab73fc900500335e5e93cba4368ea4dfaff611f	A	0000000000000000000000000000000000000000	f06f2dbdd88ade755b438e3f638812d6d33bfe0c
delinked/random_math_FUN_10ad10.obj	a7dbb87ba2c22e2957ca2c30f06f4831b99d100a	D	f06f2dbdd88ade755b438e3f638812d6d33bfe0c	0000000000000000000000000000000000000000
delinked/random_math_FUN_10ad10.obj	c737d34e633f7ec77596d8a67f0a231b8ec0f0a5	A	0000000000000000000000000000000000000000	f06f2dbdd88ade755b438e3f638812d6d33bfe0c
delinked/random_math_FUN_10ad10.obj	ee6f5a972a6a54cc93a5a7e19363d3592b367394	A	0000000000000000000000000000000000000000	f06f2dbdd88ade755b438e3f638812d6d33bfe0c
delinked/random_math_FUN_10ad10.obj	f3e357bbe2d85dd4c511d0e6e69c93ec164ab0cd	A	0000000000000000000000000000000000000000	f06f2dbdd88ade755b438e3f638812d6d33bfe0c
delinked/random_math_FUN_10add0.obj	63410da644a5d697826475c105850c7a793113a1	A	0000000000000000000000000000000000000000	8ae50fff6714abf977a441f9bb082ccae962ab8a
delinked/random_math_FUN_10add0.obj	70d859ad00ebefd813e3fad98d7e700e5cd18a12	A	0000000000000000000000000000000000000000	8ae50fff6714abf977a441f9bb082ccae962ab8a
delinked/random_math_FUN_10add0.obj	a7dbb87ba2c22e2957ca2c30f06f4831b99d100a	D	8ae50fff6714abf977a441f9bb082ccae962ab8a	0000000000000000000000000000000000000000
delinked/random_math_FUN_10add0.obj	c294a2babae3c9f9cc50a45082ce4e84ffdce67f	A	0000000000000000000000000000000000000000	8ae50fff6714abf977a441f9bb082ccae962ab8a
delinked/random_math_FUN_10add0.obj	c737d34e633f7ec77596d8a67f0a231b8ec0f0a5	A	0000000000000000000000000000000000000000	8ae50fff6714abf977a441f9bb082ccae962ab8a
delinked/random_math_FUN_10add0.obj	d3ca4f52c3142a71692c9b13edb0138494ede4a8	A	0000000000000000000000000000000000000000	8ae50fff6714abf977a441f9bb082ccae962ab8a
delinked/random_math_FUN_10add0.obj	ee6f5a972a6a54cc93a5a7e19363d3592b367394	A	0000000000000000000000000000000000000000	8ae50fff6714abf977a441f9bb082ccae962ab8a
delinked/random_math_FUN_10ae00.obj	63410da644a5d697826475c105850c7a793113a1	A	0000000000000000000000000000000000000000	719018c079099a0a12e6f34fd72dece0d31bfd61
delinked/random_math_FUN_10ae00.obj	70d859ad00ebefd813e3fad98d7e700e5cd18a12	A	0000000000000000000000000000000000000000	719018c079099a0a12e6f34fd72dece0d31bfd61
delinked/random_math_FUN_10ae00.obj	a7dbb87ba2c22e2957ca2c30f06f4831b99d100a	D	719018c079099a0a12e6f34fd72dece0d31bfd61	0000000000000000000000000000000000000000
delinked/random_math_FUN_10ae00.obj	c294a2babae3c9f9cc50a45082ce4e84ffdce67f	A	0000000000000000000000000000000000000000	719018c079099a0a12e6f34fd72dece0d31bfd61
delinked/random_math_FUN_10ae00.obj	c737d34e633f7ec77596d8a67f0a231b8ec0f0a5	A	0000000000000000000000000000000000000000	719018c079099a0a12e6f34fd72dece0d31bfd61
delinked/random_math_FUN_10ae00.obj	d3ca4f52c3142a71692c9b13edb0138494ede4a8	A	0000000000000000000000000000000000000000	719018c079099a0a12e6f34fd72dece0d31bfd61
delinked/random_math_FUN_10ae00.obj	ee6f5a972a6a54cc93a5a7e19363d3592b367394	A	0000000000000000000000000000000000000000	719018c079099a0a12e6f34fd72dece0d31bfd61
delinked/random_math_FUN_10ae30.obj	63410da644a5d697826475c105850c7a793113a1	A	0000000000000000000000000000000000000000	2d641b68136bd896970f29db103ca066948fc91e
delinked/random_math_FUN_10ae30.obj	70d859ad00ebefd813e3fad98d7e700e5cd18a12	A	0000000000000000000000000000000000000000	7a4b52c02df8e59eefe93187b10b37cf1db9a378
delinked/random_math_FUN_10ae30.obj	7c13289571be01453754f1a2a4d43096ce3f5a7a	M	7a4b52c02df8e59eefe93187b10b37cf1db9a378	2d641b68136bd896970f29db103ca066948fc91e
delinked/random_math_FUN_10ae30.obj	a7dbb87ba2c22e2957ca2c30f06f4831b99d100a	D	2d641b68136bd896970f29db103ca066948fc91e	0000000000000000000000000000000000000000
delinked/random_math_FUN_10ae30.obj	c294a2babae3c9f9cc50a45082ce4e84ffdce67f	A	0000000000000000000000000000000000000000	2d641b68136bd896970f29db103ca066948fc91e
delinked/random_math_FUN_10ae30.obj	c737d34e633f7ec77596d8a67f0a231b8ec0f0a5	A	0000000000000000000000000000000000000000	2d641b68136bd896970f29db103ca066948fc91e
delinked/random_math_FUN_10ae30.obj	cd675867f532d7aeda9dbf4a3880892afac5778a	M	7a4b52c02df8e59eefe93187b10b37cf1db9a378	2d641b68136bd896970f29db103ca066948fc91e
delinked/random_math_FUN_10ae30.obj	d3ca4f52c3142a71692c9b13edb0138494ede4a8	A	0000000000000000000000000000000000000000	7a4b52c02df8e59eefe93187b10b37cf1db9a378
delinked/random_math_FUN_10ae30.obj	ee6f5a972a6a54cc93a5a7e19363d3592b367394	A	0000000000000000000000000000000000000000	2d641b68136bd896970f29db103ca066948fc91e
delinked/random_math_FUN_10ae80.obj	63410da644a5d697826475c105850c7a793113a1	A	0000000000000000000000000000000000000000	030692213439da892e0eb43cb4b10248f88ff81b
delinked/random_math_FUN_10ae80.obj	a7dbb87ba2c22e2957ca2c30f06f4831b99d100a	D	030692213439da892e0eb43cb4b10248f88ff81b	0000000000000000000000000000000000000000
delinked/random_math_FUN_10ae80.obj	c294a2babae3c9f9cc50a45082ce4e84ffdce67f	A	0000000000000000000000000000000000000000	030692213439da892e0eb43cb4b10248f88ff81b
delinked/random_math_FUN_10ae80.obj	c737d34e633f7ec77596d8a67f0a231b8ec0f0a5	A	0000000000000000000000000000000000000000	030692213439da892e0eb43cb4b10248f88ff81b
delinked/random_math_FUN_10ae80.obj	df0ebab5ae8d1ac4fd3777f22412d3f7001722f0	A	0000000000000000000000000000000000000000	030692213439da892e0eb43cb4b10248f88ff81b
delinked/random_math_FUN_10ae80.obj	ee6f5a972a6a54cc93a5a7e19363d3592b367394	A	0000000000000000000000000000000000000000	030692213439da892e0eb43cb4b10248f88ff81b
delinked/random_math_FUN_10ae80.obj	fb65928b36f48144f294cb691be8aa3db0b9e400	A	0000000000000000000000000000000000000000	030692213439da892e0eb43cb4b10248f88ff81b
delinked/random_math_FUN_10af70.obj	63410da644a5d697826475c105850c7a793113a1	A	0000000000000000000000000000000000000000	7cc34d5ca926ac2449720bb515abc455845b23b1
delinked/random_math_FUN_10af70.obj	a7dbb87ba2c22e2957ca2c30f06f4831b99d100a	D	7cc34d5ca926ac2449720bb515abc455845b23b1	0000000000000000000000000000000000000000
delinked/random_math_FUN_10af70.obj	c294a2babae3c9f9cc50a45082ce4e84ffdce67f	A	0000000000000000000000000000000000000000	7cc34d5ca926ac2449720bb515abc455845b23b1
delinked/random_math_FUN_10af70.obj	c737d34e633f7ec77596d8a67f0a231b8ec0f0a5	A	0000000000000000000000000000000000000000	7cc34d5ca926ac2449720bb515abc455845b23b1
delinked/random_math_FUN_10af70.obj	df0ebab5ae8d1ac4fd3777f22412d3f7001722f0	A	0000000000000000000000000000000000000000	7cc34d5ca926ac2449720bb515abc455845b23b1
delinked/random_math_FUN_10af70.obj	ee6f5a972a6a54cc93a5a7e19363d3592b367394	A	0000000000000000000000000000000000000000	7cc34d5ca926ac2449720bb515abc455845b23b1
delinked/random_math_FUN_10af70.obj	fb65928b36f48144f294cb691be8aa3db0b9e400	A	0000000000000000000000000000000000000000	7cc34d5ca926ac2449720bb515abc455845b23b1
delinked/random_math_FUN_10b110.obj	13542ad345ab644d139266695a30f8edf2cbd42f	A	0000000000000000000000000000000000000000	bd20b8f2aa1a794516c7f2bcad1b64b6e0b657e3
delinked/random_math_FUN_10b110.obj	6da2d6121679520a35d0087d9c9af560852d7bdf	A	0000000000000000000000000000000000000000	bd20b8f2aa1a794516c7f2bcad1b64b6e0b657e3
delinked/random_math_FUN_10b110.obj	a7dbb87ba2c22e2957ca2c30f06f4831b99d100a	D	bd20b8f2aa1a794516c7f2bcad1b64b6e0b657e3	0000000000000000000000000000000000000000
delinked/random_math_FUN_10b110.obj	c737d34e633f7ec77596d8a67f0a231b8ec0f0a5	A	0000000000000000000000000000000000000000	bd20b8f2aa1a794516c7f2bcad1b64b6e0b657e3
delinked/random_math_FUN_10b110.obj	d91b33be10887b291f80872744be889b85982ec8	A	0000000000000000000000000000000000000000	bd20b8f2aa1a794516c7f2bcad1b64b6e0b657e3
delinked/random_math_FUN_10b110.obj	ee6f5a972a6a54cc93a5a7e19363d3592b367394	A	0000000000000000000000000000000000000000	bd20b8f2aa1a794516c7f2bcad1b64b6e0b657e3
delinked/random_math_FUN_10b110.obj	fca335a314634db5e264b7f8788f11cce989e36e	A	0000000000000000000000000000000000000000	bd20b8f2aa1a794516c7f2bcad1b64b6e0b657e3
delinked/random_math_FUN_10b160.obj	39be8a4442431f6cc23e914582284850db4b2e37	A	0000000000000000000000000000000000000000	5bcf71afce871b43791d8ba4e1ba7b9f995c93e9
delinked/random_math_FUN_10b160.obj	a7dbb87ba2c22e2957ca2c30f06f4831b99d100a	D	5bcf71afce871b43791d8ba4e1ba7b9f995c93e9	0000000000000000000000000000000000000000
delinked/random_math_FUN_10b160.obj	c737d34e633f7ec77596d8a67f0a231b8ec0f0a5	A	0000000000000000000000000000000000000000	5bcf71afce871b43791d8ba4e1ba7b9f995c93e9
delinked/random_math_FUN_10b160.obj	cc1920102b401727597b4df74a614700c3e70701	A	0000000000000000000000000000000000000000	5bcf71afce871b43791d8ba4e1ba7b9f995c93e9
delinked/random_math_FUN_10b160.obj	ee6f5a972a6a54cc93a5a7e19363d3592b367394	A	0000000000000000000000000000000000000000	5bcf71afce871b43791d8ba4e1ba7b9f995c93e9
delinked/random_math_FUN_10b3c0.obj	13542ad345ab644d139266695a30f8edf2cbd42f	A	0000000000000000000000000000000000000000	95bad7ba8ef73efd208509ea795064e33aba81a8
delinked/random_math_FUN_10b3c0.obj	6da2d6121679520a35d0087d9c9af560852d7bdf	A	0000000000000000000000000000000000000000	95bad7ba8ef73efd208509ea795064e33aba81a8
delinked/random_math_FUN_10b3c0.obj	a7dbb87ba2c22e2957ca2c30f06f4831b99d100a	D	95bad7ba8ef73efd208509ea795064e33aba81a8	0000000000000000000000000000000000000000
delinked/random_math_FUN_10b3c0.obj	c737d34e633f7ec77596d8a67f0a231b8ec0f0a5	A	0000000000000000000000000000000000000000	95bad7ba8ef73efd208509ea795064e33aba81a8
delinked/random_math_FUN_10b3c0.obj	d91b33be10887b291f80872744be889b85982ec8	A	0000000000000000000000000000000000000000	95bad7ba8ef73efd208509ea795064e33aba81a8
delinked/random_math_FUN_10b3c0.obj	ee6f5a972a6a54cc93a5a7e19363d3592b367394	A	0000000000000000000000000000000000000000	95bad7ba8ef73efd208509ea795064e33aba81a8
delinked/random_math_FUN_10b3c0.obj	fca335a314634db5e264b7f8788f11cce989e36e	A	0000000000000000000000000000000000000000	95bad7ba8ef73efd208509ea795064e33aba81a8
delinked/random_math_FUN_10b9c0.obj	13542ad345ab644d139266695a30f8edf2cbd42f	A	0000000000000000000000000000000000000000	cf30e779f8ec7c86b384c89f41574494753994ef
delinked/random_math_FUN_10b9c0.obj	6da2d6121679520a35d0087d9c9af560852d7bdf	A	0000000000000000000000000000000000000000	cf30e779f8ec7c86b384c89f41574494753994ef
delinked/random_math_FUN_10b9c0.obj	a7dbb87ba2c22e2957ca2c30f06f4831b99d100a	D	cf30e779f8ec7c86b384c89f41574494753994ef	0000000000000000000000000000000000000000
delinked/random_math_FUN_10b9c0.obj	c737d34e633f7ec77596d8a67f0a231b8ec0f0a5	A	0000000000000000000000000000000000000000	cf30e779f8ec7c86b384c89f41574494753994ef
delinked/random_math_FUN_10b9c0.obj	d91b33be10887b291f80872744be889b85982ec8	A	0000000000000000000000000000000000000000	cf30e779f8ec7c86b384c89f41574494753994ef
delinked/random_math_FUN_10b9c0.obj	ee6f5a972a6a54cc93a5a7e19363d3592b367394	A	0000000000000000000000000000000000000000	cf30e779f8ec7c86b384c89f41574494753994ef
delinked/random_math_FUN_10b9c0.obj	fca335a314634db5e264b7f8788f11cce989e36e	A	0000000000000000000000000000000000000000	cf30e779f8ec7c86b384c89f41574494753994ef
delinked/random_math_FUN_10ba90.obj	122758dd4b5953e214ef306086ee2d88a3ddc5e9	A	0000000000000000000000000000000000000000	530b5811963ab850c0c8c7770022b0788ea250dc
delinked/random_math_FUN_10ba90.obj	21de3a806776c0702ab692789c8bdb30a5c73d7a	A	0000000000000000000000000000000000000000	530b5811963ab850c0c8c7770022b0788ea250dc
delinked/random_math_FUN_10ba90.obj	a7dbb87ba2c22e2957ca2c30f06f4831b99d100a	D	530b5811963ab850c0c8c7770022b0788ea250dc	0000000000000000000000000000000000000000
delinked/random_math_FUN_10ba90.obj	c62100c213d6af750b221d6ff481d0c0e8781ad6	A	0000000000000000000000000000000000000000	530b5811963ab850c0c8c7770022b0788ea250dc
delinked/random_math_FUN_10ba90.obj	c737d34e633f7ec77596d8a67f0a231b8ec0f0a5	A	0000000000000000000000000000000000000000	530b5811963ab850c0c8c7770022b0788ea250dc
delinked/random_math_FUN_10ba90.obj	ee6f5a972a6a54cc93a5a7e19363d3592b367394	A	0000000000000000000000000000000000000000	530b5811963ab850c0c8c7770022b0788ea250dc
delinked/random_math_FUN_10c290.obj	414298463862b03eece3ebf9ac10b986b6cc7a2e	A	0000000000000000000000000000000000000000	63167a18e19660d63301de1f12af4b28616aed41
delinked/random_math_FUN_10c290.obj	7e1eee25507c52e753044165d276688f5085f0be	A	0000000000000000000000000000000000000000	63167a18e19660d63301de1f12af4b28616aed41
delinked/random_math_FUN_10c290.obj	a7dbb87ba2c22e2957ca2c30f06f4831b99d100a	D	63167a18e19660d63301de1f12af4b28616aed41	0000000000000000000000000000000000000000
delinked/random_math_FUN_10c290.obj	c737d34e633f7ec77596d8a67f0a231b8ec0f0a5	A	0000000000000000000000000000000000000000	63167a18e19660d63301de1f12af4b28616aed41
delinked/random_math_FUN_10c290.obj	e54d8b951ccdc9038d1ea929d57f07b82462c0b9	A	0000000000000000000000000000000000000000	63167a18e19660d63301de1f12af4b28616aed41
delinked/random_math_FUN_10c290.obj	ee6f5a972a6a54cc93a5a7e19363d3592b367394	A	0000000000000000000000000000000000000000	63167a18e19660d63301de1f12af4b28616aed41
delinked/random_math_FUN_10c2e0.obj	13542ad345ab644d139266695a30f8edf2cbd42f	A	0000000000000000000000000000000000000000	5f9a7bc06b2112ade94d36fb8dcbdf8e6c00b6f3
delinked/random_math_FUN_10c2e0.obj	6da2d6121679520a35d0087d9c9af560852d7bdf	A	0000000000000000000000000000000000000000	5f9a7bc06b2112ade94d36fb8dcbdf8e6c00b6f3
delinked/random_math_FUN_10c2e0.obj	a7dbb87ba2c22e2957ca2c30f06f4831b99d100a	D	5f9a7bc06b2112ade94d36fb8dcbdf8e6c00b6f3	0000000000000000000000000000000000000000
delinked/random_math_FUN_10c2e0.obj	c737d34e633f7ec77596d8a67f0a231b8ec0f0a5	A	0000000000000000000000000000000000000000	5f9a7bc06b2112ade94d36fb8dcbdf8e6c00b6f3
delinked/random_math_FUN_10c2e0.obj	d91b33be10887b291f80872744be889b85982ec8	A	0000000000000000000000000000000000000000	5f9a7bc06b2112ade94d36fb8dcbdf8e6c00b6f3
delinked/random_math_FUN_10c2e0.obj	ee6f5a972a6a54cc93a5a7e19363d3592b367394	A	0000000000000000000000000000000000000000	5f9a7bc06b2112ade94d36fb8dcbdf8e6c00b6f3
delinked/random_math_FUN_10c2e0.obj	fca335a314634db5e264b7f8788f11cce989e36e	A	0000000000000000000000000000000000000000	5f9a7bc06b2112ade94d36fb8dcbdf8e6c00b6f3
delinked/random_math_FUN_10c340.obj	13542ad345ab644d139266695a30f8edf2cbd42f	A	0000000000000000000000000000000000000000	3ed32ae880ed2eba36c72ed35972282f60fee062
delinked/random_math_FUN_10c340.obj	6da2d6121679520a35d0087d9c9af560852d7bdf	A	0000000000000000000000000000000000000000	3ed32ae880ed2eba36c72ed35972282f60fee062
delinked/random_math_FUN_10c340.obj	a7dbb87ba2c22e2957ca2c30f06f4831b99d100a	D	3ed32ae880ed2eba36c72ed35972282f60fee062	0000000000000000000000000000000000000000
delinked/random_math_FUN_10c340.obj	c737d34e633f7ec77596d8a67f0a231b8ec0f0a5	A	0000000000000000000000000000000000000000	3ed32ae880ed2eba36c72ed35972282f60fee062
delinked/random_math_FUN_10c340.obj	d91b33be10887b291f80872744be889b85982ec8	A	0000000000000000000000000000000000000000	3ed32ae880ed2eba36c72ed35972282f60fee062
delinked/random_math_FUN_10c340.obj	ee6f5a972a6a54cc93a5a7e19363d3592b367394	A	0000000000000000000000000000000000000000	3ed32ae880ed2eba36c72ed35972282f60fee062
delinked/random_math_FUN_10c340.obj	fca335a314634db5e264b7f8788f11cce989e36e	A	0000000000000000000000000000000000000000	3ed32ae880ed2eba36c72ed35972282f60fee062
delinked/random_math_FUN_10c780.obj	13542ad345ab644d139266695a30f8edf2cbd42f	A	0000000000000000000000000000000000000000	76ddd877754b8fa5a35310ebc532cc216992330b
delinked/random_math_FUN_10c780.obj	6da2d6121679520a35d0087d9c9af560852d7bdf	A	0000000000000000000000000000000000000000	76ddd877754b8fa5a35310ebc532cc216992330b
delinked/random_math_FUN_10c780.obj	a7dbb87ba2c22e2957ca2c30f06f4831b99d100a	D	76ddd877754b8fa5a35310ebc532cc216992330b	0000000000000000000000000000000000000000
delinked/random_math_FUN_10c780.obj	c737d34e633f7ec77596d8a67f0a231b8ec0f0a5	A	0000000000000000000000000000000000000000	76ddd877754b8fa5a35310ebc532cc216992330b
delinked/random_math_FUN_10c780.obj	d91b33be10887b291f80872744be889b85982ec8	A	0000000000000000000000000000000000000000	76ddd877754b8fa5a35310ebc532cc216992330b
delinked/random_math_FUN_10c780.obj	ee6f5a972a6a54cc93a5a7e19363d3592b367394	A	0000000000000000000000000000000000000000	76ddd877754b8fa5a35310ebc532cc216992330b
delinked/random_math_FUN_10c780.obj	fca335a314634db5e264b7f8788f11cce989e36e	A	0000000000000000000000000000000000000000	76ddd877754b8fa5a35310ebc532cc216992330b
delinked/random_math_FUN_10c7d0.obj	13542ad345ab644d139266695a30f8edf2cbd42f	A	0000000000000000000000000000000000000000	ef9c4ec971c9f7a799184a2679bb2435ab0c7c99
delinked/random_math_FUN_10c7d0.obj	6da2d6121679520a35d0087d9c9af560852d7bdf	A	0000000000000000000000000000000000000000	ef9c4ec971c9f7a799184a2679bb2435ab0c7c99
delinked/random_math_FUN_10c7d0.obj	a7dbb87ba2c22e2957ca2c30f06f4831b99d100a	D	ef9c4ec971c9f7a799184a2679bb2435ab0c7c99	0000000000000000000000000000000000000000
delinked/random_math_FUN_10c7d0.obj	c737d34e633f7ec77596d8a67f0a231b8ec0f0a5	A	0000000000000000000000000000000000000000	ef9c4ec971c9f7a799184a2679bb2435ab0c7c99
delinked/random_math_FUN_10c7d0.obj	d91b33be10887b291f80872744be889b85982ec8	A	0000000000000000000000000000000000000000	ef9c4ec971c9f7a799184a2679bb2435ab0c7c99
delinked/random_math_FUN_10c7d0.obj	ee6f5a972a6a54cc93a5a7e19363d3592b367394	A	0000000000000000000000000000000000000000	ef9c4ec971c9f7a799184a2679bb2435ab0c7c99
delinked/random_math_FUN_10c7d0.obj	fca335a314634db5e264b7f8788f11cce989e36e	A	0000000000000000000000000000000000000000	ef9c4ec971c9f7a799184a2679bb2435ab0c7c99
delinked/random_math_FUN_10c920.obj	13542ad345ab644d139266695a30f8edf2cbd42f	A	0000000000000000000000000000000000000000	d2ced6a7b98d77f465cd4176b2c0b457f1e2b15e
delinked/random_math_FUN_10c920.obj	6da2d6121679520a35d0087d9c9af560852d7bdf	A	0000000000000000000000000000000000000000	d2ced6a7b98d77f465cd4176b2c0b457f1e2b15e
delinked/random_math_FUN_10c920.obj	a7dbb87ba2c22e2957ca2c30f06f4831b99d100a	D	d2ced6a7b98d77f465cd4176b2c0b457f1e2b15e	0000000000000000000000000000000000000000
delinked/random_math_FUN_10c920.obj	c737d34e633f7ec77596d8a67f0a231b8ec0f0a5	A	0000000000000000000000000000000000000000	d2ced6a7b98d77f465cd4176b2c0b457f1e2b15e
delinked/random_math_FUN_10c920.obj	d91b33be10887b291f80872744be889b85982ec8	A	0000000000000000000000000000000000000000	d2ced6a7b98d77f465cd4176b2c0b457f1e2b15e
delinked/random_math_FUN_10c920.obj	ee6f5a972a6a54cc93a5a7e19363d3592b367394	A	0000000000000000000000000000000000000000	d2ced6a7b98d77f465cd4176b2c0b457f1e2b15e
delinked/random_math_FUN_10c920.obj	fca335a314634db5e264b7f8788f11cce989e36e	A	0000000000000000000000000000000000000000	d2ced6a7b98d77f465cd4176b2c0b457f1e2b15e
delinked/rasterizer_FUN_00174d10.obj	c737d34e633f7ec77596d8a67f0a231b8ec0f0a5	A	0000000000000000000000000000000000000000	ea5ef0b83ae51519c565a358788ca54cd31e5cbe
delinked/rasterizer_FUN_00174d10.obj	ee6f5a972a6a54cc93a5a7e19363d3592b367394	A	0000000000000000000000000000000000000000	ea5ef0b83ae51519c565a358788ca54cd31e5cbe
delinked/rasterizer_xbox_lights_FUN_169fd0.obj	010eb7e77a5d93b8f6af75689d78a3930888530b	A	0000000000000000000000000000000000000000	b102b459d7add77e86887952b98e18eb9b426c14
delinked/rasterizer_xbox_lights_FUN_169fd0.obj	066c3c85cc22a27bac5f457da21c701eee0a68d2	A	0000000000000000000000000000000000000000	b102b459d7add77e86887952b98e18eb9b426c14
delinked/rasterizer_xbox_lights_FUN_169fd0.obj	0c7858e7f5d311609d6f27ef81b742bb2eb98425	D	b102b459d7add77e86887952b98e18eb9b426c14	0000000000000000000000000000000000000000
delinked/rasterizer_xbox_lights_FUN_169fd0.obj	0e1493a5cdd260cdf01940999b7ff20442cfadcf	A	0000000000000000000000000000000000000000	b102b459d7add77e86887952b98e18eb9b426c14
delinked/rasterizer_xbox_lights_FUN_169fd0.obj	0ee9791b8548f5059a4dd9a5077dc9ccb9c2a230	A	0000000000000000000000000000000000000000	b102b459d7add77e86887952b98e18eb9b426c14
delinked/rasterizer_xbox_lights_FUN_169fd0.obj	102061c9c6b0a801eabff89170f8238657d978d5	A	0000000000000000000000000000000000000000	b102b459d7add77e86887952b98e18eb9b426c14
delinked/rasterizer_xbox_lights_FUN_169fd0.obj	167d2390be89cda5dfa435006462b835f9de6758	A	0000000000000000000000000000000000000000	b102b459d7add77e86887952b98e18eb9b426c14
delinked/rasterizer_xbox_lights_FUN_169fd0.obj	183b8ac12dcfb1630258abf1fd39d3825e5a1c2e	A	0000000000000000000000000000000000000000	b102b459d7add77e86887952b98e18eb9b426c14
delinked/rasterizer_xbox_lights_FUN_169fd0.obj	19113b20527042f58cd6c787e44f24e7cfd75cea	D	b102b459d7add77e86887952b98e18eb9b426c14	0000000000000000000000000000000000000000
delinked/rasterizer_xbox_lights_FUN_169fd0.obj	24ae0ed40036bb9028ab4eb917254d12042e26a5	D	b102b459d7add77e86887952b98e18eb9b426c14	0000000000000000000000000000000000000000
delinked/rasterizer_xbox_lights_FUN_169fd0.obj	299f6ee927b9d9a6f1a690fdf992bf2798cdbb27	A	0000000000000000000000000000000000000000	b102b459d7add77e86887952b98e18eb9b426c14
delinked/rasterizer_xbox_lights_FUN_169fd0.obj	2bf2c1133ae2162a575417f2ad7c20bcf236c8b8	A	0000000000000000000000000000000000000000	b102b459d7add77e86887952b98e18eb9b426c14
delinked/rasterizer_xbox_lights_FUN_169fd0.obj	2d978c989dea7217444bf43e25b668459de63eb5	A	0000000000000000000000000000000000000000	b102b459d7add77e86887952b98e18eb9b426c14
delinked/rasterizer_xbox_lights_FUN_169fd0.obj	2e933275bf07b36748fe38f7c556b0effee3d683	A	0000000000000000000000000000000000000000	b102b459d7add77e86887952b98e18eb9b426c14
delinked/rasterizer_xbox_lights_FUN_169fd0.obj	32839380c060bd9e9475bdabf27d6984774bfef1	A	0000000000000000000000000000000000000000	b102b459d7add77e86887952b98e18eb9b426c14
delinked/rasterizer_xbox_lights_FUN_169fd0.obj	34108a0da55e692cd08f6dfe31ee51bd55653214	A	0000000000000000000000000000000000000000	b102b459d7add77e86887952b98e18eb9b426c14
delinked/rasterizer_xbox_lights_FUN_169fd0.obj	3702f2768537d44cd6e9223a20a950c08f083f51	A	0000000000000000000000000000000000000000	b102b459d7add77e86887952b98e18eb9b426c14
delinked/rasterizer_xbox_lights_FUN_169fd0.obj	395c9351429bc9cf714775c3dc975717a73579be	A	0000000000000000000000000000000000000000	b102b459d7add77e86887952b98e18eb9b426c14
delinked/rasterizer_xbox_lights_FUN_169fd0.obj	41cd995b3105088ffe1d26188179d37d222c9a32	A	0000000000000000000000000000000000000000	b102b459d7add77e86887952b98e18eb9b426c14
delinked/rasterizer_xbox_lights_FUN_169fd0.obj	43c824b945aa86b81d545ec22a60ed9d2e192cc1	A	0000000000000000000000000000000000000000	b102b459d7add77e86887952b98e18eb9b426c14
delinked/rasterizer_xbox_lights_FUN_169fd0.obj	4d467de94aa3fbd8df940f8b77cf393c7e39e97c	A	0000000000000000000000000000000000000000	b102b459d7add77e86887952b98e18eb9b426c14
delinked/rasterizer_xbox_lights_FUN_169fd0.obj	51b3dfa3adfcf862efe551ea835dab53d59d558d	A	0000000000000000000000000000000000000000	b102b459d7add77e86887952b98e18eb9b426c14
delinked/rasterizer_xbox_lights_FUN_169fd0.obj	5244320a401d2b27bcf9dd4056f1be8ebb514271	A	0000000000000000000000000000000000000000	b102b459d7add77e86887952b98e18eb9b426c14
delinked/rasterizer_xbox_lights_FUN_169fd0.obj	53acd73f8342832656d729cde9d4d682c61a8ec7	A	0000000000000000000000000000000000000000	b102b459d7add77e86887952b98e18eb9b426c14
delinked/rasterizer_xbox_lights_FUN_169fd0.obj	585dc70890cc8e26145b9b2744c925b6e8a8603f	A	0000000000000000000000000000000000000000	b102b459d7add77e86887952b98e18eb9b426c14
delinked/rasterizer_xbox_lights_FUN_169fd0.obj	5c142285e6267285dfc363fa654c4efcfaf8c624	A	0000000000000000000000000000000000000000	b102b459d7add77e86887952b98e18eb9b426c14
delinked/rasterizer_xbox_lights_FUN_169fd0.obj	5ce39888a47e67c1d962c9969f38777c4b95c909	A	0000000000000000000000000000000000000000	b102b459d7add77e86887952b98e18eb9b426c14
delinked/rasterizer_xbox_lights_FUN_169fd0.obj	5f0ebbe4943f128d073b4e3dbefe44db1c2c7276	A	0000000000000000000000000000000000000000	b102b459d7add77e86887952b98e18eb9b426c14
delinked/rasterizer_xbox_lights_FUN_169fd0.obj	60f0e2557d19c112731ac281b280f6eeae5b2a71	A	0000000000000000000000000000000000000000	b102b459d7add77e86887952b98e18eb9b426c14
delinked/rasterizer_xbox_lights_FUN_169fd0.obj	621ce65a364b5723737d13ca098743f70ccaf5f7	A	0000000000000000000000000000000000000000	b102b459d7add77e86887952b98e18eb9b426c14
delinked/rasterizer_xbox_lights_FUN_169fd0.obj	64573b4b84a041725c817768fb7b3814705c7058	D	b102b459d7add77e86887952b98e18eb9b426c14	0000000000000000000000000000000000000000
delinked/rasterizer_xbox_lights_FUN_169fd0.obj	6502dede62b3658670220dc6ae85af447cfc0836	D	b102b459d7add77e86887952b98e18eb9b426c14	0000000000000000000000000000000000000000
delinked/rasterizer_xbox_lights_FUN_169fd0.obj	6c59d3549347a0c7b5dee60ef281349787331554	A	0000000000000000000000000000000000000000	b102b459d7add77e86887952b98e18eb9b426c14
delinked/rasterizer_xbox_lights_FUN_169fd0.obj	6c726e8da9abfee0c3e94c0cfe02b943a79d4b03	A	0000000000000000000000000000000000000000	b102b459d7add77e86887952b98e18eb9b426c14
delinked/rasterizer_xbox_lights_FUN_169fd0.obj	6f8396f03a04fa7fadbedf7a4e567d0af1c49f52	A	0000000000000000000000000000000000000000	b102b459d7add77e86887952b98e18eb9b426c14
delinked/rasterizer_xbox_lights_FUN_169fd0.obj	705d8b799745f100be6713d55d7c27495e5effe7	A	0000000000000000000000000000000000000000	b102b459d7add77e86887952b98e18eb9b426c14
delinked/rasterizer_xbox_lights_FUN_169fd0.obj	776bd2b3ebebf802af6757ffc4f0c09886caa2b7	A	0000000000000000000000000000000000000000	b102b459d7add77e86887952b98e18eb9b426c14
delinked/rasterizer_xbox_lights_FUN_169fd0.obj	7b9504ba0608bdcda49a66af9b22f4bc3a168802	D	b102b459d7add77e86887952b98e18eb9b426c14	0000000000000000000000000000000000000000
delinked/rasterizer_xbox_lights_FUN_169fd0.obj	85d79f95ee5e257011c4234001fb4940ae3541bf	A	0000000000000000000000000000000000000000	b102b459d7add77e86887952b98e18eb9b426c14
delinked/rasterizer_xbox_lights_FUN_169fd0.obj	85dc44621d563dc3c1c247409499f2e3e69b738b	A	0000000000000000000000000000000000000000	b102b459d7add77e86887952b98e18eb9b426c14
delinked/rasterizer_xbox_lights_FUN_169fd0.obj	8642932931b6b8d0ff1ae3896aaf07f06c3192da	A	0000000000000000000000000000000000000000	b102b459d7add77e86887952b98e18eb9b426c14
delinked/rasterizer_xbox_lights_FUN_169fd0.obj	8bf17681882fd9f78ca445b6395602ef8b8518d6	A	0000000000000000000000000000000000000000	b102b459d7add77e86887952b98e18eb9b426c14
delinked/rasterizer_xbox_lights_FUN_169fd0.obj	8c15d69a02dd81387815f4efe39d328220b282ad	A	0000000000000000000000000000000000000000	b102b459d7add77e86887952b98e18eb9b426c14
delinked/rasterizer_xbox_lights_FUN_169fd0.obj	91d110786a657d717743b2f28cc4832be356fe8d	A	0000000000000000000000000000000000000000	b102b459d7add77e86887952b98e18eb9b426c14
delinked/rasterizer_xbox_lights_FUN_169fd0.obj	92744f5459c84c7a57e9bc970813f3cc765c64ea	A	0000000000000000000000000000000000000000	b102b459d7add77e86887952b98e18eb9b426c14
delinked/rasterizer_xbox_lights_FUN_169fd0.obj	93e24f27ac641e4c3477f9b1e6c193c9cd2a4f4e	A	0000000000000000000000000000000000000000	b102b459d7add77e86887952b98e18eb9b426c14
delinked/rasterizer_xbox_lights_FUN_169fd0.obj	99091fda43148f3bc1107df49c82379be1a25881	A	0000000000000000000000000000000000000000	b102b459d7add77e86887952b98e18eb9b426c14
delinked/rasterizer_xbox_lights_FUN_169fd0.obj	9ae4aaa4301b193e6ec8946813e3e84ba2a79cd1	A	0000000000000000000000000000000000000000	b102b459d7add77e86887952b98e18eb9b426c14
delinked/rasterizer_xbox_lights_FUN_169fd0.obj	9da6fcd7ba52aa0380962d1bf178a28a44b2278f	A	0000000000000000000000000000000000000000	b102b459d7add77e86887952b98e18eb9b426c14
delinked/rasterizer_xbox_lights_FUN_169fd0.obj	9e2691af1712f9a2d604b06bb0fa3869fa5ab461	A	0000000000000000000000000000000000000000	b102b459d7add77e86887952b98e18eb9b426c14
delinked/rasterizer_xbox_lights_FUN_169fd0.obj	a35d236cc92a4d7a4d3cf521ecf17e0fe218204a	A	0000000000000000000000000000000000000000	b102b459d7add77e86887952b98e18eb9b426c14
delinked/rasterizer_xbox_lights_FUN_169fd0.obj	a6316727cb836be0b3aef697a540d424b5362f5f	A	0000000000000000000000000000000000000000	b102b459d7add77e86887952b98e18eb9b426c14
delinked/rasterizer_xbox_lights_FUN_169fd0.obj	a7c65d6c55ae404dc2ac6cb2abfcc4acc7d6c06e	A	0000000000000000000000000000000000000000	b102b459d7add77e86887952b98e18eb9b426c14
delinked/rasterizer_xbox_lights_FUN_169fd0.obj	a89f50edd03ce16bd97208c8c81efc341d811648	A	0000000000000000000000000000000000000000	b102b459d7add77e86887952b98e18eb9b426c14
delinked/rasterizer_xbox_lights_FUN_169fd0.obj	ad40519d4a47474a34b0c3874d7b8e1a7f2c9b4b	A	0000000000000000000000000000000000000000	b102b459d7add77e86887952b98e18eb9b426c14
delinked/rasterizer_xbox_lights_FUN_169fd0.obj	ae4e0954bde158fed41f0ea5ab2547355553d0bb	A	0000000000000000000000000000000000000000	b102b459d7add77e86887952b98e18eb9b426c14
delinked/rasterizer_xbox_lights_FUN_169fd0.obj	aedcae4d12dabc97158065a67424a6fc1761894e	A	0000000000000000000000000000000000000000	b102b459d7add77e86887952b98e18eb9b426c14
delinked/rasterizer_xbox_lights_FUN_169fd0.obj	b12a62b04c1ba54d13144b7b33c8a6fc12ac6fc8	A	0000000000000000000000000000000000000000	b102b459d7add77e86887952b98e18eb9b426c14
delinked/rasterizer_xbox_lights_FUN_169fd0.obj	b906d2a5654131f6b8ed3c42eb0a99e3ca7bf60f	A	0000000000000000000000000000000000000000	b102b459d7add77e86887952b98e18eb9b426c14
delinked/rasterizer_xbox_lights_FUN_169fd0.obj	ba2c9a52ab9a2608f2b391af0c779b086d7de3f0	A	0000000000000000000000000000000000000000	b102b459d7add77e86887952b98e18eb9b426c14
delinked/rasterizer_xbox_lights_FUN_169fd0.obj	bea5e76bddb10f56ea673f62fbb2c59a90ef6460	A	0000000000000000000000000000000000000000	b102b459d7add77e86887952b98e18eb9b426c14
delinked/rasterizer_xbox_lights_FUN_169fd0.obj	bf145bbff4d371ff85906bc14d9ea02aeaac6e6a	A	0000000000000000000000000000000000000000	b102b459d7add77e86887952b98e18eb9b426c14
delinked/rasterizer_xbox_lights_FUN_169fd0.obj	c095784ee562be60e2a45ecdad850d306deb515b	A	0000000000000000000000000000000000000000	b102b459d7add77e86887952b98e18eb9b426c14
delinked/rasterizer_xbox_lights_FUN_169fd0.obj	c09c3f3f01d292c839613e0da5a78a7783f46c05	A	0000000000000000000000000000000000000000	b102b459d7add77e86887952b98e18eb9b426c14
delinked/rasterizer_xbox_lights_FUN_169fd0.obj	c4a787a4b4e1bc6f6ceb5b47a419caf18efd5ce5	A	0000000000000000000000000000000000000000	b102b459d7add77e86887952b98e18eb9b426c14
delinked/rasterizer_xbox_lights_FUN_169fd0.obj	c53704ecee007ef1216a70e29bbc9ba576fb0594	A	0000000000000000000000000000000000000000	b102b459d7add77e86887952b98e18eb9b426c14
delinked/rasterizer_xbox_lights_FUN_169fd0.obj	c6f9345816d517f2066115adb5f2272c7b716336	A	0000000000000000000000000000000000000000	b102b459d7add77e86887952b98e18eb9b426c14
delinked/rasterizer_xbox_lights_FUN_169fd0.obj	ce6410afe31f200cbc280b17f5aa9af88373d5ad	A	0000000000000000000000000000000000000000	b102b459d7add77e86887952b98e18eb9b426c14
delinked/rasterizer_xbox_lights_FUN_169fd0.obj	cf68a7c98c46d9a482074e6a9b056f6237a1e26f	A	0000000000000000000000000000000000000000	b102b459d7add77e86887952b98e18eb9b426c14
delinked/rasterizer_xbox_lights_FUN_169fd0.obj	cff4b183da3b97a3f1e919b79150d7ce7e47285f	A	0000000000000000000000000000000000000000	b102b459d7add77e86887952b98e18eb9b426c14
delinked/rasterizer_xbox_lights_FUN_169fd0.obj	d0517d0180b7a771e4d129ffadd3c04c9a81b10d	A	0000000000000000000000000000000000000000	b102b459d7add77e86887952b98e18eb9b426c14
delinked/rasterizer_xbox_lights_FUN_169fd0.obj	dae5ba868e2b1e45977745234ee569661d6f0780	A	0000000000000000000000000000000000000000	b102b459d7add77e86887952b98e18eb9b426c14
delinked/rasterizer_xbox_lights_FUN_169fd0.obj	dc4ee6d6371c77331558c69b04112c7ff41bdf51	A	0000000000000000000000000000000000000000	b102b459d7add77e86887952b98e18eb9b426c14
delinked/rasterizer_xbox_lights_FUN_169fd0.obj	de701b97557ed78fd96021d9895caba54792f56f	D	b102b459d7add77e86887952b98e18eb9b426c14	0000000000000000000000000000000000000000
delinked/rasterizer_xbox_lights_FUN_169fd0.obj	e00ad6c4fa4f5dd1d05744130011b452d9654ecd	A	0000000000000000000000000000000000000000	b102b459d7add77e86887952b98e18eb9b426c14
delinked/rasterizer_xbox_lights_FUN_169fd0.obj	e564a77e9a0afb55e87c4283a42b88461504b03a	A	0000000000000000000000000000000000000000	b102b459d7add77e86887952b98e18eb9b426c14
delinked/rasterizer_xbox_lights_FUN_169fd0.obj	e629badef8066e908f63adf4e6110ba850428273	A	0000000000000000000000000000000000000000	b102b459d7add77e86887952b98e18eb9b426c14
delinked/rasterizer_xbox_lights_FUN_169fd0.obj	e8b5d49d02f5464761364c8492ba4393ed0ad5c4	A	0000000000000000000000000000000000000000	b102b459d7add77e86887952b98e18eb9b426c14
delinked/rasterizer_xbox_lights_FUN_169fd0.obj	ef7f3b5bbc834b01f9bd44883d1a57e6b8343d44	A	0000000000000000000000000000000000000000	b102b459d7add77e86887952b98e18eb9b426c14
delinked/rasterizer_xbox_lights_FUN_169fd0.obj	f2575d37e452fba07b6457c47d65259e211b05f3	D	b102b459d7add77e86887952b98e18eb9b426c14	0000000000000000000000000000000000000000
delinked/rasterizer_xbox_lights_FUN_169fd0.obj	f6cd952048a979eb461d02a566ff7f319d9f9f55	D	b102b459d7add77e86887952b98e18eb9b426c14	0000000000000000000000000000000000000000
delinked/rasterizer_xbox_lights_FUN_169fd0.obj	f70dbb3a0af8c20a9584a219d0aaca3826923094	A	0000000000000000000000000000000000000000	b102b459d7add77e86887952b98e18eb9b426c14
delinked/rasterizer_xbox_lights_FUN_169fd0.obj	f7329c76511c6389811c2efa34c0489e3034e3e6	A	0000000000000000000000000000000000000000	b102b459d7add77e86887952b98e18eb9b426c14
delinked/rasterizer_xbox_lights_FUN_169fd0.obj	f753fc9f5730a4a03cf061968839cc5c95332fe2	A	0000000000000000000000000000000000000000	b102b459d7add77e86887952b98e18eb9b426c14
delinked/rasterizer_xbox_lights_FUN_169fd0.obj	f77f281d7bb2f0c330f6ccf4d32412458493669d	A	0000000000000000000000000000000000000000	b102b459d7add77e86887952b98e18eb9b426c14
delinked/rasterizer_xbox_lights_FUN_169fd0.obj	f99421dd84014f842a09e081e5387aca7bb760b8	A	0000000000000000000000000000000000000000	b102b459d7add77e86887952b98e18eb9b426c14
delinked/rasterizer_xbox_lights_FUN_169fd0.obj	fa0ac2ef5b472eae1c500f7bd91db270ea1c3423	D	b102b459d7add77e86887952b98e18eb9b426c14	0000000000000000000000000000000000000000
delinked/rasterizer_xbox_lights_FUN_169fd0.obj	fb09a81f2ea18eb35fc45941fa78092429786f34	A	0000000000000000000000000000000000000000	b102b459d7add77e86887952b98e18eb9b426c14
delinked/rasterizer_xbox_lights_FUN_169fd0.obj	fbaa4b037d1ebe0d4c025cc715760ff1410cd3af	A	0000000000000000000000000000000000000000	b102b459d7add77e86887952b98e18eb9b426c14
delinked/rasterizer_xbox_lights_FUN_169fd0.obj	fbbe8ebcffcc652ffdc50cdce7a7ff8f3150a12f	A	0000000000000000000000000000000000000000	b102b459d7add77e86887952b98e18eb9b426c14
delinked/rasterizer_xbox_lights_FUN_169fd0.obj	fc7325ffbd00295ba4c2d381d2ebe80022855de8	A	0000000000000000000000000000000000000000	b102b459d7add77e86887952b98e18eb9b426c14
delinked/rasterizer_xbox_lights_FUN_169fd0.obj	ff8d5a3bb9b25d338ad055080794f64f99049e7f	A	0000000000000000000000000000000000000000	b102b459d7add77e86887952b98e18eb9b426c14
delinked/real_math_FUN_0010a1c0.obj	48a0cf42dff2643234ee2f9b260d7c0537d2c6f9	A	0000000000000000000000000000000000000000	354d37fee2266d3283b06f848ef585e8896ae10f
delinked/real_math_FUN_0010a1c0.obj	5a66b5bd9c6afd605b4e7e2b2a5e41176a450571	A	0000000000000000000000000000000000000000	354d37fee2266d3283b06f848ef585e8896ae10f
delinked/real_math_FUN_0010a1c0.obj	a7dbb87ba2c22e2957ca2c30f06f4831b99d100a	D	354d37fee2266d3283b06f848ef585e8896ae10f	0000000000000000000000000000000000000000
delinked/real_math_FUN_0010a1c0.obj	c737d34e633f7ec77596d8a67f0a231b8ec0f0a5	A	0000000000000000000000000000000000000000	354d37fee2266d3283b06f848ef585e8896ae10f
delinked/real_math_FUN_0010a1c0.obj	ee6f5a972a6a54cc93a5a7e19363d3592b367394	A	0000000000000000000000000000000000000000	354d37fee2266d3283b06f848ef585e8896ae10f
delinked/real_math_vectors3d_from_euler_angles3d.obj	49e576b3f930e82685092d33f248381398d6d05c	A	0000000000000000000000000000000000000000	95603ac3198e4f8796969a636863d7ddbf2214a2
delinked/real_math_vectors3d_from_euler_angles3d.obj	5e0088b7224ceffdc992e47ea5d1de890918be1b	A	0000000000000000000000000000000000000000	95603ac3198e4f8796969a636863d7ddbf2214a2
delinked/real_math_vectors3d_from_euler_angles3d.obj	8234ed062a32c109345252e162b4ef45b494982b	A	0000000000000000000000000000000000000000	95603ac3198e4f8796969a636863d7ddbf2214a2
delinked/real_math_vectors3d_from_euler_angles3d.obj	a7dbb87ba2c22e2957ca2c30f06f4831b99d100a	D	95603ac3198e4f8796969a636863d7ddbf2214a2	0000000000000000000000000000000000000000
delinked/real_math_vectors3d_from_euler_angles3d.obj	aeb213ca53bf2b87903fdadcaf1f762b0d8496de	A	0000000000000000000000000000000000000000	95603ac3198e4f8796969a636863d7ddbf2214a2
delinked/real_math_vectors3d_from_euler_angles3d.obj	c737d34e633f7ec77596d8a67f0a231b8ec0f0a5	A	0000000000000000000000000000000000000000	95603ac3198e4f8796969a636863d7ddbf2214a2
delinked/real_math_vectors3d_from_euler_angles3d.obj	ee6f5a972a6a54cc93a5a7e19363d3592b367394	A	0000000000000000000000000000000000000000	95603ac3198e4f8796969a636863d7ddbf2214a2
delinked/sound_classes_FUN_001c8a40.obj	4132ab8386a69e407eefd11baee8062867dfb774	A	0000000000000000000000000000000000000000	edc85cebe9a2ac411b5aae042f9126de01852cce
delinked/sound_classes_FUN_001c8a40.obj	81a812eda26343ed95ba6674db03b1cc22f23d6c	A	0000000000000000000000000000000000000000	edc85cebe9a2ac411b5aae042f9126de01852cce
delinked/sound_classes_FUN_001c8a40.obj	a7dbb87ba2c22e2957ca2c30f06f4831b99d100a	D	edc85cebe9a2ac411b5aae042f9126de01852cce	0000000000000000000000000000000000000000
delinked/sound_classes_FUN_001c8a40.obj	c737d34e633f7ec77596d8a67f0a231b8ec0f0a5	A	0000000000000000000000000000000000000000	edc85cebe9a2ac411b5aae042f9126de01852cce
delinked/sound_classes_FUN_001c8a40.obj	ee6f5a972a6a54cc93a5a7e19363d3592b367394	A	0000000000000000000000000000000000000000	edc85cebe9a2ac411b5aae042f9126de01852cce
delinked/sound_classes_FUN_001c8a40.obj	ef5ce47ba7ea3357b9dbf11e1d73ae882486ff74	A	0000000000000000000000000000000000000000	edc85cebe9a2ac411b5aae042f9126de01852cce
delinked/sound_classes_FUN_001c8a90.obj	4132ab8386a69e407eefd11baee8062867dfb774	A	0000000000000000000000000000000000000000	a63a0462fd5a4532d742677c0a9bbbcd020359b0
delinked/sound_classes_FUN_001c8a90.obj	81a812eda26343ed95ba6674db03b1cc22f23d6c	A	0000000000000000000000000000000000000000	a63a0462fd5a4532d742677c0a9bbbcd020359b0
delinked/sound_classes_FUN_001c8a90.obj	a7dbb87ba2c22e2957ca2c30f06f4831b99d100a	D	a63a0462fd5a4532d742677c0a9bbbcd020359b0	0000000000000000000000000000000000000000
delinked/sound_classes_FUN_001c8a90.obj	c737d34e633f7ec77596d8a67f0a231b8ec0f0a5	A	0000000000000000000000000000000000000000	a63a0462fd5a4532d742677c0a9bbbcd020359b0
delinked/sound_classes_FUN_001c8a90.obj	ee6f5a972a6a54cc93a5a7e19363d3592b367394	A	0000000000000000000000000000000000000000	a63a0462fd5a4532d742677c0a9bbbcd020359b0
delinked/sound_classes_FUN_001c8a90.obj	ef5ce47ba7ea3357b9dbf11e1d73ae882486ff74	A	0000000000000000000000000000000000000000	a63a0462fd5a4532d742677c0a9bbbcd020359b0
delinked/sound_classes_FUN_001c8ae0.obj	24be392c24a2239b1727e1184d90de5568d26daa	M	53ef36f4ee1fc761bb22da10f9ad7d25a6607698	5ce73b9a2fd83230d791a8a845c1089644ca7276
delinked/sound_classes_FUN_001c8ae0.obj	4132ab8386a69e407eefd11baee8062867dfb774	A	0000000000000000000000000000000000000000	5ce73b9a2fd83230d791a8a845c1089644ca7276
delinked/sound_classes_FUN_001c8ae0.obj	63410da644a5d697826475c105850c7a793113a1	M	5ce73b9a2fd83230d791a8a845c1089644ca7276	53ef36f4ee1fc761bb22da10f9ad7d25a6607698
delinked/sound_classes_FUN_001c8ae0.obj	7c13289571be01453754f1a2a4d43096ce3f5a7a	M	5ce73b9a2fd83230d791a8a845c1089644ca7276	53ef36f4ee1fc761bb22da10f9ad7d25a6607698
delinked/sound_classes_FUN_001c8ae0.obj	81a812eda26343ed95ba6674db03b1cc22f23d6c	A	0000000000000000000000000000000000000000	5ce73b9a2fd83230d791a8a845c1089644ca7276
delinked/sound_classes_FUN_001c8ae0.obj	999e1160fae677ebb601d9aea470128cf0d6a5a5	M	53ef36f4ee1fc761bb22da10f9ad7d25a6607698	5ce73b9a2fd83230d791a8a845c1089644ca7276
delinked/sound_classes_FUN_001c8ae0.obj	a7dbb87ba2c22e2957ca2c30f06f4831b99d100a	D	5ce73b9a2fd83230d791a8a845c1089644ca7276	0000000000000000000000000000000000000000
delinked/sound_classes_FUN_001c8ae0.obj	c294a2babae3c9f9cc50a45082ce4e84ffdce67f	M	5ce73b9a2fd83230d791a8a845c1089644ca7276	53ef36f4ee1fc761bb22da10f9ad7d25a6607698
delinked/sound_classes_FUN_001c8ae0.obj	c737d34e633f7ec77596d8a67f0a231b8ec0f0a5	A	0000000000000000000000000000000000000000	5ce73b9a2fd83230d791a8a845c1089644ca7276
delinked/sound_classes_FUN_001c8ae0.obj	cd675867f532d7aeda9dbf4a3880892afac5778a	M	5ce73b9a2fd83230d791a8a845c1089644ca7276	53ef36f4ee1fc761bb22da10f9ad7d25a6607698
delinked/sound_classes_FUN_001c8ae0.obj	ee6f5a972a6a54cc93a5a7e19363d3592b367394	A	0000000000000000000000000000000000000000	5ce73b9a2fd83230d791a8a845c1089644ca7276
delinked/sound_classes_FUN_001c8ae0.obj	ef5ce47ba7ea3357b9dbf11e1d73ae882486ff74	A	0000000000000000000000000000000000000000	5ce73b9a2fd83230d791a8a845c1089644ca7276
delinked/telnet_console_FUN_00130f30.obj	009819124a72dc42c711ab2b6926022ba053474f	A	0000000000000000000000000000000000000000	fa44e454844e2943794ee63a6a9afd3f2cd9ab85
delinked/telnet_console_FUN_00130f30.obj	0a811e0dd4f26367ea50fd0c96ddf0e23df5f1c2	A	0000000000000000000000000000000000000000	fa44e454844e2943794ee63a6a9afd3f2cd9ab85
delinked/telnet_console_FUN_00130f30.obj	0c7858e7f5d311609d6f27ef81b742bb2eb98425	D	fa44e454844e2943794ee63a6a9afd3f2cd9ab85	0000000000000000000000000000000000000000
delinked/telnet_console_FUN_00130f30.obj	102061c9c6b0a801eabff89170f8238657d978d5	A	0000000000000000000000000000000000000000	fa44e454844e2943794ee63a6a9afd3f2cd9ab85
delinked/telnet_console_FUN_00130f30.obj	183b8ac12dcfb1630258abf1fd39d3825e5a1c2e	A	0000000000000000000000000000000000000000	fa44e454844e2943794ee63a6a9afd3f2cd9ab85
delinked/telnet_console_FUN_00130f30.obj	190fed7657afc7c24249254532021aa64e640d31	A	0000000000000000000000000000000000000000	fa44e454844e2943794ee63a6a9afd3f2cd9ab85
delinked/telnet_console_FUN_00130f30.obj	19113b20527042f58cd6c787e44f24e7cfd75cea	D	fa44e454844e2943794ee63a6a9afd3f2cd9ab85	0000000000000000000000000000000000000000
delinked/telnet_console_FUN_00130f30.obj	195ef93543ce76edf27232a921574feb8bf9b974	A	0000000000000000000000000000000000000000	fa44e454844e2943794ee63a6a9afd3f2cd9ab85
delinked/telnet_console_FUN_00130f30.obj	21786b541c172f10370a901d32a9c2501b196b2d	A	0000000000000000000000000000000000000000	fa44e454844e2943794ee63a6a9afd3f2cd9ab85
delinked/telnet_console_FUN_00130f30.obj	224ed2d2ded4ee51409834194169eb92b2611e66	A	0000000000000000000000000000000000000000	fa44e454844e2943794ee63a6a9afd3f2cd9ab85
delinked/telnet_console_FUN_00130f30.obj	23e5dd58685ebef9058eb5b066f8a3c165a28793	A	0000000000000000000000000000000000000000	fa44e454844e2943794ee63a6a9afd3f2cd9ab85
delinked/telnet_console_FUN_00130f30.obj	24ae0ed40036bb9028ab4eb917254d12042e26a5	D	fa44e454844e2943794ee63a6a9afd3f2cd9ab85	0000000000000000000000000000000000000000
delinked/telnet_console_FUN_00130f30.obj	299f6ee927b9d9a6f1a690fdf992bf2798cdbb27	A	0000000000000000000000000000000000000000	fa44e454844e2943794ee63a6a9afd3f2cd9ab85
delinked/telnet_console_FUN_00130f30.obj	2d83d3b6a8eec135cbf4528afbf6ecbcab56f21d	A	0000000000000000000000000000000000000000	fa44e454844e2943794ee63a6a9afd3f2cd9ab85
delinked/telnet_console_FUN_00130f30.obj	2d978c989dea7217444bf43e25b668459de63eb5	A	0000000000000000000000000000000000000000	fa44e454844e2943794ee63a6a9afd3f2cd9ab85
delinked/telnet_console_FUN_00130f30.obj	2dfbf03aa4ec9b7ab491c8e3392f9020cbd5f946	A	0000000000000000000000000000000000000000	fa44e454844e2943794ee63a6a9afd3f2cd9ab85
delinked/telnet_console_FUN_00130f30.obj	2edd65a616b922e0325c0227567ae792b14476f9	A	0000000000000000000000000000000000000000	fa44e454844e2943794ee63a6a9afd3f2cd9ab85
delinked/telnet_console_FUN_00130f30.obj	2f3cd5f4d456f5ccdded5e8be21bb7f0e7d633f3	A	0000000000000000000000000000000000000000	fa44e454844e2943794ee63a6a9afd3f2cd9ab85
delinked/telnet_console_FUN_00130f30.obj	3336dd0a7430f19ab2712696562f89f7dd387104	D	fa44e454844e2943794ee63a6a9afd3f2cd9ab85	0000000000000000000000000000000000000000
delinked/telnet_console_FUN_00130f30.obj	33377c65c9cb801e2a483fd8ee5284f56a1b1255	A	0000000000000000000000000000000000000000	fa44e454844e2943794ee63a6a9afd3f2cd9ab85
delinked/telnet_console_FUN_00130f30.obj	34108a0da55e692cd08f6dfe31ee51bd55653214	A	0000000000000000000000000000000000000000	fa44e454844e2943794ee63a6a9afd3f2cd9ab85
delinked/telnet_console_FUN_00130f30.obj	36e610b0891f801b1767136d956014ade437f8e8	A	0000000000000000000000000000000000000000	fa44e454844e2943794ee63a6a9afd3f2cd9ab85
delinked/telnet_console_FUN_00130f30.obj	41cd995b3105088ffe1d26188179d37d222c9a32	A	0000000000000000000000000000000000000000	fa44e454844e2943794ee63a6a9afd3f2cd9ab85
delinked/telnet_console_FUN_00130f30.obj	43ca1c1cfab2455ecead11d337f58fe2f457b75d	A	0000000000000000000000000000000000000000	fa44e454844e2943794ee63a6a9afd3f2cd9ab85
delinked/telnet_console_FUN_00130f30.obj	524826bd76911b418e79fb12d72476abed33d2fe	A	0000000000000000000000000000000000000000	fa44e454844e2943794ee63a6a9afd3f2cd9ab85
delinked/telnet_console_FUN_00130f30.obj	52d2c1db7d756b4efcdf3af688f3514cd790875c	A	0000000000000000000000000000000000000000	fa44e454844e2943794ee63a6a9afd3f2cd9ab85
delinked/telnet_console_FUN_00130f30.obj	53e73de1e9d7b25cd11993d3e5b69e51844c287a	A	0000000000000000000000000000000000000000	fa44e454844e2943794ee63a6a9afd3f2cd9ab85
delinked/telnet_console_FUN_00130f30.obj	58168dc7e69bf19e10a41d367dfcc911829c858a	A	0000000000000000000000000000000000000000	fa44e454844e2943794ee63a6a9afd3f2cd9ab85
delinked/telnet_console_FUN_00130f30.obj	585dc70890cc8e26145b9b2744c925b6e8a8603f	A	0000000000000000000000000000000000000000	fa44e454844e2943794ee63a6a9afd3f2cd9ab85
delinked/telnet_console_FUN_00130f30.obj	5ce39888a47e67c1d962c9969f38777c4b95c909	A	0000000000000000000000000000000000000000	fa44e454844e2943794ee63a6a9afd3f2cd9ab85
delinked/telnet_console_FUN_00130f30.obj	621ce65a364b5723737d13ca098743f70ccaf5f7	A	0000000000000000000000000000000000000000	fa44e454844e2943794ee63a6a9afd3f2cd9ab85
delinked/telnet_console_FUN_00130f30.obj	64573b4b84a041725c817768fb7b3814705c7058	D	fa44e454844e2943794ee63a6a9afd3f2cd9ab85	0000000000000000000000000000000000000000
delinked/telnet_console_FUN_00130f30.obj	6502dede62b3658670220dc6ae85af447cfc0836	D	fa44e454844e2943794ee63a6a9afd3f2cd9ab85	0000000000000000000000000000000000000000
delinked/telnet_console_FUN_00130f30.obj	6c726e8da9abfee0c3e94c0cfe02b943a79d4b03	A	0000000000000000000000000000000000000000	fa44e454844e2943794ee63a6a9afd3f2cd9ab85
delinked/telnet_console_FUN_00130f30.obj	705d8b799745f100be6713d55d7c27495e5effe7	A	0000000000000000000000000000000000000000	fa44e454844e2943794ee63a6a9afd3f2cd9ab85
delinked/telnet_console_FUN_00130f30.obj	7519a914432c4589f96e6425d3973b275cd946b7	A	0000000000000000000000000000000000000000	fa44e454844e2943794ee63a6a9afd3f2cd9ab85
delinked/telnet_console_FUN_00130f30.obj	776bd2b3ebebf802af6757ffc4f0c09886caa2b7	A	0000000000000000000000000000000000000000	fa44e454844e2943794ee63a6a9afd3f2cd9ab85
delinked/telnet_console_FUN_00130f30.obj	7b9504ba0608bdcda49a66af9b22f4bc3a168802	D	fa44e454844e2943794ee63a6a9afd3f2cd9ab85	0000000000000000000000000000000000000000
delinked/telnet_console_FUN_00130f30.obj	7fd94539449d0bae7ed4fb47cb46ea18a5c81d37	A	0000000000000000000000000000000000000000	fa44e454844e2943794ee63a6a9afd3f2cd9ab85
delinked/telnet_console_FUN_00130f30.obj	8c6241ffef6076e5430162fb7eea977839050f24	A	0000000000000000000000000000000000000000	fa44e454844e2943794ee63a6a9afd3f2cd9ab85
delinked/telnet_console_FUN_00130f30.obj	8f91f5dda0267596c690b7bb268697ffd902539f	A	0000000000000000000000000000000000000000	fa44e454844e2943794ee63a6a9afd3f2cd9ab85
delinked/telnet_console_FUN_00130f30.obj	91d110786a657d717743b2f28cc4832be356fe8d	A	0000000000000000000000000000000000000000	fa44e454844e2943794ee63a6a9afd3f2cd9ab85
delinked/telnet_console_FUN_00130f30.obj	93978d2cd4c7f6342b4908ecf60a5cbaff4bc904	A	0000000000000000000000000000000000000000	fa44e454844e2943794ee63a6a9afd3f2cd9ab85
delinked/telnet_console_FUN_00130f30.obj	95d023d7e9a2edecb7c01b7dad01eb9627442ab0	A	0000000000000000000000000000000000000000	fa44e454844e2943794ee63a6a9afd3f2cd9ab85
delinked/telnet_console_FUN_00130f30.obj	99091fda43148f3bc1107df49c82379be1a25881	A	0000000000000000000000000000000000000000	fa44e454844e2943794ee63a6a9afd3f2cd9ab85
delinked/telnet_console_FUN_00130f30.obj	9ae4aaa4301b193e6ec8946813e3e84ba2a79cd1	A	0000000000000000000000000000000000000000	fa44e454844e2943794ee63a6a9afd3f2cd9ab85
delinked/telnet_console_FUN_00130f30.obj	9da6fcd7ba52aa0380962d1bf178a28a44b2278f	A	0000000000000000000000000000000000000000	fa44e454844e2943794ee63a6a9afd3f2cd9ab85
delinked/telnet_console_FUN_00130f30.obj	9ed7af7b9e663212bf06995b253b05348a393aab	A	0000000000000000000000000000000000000000	fa44e454844e2943794ee63a6a9afd3f2cd9ab85
delinked/telnet_console_FUN_00130f30.obj	a12cffa5c4a567d0c606d533ca9080fe06dfcc99	A	0000000000000000000000000000000000000000	fa44e454844e2943794ee63a6a9afd3f2cd9ab85
delinked/telnet_console_FUN_00130f30.obj	a362be973602520d16bf9a7d46776f123cfc02a7	A	0000000000000000000000000000000000000000	fa44e454844e2943794ee63a6a9afd3f2cd9ab85
delinked/telnet_console_FUN_00130f30.obj	ab786cc546255a13d39c8a948c336734a35b7a97	A	0000000000000000000000000000000000000000	fa44e454844e2943794ee63a6a9afd3f2cd9ab85
delinked/telnet_console_FUN_00130f30.obj	ae4e0954bde158fed41f0ea5ab2547355553d0bb	A	0000000000000000000000000000000000000000	fa44e454844e2943794ee63a6a9afd3f2cd9ab85
delinked/telnet_console_FUN_00130f30.obj	bea5e76bddb10f56ea673f62fbb2c59a90ef6460	A	0000000000000000000000000000000000000000	fa44e454844e2943794ee63a6a9afd3f2cd9ab85
delinked/telnet_console_FUN_00130f30.obj	c09c3f3f01d292c839613e0da5a78a7783f46c05	A	0000000000000000000000000000000000000000	fa44e454844e2943794ee63a6a9afd3f2cd9ab85
delinked/telnet_console_FUN_00130f30.obj	c53704ecee007ef1216a70e29bbc9ba576fb0594	A	0000000000000000000000000000000000000000	fa44e454844e2943794ee63a6a9afd3f2cd9ab85
delinked/telnet_console_FUN_00130f30.obj	ce6410afe31f200cbc280b17f5aa9af88373d5ad	A	0000000000000000000000000000000000000000	fa44e454844e2943794ee63a6a9afd3f2cd9ab85
delinked/telnet_console_FUN_00130f30.obj	cf5aa1b2ac112554f6f6d5bc0818be58c6539297	A	0000000000000000000000000000000000000000	fa44e454844e2943794ee63a6a9afd3f2cd9ab85
delinked/telnet_console_FUN_00130f30.obj	cf68a7c98c46d9a482074e6a9b056f6237a1e26f	A	0000000000000000000000000000000000000000	fa44e454844e2943794ee63a6a9afd3f2cd9ab85
delinked/telnet_console_FUN_00130f30.obj	d4e5fe2ded6d4602d59cc6531ec88c5700ccf56a	A	0000000000000000000000000000000000000000	fa44e454844e2943794ee63a6a9afd3f2cd9ab85
delinked/telnet_console_FUN_00130f30.obj	dde4d8eed966f6b2644b4a5213b7cbc1a0361640	A	0000000000000000000000000000000000000000	fa44e454844e2943794ee63a6a9afd3f2cd9ab85
delinked/telnet_console_FUN_00130f30.obj	de701b97557ed78fd96021d9895caba54792f56f	D	fa44e454844e2943794ee63a6a9afd3f2cd9ab85	0000000000000000000000000000000000000000
delinked/telnet_console_FUN_00130f30.obj	dfa7e5c7ce5b148ebf4b39020130990f3971906f	A	0000000000000000000000000000000000000000	fa44e454844e2943794ee63a6a9afd3f2cd9ab85
delinked/telnet_console_FUN_00130f30.obj	e629badef8066e908f63adf4e6110ba850428273	A	0000000000000000000000000000000000000000	fa44e454844e2943794ee63a6a9afd3f2cd9ab85
delinked/telnet_console_FUN_00130f30.obj	ef7f3b5bbc834b01f9bd44883d1a57e6b8343d44	A	0000000000000000000000000000000000000000	fa44e454844e2943794ee63a6a9afd3f2cd9ab85
delinked/telnet_console_FUN_00130f30.obj	f2575d37e452fba07b6457c47d65259e211b05f3	D	fa44e454844e2943794ee63a6a9afd3f2cd9ab85	0000000000000000000000000000000000000000
delinked/telnet_console_FUN_00130f30.obj	f6cd952048a979eb461d02a566ff7f319d9f9f55	D	fa44e454844e2943794ee63a6a9afd3f2cd9ab85	0000000000000000000000000000000000000000
delinked/telnet_console_FUN_00130f30.obj	f6e4d67c7f72daa06252a2514719eb34658d72c5	A	0000000000000000000000000000000000000000	fa44e454844e2943794ee63a6a9afd3f2cd9ab85
delinked/telnet_console_FUN_00130f30.obj	fa0ac2ef5b472eae1c500f7bd91db270ea1c3423	D	fa44e454844e2943794ee63a6a9afd3f2cd9ab85	0000000000000000000000000000000000000000
delinked/telnet_console_FUN_00130f30.obj	fc7325ffbd00295ba4c2d381d2ebe80022855de8	A	0000000000000000000000000000000000000000	fa44e454844e2943794ee63a6a9afd3f2cd9ab85
delinked/telnet_console_FUN_00131130.obj	009819124a72dc42c711ab2b6926022ba053474f	A	0000000000000000000000000000000000000000	a9f3d623f8838d6afde0bbc16ceea45bcc6ba9c1
delinked/telnet_console_FUN_00131130.obj	0a811e0dd4f26367ea50fd0c96ddf0e23df5f1c2	A	0000000000000000000000000000000000000000	a9f3d623f8838d6afde0bbc16ceea45bcc6ba9c1
delinked/telnet_console_FUN_00131130.obj	0c7858e7f5d311609d6f27ef81b742bb2eb98425	D	a9f3d623f8838d6afde0bbc16ceea45bcc6ba9c1	0000000000000000000000000000000000000000
delinked/telnet_console_FUN_00131130.obj	102061c9c6b0a801eabff89170f8238657d978d5	A	0000000000000000000000000000000000000000	a9f3d623f8838d6afde0bbc16ceea45bcc6ba9c1
delinked/telnet_console_FUN_00131130.obj	183b8ac12dcfb1630258abf1fd39d3825e5a1c2e	A	0000000000000000000000000000000000000000	a9f3d623f8838d6afde0bbc16ceea45bcc6ba9c1
delinked/telnet_console_FUN_00131130.obj	190fed7657afc7c24249254532021aa64e640d31	A	0000000000000000000000000000000000000000	a9f3d623f8838d6afde0bbc16ceea45bcc6ba9c1
delinked/telnet_console_FUN_00131130.obj	19113b20527042f58cd6c787e44f24e7cfd75cea	D	a9f3d623f8838d6afde0bbc16ceea45bcc6ba9c1	0000000000000000000000000000000000000000
delinked/telnet_console_FUN_00131130.obj	195ef93543ce76edf27232a921574feb8bf9b974	A	0000000000000000000000000000000000000000	a9f3d623f8838d6afde0bbc16ceea45bcc6ba9c1
delinked/telnet_console_FUN_00131130.obj	21786b541c172f10370a901d32a9c2501b196b2d	A	0000000000000000000000000000000000000000	a9f3d623f8838d6afde0bbc16ceea45bcc6ba9c1
delinked/telnet_console_FUN_00131130.obj	224ed2d2ded4ee51409834194169eb92b2611e66	A	0000000000000000000000000000000000000000	a9f3d623f8838d6afde0bbc16ceea45bcc6ba9c1
delinked/telnet_console_FUN_00131130.obj	23e5dd58685ebef9058eb5b066f8a3c165a28793	A	0000000000000000000000000000000000000000	a9f3d623f8838d6afde0bbc16ceea45bcc6ba9c1
delinked/telnet_console_FUN_00131130.obj	24ae0ed40036bb9028ab4eb917254d12042e26a5	D	a9f3d623f8838d6afde0bbc16ceea45bcc6ba9c1	0000000000000000000000000000000000000000
delinked/telnet_console_FUN_00131130.obj	299f6ee927b9d9a6f1a690fdf992bf2798cdbb27	A	0000000000000000000000000000000000000000	a9f3d623f8838d6afde0bbc16ceea45bcc6ba9c1
delinked/telnet_console_FUN_00131130.obj	2d83d3b6a8eec135cbf4528afbf6ecbcab56f21d	A	0000000000000000000000000000000000000000	a9f3d623f8838d6afde0bbc16ceea45bcc6ba9c1
delinked/telnet_console_FUN_00131130.obj	2d978c989dea7217444bf43e25b668459de63eb5	A	0000000000000000000000000000000000000000	a9f3d623f8838d6afde0bbc16ceea45bcc6ba9c1
delinked/telnet_console_FUN_00131130.obj	2dfbf03aa4ec9b7ab491c8e3392f9020cbd5f946	A	0000000000000000000000000000000000000000	a9f3d623f8838d6afde0bbc16ceea45bcc6ba9c1
delinked/telnet_console_FUN_00131130.obj	2edd65a616b922e0325c0227567ae792b14476f9	A	0000000000000000000000000000000000000000	a9f3d623f8838d6afde0bbc16ceea45bcc6ba9c1
delinked/telnet_console_FUN_00131130.obj	2f3cd5f4d456f5ccdded5e8be21bb7f0e7d633f3	A	0000000000000000000000000000000000000000	a9f3d623f8838d6afde0bbc16ceea45bcc6ba9c1
delinked/telnet_console_FUN_00131130.obj	3336dd0a7430f19ab2712696562f89f7dd387104	D	a9f3d623f8838d6afde0bbc16ceea45bcc6ba9c1	0000000000000000000000000000000000000000
delinked/telnet_console_FUN_00131130.obj	33377c65c9cb801e2a483fd8ee5284f56a1b1255	A	0000000000000000000000000000000000000000	a9f3d623f8838d6afde0bbc16ceea45bcc6ba9c1
delinked/telnet_console_FUN_00131130.obj	34108a0da55e692cd08f6dfe31ee51bd55653214	A	0000000000000000000000000000000000000000	a9f3d623f8838d6afde0bbc16ceea45bcc6ba9c1
delinked/telnet_console_FUN_00131130.obj	36e610b0891f801b1767136d956014ade437f8e8	A	0000000000000000000000000000000000000000	a9f3d623f8838d6afde0bbc16ceea45bcc6ba9c1
delinked/telnet_console_FUN_00131130.obj	41cd995b3105088ffe1d26188179d37d222c9a32	A	0000000000000000000000000000000000000000	a9f3d623f8838d6afde0bbc16ceea45bcc6ba9c1
delinked/telnet_console_FUN_00131130.obj	43ca1c1cfab2455ecead11d337f58fe2f457b75d	A	0000000000000000000000000000000000000000	a9f3d623f8838d6afde0bbc16ceea45bcc6ba9c1
delinked/telnet_console_FUN_00131130.obj	524826bd76911b418e79fb12d72476abed33d2fe	A	0000000000000000000000000000000000000000	a9f3d623f8838d6afde0bbc16ceea45bcc6ba9c1
delinked/telnet_console_FUN_00131130.obj	52d2c1db7d756b4efcdf3af688f3514cd790875c	A	0000000000000000000000000000000000000000	a9f3d623f8838d6afde0bbc16ceea45bcc6ba9c1
delinked/telnet_console_FUN_00131130.obj	53e73de1e9d7b25cd11993d3e5b69e51844c287a	A	0000000000000000000000000000000000000000	a9f3d623f8838d6afde0bbc16ceea45bcc6ba9c1
delinked/telnet_console_FUN_00131130.obj	58168dc7e69bf19e10a41d367dfcc911829c858a	A	0000000000000000000000000000000000000000	a9f3d623f8838d6afde0bbc16ceea45bcc6ba9c1
delinked/telnet_console_FUN_00131130.obj	585dc70890cc8e26145b9b2744c925b6e8a8603f	A	0000000000000000000000000000000000000000	a9f3d623f8838d6afde0bbc16ceea45bcc6ba9c1
delinked/telnet_console_FUN_00131130.obj	5ce39888a47e67c1d962c9969f38777c4b95c909	A	0000000000000000000000000000000000000000	a9f3d623f8838d6afde0bbc16ceea45bcc6ba9c1
delinked/telnet_console_FUN_00131130.obj	621ce65a364b5723737d13ca098743f70ccaf5f7	A	0000000000000000000000000000000000000000	a9f3d623f8838d6afde0bbc16ceea45bcc6ba9c1
delinked/telnet_console_FUN_00131130.obj	64573b4b84a041725c817768fb7b3814705c7058	D	a9f3d623f8838d6afde0bbc16ceea45bcc6ba9c1	0000000000000000000000000000000000000000
delinked/telnet_console_FUN_00131130.obj	6502dede62b3658670220dc6ae85af447cfc0836	D	a9f3d623f8838d6afde0bbc16ceea45bcc6ba9c1	0000000000000000000000000000000000000000
delinked/telnet_console_FUN_00131130.obj	6c726e8da9abfee0c3e94c0cfe02b943a79d4b03	A	0000000000000000000000000000000000000000	a9f3d623f8838d6afde0bbc16ceea45bcc6ba9c1
delinked/telnet_console_FUN_00131130.obj	705d8b799745f100be6713d55d7c27495e5effe7	A	0000000000000000000000000000000000000000	a9f3d623f8838d6afde0bbc16ceea45bcc6ba9c1
delinked/telnet_console_FUN_00131130.obj	7519a914432c4589f96e6425d3973b275cd946b7	A	0000000000000000000000000000000000000000	a9f3d623f8838d6afde0bbc16ceea45bcc6ba9c1
delinked/telnet_console_FUN_00131130.obj	776bd2b3ebebf802af6757ffc4f0c09886caa2b7	A	0000000000000000000000000000000000000000	a9f3d623f8838d6afde0bbc16ceea45bcc6ba9c1
delinked/telnet_console_FUN_00131130.obj	7b9504ba0608bdcda49a66af9b22f4bc3a168802	D	a9f3d623f8838d6afde0bbc16ceea45bcc6ba9c1	0000000000000000000000000000000000000000
delinked/telnet_console_FUN_00131130.obj	7fd94539449d0bae7ed4fb47cb46ea18a5c81d37	A	0000000000000000000000000000000000000000	a9f3d623f8838d6afde0bbc16ceea45bcc6ba9c1
delinked/telnet_console_FUN_00131130.obj	8c6241ffef6076e5430162fb7eea977839050f24	A	0000000000000000000000000000000000000000	a9f3d623f8838d6afde0bbc16ceea45bcc6ba9c1
delinked/telnet_console_FUN_00131130.obj	8f91f5dda0267596c690b7bb268697ffd902539f	A	0000000000000000000000000000000000000000	a9f3d623f8838d6afde0bbc16ceea45bcc6ba9c1
delinked/telnet_console_FUN_00131130.obj	91d110786a657d717743b2f28cc4832be356fe8d	A	0000000000000000000000000000000000000000	a9f3d623f8838d6afde0bbc16ceea45bcc6ba9c1
delinked/telnet_console_FUN_00131130.obj	93978d2cd4c7f6342b4908ecf60a5cbaff4bc904	A	0000000000000000000000000000000000000000	a9f3d623f8838d6afde0bbc16ceea45bcc6ba9c1
delinked/telnet_console_FUN_00131130.obj	95d023d7e9a2edecb7c01b7dad01eb9627442ab0	A	0000000000000000000000000000000000000000	a9f3d623f8838d6afde0bbc16ceea45bcc6ba9c1
delinked/telnet_console_FUN_00131130.obj	99091fda43148f3bc1107df49c82379be1a25881	A	0000000000000000000000000000000000000000	a9f3d623f8838d6afde0bbc16ceea45bcc6ba9c1
delinked/telnet_console_FUN_00131130.obj	9ae4aaa4301b193e6ec8946813e3e84ba2a79cd1	A	0000000000000000000000000000000000000000	a9f3d623f8838d6afde0bbc16ceea45bcc6ba9c1
delinked/telnet_console_FUN_00131130.obj	9da6fcd7ba52aa0380962d1bf178a28a44b2278f	A	0000000000000000000000000000000000000000	a9f3d623f8838d6afde0bbc16ceea45bcc6ba9c1
delinked/telnet_console_FUN_00131130.obj	9ed7af7b9e663212bf06995b253b05348a393aab	A	0000000000000000000000000000000000000000	a9f3d623f8838d6afde0bbc16ceea45bcc6ba9c1
delinked/telnet_console_FUN_00131130.obj	a12cffa5c4a567d0c606d533ca9080fe06dfcc99	A	0000000000000000000000000000000000000000	a9f3d623f8838d6afde0bbc16ceea45bcc6ba9c1
delinked/telnet_console_FUN_00131130.obj	a362be973602520d16bf9a7d46776f123cfc02a7	A	0000000000000000000000000000000000000000	a9f3d623f8838d6afde0bbc16ceea45bcc6ba9c1
delinked/telnet_console_FUN_00131130.obj	ab786cc546255a13d39c8a948c336734a35b7a97	A	0000000000000000000000000000000000000000	a9f3d623f8838d6afde0bbc16ceea45bcc6ba9c1
delinked/telnet_console_FUN_00131130.obj	ae4e0954bde158fed41f0ea5ab2547355553d0bb	A	0000000000000000000000000000000000000000	a9f3d623f8838d6afde0bbc16ceea45bcc6ba9c1
delinked/telnet_console_FUN_00131130.obj	b5c2ea247dd6606bf7bed0381d4db81eb62268d8	A	0000000000000000000000000000000000000000	a9f3d623f8838d6afde0bbc16ceea45bcc6ba9c1
delinked/telnet_console_FUN_00131130.obj	bea5e76bddb10f56ea673f62fbb2c59a90ef6460	A	0000000000000000000000000000000000000000	a9f3d623f8838d6afde0bbc16ceea45bcc6ba9c1
delinked/telnet_console_FUN_00131130.obj	bfa39523bbe928044891da10f66f9fbc6f674ee2	A	0000000000000000000000000000000000000000	a9f3d623f8838d6afde0bbc16ceea45bcc6ba9c1
delinked/telnet_console_FUN_00131130.obj	c09c3f3f01d292c839613e0da5a78a7783f46c05	A	0000000000000000000000000000000000000000	a9f3d623f8838d6afde0bbc16ceea45bcc6ba9c1
delinked/telnet_console_FUN_00131130.obj	c53704ecee007ef1216a70e29bbc9ba576fb0594	A	0000000000000000000000000000000000000000	a9f3d623f8838d6afde0bbc16ceea45bcc6ba9c1
delinked/telnet_console_FUN_00131130.obj	ce6410afe31f200cbc280b17f5aa9af88373d5ad	A	0000000000000000000000000000000000000000	a9f3d623f8838d6afde0bbc16ceea45bcc6ba9c1
delinked/telnet_console_FUN_00131130.obj	cf68a7c98c46d9a482074e6a9b056f6237a1e26f	A	0000000000000000000000000000000000000000	a9f3d623f8838d6afde0bbc16ceea45bcc6ba9c1
delinked/telnet_console_FUN_00131130.obj	d4e5fe2ded6d4602d59cc6531ec88c5700ccf56a	A	0000000000000000000000000000000000000000	a9f3d623f8838d6afde0bbc16ceea45bcc6ba9c1
delinked/telnet_console_FUN_00131130.obj	dde4d8eed966f6b2644b4a5213b7cbc1a0361640	A	0000000000000000000000000000000000000000	a9f3d623f8838d6afde0bbc16ceea45bcc6ba9c1
delinked/telnet_console_FUN_00131130.obj	de701b97557ed78fd96021d9895caba54792f56f	D	a9f3d623f8838d6afde0bbc16ceea45bcc6ba9c1	0000000000000000000000000000000000000000
delinked/telnet_console_FUN_00131130.obj	dfa7e5c7ce5b148ebf4b39020130990f3971906f	A	0000000000000000000000000000000000000000	a9f3d623f8838d6afde0bbc16ceea45bcc6ba9c1
delinked/telnet_console_FUN_00131130.obj	e629badef8066e908f63adf4e6110ba850428273	A	0000000000000000000000000000000000000000	a9f3d623f8838d6afde0bbc16ceea45bcc6ba9c1
delinked/telnet_console_FUN_00131130.obj	ef7f3b5bbc834b01f9bd44883d1a57e6b8343d44	A	0000000000000000000000000000000000000000	a9f3d623f8838d6afde0bbc16ceea45bcc6ba9c1
delinked/telnet_console_FUN_00131130.obj	f2575d37e452fba07b6457c47d65259e211b05f3	D	a9f3d623f8838d6afde0bbc16ceea45bcc6ba9c1	0000000000000000000000000000000000000000
delinked/telnet_console_FUN_00131130.obj	f6cd952048a979eb461d02a566ff7f319d9f9f55	D	a9f3d623f8838d6afde0bbc16ceea45bcc6ba9c1	0000000000000000000000000000000000000000
delinked/telnet_console_FUN_00131130.obj	f6e4d67c7f72daa06252a2514719eb34658d72c5	A	0000000000000000000000000000000000000000	a9f3d623f8838d6afde0bbc16ceea45bcc6ba9c1
delinked/telnet_console_FUN_00131130.obj	fa0ac2ef5b472eae1c500f7bd91db270ea1c3423	D	a9f3d623f8838d6afde0bbc16ceea45bcc6ba9c1	0000000000000000000000000000000000000000
delinked/telnet_console_FUN_00131130.obj	fc7325ffbd00295ba4c2d381d2ebe80022855de8	A	0000000000000000000000000000000000000000	a9f3d623f8838d6afde0bbc16ceea45bcc6ba9c1
delinked/telnet_console_FUN_00131150.obj	009819124a72dc42c711ab2b6926022ba053474f	A	0000000000000000000000000000000000000000	51dae91914ff8d9c1e5913c151dc199b8133f881
delinked/telnet_console_FUN_00131150.obj	0a811e0dd4f26367ea50fd0c96ddf0e23df5f1c2	A	0000000000000000000000000000000000000000	51dae91914ff8d9c1e5913c151dc199b8133f881
delinked/telnet_console_FUN_00131150.obj	0c7858e7f5d311609d6f27ef81b742bb2eb98425	D	51dae91914ff8d9c1e5913c151dc199b8133f881	0000000000000000000000000000000000000000
delinked/telnet_console_FUN_00131150.obj	102061c9c6b0a801eabff89170f8238657d978d5	A	0000000000000000000000000000000000000000	51dae91914ff8d9c1e5913c151dc199b8133f881
delinked/telnet_console_FUN_00131150.obj	183b8ac12dcfb1630258abf1fd39d3825e5a1c2e	A	0000000000000000000000000000000000000000	51dae91914ff8d9c1e5913c151dc199b8133f881
delinked/telnet_console_FUN_00131150.obj	190fed7657afc7c24249254532021aa64e640d31	A	0000000000000000000000000000000000000000	51dae91914ff8d9c1e5913c151dc199b8133f881
delinked/telnet_console_FUN_00131150.obj	19113b20527042f58cd6c787e44f24e7cfd75cea	D	51dae91914ff8d9c1e5913c151dc199b8133f881	0000000000000000000000000000000000000000
delinked/telnet_console_FUN_00131150.obj	195ef93543ce76edf27232a921574feb8bf9b974	A	0000000000000000000000000000000000000000	51dae91914ff8d9c1e5913c151dc199b8133f881
delinked/telnet_console_FUN_00131150.obj	21786b541c172f10370a901d32a9c2501b196b2d	A	0000000000000000000000000000000000000000	51dae91914ff8d9c1e5913c151dc199b8133f881
delinked/telnet_console_FUN_00131150.obj	224ed2d2ded4ee51409834194169eb92b2611e66	A	0000000000000000000000000000000000000000	51dae91914ff8d9c1e5913c151dc199b8133f881
delinked/telnet_console_FUN_00131150.obj	23e5dd58685ebef9058eb5b066f8a3c165a28793	A	0000000000000000000000000000000000000000	51dae91914ff8d9c1e5913c151dc199b8133f881
delinked/telnet_console_FUN_00131150.obj	24ae0ed40036bb9028ab4eb917254d12042e26a5	D	51dae91914ff8d9c1e5913c151dc199b8133f881	0000000000000000000000000000000000000000
delinked/telnet_console_FUN_00131150.obj	299f6ee927b9d9a6f1a690fdf992bf2798cdbb27	A	0000000000000000000000000000000000000000	51dae91914ff8d9c1e5913c151dc199b8133f881
delinked/telnet_console_FUN_00131150.obj	2d83d3b6a8eec135cbf4528afbf6ecbcab56f21d	A	0000000000000000000000000000000000000000	51dae91914ff8d9c1e5913c151dc199b8133f881
delinked/telnet_console_FUN_00131150.obj	2d978c989dea7217444bf43e25b668459de63eb5	A	0000000000000000000000000000000000000000	51dae91914ff8d9c1e5913c151dc199b8133f881
delinked/telnet_console_FUN_00131150.obj	2dfbf03aa4ec9b7ab491c8e3392f9020cbd5f946	A	0000000000000000000000000000000000000000	51dae91914ff8d9c1e5913c151dc199b8133f881
delinked/telnet_console_FUN_00131150.obj	2edd65a616b922e0325c0227567ae792b14476f9	A	0000000000000000000000000000000000000000	51dae91914ff8d9c1e5913c151dc199b8133f881
delinked/telnet_console_FUN_00131150.obj	2f3cd5f4d456f5ccdded5e8be21bb7f0e7d633f3	A	0000000000000000000000000000000000000000	51dae91914ff8d9c1e5913c151dc199b8133f881
delinked/telnet_console_FUN_00131150.obj	3336dd0a7430f19ab2712696562f89f7dd387104	D	51dae91914ff8d9c1e5913c151dc199b8133f881	0000000000000000000000000000000000000000
delinked/telnet_console_FUN_00131150.obj	33377c65c9cb801e2a483fd8ee5284f56a1b1255	A	0000000000000000000000000000000000000000	51dae91914ff8d9c1e5913c151dc199b8133f881
delinked/telnet_console_FUN_00131150.obj	34108a0da55e692cd08f6dfe31ee51bd55653214	A	0000000000000000000000000000000000000000	51dae91914ff8d9c1e5913c151dc199b8133f881
delinked/telnet_console_FUN_00131150.obj	36e610b0891f801b1767136d956014ade437f8e8	A	0000000000000000000000000000000000000000	51dae91914ff8d9c1e5913c151dc199b8133f881
delinked/telnet_console_FUN_00131150.obj	41cd995b3105088ffe1d26188179d37d222c9a32	A	0000000000000000000000000000000000000000	51dae91914ff8d9c1e5913c151dc199b8133f881
delinked/telnet_console_FUN_00131150.obj	43ca1c1cfab2455ecead11d337f58fe2f457b75d	A	0000000000000000000000000000000000000000	51dae91914ff8d9c1e5913c151dc199b8133f881
delinked/telnet_console_FUN_00131150.obj	524826bd76911b418e79fb12d72476abed33d2fe	A	0000000000000000000000000000000000000000	51dae91914ff8d9c1e5913c151dc199b8133f881
delinked/telnet_console_FUN_00131150.obj	52d2c1db7d756b4efcdf3af688f3514cd790875c	A	0000000000000000000000000000000000000000	51dae91914ff8d9c1e5913c151dc199b8133f881
delinked/telnet_console_FUN_00131150.obj	53e73de1e9d7b25cd11993d3e5b69e51844c287a	A	0000000000000000000000000000000000000000	51dae91914ff8d9c1e5913c151dc199b8133f881
delinked/telnet_console_FUN_00131150.obj	58168dc7e69bf19e10a41d367dfcc911829c858a	A	0000000000000000000000000000000000000000	51dae91914ff8d9c1e5913c151dc199b8133f881
delinked/telnet_console_FUN_00131150.obj	585dc70890cc8e26145b9b2744c925b6e8a8603f	A	0000000000000000000000000000000000000000	51dae91914ff8d9c1e5913c151dc199b8133f881
delinked/telnet_console_FUN_00131150.obj	5ce39888a47e67c1d962c9969f38777c4b95c909	A	0000000000000000000000000000000000000000	51dae91914ff8d9c1e5913c151dc199b8133f881
delinked/telnet_console_FUN_00131150.obj	621ce65a364b5723737d13ca098743f70ccaf5f7	A	0000000000000000000000000000000000000000	51dae91914ff8d9c1e5913c151dc199b8133f881
delinked/telnet_console_FUN_00131150.obj	64573b4b84a041725c817768fb7b3814705c7058	D	51dae91914ff8d9c1e5913c151dc199b8133f881	0000000000000000000000000000000000000000
delinked/telnet_console_FUN_00131150.obj	6502dede62b3658670220dc6ae85af447cfc0836	D	51dae91914ff8d9c1e5913c151dc199b8133f881	0000000000000000000000000000000000000000
delinked/telnet_console_FUN_00131150.obj	6c726e8da9abfee0c3e94c0cfe02b943a79d4b03	A	0000000000000000000000000000000000000000	51dae91914ff8d9c1e5913c151dc199b8133f881
delinked/telnet_console_FUN_00131150.obj	705d8b799745f100be6713d55d7c27495e5effe7	A	0000000000000000000000000000000000000000	51dae91914ff8d9c1e5913c151dc199b8133f881
delinked/telnet_console_FUN_00131150.obj	7519a914432c4589f96e6425d3973b275cd946b7	A	0000000000000000000000000000000000000000	51dae91914ff8d9c1e5913c151dc199b8133f881
delinked/telnet_console_FUN_00131150.obj	776bd2b3ebebf802af6757ffc4f0c09886caa2b7	A	0000000000000000000000000000000000000000	51dae91914ff8d9c1e5913c151dc199b8133f881
delinked/telnet_console_FUN_00131150.obj	7b9504ba0608bdcda49a66af9b22f4bc3a168802	D	51dae91914ff8d9c1e5913c151dc199b8133f881	0000000000000000000000000000000000000000
delinked/telnet_console_FUN_00131150.obj	7fd94539449d0bae7ed4fb47cb46ea18a5c81d37	A	0000000000000000000000000000000000000000	51dae91914ff8d9c1e5913c151dc199b8133f881
delinked/telnet_console_FUN_00131150.obj	8c6241ffef6076e5430162fb7eea977839050f24	A	0000000000000000000000000000000000000000	51dae91914ff8d9c1e5913c151dc199b8133f881
delinked/telnet_console_FUN_00131150.obj	8f91f5dda0267596c690b7bb268697ffd902539f	A	0000000000000000000000000000000000000000	51dae91914ff8d9c1e5913c151dc199b8133f881
delinked/telnet_console_FUN_00131150.obj	91d110786a657d717743b2f28cc4832be356fe8d	A	0000000000000000000000000000000000000000	51dae91914ff8d9c1e5913c151dc199b8133f881
delinked/telnet_console_FUN_00131150.obj	93978d2cd4c7f6342b4908ecf60a5cbaff4bc904	A	0000000000000000000000000000000000000000	51dae91914ff8d9c1e5913c151dc199b8133f881
delinked/telnet_console_FUN_00131150.obj	95d023d7e9a2edecb7c01b7dad01eb9627442ab0	A	0000000000000000000000000000000000000000	51dae91914ff8d9c1e5913c151dc199b8133f881
delinked/telnet_console_FUN_00131150.obj	99091fda43148f3bc1107df49c82379be1a25881	A	0000000000000000000000000000000000000000	51dae91914ff8d9c1e5913c151dc199b8133f881
delinked/telnet_console_FUN_00131150.obj	9ae4aaa4301b193e6ec8946813e3e84ba2a79cd1	A	0000000000000000000000000000000000000000	51dae91914ff8d9c1e5913c151dc199b8133f881
delinked/telnet_console_FUN_00131150.obj	9da6fcd7ba52aa0380962d1bf178a28a44b2278f	A	0000000000000000000000000000000000000000	51dae91914ff8d9c1e5913c151dc199b8133f881
delinked/telnet_console_FUN_00131150.obj	9ed7af7b9e663212bf06995b253b05348a393aab	A	0000000000000000000000000000000000000000	51dae91914ff8d9c1e5913c151dc199b8133f881
delinked/telnet_console_FUN_00131150.obj	a12cffa5c4a567d0c606d533ca9080fe06dfcc99	A	0000000000000000000000000000000000000000	51dae91914ff8d9c1e5913c151dc199b8133f881
delinked/telnet_console_FUN_00131150.obj	a362be973602520d16bf9a7d46776f123cfc02a7	A	0000000000000000000000000000000000000000	51dae91914ff8d9c1e5913c151dc199b8133f881
delinked/telnet_console_FUN_00131150.obj	ab786cc546255a13d39c8a948c336734a35b7a97	A	0000000000000000000000000000000000000000	51dae91914ff8d9c1e5913c151dc199b8133f881
delinked/telnet_console_FUN_00131150.obj	ae4e0954bde158fed41f0ea5ab2547355553d0bb	A	0000000000000000000000000000000000000000	51dae91914ff8d9c1e5913c151dc199b8133f881
delinked/telnet_console_FUN_00131150.obj	b5c2ea247dd6606bf7bed0381d4db81eb62268d8	A	0000000000000000000000000000000000000000	51dae91914ff8d9c1e5913c151dc199b8133f881
delinked/telnet_console_FUN_00131150.obj	bea5e76bddb10f56ea673f62fbb2c59a90ef6460	A	0000000000000000000000000000000000000000	51dae91914ff8d9c1e5913c151dc199b8133f881
delinked/telnet_console_FUN_00131150.obj	bfa39523bbe928044891da10f66f9fbc6f674ee2	A	0000000000000000000000000000000000000000	51dae91914ff8d9c1e5913c151dc199b8133f881
delinked/telnet_console_FUN_00131150.obj	c09c3f3f01d292c839613e0da5a78a7783f46c05	A	0000000000000000000000000000000000000000	51dae91914ff8d9c1e5913c151dc199b8133f881
delinked/telnet_console_FUN_00131150.obj	c53704ecee007ef1216a70e29bbc9ba576fb0594	A	0000000000000000000000000000000000000000	51dae91914ff8d9c1e5913c151dc199b8133f881
delinked/telnet_console_FUN_00131150.obj	ce6410afe31f200cbc280b17f5aa9af88373d5ad	A	0000000000000000000000000000000000000000	51dae91914ff8d9c1e5913c151dc199b8133f881
delinked/telnet_console_FUN_00131150.obj	cf68a7c98c46d9a482074e6a9b056f6237a1e26f	A	0000000000000000000000000000000000000000	51dae91914ff8d9c1e5913c151dc199b8133f881
delinked/telnet_console_FUN_00131150.obj	d4e5fe2ded6d4602d59cc6531ec88c5700ccf56a	A	0000000000000000000000000000000000000000	51dae91914ff8d9c1e5913c151dc199b8133f881
delinked/telnet_console_FUN_00131150.obj	dde4d8eed966f6b2644b4a5213b7cbc1a0361640	A	0000000000000000000000000000000000000000	51dae91914ff8d9c1e5913c151dc199b8133f881
delinked/telnet_console_FUN_00131150.obj	de701b97557ed78fd96021d9895caba54792f56f	D	51dae91914ff8d9c1e5913c151dc199b8133f881	0000000000000000000000000000000000000000
delinked/telnet_console_FUN_00131150.obj	dfa7e5c7ce5b148ebf4b39020130990f3971906f	A	0000000000000000000000000000000000000000	51dae91914ff8d9c1e5913c151dc199b8133f881
delinked/telnet_console_FUN_00131150.obj	e629badef8066e908f63adf4e6110ba850428273	A	0000000000000000000000000000000000000000	51dae91914ff8d9c1e5913c151dc199b8133f881
delinked/telnet_console_FUN_00131150.obj	ef7f3b5bbc834b01f9bd44883d1a57e6b8343d44	A	0000000000000000000000000000000000000000	51dae91914ff8d9c1e5913c151dc199b8133f881
delinked/telnet_console_FUN_00131150.obj	f2575d37e452fba07b6457c47d65259e211b05f3	D	51dae91914ff8d9c1e5913c151dc199b8133f881	0000000000000000000000000000000000000000
delinked/telnet_console_FUN_00131150.obj	f6cd952048a979eb461d02a566ff7f319d9f9f55	D	51dae91914ff8d9c1e5913c151dc199b8133f881	0000000000000000000000000000000000000000
delinked/telnet_console_FUN_00131150.obj	f6e4d67c7f72daa06252a2514719eb34658d72c5	A	0000000000000000000000000000000000000000	51dae91914ff8d9c1e5913c151dc199b8133f881
delinked/telnet_console_FUN_00131150.obj	fa0ac2ef5b472eae1c500f7bd91db270ea1c3423	D	51dae91914ff8d9c1e5913c151dc199b8133f881	0000000000000000000000000000000000000000
delinked/telnet_console_FUN_00131150.obj	fc7325ffbd00295ba4c2d381d2ebe80022855de8	A	0000000000000000000000000000000000000000	51dae91914ff8d9c1e5913c151dc199b8133f881
delinked/telnet_console_FUN_00131280.obj	009819124a72dc42c711ab2b6926022ba053474f	A	0000000000000000000000000000000000000000	5c55ce1de946a82771a4cf3471d13c225c22518b
delinked/telnet_console_FUN_00131280.obj	0a811e0dd4f26367ea50fd0c96ddf0e23df5f1c2	A	0000000000000000000000000000000000000000	5c55ce1de946a82771a4cf3471d13c225c22518b
delinked/telnet_console_FUN_00131280.obj	0c7858e7f5d311609d6f27ef81b742bb2eb98425	D	5c55ce1de946a82771a4cf3471d13c225c22518b	0000000000000000000000000000000000000000
delinked/telnet_console_FUN_00131280.obj	102061c9c6b0a801eabff89170f8238657d978d5	A	0000000000000000000000000000000000000000	5c55ce1de946a82771a4cf3471d13c225c22518b
delinked/telnet_console_FUN_00131280.obj	183b8ac12dcfb1630258abf1fd39d3825e5a1c2e	A	0000000000000000000000000000000000000000	5c55ce1de946a82771a4cf3471d13c225c22518b
delinked/telnet_console_FUN_00131280.obj	190fed7657afc7c24249254532021aa64e640d31	A	0000000000000000000000000000000000000000	5c55ce1de946a82771a4cf3471d13c225c22518b
delinked/telnet_console_FUN_00131280.obj	19113b20527042f58cd6c787e44f24e7cfd75cea	D	5c55ce1de946a82771a4cf3471d13c225c22518b	0000000000000000000000000000000000000000
delinked/telnet_console_FUN_00131280.obj	195ef93543ce76edf27232a921574feb8bf9b974	A	0000000000000000000000000000000000000000	5c55ce1de946a82771a4cf3471d13c225c22518b
delinked/telnet_console_FUN_00131280.obj	21786b541c172f10370a901d32a9c2501b196b2d	A	0000000000000000000000000000000000000000	5c55ce1de946a82771a4cf3471d13c225c22518b
delinked/telnet_console_FUN_00131280.obj	224ed2d2ded4ee51409834194169eb92b2611e66	A	0000000000000000000000000000000000000000	5c55ce1de946a82771a4cf3471d13c225c22518b
delinked/telnet_console_FUN_00131280.obj	23e5dd58685ebef9058eb5b066f8a3c165a28793	A	0000000000000000000000000000000000000000	5c55ce1de946a82771a4cf3471d13c225c22518b
delinked/telnet_console_FUN_00131280.obj	24ae0ed40036bb9028ab4eb917254d12042e26a5	D	5c55ce1de946a82771a4cf3471d13c225c22518b	0000000000000000000000000000000000000000
delinked/telnet_console_FUN_00131280.obj	299f6ee927b9d9a6f1a690fdf992bf2798cdbb27	A	0000000000000000000000000000000000000000	5c55ce1de946a82771a4cf3471d13c225c22518b
delinked/telnet_console_FUN_00131280.obj	2d83d3b6a8eec135cbf4528afbf6ecbcab56f21d	A	0000000000000000000000000000000000000000	5c55ce1de946a82771a4cf3471d13c225c22518b
delinked/telnet_console_FUN_00131280.obj	2d978c989dea7217444bf43e25b668459de63eb5	A	0000000000000000000000000000000000000000	5c55ce1de946a82771a4cf3471d13c225c22518b
delinked/telnet_console_FUN_00131280.obj	2dfbf03aa4ec9b7ab491c8e3392f9020cbd5f946	A	0000000000000000000000000000000000000000	5c55ce1de946a82771a4cf3471d13c225c22518b
delinked/telnet_console_FUN_00131280.obj	2edd65a616b922e0325c0227567ae792b14476f9	A	0000000000000000000000000000000000000000	5c55ce1de946a82771a4cf3471d13c225c22518b
delinked/telnet_console_FUN_00131280.obj	2f3cd5f4d456f5ccdded5e8be21bb7f0e7d633f3	A	0000000000000000000000000000000000000000	5c55ce1de946a82771a4cf3471d13c225c22518b
delinked/telnet_console_FUN_00131280.obj	3336dd0a7430f19ab2712696562f89f7dd387104	D	5c55ce1de946a82771a4cf3471d13c225c22518b	0000000000000000000000000000000000000000
delinked/telnet_console_FUN_00131280.obj	33377c65c9cb801e2a483fd8ee5284f56a1b1255	A	0000000000000000000000000000000000000000	5c55ce1de946a82771a4cf3471d13c225c22518b
delinked/telnet_console_FUN_00131280.obj	34108a0da55e692cd08f6dfe31ee51bd55653214	A	0000000000000000000000000000000000000000	5c55ce1de946a82771a4cf3471d13c225c22518b
delinked/telnet_console_FUN_00131280.obj	36e610b0891f801b1767136d956014ade437f8e8	A	0000000000000000000000000000000000000000	5c55ce1de946a82771a4cf3471d13c225c22518b
delinked/telnet_console_FUN_00131280.obj	41cd995b3105088ffe1d26188179d37d222c9a32	A	0000000000000000000000000000000000000000	5c55ce1de946a82771a4cf3471d13c225c22518b
delinked/telnet_console_FUN_00131280.obj	43ca1c1cfab2455ecead11d337f58fe2f457b75d	A	0000000000000000000000000000000000000000	5c55ce1de946a82771a4cf3471d13c225c22518b
delinked/telnet_console_FUN_00131280.obj	524826bd76911b418e79fb12d72476abed33d2fe	A	0000000000000000000000000000000000000000	5c55ce1de946a82771a4cf3471d13c225c22518b
delinked/telnet_console_FUN_00131280.obj	52d2c1db7d756b4efcdf3af688f3514cd790875c	A	0000000000000000000000000000000000000000	5c55ce1de946a82771a4cf3471d13c225c22518b
delinked/telnet_console_FUN_00131280.obj	53e73de1e9d7b25cd11993d3e5b69e51844c287a	A	0000000000000000000000000000000000000000	5c55ce1de946a82771a4cf3471d13c225c22518b
delinked/telnet_console_FUN_00131280.obj	58168dc7e69bf19e10a41d367dfcc911829c858a	A	0000000000000000000000000000000000000000	5c55ce1de946a82771a4cf3471d13c225c22518b
delinked/telnet_console_FUN_00131280.obj	585dc70890cc8e26145b9b2744c925b6e8a8603f	A	0000000000000000000000000000000000000000	5c55ce1de946a82771a4cf3471d13c225c22518b
delinked/telnet_console_FUN_00131280.obj	5ce39888a47e67c1d962c9969f38777c4b95c909	A	0000000000000000000000000000000000000000	5c55ce1de946a82771a4cf3471d13c225c22518b
delinked/telnet_console_FUN_00131280.obj	621ce65a364b5723737d13ca098743f70ccaf5f7	A	0000000000000000000000000000000000000000	5c55ce1de946a82771a4cf3471d13c225c22518b
delinked/telnet_console_FUN_00131280.obj	64573b4b84a041725c817768fb7b3814705c7058	D	5c55ce1de946a82771a4cf3471d13c225c22518b	0000000000000000000000000000000000000000
delinked/telnet_console_FUN_00131280.obj	6502dede62b3658670220dc6ae85af447cfc0836	D	5c55ce1de946a82771a4cf3471d13c225c22518b	0000000000000000000000000000000000000000
delinked/telnet_console_FUN_00131280.obj	6c726e8da9abfee0c3e94c0cfe02b943a79d4b03	A	0000000000000000000000000000000000000000	5c55ce1de946a82771a4cf3471d13c225c22518b
delinked/telnet_console_FUN_00131280.obj	705d8b799745f100be6713d55d7c27495e5effe7	A	0000000000000000000000000000000000000000	5c55ce1de946a82771a4cf3471d13c225c22518b
delinked/telnet_console_FUN_00131280.obj	7519a914432c4589f96e6425d3973b275cd946b7	A	0000000000000000000000000000000000000000	5c55ce1de946a82771a4cf3471d13c225c22518b
delinked/telnet_console_FUN_00131280.obj	776bd2b3ebebf802af6757ffc4f0c09886caa2b7	A	0000000000000000000000000000000000000000	5c55ce1de946a82771a4cf3471d13c225c22518b
delinked/telnet_console_FUN_00131280.obj	7b9504ba0608bdcda49a66af9b22f4bc3a168802	D	5c55ce1de946a82771a4cf3471d13c225c22518b	0000000000000000000000000000000000000000
delinked/telnet_console_FUN_00131280.obj	7fd94539449d0bae7ed4fb47cb46ea18a5c81d37	A	0000000000000000000000000000000000000000	5c55ce1de946a82771a4cf3471d13c225c22518b
delinked/telnet_console_FUN_00131280.obj	8c6241ffef6076e5430162fb7eea977839050f24	A	0000000000000000000000000000000000000000	5c55ce1de946a82771a4cf3471d13c225c22518b
delinked/telnet_console_FUN_00131280.obj	8f91f5dda0267596c690b7bb268697ffd902539f	A	0000000000000000000000000000000000000000	5c55ce1de946a82771a4cf3471d13c225c22518b
delinked/telnet_console_FUN_00131280.obj	91d110786a657d717743b2f28cc4832be356fe8d	A	0000000000000000000000000000000000000000	5c55ce1de946a82771a4cf3471d13c225c22518b
delinked/telnet_console_FUN_00131280.obj	93978d2cd4c7f6342b4908ecf60a5cbaff4bc904	A	0000000000000000000000000000000000000000	5c55ce1de946a82771a4cf3471d13c225c22518b
delinked/telnet_console_FUN_00131280.obj	95d023d7e9a2edecb7c01b7dad01eb9627442ab0	A	0000000000000000000000000000000000000000	5c55ce1de946a82771a4cf3471d13c225c22518b
delinked/telnet_console_FUN_00131280.obj	99091fda43148f3bc1107df49c82379be1a25881	A	0000000000000000000000000000000000000000	5c55ce1de946a82771a4cf3471d13c225c22518b
delinked/telnet_console_FUN_00131280.obj	9ae4aaa4301b193e6ec8946813e3e84ba2a79cd1	A	0000000000000000000000000000000000000000	5c55ce1de946a82771a4cf3471d13c225c22518b
delinked/telnet_console_FUN_00131280.obj	9da6fcd7ba52aa0380962d1bf178a28a44b2278f	A	0000000000000000000000000000000000000000	5c55ce1de946a82771a4cf3471d13c225c22518b
delinked/telnet_console_FUN_00131280.obj	9ed7af7b9e663212bf06995b253b05348a393aab	A	0000000000000000000000000000000000000000	5c55ce1de946a82771a4cf3471d13c225c22518b
delinked/telnet_console_FUN_00131280.obj	a12cffa5c4a567d0c606d533ca9080fe06dfcc99	A	0000000000000000000000000000000000000000	5c55ce1de946a82771a4cf3471d13c225c22518b
delinked/telnet_console_FUN_00131280.obj	a362be973602520d16bf9a7d46776f123cfc02a7	A	0000000000000000000000000000000000000000	5c55ce1de946a82771a4cf3471d13c225c22518b
delinked/telnet_console_FUN_00131280.obj	ab786cc546255a13d39c8a948c336734a35b7a97	A	0000000000000000000000000000000000000000	5c55ce1de946a82771a4cf3471d13c225c22518b
delinked/telnet_console_FUN_00131280.obj	ae4e0954bde158fed41f0ea5ab2547355553d0bb	A	0000000000000000000000000000000000000000	5c55ce1de946a82771a4cf3471d13c225c22518b
delinked/telnet_console_FUN_00131280.obj	b5c2ea247dd6606bf7bed0381d4db81eb62268d8	A	0000000000000000000000000000000000000000	5c55ce1de946a82771a4cf3471d13c225c22518b
delinked/telnet_console_FUN_00131280.obj	bea5e76bddb10f56ea673f62fbb2c59a90ef6460	A	0000000000000000000000000000000000000000	5c55ce1de946a82771a4cf3471d13c225c22518b
delinked/telnet_console_FUN_00131280.obj	c09c3f3f01d292c839613e0da5a78a7783f46c05	A	0000000000000000000000000000000000000000	5c55ce1de946a82771a4cf3471d13c225c22518b
delinked/telnet_console_FUN_00131280.obj	c53704ecee007ef1216a70e29bbc9ba576fb0594	A	0000000000000000000000000000000000000000	5c55ce1de946a82771a4cf3471d13c225c22518b
delinked/telnet_console_FUN_00131280.obj	ce6410afe31f200cbc280b17f5aa9af88373d5ad	A	0000000000000000000000000000000000000000	5c55ce1de946a82771a4cf3471d13c225c22518b
delinked/telnet_console_FUN_00131280.obj	cf68a7c98c46d9a482074e6a9b056f6237a1e26f	A	0000000000000000000000000000000000000000	5c55ce1de946a82771a4cf3471d13c225c22518b
delinked/telnet_console_FUN_00131280.obj	d4e5fe2ded6d4602d59cc6531ec88c5700ccf56a	A	0000000000000000000000000000000000000000	5c55ce1de946a82771a4cf3471d13c225c22518b
delinked/telnet_console_FUN_00131280.obj	d61305f4e61857bbecc56f361e0e5c45f92228c2	A	0000000000000000000000000000000000000000	5c55ce1de946a82771a4cf3471d13c225c22518b
delinked/telnet_console_FUN_00131280.obj	d7f5a8be3a60fc82ddbcba388e9f087cf1f1e13b	A	0000000000000000000000000000000000000000	5c55ce1de946a82771a4cf3471d13c225c22518b
delinked/telnet_console_FUN_00131280.obj	dde4d8eed966f6b2644b4a5213b7cbc1a0361640	A	0000000000000000000000000000000000000000	5c55ce1de946a82771a4cf3471d13c225c22518b
delinked/telnet_console_FUN_00131280.obj	de701b97557ed78fd96021d9895caba54792f56f	D	5c55ce1de946a82771a4cf3471d13c225c22518b	0000000000000000000000000000000000000000
delinked/telnet_console_FUN_00131280.obj	dfa7e5c7ce5b148ebf4b39020130990f3971906f	A	0000000000000000000000000000000000000000	5c55ce1de946a82771a4cf3471d13c225c22518b
delinked/telnet_console_FUN_00131280.obj	e629badef8066e908f63adf4e6110ba850428273	A	0000000000000000000000000000000000000000	5c55ce1de946a82771a4cf3471d13c225c22518b
delinked/telnet_console_FUN_00131280.obj	ef7f3b5bbc834b01f9bd44883d1a57e6b8343d44	A	0000000000000000000000000000000000000000	5c55ce1de946a82771a4cf3471d13c225c22518b
delinked/telnet_console_FUN_00131280.obj	f2575d37e452fba07b6457c47d65259e211b05f3	D	5c55ce1de946a82771a4cf3471d13c225c22518b	0000000000000000000000000000000000000000
delinked/telnet_console_FUN_00131280.obj	f6cd952048a979eb461d02a566ff7f319d9f9f55	D	5c55ce1de946a82771a4cf3471d13c225c22518b	0000000000000000000000000000000000000000
delinked/telnet_console_FUN_00131280.obj	f6e4d67c7f72daa06252a2514719eb34658d72c5	A	0000000000000000000000000000000000000000	5c55ce1de946a82771a4cf3471d13c225c22518b
delinked/telnet_console_FUN_00131280.obj	fa0ac2ef5b472eae1c500f7bd91db270ea1c3423	D	5c55ce1de946a82771a4cf3471d13c225c22518b	0000000000000000000000000000000000000000
delinked/telnet_console_FUN_00131280.obj	fc7325ffbd00295ba4c2d381d2ebe80022855de8	A	0000000000000000000000000000000000000000	5c55ce1de946a82771a4cf3471d13c225c22518b
delinked/telnet_console_FUN_001313f0.obj	009819124a72dc42c711ab2b6926022ba053474f	A	0000000000000000000000000000000000000000	daeab1b2c4ddc0b3ff09cdc0cccc2b204b067e70
delinked/telnet_console_FUN_001313f0.obj	0a811e0dd4f26367ea50fd0c96ddf0e23df5f1c2	A	0000000000000000000000000000000000000000	daeab1b2c4ddc0b3ff09cdc0cccc2b204b067e70
delinked/telnet_console_FUN_001313f0.obj	0c7858e7f5d311609d6f27ef81b742bb2eb98425	D	daeab1b2c4ddc0b3ff09cdc0cccc2b204b067e70	0000000000000000000000000000000000000000
delinked/telnet_console_FUN_001313f0.obj	102061c9c6b0a801eabff89170f8238657d978d5	A	0000000000000000000000000000000000000000	daeab1b2c4ddc0b3ff09cdc0cccc2b204b067e70
delinked/telnet_console_FUN_001313f0.obj	183b8ac12dcfb1630258abf1fd39d3825e5a1c2e	A	0000000000000000000000000000000000000000	daeab1b2c4ddc0b3ff09cdc0cccc2b204b067e70
delinked/telnet_console_FUN_001313f0.obj	190fed7657afc7c24249254532021aa64e640d31	A	0000000000000000000000000000000000000000	daeab1b2c4ddc0b3ff09cdc0cccc2b204b067e70
delinked/telnet_console_FUN_001313f0.obj	19113b20527042f58cd6c787e44f24e7cfd75cea	D	daeab1b2c4ddc0b3ff09cdc0cccc2b204b067e70	0000000000000000000000000000000000000000
delinked/telnet_console_FUN_001313f0.obj	195ef93543ce76edf27232a921574feb8bf9b974	A	0000000000000000000000000000000000000000	daeab1b2c4ddc0b3ff09cdc0cccc2b204b067e70
delinked/telnet_console_FUN_001313f0.obj	21786b541c172f10370a901d32a9c2501b196b2d	A	0000000000000000000000000000000000000000	daeab1b2c4ddc0b3ff09cdc0cccc2b204b067e70
delinked/telnet_console_FUN_001313f0.obj	224ed2d2ded4ee51409834194169eb92b2611e66	A	0000000000000000000000000000000000000000	daeab1b2c4ddc0b3ff09cdc0cccc2b204b067e70
delinked/telnet_console_FUN_001313f0.obj	23e5dd58685ebef9058eb5b066f8a3c165a28793	A	0000000000000000000000000000000000000000	daeab1b2c4ddc0b3ff09cdc0cccc2b204b067e70
delinked/telnet_console_FUN_001313f0.obj	24ae0ed40036bb9028ab4eb917254d12042e26a5	D	daeab1b2c4ddc0b3ff09cdc0cccc2b204b067e70	0000000000000000000000000000000000000000
delinked/telnet_console_FUN_001313f0.obj	299f6ee927b9d9a6f1a690fdf992bf2798cdbb27	A	0000000000000000000000000000000000000000	daeab1b2c4ddc0b3ff09cdc0cccc2b204b067e70
delinked/telnet_console_FUN_001313f0.obj	2d83d3b6a8eec135cbf4528afbf6ecbcab56f21d	A	0000000000000000000000000000000000000000	daeab1b2c4ddc0b3ff09cdc0cccc2b204b067e70
delinked/telnet_console_FUN_001313f0.obj	2d978c989dea7217444bf43e25b668459de63eb5	A	0000000000000000000000000000000000000000	daeab1b2c4ddc0b3ff09cdc0cccc2b204b067e70
delinked/telnet_console_FUN_001313f0.obj	2dfbf03aa4ec9b7ab491c8e3392f9020cbd5f946	A	0000000000000000000000000000000000000000	daeab1b2c4ddc0b3ff09cdc0cccc2b204b067e70
delinked/telnet_console_FUN_001313f0.obj	2edd65a616b922e0325c0227567ae792b14476f9	A	0000000000000000000000000000000000000000	daeab1b2c4ddc0b3ff09cdc0cccc2b204b067e70
delinked/telnet_console_FUN_001313f0.obj	2f3cd5f4d456f5ccdded5e8be21bb7f0e7d633f3	A	0000000000000000000000000000000000000000	daeab1b2c4ddc0b3ff09cdc0cccc2b204b067e70
delinked/telnet_console_FUN_001313f0.obj	3336dd0a7430f19ab2712696562f89f7dd387104	D	daeab1b2c4ddc0b3ff09cdc0cccc2b204b067e70	0000000000000000000000000000000000000000
delinked/telnet_console_FUN_001313f0.obj	33377c65c9cb801e2a483fd8ee5284f56a1b1255	A	0000000000000000000000000000000000000000	daeab1b2c4ddc0b3ff09cdc0cccc2b204b067e70
delinked/telnet_console_FUN_001313f0.obj	33dab525cbf90d58193d82c3db566d6ffa290725	A	0000000000000000000000000000000000000000	daeab1b2c4ddc0b3ff09cdc0cccc2b204b067e70
delinked/telnet_console_FUN_001313f0.obj	34108a0da55e692cd08f6dfe31ee51bd55653214	A	0000000000000000000000000000000000000000	daeab1b2c4ddc0b3ff09cdc0cccc2b204b067e70
delinked/telnet_console_FUN_001313f0.obj	36e610b0891f801b1767136d956014ade437f8e8	A	0000000000000000000000000000000000000000	daeab1b2c4ddc0b3ff09cdc0cccc2b204b067e70
delinked/telnet_console_FUN_001313f0.obj	41cd995b3105088ffe1d26188179d37d222c9a32	A	0000000000000000000000000000000000000000	daeab1b2c4ddc0b3ff09cdc0cccc2b204b067e70
delinked/telnet_console_FUN_001313f0.obj	43ca1c1cfab2455ecead11d337f58fe2f457b75d	A	0000000000000000000000000000000000000000	daeab1b2c4ddc0b3ff09cdc0cccc2b204b067e70
delinked/telnet_console_FUN_001313f0.obj	524826bd76911b418e79fb12d72476abed33d2fe	A	0000000000000000000000000000000000000000	daeab1b2c4ddc0b3ff09cdc0cccc2b204b067e70
delinked/telnet_console_FUN_001313f0.obj	52d2c1db7d756b4efcdf3af688f3514cd790875c	A	0000000000000000000000000000000000000000	daeab1b2c4ddc0b3ff09cdc0cccc2b204b067e70
delinked/telnet_console_FUN_001313f0.obj	53e73de1e9d7b25cd11993d3e5b69e51844c287a	A	0000000000000000000000000000000000000000	daeab1b2c4ddc0b3ff09cdc0cccc2b204b067e70
delinked/telnet_console_FUN_001313f0.obj	58168dc7e69bf19e10a41d367dfcc911829c858a	A	0000000000000000000000000000000000000000	daeab1b2c4ddc0b3ff09cdc0cccc2b204b067e70
delinked/telnet_console_FUN_001313f0.obj	585dc70890cc8e26145b9b2744c925b6e8a8603f	A	0000000000000000000000000000000000000000	daeab1b2c4ddc0b3ff09cdc0cccc2b204b067e70
delinked/telnet_console_FUN_001313f0.obj	5ce39888a47e67c1d962c9969f38777c4b95c909	A	0000000000000000000000000000000000000000	daeab1b2c4ddc0b3ff09cdc0cccc2b204b067e70
delinked/telnet_console_FUN_001313f0.obj	621ce65a364b5723737d13ca098743f70ccaf5f7	A	0000000000000000000000000000000000000000	daeab1b2c4ddc0b3ff09cdc0cccc2b204b067e70
delinked/telnet_console_FUN_001313f0.obj	64573b4b84a041725c817768fb7b3814705c7058	D	daeab1b2c4ddc0b3ff09cdc0cccc2b204b067e70	0000000000000000000000000000000000000000
delinked/telnet_console_FUN_001313f0.obj	6502dede62b3658670220dc6ae85af447cfc0836	D	daeab1b2c4ddc0b3ff09cdc0cccc2b204b067e70	0000000000000000000000000000000000000000
delinked/telnet_console_FUN_001313f0.obj	6c726e8da9abfee0c3e94c0cfe02b943a79d4b03	A	0000000000000000000000000000000000000000	daeab1b2c4ddc0b3ff09cdc0cccc2b204b067e70
delinked/telnet_console_FUN_001313f0.obj	705d8b799745f100be6713d55d7c27495e5effe7	A	0000000000000000000000000000000000000000	daeab1b2c4ddc0b3ff09cdc0cccc2b204b067e70
delinked/telnet_console_FUN_001313f0.obj	7519a914432c4589f96e6425d3973b275cd946b7	A	0000000000000000000000000000000000000000	daeab1b2c4ddc0b3ff09cdc0cccc2b204b067e70
delinked/telnet_console_FUN_001313f0.obj	776bd2b3ebebf802af6757ffc4f0c09886caa2b7	A	0000000000000000000000000000000000000000	daeab1b2c4ddc0b3ff09cdc0cccc2b204b067e70
delinked/telnet_console_FUN_001313f0.obj	7b9504ba0608bdcda49a66af9b22f4bc3a168802	D	daeab1b2c4ddc0b3ff09cdc0cccc2b204b067e70	0000000000000000000000000000000000000000
delinked/telnet_console_FUN_001313f0.obj	7fd94539449d0bae7ed4fb47cb46ea18a5c81d37	A	0000000000000000000000000000000000000000	daeab1b2c4ddc0b3ff09cdc0cccc2b204b067e70
delinked/telnet_console_FUN_001313f0.obj	8c6241ffef6076e5430162fb7eea977839050f24	A	0000000000000000000000000000000000000000	daeab1b2c4ddc0b3ff09cdc0cccc2b204b067e70
delinked/telnet_console_FUN_001313f0.obj	8f91f5dda0267596c690b7bb268697ffd902539f	A	0000000000000000000000000000000000000000	daeab1b2c4ddc0b3ff09cdc0cccc2b204b067e70
delinked/telnet_console_FUN_001313f0.obj	91d110786a657d717743b2f28cc4832be356fe8d	A	0000000000000000000000000000000000000000	daeab1b2c4ddc0b3ff09cdc0cccc2b204b067e70
delinked/telnet_console_FUN_001313f0.obj	93978d2cd4c7f6342b4908ecf60a5cbaff4bc904	A	0000000000000000000000000000000000000000	daeab1b2c4ddc0b3ff09cdc0cccc2b204b067e70
delinked/telnet_console_FUN_001313f0.obj	95d023d7e9a2edecb7c01b7dad01eb9627442ab0	A	0000000000000000000000000000000000000000	daeab1b2c4ddc0b3ff09cdc0cccc2b204b067e70
delinked/telnet_console_FUN_001313f0.obj	99091fda43148f3bc1107df49c82379be1a25881	A	0000000000000000000000000000000000000000	daeab1b2c4ddc0b3ff09cdc0cccc2b204b067e70
delinked/telnet_console_FUN_001313f0.obj	9ae4aaa4301b193e6ec8946813e3e84ba2a79cd1	A	0000000000000000000000000000000000000000	daeab1b2c4ddc0b3ff09cdc0cccc2b204b067e70
delinked/telnet_console_FUN_001313f0.obj	9da6fcd7ba52aa0380962d1bf178a28a44b2278f	A	0000000000000000000000000000000000000000	daeab1b2c4ddc0b3ff09cdc0cccc2b204b067e70
delinked/telnet_console_FUN_001313f0.obj	9ed7af7b9e663212bf06995b253b05348a393aab	A	0000000000000000000000000000000000000000	daeab1b2c4ddc0b3ff09cdc0cccc2b204b067e70
delinked/telnet_console_FUN_001313f0.obj	9f81fa10b5affca593033007d7f9f665ea117347	A	0000000000000000000000000000000000000000	daeab1b2c4ddc0b3ff09cdc0cccc2b204b067e70
delinked/telnet_console_FUN_001313f0.obj	a12cffa5c4a567d0c606d533ca9080fe06dfcc99	A	0000000000000000000000000000000000000000	daeab1b2c4ddc0b3ff09cdc0cccc2b204b067e70
delinked/telnet_console_FUN_001313f0.obj	a362be973602520d16bf9a7d46776f123cfc02a7	A	0000000000000000000000000000000000000000	daeab1b2c4ddc0b3ff09cdc0cccc2b204b067e70
delinked/telnet_console_FUN_001313f0.obj	ab786cc546255a13d39c8a948c336734a35b7a97	A	0000000000000000000000000000000000000000	daeab1b2c4ddc0b3ff09cdc0cccc2b204b067e70
delinked/telnet_console_FUN_001313f0.obj	ae4e0954bde158fed41f0ea5ab2547355553d0bb	A	0000000000000000000000000000000000000000	daeab1b2c4ddc0b3ff09cdc0cccc2b204b067e70
delinked/telnet_console_FUN_001313f0.obj	b5c2ea247dd6606bf7bed0381d4db81eb62268d8	A	0000000000000000000000000000000000000000	daeab1b2c4ddc0b3ff09cdc0cccc2b204b067e70
delinked/telnet_console_FUN_001313f0.obj	bea5e76bddb10f56ea673f62fbb2c59a90ef6460	A	0000000000000000000000000000000000000000	daeab1b2c4ddc0b3ff09cdc0cccc2b204b067e70
delinked/telnet_console_FUN_001313f0.obj	c09c3f3f01d292c839613e0da5a78a7783f46c05	A	0000000000000000000000000000000000000000	daeab1b2c4ddc0b3ff09cdc0cccc2b204b067e70
delinked/telnet_console_FUN_001313f0.obj	c53704ecee007ef1216a70e29bbc9ba576fb0594	A	0000000000000000000000000000000000000000	daeab1b2c4ddc0b3ff09cdc0cccc2b204b067e70
delinked/telnet_console_FUN_001313f0.obj	ce6410afe31f200cbc280b17f5aa9af88373d5ad	A	0000000000000000000000000000000000000000	daeab1b2c4ddc0b3ff09cdc0cccc2b204b067e70
delinked/telnet_console_FUN_001313f0.obj	cf68a7c98c46d9a482074e6a9b056f6237a1e26f	A	0000000000000000000000000000000000000000	daeab1b2c4ddc0b3ff09cdc0cccc2b204b067e70
delinked/telnet_console_FUN_001313f0.obj	d4e5fe2ded6d4602d59cc6531ec88c5700ccf56a	A	0000000000000000000000000000000000000000	daeab1b2c4ddc0b3ff09cdc0cccc2b204b067e70
delinked/telnet_console_FUN_001313f0.obj	d61305f4e61857bbecc56f361e0e5c45f92228c2	A	0000000000000000000000000000000000000000	daeab1b2c4ddc0b3ff09cdc0cccc2b204b067e70
delinked/telnet_console_FUN_001313f0.obj	dde4d8eed966f6b2644b4a5213b7cbc1a0361640	A	0000000000000000000000000000000000000000	daeab1b2c4ddc0b3ff09cdc0cccc2b204b067e70
delinked/telnet_console_FUN_001313f0.obj	de701b97557ed78fd96021d9895caba54792f56f	D	daeab1b2c4ddc0b3ff09cdc0cccc2b204b067e70	0000000000000000000000000000000000000000
delinked/telnet_console_FUN_001313f0.obj	dfa7e5c7ce5b148ebf4b39020130990f3971906f	A	0000000000000000000000000000000000000000	daeab1b2c4ddc0b3ff09cdc0cccc2b204b067e70
delinked/telnet_console_FUN_001313f0.obj	e629badef8066e908f63adf4e6110ba850428273	A	0000000000000000000000000000000000000000	daeab1b2c4ddc0b3ff09cdc0cccc2b204b067e70
delinked/telnet_console_FUN_001313f0.obj	ef7f3b5bbc834b01f9bd44883d1a57e6b8343d44	A	0000000000000000000000000000000000000000	daeab1b2c4ddc0b3ff09cdc0cccc2b204b067e70
delinked/telnet_console_FUN_001313f0.obj	f2575d37e452fba07b6457c47d65259e211b05f3	D	daeab1b2c4ddc0b3ff09cdc0cccc2b204b067e70	0000000000000000000000000000000000000000
delinked/telnet_console_FUN_001313f0.obj	f6cd952048a979eb461d02a566ff7f319d9f9f55	D	daeab1b2c4ddc0b3ff09cdc0cccc2b204b067e70	0000000000000000000000000000000000000000
delinked/telnet_console_FUN_001313f0.obj	f6e4d67c7f72daa06252a2514719eb34658d72c5	A	0000000000000000000000000000000000000000	daeab1b2c4ddc0b3ff09cdc0cccc2b204b067e70
delinked/telnet_console_FUN_001313f0.obj	fa0ac2ef5b472eae1c500f7bd91db270ea1c3423	D	daeab1b2c4ddc0b3ff09cdc0cccc2b204b067e70	0000000000000000000000000000000000000000
delinked/telnet_console_FUN_001313f0.obj	fc7325ffbd00295ba4c2d381d2ebe80022855de8	A	0000000000000000000000000000000000000000	daeab1b2c4ddc0b3ff09cdc0cccc2b204b067e70
delinked/telnet_console_FUN_00131700.obj	009819124a72dc42c711ab2b6926022ba053474f	A	0000000000000000000000000000000000000000	a9ac2bfe4c261e3dd136525fe027cf2215e65cb0
delinked/telnet_console_FUN_00131700.obj	0a811e0dd4f26367ea50fd0c96ddf0e23df5f1c2	A	0000000000000000000000000000000000000000	a9ac2bfe4c261e3dd136525fe027cf2215e65cb0
delinked/telnet_console_FUN_00131700.obj	0c7858e7f5d311609d6f27ef81b742bb2eb98425	D	a9ac2bfe4c261e3dd136525fe027cf2215e65cb0	0000000000000000000000000000000000000000
delinked/telnet_console_FUN_00131700.obj	102061c9c6b0a801eabff89170f8238657d978d5	A	0000000000000000000000000000000000000000	a9ac2bfe4c261e3dd136525fe027cf2215e65cb0
delinked/telnet_console_FUN_00131700.obj	183b8ac12dcfb1630258abf1fd39d3825e5a1c2e	A	0000000000000000000000000000000000000000	a9ac2bfe4c261e3dd136525fe027cf2215e65cb0
delinked/telnet_console_FUN_00131700.obj	190fed7657afc7c24249254532021aa64e640d31	A	0000000000000000000000000000000000000000	a9ac2bfe4c261e3dd136525fe027cf2215e65cb0
delinked/telnet_console_FUN_00131700.obj	19113b20527042f58cd6c787e44f24e7cfd75cea	D	a9ac2bfe4c261e3dd136525fe027cf2215e65cb0	0000000000000000000000000000000000000000
delinked/telnet_console_FUN_00131700.obj	195ef93543ce76edf27232a921574feb8bf9b974	A	0000000000000000000000000000000000000000	a9ac2bfe4c261e3dd136525fe027cf2215e65cb0
delinked/telnet_console_FUN_00131700.obj	21786b541c172f10370a901d32a9c2501b196b2d	A	0000000000000000000000000000000000000000	a9ac2bfe4c261e3dd136525fe027cf2215e65cb0
delinked/telnet_console_FUN_00131700.obj	224ed2d2ded4ee51409834194169eb92b2611e66	A	0000000000000000000000000000000000000000	a9ac2bfe4c261e3dd136525fe027cf2215e65cb0
delinked/telnet_console_FUN_00131700.obj	23e5dd58685ebef9058eb5b066f8a3c165a28793	A	0000000000000000000000000000000000000000	a9ac2bfe4c261e3dd136525fe027cf2215e65cb0
delinked/telnet_console_FUN_00131700.obj	24ae0ed40036bb9028ab4eb917254d12042e26a5	D	a9ac2bfe4c261e3dd136525fe027cf2215e65cb0	0000000000000000000000000000000000000000
delinked/telnet_console_FUN_00131700.obj	286f459eb4152878174178ecf3bb09be28f299be	A	0000000000000000000000000000000000000000	a9ac2bfe4c261e3dd136525fe027cf2215e65cb0
delinked/telnet_console_FUN_00131700.obj	299f6ee927b9d9a6f1a690fdf992bf2798cdbb27	A	0000000000000000000000000000000000000000	a9ac2bfe4c261e3dd136525fe027cf2215e65cb0
delinked/telnet_console_FUN_00131700.obj	2d83d3b6a8eec135cbf4528afbf6ecbcab56f21d	A	0000000000000000000000000000000000000000	a9ac2bfe4c261e3dd136525fe027cf2215e65cb0
delinked/telnet_console_FUN_00131700.obj	2d978c989dea7217444bf43e25b668459de63eb5	A	0000000000000000000000000000000000000000	a9ac2bfe4c261e3dd136525fe027cf2215e65cb0
delinked/telnet_console_FUN_00131700.obj	2dfbf03aa4ec9b7ab491c8e3392f9020cbd5f946	A	0000000000000000000000000000000000000000	a9ac2bfe4c261e3dd136525fe027cf2215e65cb0
delinked/telnet_console_FUN_00131700.obj	2edd65a616b922e0325c0227567ae792b14476f9	A	0000000000000000000000000000000000000000	a9ac2bfe4c261e3dd136525fe027cf2215e65cb0
delinked/telnet_console_FUN_00131700.obj	2f3cd5f4d456f5ccdded5e8be21bb7f0e7d633f3	A	0000000000000000000000000000000000000000	a9ac2bfe4c261e3dd136525fe027cf2215e65cb0
delinked/telnet_console_FUN_00131700.obj	3336dd0a7430f19ab2712696562f89f7dd387104	D	a9ac2bfe4c261e3dd136525fe027cf2215e65cb0	0000000000000000000000000000000000000000
delinked/telnet_console_FUN_00131700.obj	33377c65c9cb801e2a483fd8ee5284f56a1b1255	A	0000000000000000000000000000000000000000	a9ac2bfe4c261e3dd136525fe027cf2215e65cb0
delinked/telnet_console_FUN_00131700.obj	34108a0da55e692cd08f6dfe31ee51bd55653214	A	0000000000000000000000000000000000000000	a9ac2bfe4c261e3dd136525fe027cf2215e65cb0
delinked/telnet_console_FUN_00131700.obj	36e610b0891f801b1767136d956014ade437f8e8	A	0000000000000000000000000000000000000000	a9ac2bfe4c261e3dd136525fe027cf2215e65cb0
delinked/telnet_console_FUN_00131700.obj	41cd995b3105088ffe1d26188179d37d222c9a32	A	0000000000000000000000000000000000000000	a9ac2bfe4c261e3dd136525fe027cf2215e65cb0
delinked/telnet_console_FUN_00131700.obj	43ca1c1cfab2455ecead11d337f58fe2f457b75d	A	0000000000000000000000000000000000000000	a9ac2bfe4c261e3dd136525fe027cf2215e65cb0
delinked/telnet_console_FUN_00131700.obj	524826bd76911b418e79fb12d72476abed33d2fe	A	0000000000000000000000000000000000000000	a9ac2bfe4c261e3dd136525fe027cf2215e65cb0
delinked/telnet_console_FUN_00131700.obj	52d2c1db7d756b4efcdf3af688f3514cd790875c	A	0000000000000000000000000000000000000000	a9ac2bfe4c261e3dd136525fe027cf2215e65cb0
delinked/telnet_console_FUN_00131700.obj	53e73de1e9d7b25cd11993d3e5b69e51844c287a	A	0000000000000000000000000000000000000000	a9ac2bfe4c261e3dd136525fe027cf2215e65cb0
delinked/telnet_console_FUN_00131700.obj	58168dc7e69bf19e10a41d367dfcc911829c858a	A	0000000000000000000000000000000000000000	a9ac2bfe4c261e3dd136525fe027cf2215e65cb0
delinked/telnet_console_FUN_00131700.obj	585dc70890cc8e26145b9b2744c925b6e8a8603f	A	0000000000000000000000000000000000000000	a9ac2bfe4c261e3dd136525fe027cf2215e65cb0
delinked/telnet_console_FUN_00131700.obj	5ce39888a47e67c1d962c9969f38777c4b95c909	A	0000000000000000000000000000000000000000	a9ac2bfe4c261e3dd136525fe027cf2215e65cb0
delinked/telnet_console_FUN_00131700.obj	621ce65a364b5723737d13ca098743f70ccaf5f7	A	0000000000000000000000000000000000000000	a9ac2bfe4c261e3dd136525fe027cf2215e65cb0
delinked/telnet_console_FUN_00131700.obj	64573b4b84a041725c817768fb7b3814705c7058	D	a9ac2bfe4c261e3dd136525fe027cf2215e65cb0	0000000000000000000000000000000000000000
delinked/telnet_console_FUN_00131700.obj	6502dede62b3658670220dc6ae85af447cfc0836	D	a9ac2bfe4c261e3dd136525fe027cf2215e65cb0	0000000000000000000000000000000000000000
delinked/telnet_console_FUN_00131700.obj	6c726e8da9abfee0c3e94c0cfe02b943a79d4b03	A	0000000000000000000000000000000000000000	a9ac2bfe4c261e3dd136525fe027cf2215e65cb0
delinked/telnet_console_FUN_00131700.obj	705d8b799745f100be6713d55d7c27495e5effe7	A	0000000000000000000000000000000000000000	a9ac2bfe4c261e3dd136525fe027cf2215e65cb0
delinked/telnet_console_FUN_00131700.obj	7519a914432c4589f96e6425d3973b275cd946b7	A	0000000000000000000000000000000000000000	a9ac2bfe4c261e3dd136525fe027cf2215e65cb0
delinked/telnet_console_FUN_00131700.obj	776bd2b3ebebf802af6757ffc4f0c09886caa2b7	A	0000000000000000000000000000000000000000	a9ac2bfe4c261e3dd136525fe027cf2215e65cb0
delinked/telnet_console_FUN_00131700.obj	7b9504ba0608bdcda49a66af9b22f4bc3a168802	D	a9ac2bfe4c261e3dd136525fe027cf2215e65cb0	0000000000000000000000000000000000000000
delinked/telnet_console_FUN_00131700.obj	7fd94539449d0bae7ed4fb47cb46ea18a5c81d37	A	0000000000000000000000000000000000000000	a9ac2bfe4c261e3dd136525fe027cf2215e65cb0
delinked/telnet_console_FUN_00131700.obj	8c6241ffef6076e5430162fb7eea977839050f24	A	0000000000000000000000000000000000000000	a9ac2bfe4c261e3dd136525fe027cf2215e65cb0
delinked/telnet_console_FUN_00131700.obj	8f91f5dda0267596c690b7bb268697ffd902539f	A	0000000000000000000000000000000000000000	a9ac2bfe4c261e3dd136525fe027cf2215e65cb0
delinked/telnet_console_FUN_00131700.obj	91d110786a657d717743b2f28cc4832be356fe8d	A	0000000000000000000000000000000000000000	a9ac2bfe4c261e3dd136525fe027cf2215e65cb0
delinked/telnet_console_FUN_00131700.obj	93978d2cd4c7f6342b4908ecf60a5cbaff4bc904	A	0000000000000000000000000000000000000000	a9ac2bfe4c261e3dd136525fe027cf2215e65cb0
delinked/telnet_console_FUN_00131700.obj	95d023d7e9a2edecb7c01b7dad01eb9627442ab0	A	0000000000000000000000000000000000000000	a9ac2bfe4c261e3dd136525fe027cf2215e65cb0
delinked/telnet_console_FUN_00131700.obj	99091fda43148f3bc1107df49c82379be1a25881	A	0000000000000000000000000000000000000000	a9ac2bfe4c261e3dd136525fe027cf2215e65cb0
delinked/telnet_console_FUN_00131700.obj	9ae4aaa4301b193e6ec8946813e3e84ba2a79cd1	A	0000000000000000000000000000000000000000	a9ac2bfe4c261e3dd136525fe027cf2215e65cb0
delinked/telnet_console_FUN_00131700.obj	9da6fcd7ba52aa0380962d1bf178a28a44b2278f	A	0000000000000000000000000000000000000000	a9ac2bfe4c261e3dd136525fe027cf2215e65cb0
delinked/telnet_console_FUN_00131700.obj	9ed7af7b9e663212bf06995b253b05348a393aab	A	0000000000000000000000000000000000000000	a9ac2bfe4c261e3dd136525fe027cf2215e65cb0
delinked/telnet_console_FUN_00131700.obj	9f81fa10b5affca593033007d7f9f665ea117347	A	0000000000000000000000000000000000000000	a9ac2bfe4c261e3dd136525fe027cf2215e65cb0
delinked/telnet_console_FUN_00131700.obj	a12cffa5c4a567d0c606d533ca9080fe06dfcc99	A	0000000000000000000000000000000000000000	a9ac2bfe4c261e3dd136525fe027cf2215e65cb0
delinked/telnet_console_FUN_00131700.obj	a362be973602520d16bf9a7d46776f123cfc02a7	A	0000000000000000000000000000000000000000	a9ac2bfe4c261e3dd136525fe027cf2215e65cb0
delinked/telnet_console_FUN_00131700.obj	aa31443975735d11b72d5293efbc625ad0e9a56f	A	0000000000000000000000000000000000000000	a9ac2bfe4c261e3dd136525fe027cf2215e65cb0
delinked/telnet_console_FUN_00131700.obj	ab786cc546255a13d39c8a948c336734a35b7a97	A	0000000000000000000000000000000000000000	a9ac2bfe4c261e3dd136525fe027cf2215e65cb0
delinked/telnet_console_FUN_00131700.obj	ae4e0954bde158fed41f0ea5ab2547355553d0bb	A	0000000000000000000000000000000000000000	a9ac2bfe4c261e3dd136525fe027cf2215e65cb0
delinked/telnet_console_FUN_00131700.obj	b5c2ea247dd6606bf7bed0381d4db81eb62268d8	A	0000000000000000000000000000000000000000	a9ac2bfe4c261e3dd136525fe027cf2215e65cb0
delinked/telnet_console_FUN_00131700.obj	bea5e76bddb10f56ea673f62fbb2c59a90ef6460	A	0000000000000000000000000000000000000000	a9ac2bfe4c261e3dd136525fe027cf2215e65cb0
delinked/telnet_console_FUN_00131700.obj	c09c3f3f01d292c839613e0da5a78a7783f46c05	A	0000000000000000000000000000000000000000	a9ac2bfe4c261e3dd136525fe027cf2215e65cb0
delinked/telnet_console_FUN_00131700.obj	c53704ecee007ef1216a70e29bbc9ba576fb0594	A	0000000000000000000000000000000000000000	a9ac2bfe4c261e3dd136525fe027cf2215e65cb0
delinked/telnet_console_FUN_00131700.obj	ce6410afe31f200cbc280b17f5aa9af88373d5ad	A	0000000000000000000000000000000000000000	a9ac2bfe4c261e3dd136525fe027cf2215e65cb0
delinked/telnet_console_FUN_00131700.obj	cf68a7c98c46d9a482074e6a9b056f6237a1e26f	A	0000000000000000000000000000000000000000	a9ac2bfe4c261e3dd136525fe027cf2215e65cb0
delinked/telnet_console_FUN_00131700.obj	d4e5fe2ded6d4602d59cc6531ec88c5700ccf56a	A	0000000000000000000000000000000000000000	a9ac2bfe4c261e3dd136525fe027cf2215e65cb0
delinked/telnet_console_FUN_00131700.obj	d61305f4e61857bbecc56f361e0e5c45f92228c2	A	0000000000000000000000000000000000000000	a9ac2bfe4c261e3dd136525fe027cf2215e65cb0
delinked/telnet_console_FUN_00131700.obj	dde4d8eed966f6b2644b4a5213b7cbc1a0361640	A	0000000000000000000000000000000000000000	a9ac2bfe4c261e3dd136525fe027cf2215e65cb0
delinked/telnet_console_FUN_00131700.obj	de701b97557ed78fd96021d9895caba54792f56f	D	a9ac2bfe4c261e3dd136525fe027cf2215e65cb0	0000000000000000000000000000000000000000
delinked/telnet_console_FUN_00131700.obj	dfa7e5c7ce5b148ebf4b39020130990f3971906f	A	0000000000000000000000000000000000000000	a9ac2bfe4c261e3dd136525fe027cf2215e65cb0
delinked/telnet_console_FUN_00131700.obj	e629badef8066e908f63adf4e6110ba850428273	A	0000000000000000000000000000000000000000	a9ac2bfe4c261e3dd136525fe027cf2215e65cb0
delinked/telnet_console_FUN_00131700.obj	ef7f3b5bbc834b01f9bd44883d1a57e6b8343d44	A	0000000000000000000000000000000000000000	a9ac2bfe4c261e3dd136525fe027cf2215e65cb0
delinked/telnet_console_FUN_00131700.obj	f2575d37e452fba07b6457c47d65259e211b05f3	D	a9ac2bfe4c261e3dd136525fe027cf2215e65cb0	0000000000000000000000000000000000000000
delinked/telnet_console_FUN_00131700.obj	f6cd952048a979eb461d02a566ff7f319d9f9f55	D	a9ac2bfe4c261e3dd136525fe027cf2215e65cb0	0000000000000000000000000000000000000000
delinked/telnet_console_FUN_00131700.obj	f6e4d67c7f72daa06252a2514719eb34658d72c5	A	0000000000000000000000000000000000000000	a9ac2bfe4c261e3dd136525fe027cf2215e65cb0
delinked/telnet_console_FUN_00131700.obj	fa0ac2ef5b472eae1c500f7bd91db270ea1c3423	D	a9ac2bfe4c261e3dd136525fe027cf2215e65cb0	0000000000000000000000000000000000000000
delinked/telnet_console_FUN_00131700.obj	fc7325ffbd00295ba4c2d381d2ebe80022855de8	A	0000000000000000000000000000000000000000	a9ac2bfe4c261e3dd136525fe027cf2215e65cb0
delinked/telnet_console_FUN_00131790.obj	009819124a72dc42c711ab2b6926022ba053474f	A	0000000000000000000000000000000000000000	0f5718b4d6b746996793f21281e9a8de288fd146
delinked/telnet_console_FUN_00131790.obj	0a811e0dd4f26367ea50fd0c96ddf0e23df5f1c2	A	0000000000000000000000000000000000000000	0f5718b4d6b746996793f21281e9a8de288fd146
delinked/telnet_console_FUN_00131790.obj	0c7858e7f5d311609d6f27ef81b742bb2eb98425	D	0f5718b4d6b746996793f21281e9a8de288fd146	0000000000000000000000000000000000000000
delinked/telnet_console_FUN_00131790.obj	0d997f7c1f22b14856a9d924322c79cb00112a91	A	0000000000000000000000000000000000000000	0f5718b4d6b746996793f21281e9a8de288fd146
delinked/telnet_console_FUN_00131790.obj	102061c9c6b0a801eabff89170f8238657d978d5	A	0000000000000000000000000000000000000000	0f5718b4d6b746996793f21281e9a8de288fd146
delinked/telnet_console_FUN_00131790.obj	183b8ac12dcfb1630258abf1fd39d3825e5a1c2e	A	0000000000000000000000000000000000000000	0f5718b4d6b746996793f21281e9a8de288fd146
delinked/telnet_console_FUN_00131790.obj	190fed7657afc7c24249254532021aa64e640d31	A	0000000000000000000000000000000000000000	0f5718b4d6b746996793f21281e9a8de288fd146
delinked/telnet_console_FUN_00131790.obj	19113b20527042f58cd6c787e44f24e7cfd75cea	D	0f5718b4d6b746996793f21281e9a8de288fd146	0000000000000000000000000000000000000000
delinked/telnet_console_FUN_00131790.obj	195ef93543ce76edf27232a921574feb8bf9b974	A	0000000000000000000000000000000000000000	0f5718b4d6b746996793f21281e9a8de288fd146
delinked/telnet_console_FUN_00131790.obj	21786b541c172f10370a901d32a9c2501b196b2d	A	0000000000000000000000000000000000000000	0f5718b4d6b746996793f21281e9a8de288fd146
delinked/telnet_console_FUN_00131790.obj	224ed2d2ded4ee51409834194169eb92b2611e66	A	0000000000000000000000000000000000000000	0f5718b4d6b746996793f21281e9a8de288fd146
delinked/telnet_console_FUN_00131790.obj	23e5dd58685ebef9058eb5b066f8a3c165a28793	A	0000000000000000000000000000000000000000	0f5718b4d6b746996793f21281e9a8de288fd146
delinked/telnet_console_FUN_00131790.obj	24ae0ed40036bb9028ab4eb917254d12042e26a5	D	0f5718b4d6b746996793f21281e9a8de288fd146	0000000000000000000000000000000000000000
delinked/telnet_console_FUN_00131790.obj	286f459eb4152878174178ecf3bb09be28f299be	A	0000000000000000000000000000000000000000	0f5718b4d6b746996793f21281e9a8de288fd146
delinked/telnet_console_FUN_00131790.obj	299f6ee927b9d9a6f1a690fdf992bf2798cdbb27	A	0000000000000000000000000000000000000000	0f5718b4d6b746996793f21281e9a8de288fd146
delinked/telnet_console_FUN_00131790.obj	2d83d3b6a8eec135cbf4528afbf6ecbcab56f21d	A	0000000000000000000000000000000000000000	0f5718b4d6b746996793f21281e9a8de288fd146
delinked/telnet_console_FUN_00131790.obj	2d978c989dea7217444bf43e25b668459de63eb5	A	0000000000000000000000000000000000000000	0f5718b4d6b746996793f21281e9a8de288fd146
delinked/telnet_console_FUN_00131790.obj	2dfbf03aa4ec9b7ab491c8e3392f9020cbd5f946	A	0000000000000000000000000000000000000000	0f5718b4d6b746996793f21281e9a8de288fd146
delinked/telnet_console_FUN_00131790.obj	2edd65a616b922e0325c0227567ae792b14476f9	A	0000000000000000000000000000000000000000	0f5718b4d6b746996793f21281e9a8de288fd146
delinked/telnet_console_FUN_00131790.obj	2f3cd5f4d456f5ccdded5e8be21bb7f0e7d633f3	A	0000000000000000000000000000000000000000	0f5718b4d6b746996793f21281e9a8de288fd146
delinked/telnet_console_FUN_00131790.obj	3336dd0a7430f19ab2712696562f89f7dd387104	D	0f5718b4d6b746996793f21281e9a8de288fd146	0000000000000000000000000000000000000000
delinked/telnet_console_FUN_00131790.obj	33377c65c9cb801e2a483fd8ee5284f56a1b1255	A	0000000000000000000000000000000000000000	0f5718b4d6b746996793f21281e9a8de288fd146
delinked/telnet_console_FUN_00131790.obj	34108a0da55e692cd08f6dfe31ee51bd55653214	A	0000000000000000000000000000000000000000	0f5718b4d6b746996793f21281e9a8de288fd146
delinked/telnet_console_FUN_00131790.obj	36e610b0891f801b1767136d956014ade437f8e8	A	0000000000000000000000000000000000000000	0f5718b4d6b746996793f21281e9a8de288fd146
delinked/telnet_console_FUN_00131790.obj	41cd995b3105088ffe1d26188179d37d222c9a32	A	0000000000000000000000000000000000000000	0f5718b4d6b746996793f21281e9a8de288fd146
delinked/telnet_console_FUN_00131790.obj	43ca1c1cfab2455ecead11d337f58fe2f457b75d	A	0000000000000000000000000000000000000000	0f5718b4d6b746996793f21281e9a8de288fd146
delinked/telnet_console_FUN_00131790.obj	4e8707179dbf16861daafdb1f7b343e4aa60c40d	A	0000000000000000000000000000000000000000	0f5718b4d6b746996793f21281e9a8de288fd146
delinked/telnet_console_FUN_00131790.obj	524826bd76911b418e79fb12d72476abed33d2fe	A	0000000000000000000000000000000000000000	0f5718b4d6b746996793f21281e9a8de288fd146
delinked/telnet_console_FUN_00131790.obj	52d2c1db7d756b4efcdf3af688f3514cd790875c	A	0000000000000000000000000000000000000000	0f5718b4d6b746996793f21281e9a8de288fd146
delinked/telnet_console_FUN_00131790.obj	53e73de1e9d7b25cd11993d3e5b69e51844c287a	A	0000000000000000000000000000000000000000	0f5718b4d6b746996793f21281e9a8de288fd146
delinked/telnet_console_FUN_00131790.obj	58168dc7e69bf19e10a41d367dfcc911829c858a	A	0000000000000000000000000000000000000000	0f5718b4d6b746996793f21281e9a8de288fd146
delinked/telnet_console_FUN_00131790.obj	585dc70890cc8e26145b9b2744c925b6e8a8603f	A	0000000000000000000000000000000000000000	0f5718b4d6b746996793f21281e9a8de288fd146
delinked/telnet_console_FUN_00131790.obj	5ce39888a47e67c1d962c9969f38777c4b95c909	A	0000000000000000000000000000000000000000	0f5718b4d6b746996793f21281e9a8de288fd146
delinked/telnet_console_FUN_00131790.obj	621ce65a364b5723737d13ca098743f70ccaf5f7	A	0000000000000000000000000000000000000000	0f5718b4d6b746996793f21281e9a8de288fd146
delinked/telnet_console_FUN_00131790.obj	64573b4b84a041725c817768fb7b3814705c7058	D	0f5718b4d6b746996793f21281e9a8de288fd146	0000000000000000000000000000000000000000
delinked/telnet_console_FUN_00131790.obj	6502dede62b3658670220dc6ae85af447cfc0836	D	0f5718b4d6b746996793f21281e9a8de288fd146	0000000000000000000000000000000000000000
delinked/telnet_console_FUN_00131790.obj	6c726e8da9abfee0c3e94c0cfe02b943a79d4b03	A	0000000000000000000000000000000000000000	0f5718b4d6b746996793f21281e9a8de288fd146
delinked/telnet_console_FUN_00131790.obj	705d8b799745f100be6713d55d7c27495e5effe7	A	0000000000000000000000000000000000000000	0f5718b4d6b746996793f21281e9a8de288fd146
delinked/telnet_console_FUN_00131790.obj	7519a914432c4589f96e6425d3973b275cd946b7	A	0000000000000000000000000000000000000000	0f5718b4d6b746996793f21281e9a8de288fd146
delinked/telnet_console_FUN_00131790.obj	776bd2b3ebebf802af6757ffc4f0c09886caa2b7	A	0000000000000000000000000000000000000000	0f5718b4d6b746996793f21281e9a8de288fd146
delinked/telnet_console_FUN_00131790.obj	7b9504ba0608bdcda49a66af9b22f4bc3a168802	D	0f5718b4d6b746996793f21281e9a8de288fd146	0000000000000000000000000000000000000000
delinked/telnet_console_FUN_00131790.obj	7fd94539449d0bae7ed4fb47cb46ea18a5c81d37	A	0000000000000000000000000000000000000000	0f5718b4d6b746996793f21281e9a8de288fd146
delinked/telnet_console_FUN_00131790.obj	8c6241ffef6076e5430162fb7eea977839050f24	A	0000000000000000000000000000000000000000	0f5718b4d6b746996793f21281e9a8de288fd146
delinked/telnet_console_FUN_00131790.obj	8f91f5dda0267596c690b7bb268697ffd902539f	A	0000000000000000000000000000000000000000	0f5718b4d6b746996793f21281e9a8de288fd146
delinked/telnet_console_FUN_00131790.obj	91d110786a657d717743b2f28cc4832be356fe8d	A	0000000000000000000000000000000000000000	0f5718b4d6b746996793f21281e9a8de288fd146
delinked/telnet_console_FUN_00131790.obj	93978d2cd4c7f6342b4908ecf60a5cbaff4bc904	A	0000000000000000000000000000000000000000	0f5718b4d6b746996793f21281e9a8de288fd146
delinked/telnet_console_FUN_00131790.obj	95d023d7e9a2edecb7c01b7dad01eb9627442ab0	A	0000000000000000000000000000000000000000	0f5718b4d6b746996793f21281e9a8de288fd146
delinked/telnet_console_FUN_00131790.obj	99091fda43148f3bc1107df49c82379be1a25881	A	0000000000000000000000000000000000000000	0f5718b4d6b746996793f21281e9a8de288fd146
delinked/telnet_console_FUN_00131790.obj	9ae4aaa4301b193e6ec8946813e3e84ba2a79cd1	A	0000000000000000000000000000000000000000	0f5718b4d6b746996793f21281e9a8de288fd146
delinked/telnet_console_FUN_00131790.obj	9da6fcd7ba52aa0380962d1bf178a28a44b2278f	A	0000000000000000000000000000000000000000	0f5718b4d6b746996793f21281e9a8de288fd146
delinked/telnet_console_FUN_00131790.obj	9ed7af7b9e663212bf06995b253b05348a393aab	A	0000000000000000000000000000000000000000	0f5718b4d6b746996793f21281e9a8de288fd146
delinked/telnet_console_FUN_00131790.obj	9f81fa10b5affca593033007d7f9f665ea117347	A	0000000000000000000000000000000000000000	0f5718b4d6b746996793f21281e9a8de288fd146
delinked/telnet_console_FUN_00131790.obj	a12cffa5c4a567d0c606d533ca9080fe06dfcc99	A	0000000000000000000000000000000000000000	0f5718b4d6b746996793f21281e9a8de288fd146
delinked/telnet_console_FUN_00131790.obj	a362be973602520d16bf9a7d46776f123cfc02a7	A	0000000000000000000000000000000000000000	0f5718b4d6b746996793f21281e9a8de288fd146
delinked/telnet_console_FUN_00131790.obj	ab786cc546255a13d39c8a948c336734a35b7a97	A	0000000000000000000000000000000000000000	0f5718b4d6b746996793f21281e9a8de288fd146
delinked/telnet_console_FUN_00131790.obj	ae4e0954bde158fed41f0ea5ab2547355553d0bb	A	0000000000000000000000000000000000000000	0f5718b4d6b746996793f21281e9a8de288fd146
delinked/telnet_console_FUN_00131790.obj	b5c2ea247dd6606bf7bed0381d4db81eb62268d8	A	0000000000000000000000000000000000000000	0f5718b4d6b746996793f21281e9a8de288fd146
delinked/telnet_console_FUN_00131790.obj	bea5e76bddb10f56ea673f62fbb2c59a90ef6460	A	0000000000000000000000000000000000000000	0f5718b4d6b746996793f21281e9a8de288fd146
delinked/telnet_console_FUN_00131790.obj	c09c3f3f01d292c839613e0da5a78a7783f46c05	A	0000000000000000000000000000000000000000	0f5718b4d6b746996793f21281e9a8de288fd146
delinked/telnet_console_FUN_00131790.obj	c53704ecee007ef1216a70e29bbc9ba576fb0594	A	0000000000000000000000000000000000000000	0f5718b4d6b746996793f21281e9a8de288fd146
delinked/telnet_console_FUN_00131790.obj	ce6410afe31f200cbc280b17f5aa9af88373d5ad	A	0000000000000000000000000000000000000000	0f5718b4d6b746996793f21281e9a8de288fd146
delinked/telnet_console_FUN_00131790.obj	cf68a7c98c46d9a482074e6a9b056f6237a1e26f	A	0000000000000000000000000000000000000000	0f5718b4d6b746996793f21281e9a8de288fd146
delinked/telnet_console_FUN_00131790.obj	d4e5fe2ded6d4602d59cc6531ec88c5700ccf56a	A	0000000000000000000000000000000000000000	0f5718b4d6b746996793f21281e9a8de288fd146
delinked/telnet_console_FUN_00131790.obj	d61305f4e61857bbecc56f361e0e5c45f92228c2	A	0000000000000000000000000000000000000000	0f5718b4d6b746996793f21281e9a8de288fd146
delinked/telnet_console_FUN_00131790.obj	dde4d8eed966f6b2644b4a5213b7cbc1a0361640	A	0000000000000000000000000000000000000000	0f5718b4d6b746996793f21281e9a8de288fd146
delinked/telnet_console_FUN_00131790.obj	de701b97557ed78fd96021d9895caba54792f56f	D	0f5718b4d6b746996793f21281e9a8de288fd146	0000000000000000000000000000000000000000
delinked/telnet_console_FUN_00131790.obj	dfa7e5c7ce5b148ebf4b39020130990f3971906f	A	0000000000000000000000000000000000000000	0f5718b4d6b746996793f21281e9a8de288fd146
delinked/telnet_console_FUN_00131790.obj	e629badef8066e908f63adf4e6110ba850428273	A	0000000000000000000000000000000000000000	0f5718b4d6b746996793f21281e9a8de288fd146
delinked/telnet_console_FUN_00131790.obj	ef7f3b5bbc834b01f9bd44883d1a57e6b8343d44	A	0000000000000000000000000000000000000000	0f5718b4d6b746996793f21281e9a8de288fd146
delinked/telnet_console_FUN_00131790.obj	f2575d37e452fba07b6457c47d65259e211b05f3	D	0f5718b4d6b746996793f21281e9a8de288fd146	0000000000000000000000000000000000000000
delinked/telnet_console_FUN_00131790.obj	f6cd952048a979eb461d02a566ff7f319d9f9f55	D	0f5718b4d6b746996793f21281e9a8de288fd146	0000000000000000000000000000000000000000
delinked/telnet_console_FUN_00131790.obj	f6e4d67c7f72daa06252a2514719eb34658d72c5	A	0000000000000000000000000000000000000000	0f5718b4d6b746996793f21281e9a8de288fd146
delinked/telnet_console_FUN_00131790.obj	fa0ac2ef5b472eae1c500f7bd91db270ea1c3423	D	0f5718b4d6b746996793f21281e9a8de288fd146	0000000000000000000000000000000000000000
delinked/telnet_console_FUN_00131790.obj	fc7325ffbd00295ba4c2d381d2ebe80022855de8	A	0000000000000000000000000000000000000000	0f5718b4d6b746996793f21281e9a8de288fd146
delinked/units_FUN_001a67b0.obj	a7dbb87ba2c22e2957ca2c30f06f4831b99d100a	D	f979a6cba36ce550321f7b75fd7a33e2f19f54b3	0000000000000000000000000000000000000000
delinked/units_FUN_001a67b0.obj	c737d34e633f7ec77596d8a67f0a231b8ec0f0a5	A	0000000000000000000000000000000000000000	f979a6cba36ce550321f7b75fd7a33e2f19f54b3
delinked/units_FUN_001a67b0.obj	eb99efe4f8d6145df5ac43dfdb745b212c891d47	A	0000000000000000000000000000000000000000	f979a6cba36ce550321f7b75fd7a33e2f19f54b3
delinked/units_FUN_001a67b0.obj	ee6f5a972a6a54cc93a5a7e19363d3592b367394	A	0000000000000000000000000000000000000000	f979a6cba36ce550321f7b75fd7a33e2f19f54b3
delinked/units_FUN_001a67b0.obj	f37e89aac8f5215b326035befd84b78547411275	A	0000000000000000000000000000000000000000	f979a6cba36ce550321f7b75fd7a33e2f19f54b3
delinked/units_FUN_001a6820.obj	788677a645906712809f0a835847573530fd2517	A	0000000000000000000000000000000000000000	a2ac3efabc1604b37ecab84f7bce0dc437c87c0b
delinked/units_FUN_001a6820.obj	a7dbb87ba2c22e2957ca2c30f06f4831b99d100a	D	a2ac3efabc1604b37ecab84f7bce0dc437c87c0b	0000000000000000000000000000000000000000
delinked/units_FUN_001a6820.obj	be01c58b06c09d81b72eb1ed53052ee7d65bb506	A	0000000000000000000000000000000000000000	a2ac3efabc1604b37ecab84f7bce0dc437c87c0b
delinked/units_FUN_001a6820.obj	c737d34e633f7ec77596d8a67f0a231b8ec0f0a5	A	0000000000000000000000000000000000000000	a2ac3efabc1604b37ecab84f7bce0dc437c87c0b
delinked/units_FUN_001a6820.obj	ee6f5a972a6a54cc93a5a7e19363d3592b367394	A	0000000000000000000000000000000000000000	a2ac3efabc1604b37ecab84f7bce0dc437c87c0b
delinked/units_FUN_001a6870.obj	788677a645906712809f0a835847573530fd2517	A	0000000000000000000000000000000000000000	f756bdcb0a932e1e58478cd248f86a7bf8f9b939
delinked/units_FUN_001a6870.obj	a7dbb87ba2c22e2957ca2c30f06f4831b99d100a	D	f756bdcb0a932e1e58478cd248f86a7bf8f9b939	0000000000000000000000000000000000000000
delinked/units_FUN_001a6870.obj	be01c58b06c09d81b72eb1ed53052ee7d65bb506	A	0000000000000000000000000000000000000000	f756bdcb0a932e1e58478cd248f86a7bf8f9b939
delinked/units_FUN_001a6870.obj	c737d34e633f7ec77596d8a67f0a231b8ec0f0a5	A	0000000000000000000000000000000000000000	f756bdcb0a932e1e58478cd248f86a7bf8f9b939
delinked/units_FUN_001a6870.obj	ee6f5a972a6a54cc93a5a7e19363d3592b367394	A	0000000000000000000000000000000000000000	f756bdcb0a932e1e58478cd248f86a7bf8f9b939
delinked/units_FUN_001a6bc0.obj	a7dbb87ba2c22e2957ca2c30f06f4831b99d100a	D	008c35477c39eb632e9006b38332e9e3adc17800	0000000000000000000000000000000000000000
delinked/units_FUN_001a6bc0.obj	c737d34e633f7ec77596d8a67f0a231b8ec0f0a5	A	0000000000000000000000000000000000000000	008c35477c39eb632e9006b38332e9e3adc17800
delinked/units_FUN_001a6bc0.obj	eb99efe4f8d6145df5ac43dfdb745b212c891d47	A	0000000000000000000000000000000000000000	008c35477c39eb632e9006b38332e9e3adc17800
delinked/units_FUN_001a6bc0.obj	ee6f5a972a6a54cc93a5a7e19363d3592b367394	A	0000000000000000000000000000000000000000	008c35477c39eb632e9006b38332e9e3adc17800
delinked/units_FUN_001a6bc0.obj	f37e89aac8f5215b326035befd84b78547411275	A	0000000000000000000000000000000000000000	008c35477c39eb632e9006b38332e9e3adc17800
delinked/units_FUN_001a6ca0.obj	a7dbb87ba2c22e2957ca2c30f06f4831b99d100a	D	07ea01d1fbbb06093407d39efa1dcf21d7bc3801	0000000000000000000000000000000000000000
delinked/units_FUN_001a6ca0.obj	c737d34e633f7ec77596d8a67f0a231b8ec0f0a5	A	0000000000000000000000000000000000000000	07ea01d1fbbb06093407d39efa1dcf21d7bc3801
delinked/units_FUN_001a6ca0.obj	eb99efe4f8d6145df5ac43dfdb745b212c891d47	A	0000000000000000000000000000000000000000	07ea01d1fbbb06093407d39efa1dcf21d7bc3801
delinked/units_FUN_001a6ca0.obj	ee6f5a972a6a54cc93a5a7e19363d3592b367394	A	0000000000000000000000000000000000000000	07ea01d1fbbb06093407d39efa1dcf21d7bc3801
delinked/units_FUN_001a6ca0.obj	f37e89aac8f5215b326035befd84b78547411275	A	0000000000000000000000000000000000000000	07ea01d1fbbb06093407d39efa1dcf21d7bc3801
delinked/units_FUN_001a6cd0.obj	788677a645906712809f0a835847573530fd2517	A	0000000000000000000000000000000000000000	4665c8758595e44889414dab18dae351ee11c845
delinked/units_FUN_001a6cd0.obj	a7dbb87ba2c22e2957ca2c30f06f4831b99d100a	D	4665c8758595e44889414dab18dae351ee11c845	0000000000000000000000000000000000000000
delinked/units_FUN_001a6cd0.obj	be01c58b06c09d81b72eb1ed53052ee7d65bb506	A	0000000000000000000000000000000000000000	4665c8758595e44889414dab18dae351ee11c845
delinked/units_FUN_001a6cd0.obj	c737d34e633f7ec77596d8a67f0a231b8ec0f0a5	A	0000000000000000000000000000000000000000	4665c8758595e44889414dab18dae351ee11c845
delinked/units_FUN_001a6cd0.obj	ee6f5a972a6a54cc93a5a7e19363d3592b367394	A	0000000000000000000000000000000000000000	4665c8758595e44889414dab18dae351ee11c845
delinked/weapons_FUN_000fae30.obj	5ac793ab33c4ebdbb618c2bc020fd2592695ea73	A	0000000000000000000000000000000000000000	0525db95e5973818dc163931ae2ae80dc30fd076
delinked/weapons_FUN_000fae30.obj	a450f187954fe10f532e2fd9c57e2309d43a9eaa	A	0000000000000000000000000000000000000000	0525db95e5973818dc163931ae2ae80dc30fd076
delinked/weapons_FUN_000fae30.obj	a7dbb87ba2c22e2957ca2c30f06f4831b99d100a	D	0525db95e5973818dc163931ae2ae80dc30fd076	0000000000000000000000000000000000000000
delinked/weapons_FUN_000fae30.obj	c737d34e633f7ec77596d8a67f0a231b8ec0f0a5	A	0000000000000000000000000000000000000000	0525db95e5973818dc163931ae2ae80dc30fd076
delinked/weapons_FUN_000fae30.obj	ee6f5a972a6a54cc93a5a7e19363d3592b367394	A	0000000000000000000000000000000000000000	0525db95e5973818dc163931ae2ae80dc30fd076
delinked/weapons_FUN_000fae80.obj	5ac793ab33c4ebdbb618c2bc020fd2592695ea73	A	0000000000000000000000000000000000000000	8c14d302e8b13524c91e6fe50ca6edb72512288c
delinked/weapons_FUN_000fae80.obj	a450f187954fe10f532e2fd9c57e2309d43a9eaa	A	0000000000000000000000000000000000000000	8c14d302e8b13524c91e6fe50ca6edb72512288c
delinked/weapons_FUN_000fae80.obj	a7dbb87ba2c22e2957ca2c30f06f4831b99d100a	D	8c14d302e8b13524c91e6fe50ca6edb72512288c	0000000000000000000000000000000000000000
delinked/weapons_FUN_000fae80.obj	c737d34e633f7ec77596d8a67f0a231b8ec0f0a5	A	0000000000000000000000000000000000000000	8c14d302e8b13524c91e6fe50ca6edb72512288c
delinked/weapons_FUN_000fae80.obj	ee6f5a972a6a54cc93a5a7e19363d3592b367394	A	0000000000000000000000000000000000000000	8c14d302e8b13524c91e6fe50ca6edb72512288c
delinked/weapons_FUN_000faeb0.obj	a42ef6af99b8dc5bb2c58ef3322514a4287193f7	A	0000000000000000000000000000000000000000	9b9727544c828b17acbc35b16f91c138f160f7ce
delinked/weapons_FUN_000faeb0.obj	a7dbb87ba2c22e2957ca2c30f06f4831b99d100a	D	9b9727544c828b17acbc35b16f91c138f160f7ce	0000000000000000000000000000000000000000
delinked/weapons_FUN_000faeb0.obj	c737d34e633f7ec77596d8a67f0a231b8ec0f0a5	A	0000000000000000000000000000000000000000	9b9727544c828b17acbc35b16f91c138f160f7ce
delinked/weapons_FUN_000faeb0.obj	dc02b77003d8bc3d0c92be225fb6c07650767f64	A	0000000000000000000000000000000000000000	9b9727544c828b17acbc35b16f91c138f160f7ce
delinked/weapons_FUN_000faeb0.obj	ee6f5a972a6a54cc93a5a7e19363d3592b367394	A	0000000000000000000000000000000000000000	9b9727544c828b17acbc35b16f91c138f160f7ce
delinked/weapons_FUN_000faed0.obj	5ac793ab33c4ebdbb618c2bc020fd2592695ea73	A	0000000000000000000000000000000000000000	40ff3086369b412d40bd43373e6d4950b4a7a9df
delinked/weapons_FUN_000faed0.obj	a450f187954fe10f532e2fd9c57e2309d43a9eaa	A	0000000000000000000000000000000000000000	40ff3086369b412d40bd43373e6d4950b4a7a9df
delinked/weapons_FUN_000faed0.obj	a7dbb87ba2c22e2957ca2c30f06f4831b99d100a	D	40ff3086369b412d40bd43373e6d4950b4a7a9df	0000000000000000000000000000000000000000
delinked/weapons_FUN_000faed0.obj	c737d34e633f7ec77596d8a67f0a231b8ec0f0a5	A	0000000000000000000000000000000000000000	40ff3086369b412d40bd43373e6d4950b4a7a9df
delinked/weapons_FUN_000faed0.obj	ee6f5a972a6a54cc93a5a7e19363d3592b367394	A	0000000000000000000000000000000000000000	40ff3086369b412d40bd43373e6d4950b4a7a9df
delinked/weapons_FUN_000fb090.obj	1bbde0043a512410e333fb686554d722bedc2bd1	A	0000000000000000000000000000000000000000	b3b88bf4122710fb4df3ab5f2a2843648c748a1b
delinked/weapons_FUN_000fb090.obj	a7dbb87ba2c22e2957ca2c30f06f4831b99d100a	D	b3b88bf4122710fb4df3ab5f2a2843648c748a1b	0000000000000000000000000000000000000000
delinked/weapons_FUN_000fb090.obj	b3bf2c0b542d9c86f670fc56b1cdf79c82e18603	A	0000000000000000000000000000000000000000	b3b88bf4122710fb4df3ab5f2a2843648c748a1b
delinked/weapons_FUN_000fb090.obj	c737d34e633f7ec77596d8a67f0a231b8ec0f0a5	A	0000000000000000000000000000000000000000	b3b88bf4122710fb4df3ab5f2a2843648c748a1b
delinked/weapons_FUN_000fb090.obj	ee6f5a972a6a54cc93a5a7e19363d3592b367394	A	0000000000000000000000000000000000000000	b3b88bf4122710fb4df3ab5f2a2843648c748a1b
delinked/weapons_FUN_000fb0c0.obj	5ac793ab33c4ebdbb618c2bc020fd2592695ea73	A	0000000000000000000000000000000000000000	0400a07fa5307f30e9bdc3c5c93ad44fc94c4b45
delinked/weapons_FUN_000fb0c0.obj	a450f187954fe10f532e2fd9c57e2309d43a9eaa	A	0000000000000000000000000000000000000000	0400a07fa5307f30e9bdc3c5c93ad44fc94c4b45
delinked/weapons_FUN_000fb0c0.obj	a7dbb87ba2c22e2957ca2c30f06f4831b99d100a	D	0400a07fa5307f30e9bdc3c5c93ad44fc94c4b45	0000000000000000000000000000000000000000
delinked/weapons_FUN_000fb0c0.obj	c737d34e633f7ec77596d8a67f0a231b8ec0f0a5	A	0000000000000000000000000000000000000000	0400a07fa5307f30e9bdc3c5c93ad44fc94c4b45
delinked/weapons_FUN_000fb0c0.obj	ee6f5a972a6a54cc93a5a7e19363d3592b367394	A	0000000000000000000000000000000000000000	0400a07fa5307f30e9bdc3c5c93ad44fc94c4b45
delinked/weapons_FUN_000fb0f0.obj	1bbde0043a512410e333fb686554d722bedc2bd1	A	0000000000000000000000000000000000000000	cd22efede7a788ae2fce92865b30c35842239134
delinked/weapons_FUN_000fb0f0.obj	a7dbb87ba2c22e2957ca2c30f06f4831b99d100a	D	cd22efede7a788ae2fce92865b30c35842239134	0000000000000000000000000000000000000000
delinked/weapons_FUN_000fb0f0.obj	b3bf2c0b542d9c86f670fc56b1cdf79c82e18603	A	0000000000000000000000000000000000000000	cd22efede7a788ae2fce92865b30c35842239134
delinked/weapons_FUN_000fb0f0.obj	c737d34e633f7ec77596d8a67f0a231b8ec0f0a5	A	0000000000000000000000000000000000000000	cd22efede7a788ae2fce92865b30c35842239134
delinked/weapons_FUN_000fb0f0.obj	ee6f5a972a6a54cc93a5a7e19363d3592b367394	A	0000000000000000000000000000000000000000	cd22efede7a788ae2fce92865b30c35842239134
delinked/weapons_FUN_000fb140.obj	5ac793ab33c4ebdbb618c2bc020fd2592695ea73	A	0000000000000000000000000000000000000000	c19e5bee809491f28e499c9679108adaff85c2e9
delinked/weapons_FUN_000fb140.obj	a450f187954fe10f532e2fd9c57e2309d43a9eaa	A	0000000000000000000000000000000000000000	c19e5bee809491f28e499c9679108adaff85c2e9
delinked/weapons_FUN_000fb140.obj	a7dbb87ba2c22e2957ca2c30f06f4831b99d100a	D	c19e5bee809491f28e499c9679108adaff85c2e9	0000000000000000000000000000000000000000
delinked/weapons_FUN_000fb140.obj	c737d34e633f7ec77596d8a67f0a231b8ec0f0a5	A	0000000000000000000000000000000000000000	c19e5bee809491f28e499c9679108adaff85c2e9
delinked/weapons_FUN_000fb140.obj	ee6f5a972a6a54cc93a5a7e19363d3592b367394	A	0000000000000000000000000000000000000000	c19e5bee809491f28e499c9679108adaff85c2e9
delinked/weapons_FUN_000fb2f0.obj	1bbde0043a512410e333fb686554d722bedc2bd1	A	0000000000000000000000000000000000000000	d842ad6571ac98bb72e0867984d00777f4915a03
delinked/weapons_FUN_000fb2f0.obj	a7dbb87ba2c22e2957ca2c30f06f4831b99d100a	D	d842ad6571ac98bb72e0867984d00777f4915a03	0000000000000000000000000000000000000000
delinked/weapons_FUN_000fb2f0.obj	b3bf2c0b542d9c86f670fc56b1cdf79c82e18603	A	0000000000000000000000000000000000000000	d842ad6571ac98bb72e0867984d00777f4915a03
delinked/weapons_FUN_000fb2f0.obj	c737d34e633f7ec77596d8a67f0a231b8ec0f0a5	A	0000000000000000000000000000000000000000	d842ad6571ac98bb72e0867984d00777f4915a03
delinked/weapons_FUN_000fb2f0.obj	ee6f5a972a6a54cc93a5a7e19363d3592b367394	A	0000000000000000000000000000000000000000	d842ad6571ac98bb72e0867984d00777f4915a03
delinked/weapons_FUN_000fbbd0.obj	5ac793ab33c4ebdbb618c2bc020fd2592695ea73	A	0000000000000000000000000000000000000000	a0f5ef4d5a81139023c480a802c428ecb4b6e038
delinked/weapons_FUN_000fbbd0.obj	a450f187954fe10f532e2fd9c57e2309d43a9eaa	A	0000000000000000000000000000000000000000	a0f5ef4d5a81139023c480a802c428ecb4b6e038
delinked/weapons_FUN_000fbbd0.obj	a7dbb87ba2c22e2957ca2c30f06f4831b99d100a	D	a0f5ef4d5a81139023c480a802c428ecb4b6e038	0000000000000000000000000000000000000000
delinked/weapons_FUN_000fbbd0.obj	c737d34e633f7ec77596d8a67f0a231b8ec0f0a5	A	0000000000000000000000000000000000000000	a0f5ef4d5a81139023c480a802c428ecb4b6e038
delinked/weapons_FUN_000fbbd0.obj	ee6f5a972a6a54cc93a5a7e19363d3592b367394	A	0000000000000000000000000000000000000000	a0f5ef4d5a81139023c480a802c428ecb4b6e038
delinked/weapons_FUN_000fcaf0.obj	5ac793ab33c4ebdbb618c2bc020fd2592695ea73	A	0000000000000000000000000000000000000000	09c5da66453e3d6a845735866fcb85f90059a7c5
delinked/weapons_FUN_000fcaf0.obj	a450f187954fe10f532e2fd9c57e2309d43a9eaa	A	0000000000000000000000000000000000000000	09c5da66453e3d6a845735866fcb85f90059a7c5
delinked/weapons_FUN_000fcaf0.obj	a7dbb87ba2c22e2957ca2c30f06f4831b99d100a	D	09c5da66453e3d6a845735866fcb85f90059a7c5	0000000000000000000000000000000000000000
delinked/weapons_FUN_000fcaf0.obj	c737d34e633f7ec77596d8a67f0a231b8ec0f0a5	A	0000000000000000000000000000000000000000	09c5da66453e3d6a845735866fcb85f90059a7c5
delinked/weapons_FUN_000fcaf0.obj	ee6f5a972a6a54cc93a5a7e19363d3592b367394	A	0000000000000000000000000000000000000000	09c5da66453e3d6a845735866fcb85f90059a7c5
delinked/weapons_FUN_000fcf20.obj	5ac793ab33c4ebdbb618c2bc020fd2592695ea73	A	0000000000000000000000000000000000000000	a4192a0acce92a57fa021122dc874b8c9b640848
delinked/weapons_FUN_000fcf20.obj	a450f187954fe10f532e2fd9c57e2309d43a9eaa	A	0000000000000000000000000000000000000000	a4192a0acce92a57fa021122dc874b8c9b640848
delinked/weapons_FUN_000fcf20.obj	a7dbb87ba2c22e2957ca2c30f06f4831b99d100a	D	a4192a0acce92a57fa021122dc874b8c9b640848	0000000000000000000000000000000000000000
delinked/weapons_FUN_000fcf20.obj	c737d34e633f7ec77596d8a67f0a231b8ec0f0a5	A	0000000000000000000000000000000000000000	a4192a0acce92a57fa021122dc874b8c9b640848
delinked/weapons_FUN_000fcf20.obj	ee6f5a972a6a54cc93a5a7e19363d3592b367394	A	0000000000000000000000000000000000000000	a4192a0acce92a57fa021122dc874b8c9b640848
delinked/weapons_FUN_000fd180.obj	5ac793ab33c4ebdbb618c2bc020fd2592695ea73	A	0000000000000000000000000000000000000000	280f157a553065810138161a37eaacd4be38f5d8
delinked/weapons_FUN_000fd180.obj	a450f187954fe10f532e2fd9c57e2309d43a9eaa	A	0000000000000000000000000000000000000000	280f157a553065810138161a37eaacd4be38f5d8
delinked/weapons_FUN_000fd180.obj	a7dbb87ba2c22e2957ca2c30f06f4831b99d100a	D	280f157a553065810138161a37eaacd4be38f5d8	0000000000000000000000000000000000000000
delinked/weapons_FUN_000fd180.obj	c737d34e633f7ec77596d8a67f0a231b8ec0f0a5	A	0000000000000000000000000000000000000000	280f157a553065810138161a37eaacd4be38f5d8
delinked/weapons_FUN_000fd180.obj	ee6f5a972a6a54cc93a5a7e19363d3592b367394	A	0000000000000000000000000000000000000000	280f157a553065810138161a37eaacd4be38f5d8
delinked/xbox_crt_FUN_001d7817.obj	a5897d683a6d84dec7fcfa2f47b977fb262d7c0d	A	0000000000000000000000000000000000000000	bc35f7781e1dd3544dc03e046098b066f58b5581
halo_2276_functions.txt	0e25145edfb968a546cf55101894b9a0d358fd61	D	7246c528738cf72b362b1334aa6b8454f1ce4670	0000000000000000000000000000000000000000
halo_2276_functions.txt	29ae52a9a3bb7d4f27797f76130e1ed8ec82a545	D	7246c528738cf72b362b1334aa6b8454f1ce4670	0000000000000000000000000000000000000000
halo_2276_functions.txt	aa64fda0c95000acda1a5dba64a1d30296228e17	A	0000000000000000000000000000000000000000	7246c528738cf72b362b1334aa6b8454f1ce4670
halo_2276_functions.txt	e9b5d758a525cccd5cba69be343b2f6f937be054	A	0000000000000000000000000000000000000000	7246c528738cf72b362b1334aa6b8454f1ce4670
halo_decompiled/cachebeta.elf.asm	0e25145edfb968a546cf55101894b9a0d358fd61	D	49236ce802ca5efde3c6cacdb886d235a4c5966f	0000000000000000000000000000000000000000
halo_decompiled/cachebeta.elf.asm	29ae52a9a3bb7d4f27797f76130e1ed8ec82a545	D	49236ce802ca5efde3c6cacdb886d235a4c5966f	0000000000000000000000000000000000000000
halo_decompiled/cachebeta.elf.asm	aa64fda0c95000acda1a5dba64a1d30296228e17	A	0000000000000000000000000000000000000000	49236ce802ca5efde3c6cacdb886d235a4c5966f
halo_decompiled/cachebeta.elf.asm	e9b5d758a525cccd5cba69be343b2f6f937be054	A	0000000000000000000000000000000000000000	49236ce802ca5efde3c6cacdb886d235a4c5966f
halo_decompiled/cachebeta.elf.c	0e25145edfb968a546cf55101894b9a0d358fd61	D	51bb2ba0ff6c0237f96e13fbc0f1eebd4f939360	0000000000000000000000000000000000000000
halo_decompiled/cachebeta.elf.c	29ae52a9a3bb7d4f27797f76130e1ed8ec82a545	D	51bb2ba0ff6c0237f96e13fbc0f1eebd4f939360	0000000000000000000000000000000000000000
halo_decompiled/cachebeta.elf.c	aa64fda0c95000acda1a5dba64a1d30296228e17	A	0000000000000000000000000000000000000000	51bb2ba0ff6c0237f96e13fbc0f1eebd4f939360
halo_decompiled/cachebeta.elf.c	e9b5d758a525cccd5cba69be343b2f6f937be054	A	0000000000000000000000000000000000000000	51bb2ba0ff6c0237f96e13fbc0f1eebd4f939360
halo_decompiled/cachebeta.elf.h	0e25145edfb968a546cf55101894b9a0d358fd61	D	d07ec1f88e3aed6f4792f148d46af4950f628c87	0000000000000000000000000000000000000000
halo_decompiled/cachebeta.elf.h	29ae52a9a3bb7d4f27797f76130e1ed8ec82a545	D	d07ec1f88e3aed6f4792f148d46af4950f628c87	0000000000000000000000000000000000000000
halo_decompiled/cachebeta.elf.h	aa64fda0c95000acda1a5dba64a1d30296228e17	A	0000000000000000000000000000000000000000	d07ec1f88e3aed6f4792f148d46af4950f628c87
halo_decompiled/cachebeta.elf.h	e9b5d758a525cccd5cba69be343b2f6f937be054	A	0000000000000000000000000000000000000000	d07ec1f88e3aed6f4792f148d46af4950f628c87
tests/golden/periodic_tables/periodic_00_one.bin	30e91b072e6d0b493c47412c58f5da1f4655175f	A	0000000000000000000000000000000000000000	044478e4018aa410512ab1043749baea50a5f912
tests/golden/periodic_tables/periodic_00_one.bin	6b3e698f371aaac7a62f6d119e56213d071456cf	A	0000000000000000000000000000000000000000	044478e4018aa410512ab1043749baea50a5f912
tests/golden/periodic_tables/periodic_00_one.bin	c737d34e633f7ec77596d8a67f0a231b8ec0f0a5	A	0000000000000000000000000000000000000000	044478e4018aa410512ab1043749baea50a5f912
tests/golden/periodic_tables/periodic_00_one.bin	ee6f5a972a6a54cc93a5a7e19363d3592b367394	A	0000000000000000000000000000000000000000	044478e4018aa410512ab1043749baea50a5f912
tests/golden/periodic_tables/periodic_01_zero.bin	30e91b072e6d0b493c47412c58f5da1f4655175f	A	0000000000000000000000000000000000000000	06d7405020018ddf3cacee90fd4af10487da3d20
tests/golden/periodic_tables/periodic_01_zero.bin	6b3e698f371aaac7a62f6d119e56213d071456cf	A	0000000000000000000000000000000000000000	06d7405020018ddf3cacee90fd4af10487da3d20
tests/golden/periodic_tables/periodic_01_zero.bin	c737d34e633f7ec77596d8a67f0a231b8ec0f0a5	A	0000000000000000000000000000000000000000	06d7405020018ddf3cacee90fd4af10487da3d20
tests/golden/periodic_tables/periodic_01_zero.bin	ee6f5a972a6a54cc93a5a7e19363d3592b367394	A	0000000000000000000000000000000000000000	06d7405020018ddf3cacee90fd4af10487da3d20
tests/golden/periodic_tables/periodic_02_cosine.bin	30e91b072e6d0b493c47412c58f5da1f4655175f	A	0000000000000000000000000000000000000000	03f655a2f92b3cca86daa9186115b6621b27bc82
tests/golden/periodic_tables/periodic_02_cosine.bin	6b3e698f371aaac7a62f6d119e56213d071456cf	A	0000000000000000000000000000000000000000	03f655a2f92b3cca86daa9186115b6621b27bc82
tests/golden/periodic_tables/periodic_02_cosine.bin	c737d34e633f7ec77596d8a67f0a231b8ec0f0a5	A	0000000000000000000000000000000000000000	03f655a2f92b3cca86daa9186115b6621b27bc82
tests/golden/periodic_tables/periodic_02_cosine.bin	ee6f5a972a6a54cc93a5a7e19363d3592b367394	A	0000000000000000000000000000000000000000	03f655a2f92b3cca86daa9186115b6621b27bc82
tests/golden/periodic_tables/periodic_03_cosine_var.bin	30e91b072e6d0b493c47412c58f5da1f4655175f	A	0000000000000000000000000000000000000000	ab2e2de5e855663f2572c2d47a98938007cc8b40
tests/golden/periodic_tables/periodic_03_cosine_var.bin	6b3e698f371aaac7a62f6d119e56213d071456cf	A	0000000000000000000000000000000000000000	ab2e2de5e855663f2572c2d47a98938007cc8b40
tests/golden/periodic_tables/periodic_03_cosine_var.bin	c737d34e633f7ec77596d8a67f0a231b8ec0f0a5	A	0000000000000000000000000000000000000000	ab2e2de5e855663f2572c2d47a98938007cc8b40
tests/golden/periodic_tables/periodic_03_cosine_var.bin	ee6f5a972a6a54cc93a5a7e19363d3592b367394	A	0000000000000000000000000000000000000000	ab2e2de5e855663f2572c2d47a98938007cc8b40
tests/golden/periodic_tables/periodic_04_triangle.bin	30e91b072e6d0b493c47412c58f5da1f4655175f	A	0000000000000000000000000000000000000000	6322549111c84ee23be697cd428af8fb858c186a
tests/golden/periodic_tables/periodic_04_triangle.bin	6b3e698f371aaac7a62f6d119e56213d071456cf	A	0000000000000000000000000000000000000000	6322549111c84ee23be697cd428af8fb858c186a
tests/golden/periodic_tables/periodic_04_triangle.bin	c737d34e633f7ec77596d8a67f0a231b8ec0f0a5	A	0000000000000000000000000000000000000000	6322549111c84ee23be697cd428af8fb858c186a
tests/golden/periodic_tables/periodic_04_triangle.bin	ee6f5a972a6a54cc93a5a7e19363d3592b367394	A	0000000000000000000000000000000000000000	6322549111c84ee23be697cd428af8fb858c186a
tests/golden/periodic_tables/periodic_05_triangle_var.bin	30e91b072e6d0b493c47412c58f5da1f4655175f	A	0000000000000000000000000000000000000000	819ca971754efac83d72c481b3872988b15b7965
tests/golden/periodic_tables/periodic_05_triangle_var.bin	6b3e698f371aaac7a62f6d119e56213d071456cf	A	0000000000000000000000000000000000000000	819ca971754efac83d72c481b3872988b15b7965
tests/golden/periodic_tables/periodic_05_triangle_var.bin	c737d34e633f7ec77596d8a67f0a231b8ec0f0a5	A	0000000000000000000000000000000000000000	819ca971754efac83d72c481b3872988b15b7965
tests/golden/periodic_tables/periodic_05_triangle_var.bin	ee6f5a972a6a54cc93a5a7e19363d3592b367394	A	0000000000000000000000000000000000000000	819ca971754efac83d72c481b3872988b15b7965
tests/golden/periodic_tables/periodic_06_slide.bin	30e91b072e6d0b493c47412c58f5da1f4655175f	A	0000000000000000000000000000000000000000	ab9714ef59dede30f4854acbd62ee5250adef074
tests/golden/periodic_tables/periodic_06_slide.bin	6b3e698f371aaac7a62f6d119e56213d071456cf	A	0000000000000000000000000000000000000000	ab9714ef59dede30f4854acbd62ee5250adef074
tests/golden/periodic_tables/periodic_06_slide.bin	c737d34e633f7ec77596d8a67f0a231b8ec0f0a5	A	0000000000000000000000000000000000000000	ab9714ef59dede30f4854acbd62ee5250adef074
tests/golden/periodic_tables/periodic_06_slide.bin	ee6f5a972a6a54cc93a5a7e19363d3592b367394	A	0000000000000000000000000000000000000000	ab9714ef59dede30f4854acbd62ee5250adef074
tests/golden/periodic_tables/periodic_07_slide_var.bin	30e91b072e6d0b493c47412c58f5da1f4655175f	A	0000000000000000000000000000000000000000	038758f5c9d3dddd30a97e73ec71c936e05df6ff
tests/golden/periodic_tables/periodic_07_slide_var.bin	6b3e698f371aaac7a62f6d119e56213d071456cf	A	0000000000000000000000000000000000000000	038758f5c9d3dddd30a97e73ec71c936e05df6ff
tests/golden/periodic_tables/periodic_07_slide_var.bin	c737d34e633f7ec77596d8a67f0a231b8ec0f0a5	A	0000000000000000000000000000000000000000	038758f5c9d3dddd30a97e73ec71c936e05df6ff
tests/golden/periodic_tables/periodic_07_slide_var.bin	ee6f5a972a6a54cc93a5a7e19363d3592b367394	A	0000000000000000000000000000000000000000	038758f5c9d3dddd30a97e73ec71c936e05df6ff
tests/golden/periodic_tables/periodic_08_gaussian.bin	30e91b072e6d0b493c47412c58f5da1f4655175f	A	0000000000000000000000000000000000000000	afa1584a34e3a66114c315814fd78f2f8036b7e8
tests/golden/periodic_tables/periodic_08_gaussian.bin	6b3e698f371aaac7a62f6d119e56213d071456cf	A	0000000000000000000000000000000000000000	afa1584a34e3a66114c315814fd78f2f8036b7e8
tests/golden/periodic_tables/periodic_08_gaussian.bin	c737d34e633f7ec77596d8a67f0a231b8ec0f0a5	A	0000000000000000000000000000000000000000	afa1584a34e3a66114c315814fd78f2f8036b7e8
tests/golden/periodic_tables/periodic_08_gaussian.bin	ee6f5a972a6a54cc93a5a7e19363d3592b367394	A	0000000000000000000000000000000000000000	afa1584a34e3a66114c315814fd78f2f8036b7e8
tests/golden/periodic_tables/periodic_09_stutter_4harm_a.bin	30e91b072e6d0b493c47412c58f5da1f4655175f	A	0000000000000000000000000000000000000000	1d0985fe3fab576e00bddd5c2fa3a561bca235f4
tests/golden/periodic_tables/periodic_09_stutter_4harm_a.bin	6b3e698f371aaac7a62f6d119e56213d071456cf	A	0000000000000000000000000000000000000000	1d0985fe3fab576e00bddd5c2fa3a561bca235f4
tests/golden/periodic_tables/periodic_09_stutter_4harm_a.bin	c737d34e633f7ec77596d8a67f0a231b8ec0f0a5	A	0000000000000000000000000000000000000000	1d0985fe3fab576e00bddd5c2fa3a561bca235f4
tests/golden/periodic_tables/periodic_09_stutter_4harm_a.bin	ee6f5a972a6a54cc93a5a7e19363d3592b367394	A	0000000000000000000000000000000000000000	1d0985fe3fab576e00bddd5c2fa3a561bca235f4
tests/golden/periodic_tables/periodic_10_stutter_4harm_b.bin	30e91b072e6d0b493c47412c58f5da1f4655175f	A	0000000000000000000000000000000000000000	1d0985fe3fab576e00bddd5c2fa3a561bca235f4
tests/golden/periodic_tables/periodic_10_stutter_4harm_b.bin	6b3e698f371aaac7a62f6d119e56213d071456cf	A	0000000000000000000000000000000000000000	1d0985fe3fab576e00bddd5c2fa3a561bca235f4
tests/golden/periodic_tables/periodic_10_stutter_4harm_b.bin	c737d34e633f7ec77596d8a67f0a231b8ec0f0a5	A	0000000000000000000000000000000000000000	1d0985fe3fab576e00bddd5c2fa3a561bca235f4
tests/golden/periodic_tables/periodic_10_stutter_4harm_b.bin	ee6f5a972a6a54cc93a5a7e19363d3592b367394	A	0000000000000000000000000000000000000000	1d0985fe3fab576e00bddd5c2fa3a561bca235f4
tests/golden/periodic_tables/periodic_11_square.bin	30e91b072e6d0b493c47412c58f5da1f4655175f	A	0000000000000000000000000000000000000000	c176b0d4d58120c35340b498ea80ee937b6852fd
tests/golden/periodic_tables/periodic_11_square.bin	6b3e698f371aaac7a62f6d119e56213d071456cf	A	0000000000000000000000000000000000000000	c176b0d4d58120c35340b498ea80ee937b6852fd
tests/golden/periodic_tables/periodic_11_square.bin	c737d34e633f7ec77596d8a67f0a231b8ec0f0a5	A	0000000000000000000000000000000000000000	c176b0d4d58120c35340b498ea80ee937b6852fd
tests/golden/periodic_tables/periodic_11_square.bin	ee6f5a972a6a54cc93a5a7e19363d3592b367394	A	0000000000000000000000000000000000000000	c176b0d4d58120c35340b498ea80ee937b6852fd
tests/golden/periodic_tables/transition_00_raw.bin	30e91b072e6d0b493c47412c58f5da1f4655175f	A	0000000000000000000000000000000000000000	0fea9c73469e4e6df05bcaccdfb1da9e818d5698
tests/golden/periodic_tables/transition_00_raw.bin	6b3e698f371aaac7a62f6d119e56213d071456cf	A	0000000000000000000000000000000000000000	0fea9c73469e4e6df05bcaccdfb1da9e818d5698
tests/golden/periodic_tables/transition_00_raw.bin	c737d34e633f7ec77596d8a67f0a231b8ec0f0a5	A	0000000000000000000000000000000000000000	0fea9c73469e4e6df05bcaccdfb1da9e818d5698
tests/golden/periodic_tables/transition_00_raw.bin	ee6f5a972a6a54cc93a5a7e19363d3592b367394	A	0000000000000000000000000000000000000000	0fea9c73469e4e6df05bcaccdfb1da9e818d5698
tests/golden/periodic_tables/transition_01_pow_a.bin	30e91b072e6d0b493c47412c58f5da1f4655175f	A	0000000000000000000000000000000000000000	b47690b2f08307c6277fa8ee69f32ce6dd314edc
tests/golden/periodic_tables/transition_01_pow_a.bin	6b3e698f371aaac7a62f6d119e56213d071456cf	A	0000000000000000000000000000000000000000	b47690b2f08307c6277fa8ee69f32ce6dd314edc
tests/golden/periodic_tables/transition_01_pow_a.bin	c737d34e633f7ec77596d8a67f0a231b8ec0f0a5	A	0000000000000000000000000000000000000000	b47690b2f08307c6277fa8ee69f32ce6dd314edc
tests/golden/periodic_tables/transition_01_pow_a.bin	ee6f5a972a6a54cc93a5a7e19363d3592b367394	A	0000000000000000000000000000000000000000	b47690b2f08307c6277fa8ee69f32ce6dd314edc
tests/golden/periodic_tables/transition_02_pow_b.bin	30e91b072e6d0b493c47412c58f5da1f4655175f	A	0000000000000000000000000000000000000000	f4e02e0703e22937c2d4ff4b0936305d9d94df2f
tests/golden/periodic_tables/transition_02_pow_b.bin	6b3e698f371aaac7a62f6d119e56213d071456cf	A	0000000000000000000000000000000000000000	f4e02e0703e22937c2d4ff4b0936305d9d94df2f
tests/golden/periodic_tables/transition_02_pow_b.bin	c737d34e633f7ec77596d8a67f0a231b8ec0f0a5	A	0000000000000000000000000000000000000000	f4e02e0703e22937c2d4ff4b0936305d9d94df2f
tests/golden/periodic_tables/transition_02_pow_b.bin	ee6f5a972a6a54cc93a5a7e19363d3592b367394	A	0000000000000000000000000000000000000000	f4e02e0703e22937c2d4ff4b0936305d9d94df2f
tests/golden/periodic_tables/transition_03_pow_c.bin	30e91b072e6d0b493c47412c58f5da1f4655175f	A	0000000000000000000000000000000000000000	057f0e02ff8d9c29b8dd4cce09ddd1f40a1fa724
tests/golden/periodic_tables/transition_03_pow_c.bin	6b3e698f371aaac7a62f6d119e56213d071456cf	A	0000000000000000000000000000000000000000	057f0e02ff8d9c29b8dd4cce09ddd1f40a1fa724
tests/golden/periodic_tables/transition_03_pow_c.bin	c737d34e633f7ec77596d8a67f0a231b8ec0f0a5	A	0000000000000000000000000000000000000000	057f0e02ff8d9c29b8dd4cce09ddd1f40a1fa724
tests/golden/periodic_tables/transition_03_pow_c.bin	ee6f5a972a6a54cc93a5a7e19363d3592b367394	A	0000000000000000000000000000000000000000	057f0e02ff8d9c29b8dd4cce09ddd1f40a1fa724
tests/golden/periodic_tables/transition_04_pow_d.bin	30e91b072e6d0b493c47412c58f5da1f4655175f	A	0000000000000000000000000000000000000000	8512ca7c698e00b885fa8390cbd8d78108dc0043
tests/golden/periodic_tables/transition_04_pow_d.bin	6b3e698f371aaac7a62f6d119e56213d071456cf	A	0000000000000000000000000000000000000000	8512ca7c698e00b885fa8390cbd8d78108dc0043
tests/golden/periodic_tables/transition_04_pow_d.bin	c737d34e633f7ec77596d8a67f0a231b8ec0f0a5	A	0000000000000000000000000000000000000000	8512ca7c698e00b885fa8390cbd8d78108dc0043
tests/golden/periodic_tables/transition_04_pow_d.bin	ee6f5a972a6a54cc93a5a7e19363d3592b367394	A	0000000000000000000000000000000000000000	8512ca7c698e00b885fa8390cbd8d78108dc0043
tests/golden/periodic_tables/transition_05_sine_wave.bin	30e91b072e6d0b493c47412c58f5da1f4655175f	A	0000000000000000000000000000000000000000	1840e8fcee68f4ebdad96f7a51f87870950c9071
tests/golden/periodic_tables/transition_05_sine_wave.bin	6b3e698f371aaac7a62f6d119e56213d071456cf	A	0000000000000000000000000000000000000000	1840e8fcee68f4ebdad96f7a51f87870950c9071
tests/golden/periodic_tables/transition_05_sine_wave.bin	c737d34e633f7ec77596d8a67f0a231b8ec0f0a5	A	0000000000000000000000000000000000000000	1840e8fcee68f4ebdad96f7a51f87870950c9071
tests/golden/periodic_tables/transition_05_sine_wave.bin	ee6f5a972a6a54cc93a5a7e19363d3592b367394	A	0000000000000000000000000000000000000000	1840e8fcee68f4ebdad96f7a51f87870950c9071
tools/equivalence/_global_bytes.py	6abfe26963f4b0c052f7ff53364023c3ba46130a	D	3c30c4c88cde30674ea8be00b41113d5a14ac685	0000000000000000000000000000000000000000
tools/equivalence/_global_bytes.py	7f65d1089f66e458ab16fbd421be80bf07e7f1e3	A	0000000000000000000000000000000000000000	3c30c4c88cde30674ea8be00b41113d5a14ac685
tools/equivalence/_global_bytes.py	8160a29b933975c030850b156f482c1984fd6a33	A	0000000000000000000000000000000000000000	3c30c4c88cde30674ea8be00b41113d5a14ac685
tools/equivalence/_global_bytes.py	885e9688d5f2a2a49b850f4c480daf6c832e2f86	D	3c30c4c88cde30674ea8be00b41113d5a14ac685	0000000000000000000000000000000000000000
tools/equivalence/_global_bytes.py	c6218bd6f67823b6952a10f01f70a4ac9873d719	D	3c30c4c88cde30674ea8be00b41113d5a14ac685	0000000000000000000000000000000000000000
tools/equivalence/_global_bytes.py	dc93d4394794e8241e7a169b52dc69f8a0efc0d7	A	0000000000000000000000000000000000000000	3c30c4c88cde30674ea8be00b41113d5a14ac685
tools/equivalence/known_globals.json	01388ecfee49af904ed3e3d7a960ebe7624d98a0	A	0000000000000000000000000000000000000000	60d7fc2af853ee9ce04dcd3611c117b57ee36bf7
tools/equivalence/known_globals.json	01624b463756764d0545665f0f3cbef767c731c2	A	0000000000000000000000000000000000000000	60d7fc2af853ee9ce04dcd3611c117b57ee36bf7
tools/equivalence/known_globals.json	042d00c0b31a4816ea18fbe744c7ee41e650a318	M	de1444df2719c57a9ec50f4cc4b1b873e88565d1	5515b9d12c67420a8296654a53c2c6a61b74a26c
tools/equivalence/known_globals.json	04930ed8c9f10bc41d4811ed318fd2933dbdebe4	M	484f144c2e655b3a3e3af2ce1bea9f697891d78c	de1444df2719c57a9ec50f4cc4b1b873e88565d1
tools/equivalence/known_globals.json	082df6d4f3a7c3d98cf84dcb4cff2e4d0aeb6b28	M	484f144c2e655b3a3e3af2ce1bea9f697891d78c	de1444df2719c57a9ec50f4cc4b1b873e88565d1
tools/equivalence/known_globals.json	0e971cc8adf157477dce7c3acb67f8d06395834f	A	0000000000000000000000000000000000000000	5515b9d12c67420a8296654a53c2c6a61b74a26c
tools/equivalence/known_globals.json	102061c9c6b0a801eabff89170f8238657d978d5	A	0000000000000000000000000000000000000000	60d7fc2af853ee9ce04dcd3611c117b57ee36bf7
tools/equivalence/known_globals.json	183b8ac12dcfb1630258abf1fd39d3825e5a1c2e	A	0000000000000000000000000000000000000000	60d7fc2af853ee9ce04dcd3611c117b57ee36bf7
tools/equivalence/known_globals.json	1cf01624a40c5d507bf16c5806feb6c2f195f3b6	A	0000000000000000000000000000000000000000	60d7fc2af853ee9ce04dcd3611c117b57ee36bf7
tools/equivalence/known_globals.json	25d3a66f62f94d27e1b84526a1b704cec2640693	A	0000000000000000000000000000000000000000	60d7fc2af853ee9ce04dcd3611c117b57ee36bf7
tools/equivalence/known_globals.json	298360be5ecb4c71e25d8ea243889564cab398d7	A	0000000000000000000000000000000000000000	60d7fc2af853ee9ce04dcd3611c117b57ee36bf7
tools/equivalence/known_globals.json	299f6ee927b9d9a6f1a690fdf992bf2798cdbb27	A	0000000000000000000000000000000000000000	60d7fc2af853ee9ce04dcd3611c117b57ee36bf7
tools/equivalence/known_globals.json	2cb2707fa5334a54ae9a8f27bde862bace8ffc64	A	0000000000000000000000000000000000000000	60d7fc2af853ee9ce04dcd3611c117b57ee36bf7
tools/equivalence/known_globals.json	2d978c989dea7217444bf43e25b668459de63eb5	A	0000000000000000000000000000000000000000	60d7fc2af853ee9ce04dcd3611c117b57ee36bf7
tools/equivalence/known_globals.json	31377c99fe90471f0bbabc1a0cd74aabfddff724	A	0000000000000000000000000000000000000000	60d7fc2af853ee9ce04dcd3611c117b57ee36bf7
tools/equivalence/known_globals.json	34108a0da55e692cd08f6dfe31ee51bd55653214	A	0000000000000000000000000000000000000000	60d7fc2af853ee9ce04dcd3611c117b57ee36bf7
tools/equivalence/known_globals.json	38dfec380a57c6d2ebabe659dcc5155f3b241070	A	0000000000000000000000000000000000000000	60d7fc2af853ee9ce04dcd3611c117b57ee36bf7
tools/equivalence/known_globals.json	3919b820aede830d34d2d45d6bfa422ce50caae9	A	0000000000000000000000000000000000000000	60d7fc2af853ee9ce04dcd3611c117b57ee36bf7
tools/equivalence/known_globals.json	3d603dbce2d64401a9f725f518598caac9d9b958	A	0000000000000000000000000000000000000000	60d7fc2af853ee9ce04dcd3611c117b57ee36bf7
tools/equivalence/known_globals.json	3ec01fd46b78e77f55daee0446d017499872c2db	A	0000000000000000000000000000000000000000	60d7fc2af853ee9ce04dcd3611c117b57ee36bf7
tools/equivalence/known_globals.json	41cd995b3105088ffe1d26188179d37d222c9a32	A	0000000000000000000000000000000000000000	60d7fc2af853ee9ce04dcd3611c117b57ee36bf7
tools/equivalence/known_globals.json	45036817acd62120f71d89be265391400fc05d83	A	0000000000000000000000000000000000000000	60d7fc2af853ee9ce04dcd3611c117b57ee36bf7
tools/equivalence/known_globals.json	4505407baf658a775f12cd84ce5574a524c8b8d5	A	0000000000000000000000000000000000000000	60d7fc2af853ee9ce04dcd3611c117b57ee36bf7
tools/equivalence/known_globals.json	45946fbc4be6a1b6307274959ca9da50b1d81256	A	0000000000000000000000000000000000000000	60d7fc2af853ee9ce04dcd3611c117b57ee36bf7
tools/equivalence/known_globals.json	49810ef3d29475d237a442edf01809a897fb5f5f	A	0000000000000000000000000000000000000000	60d7fc2af853ee9ce04dcd3611c117b57ee36bf7
tools/equivalence/known_globals.json	4a11c32afc39438a5d6b1f62fbe6d00ef49dbea5	A	0000000000000000000000000000000000000000	60d7fc2af853ee9ce04dcd3611c117b57ee36bf7
tools/equivalence/known_globals.json	50e4d82ce59e067bec0fc5dc99cc44ac66b216a4	A	0000000000000000000000000000000000000000	60d7fc2af853ee9ce04dcd3611c117b57ee36bf7
tools/equivalence/known_globals.json	53c6f164451c2a09863f8ffb360813b3cdb48c3e	A	0000000000000000000000000000000000000000	60d7fc2af853ee9ce04dcd3611c117b57ee36bf7
tools/equivalence/known_globals.json	54836be4fac67169d76298b5918c509a2d71024f	A	0000000000000000000000000000000000000000	60d7fc2af853ee9ce04dcd3611c117b57ee36bf7
tools/equivalence/known_globals.json	57c8bb51aad6175cc98acbac027b8be051f7c602	A	0000000000000000000000000000000000000000	60d7fc2af853ee9ce04dcd3611c117b57ee36bf7
tools/equivalence/known_globals.json	5839fa104d51845fcfe154dc3d22e6bd50da5692	A	0000000000000000000000000000000000000000	60d7fc2af853ee9ce04dcd3611c117b57ee36bf7
tools/equivalence/known_globals.json	585dc70890cc8e26145b9b2744c925b6e8a8603f	A	0000000000000000000000000000000000000000	60d7fc2af853ee9ce04dcd3611c117b57ee36bf7
tools/equivalence/known_globals.json	5ce39888a47e67c1d962c9969f38777c4b95c909	A	0000000000000000000000000000000000000000	60d7fc2af853ee9ce04dcd3611c117b57ee36bf7
tools/equivalence/known_globals.json	5ee58835a39076a846b5d506a82031fda133b8de	M	19dff54b234ef13595a8426ea57149c821681583	dd6b7482da4b561dc9c777a9451b88f90683188c
tools/equivalence/known_globals.json	604fee0756217a051c60e96f766ecc587bfed1a2	A	0000000000000000000000000000000000000000	60d7fc2af853ee9ce04dcd3611c117b57ee36bf7
tools/equivalence/known_globals.json	6217bcabbb88095eedf2a58033832211502c7a18	A	0000000000000000000000000000000000000000	60d7fc2af853ee9ce04dcd3611c117b57ee36bf7
tools/equivalence/known_globals.json	621ce65a364b5723737d13ca098743f70ccaf5f7	A	0000000000000000000000000000000000000000	60d7fc2af853ee9ce04dcd3611c117b57ee36bf7
tools/equivalence/known_globals.json	63eeed72adb4e88f3a1b95257e92880596caf500	A	0000000000000000000000000000000000000000	60d7fc2af853ee9ce04dcd3611c117b57ee36bf7
tools/equivalence/known_globals.json	65375636ee7c56429a4d2934b2364e8565057b81	M	19dff54b234ef13595a8426ea57149c821681583	dd6b7482da4b561dc9c777a9451b88f90683188c
tools/equivalence/known_globals.json	665956afaab7687844bc5120d68d900b0561422c	M	de1444df2719c57a9ec50f4cc4b1b873e88565d1	5515b9d12c67420a8296654a53c2c6a61b74a26c
tools/equivalence/known_globals.json	676199ff5767c260d7212b4953c4955dcfc2a9bb	A	0000000000000000000000000000000000000000	60d7fc2af853ee9ce04dcd3611c117b57ee36bf7
tools/equivalence/known_globals.json	6abfe26963f4b0c052f7ff53364023c3ba46130a	A	0000000000000000000000000000000000000000	484f144c2e655b3a3e3af2ce1bea9f697891d78c
tools/equivalence/known_globals.json	6c726e8da9abfee0c3e94c0cfe02b943a79d4b03	A	0000000000000000000000000000000000000000	60d7fc2af853ee9ce04dcd3611c117b57ee36bf7
tools/equivalence/known_globals.json	6cbb5c86883f3be44d0d3c4ceae1a6307c9ef48a	A	0000000000000000000000000000000000000000	60d7fc2af853ee9ce04dcd3611c117b57ee36bf7
tools/equivalence/known_globals.json	6d4044e44f6dbb91c59d1b28db31c18efa4c6c2a	A	0000000000000000000000000000000000000000	5515b9d12c67420a8296654a53c2c6a61b74a26c
tools/equivalence/known_globals.json	6eb0f6784a83d1c6c969e629c3dddf3d53614abc	A	0000000000000000000000000000000000000000	60d7fc2af853ee9ce04dcd3611c117b57ee36bf7
tools/equivalence/known_globals.json	705d8b799745f100be6713d55d7c27495e5effe7	A	0000000000000000000000000000000000000000	60d7fc2af853ee9ce04dcd3611c117b57ee36bf7
tools/equivalence/known_globals.json	70ed1ef27ee5ac117f8c24ecbca5e828238f11bc	A	0000000000000000000000000000000000000000	60d7fc2af853ee9ce04dcd3611c117b57ee36bf7
tools/equivalence/known_globals.json	75b0056d60472ea4336a28de7f6207c9662b0292	M	de1444df2719c57a9ec50f4cc4b1b873e88565d1	5515b9d12c67420a8296654a53c2c6a61b74a26c
tools/equivalence/known_globals.json	776bd2b3ebebf802af6757ffc4f0c09886caa2b7	A	0000000000000000000000000000000000000000	60d7fc2af853ee9ce04dcd3611c117b57ee36bf7
tools/equivalence/known_globals.json	7c20859560688351ee92287c18ea71919864a801	A	0000000000000000000000000000000000000000	60d7fc2af853ee9ce04dcd3611c117b57ee36bf7
tools/equivalence/known_globals.json	7c6677bce03093220ea1f6b7a6775e26447ed07d	A	0000000000000000000000000000000000000000	60d7fc2af853ee9ce04dcd3611c117b57ee36bf7
tools/equivalence/known_globals.json	7cf4c7a73c89fbfd72c7256175c7109110734fb4	A	0000000000000000000000000000000000000000	5515b9d12c67420a8296654a53c2c6a61b74a26c
tools/equivalence/known_globals.json	80843b91ebd765bab7e48b756f283e9a4e6df762	M	5515b9d12c67420a8296654a53c2c6a61b74a26c	60d7fc2af853ee9ce04dcd3611c117b57ee36bf7
tools/equivalence/known_globals.json	87d0578287ebdb1697024f02b03d69d4548edf1a	M	5515b9d12c67420a8296654a53c2c6a61b74a26c	60d7fc2af853ee9ce04dcd3611c117b57ee36bf7
tools/equivalence/known_globals.json	885e9688d5f2a2a49b850f4c480daf6c832e2f86	A	0000000000000000000000000000000000000000	484f144c2e655b3a3e3af2ce1bea9f697891d78c
tools/equivalence/known_globals.json	91d110786a657d717743b2f28cc4832be356fe8d	A	0000000000000000000000000000000000000000	60d7fc2af853ee9ce04dcd3611c117b57ee36bf7
tools/equivalence/known_globals.json	970f0901226f65438b6c22e37fde73e0982b3cf3	A	0000000000000000000000000000000000000000	60d7fc2af853ee9ce04dcd3611c117b57ee36bf7
tools/equivalence/known_globals.json	982eb279b2970e65848bcc9b110603c366b45a2a	A	0000000000000000000000000000000000000000	60d7fc2af853ee9ce04dcd3611c117b57ee36bf7
tools/equivalence/known_globals.json	99091fda43148f3bc1107df49c82379be1a25881	A	0000000000000000000000000000000000000000	60d7fc2af853ee9ce04dcd3611c117b57ee36bf7
tools/equivalence/known_globals.json	995dd370f0702bb5d872b8978256d0ea77ec17da	A	0000000000000000000000000000000000000000	60d7fc2af853ee9ce04dcd3611c117b57ee36bf7
tools/equivalence/known_globals.json	9ae4aaa4301b193e6ec8946813e3e84ba2a79cd1	A	0000000000000000000000000000000000000000	60d7fc2af853ee9ce04dcd3611c117b57ee36bf7
tools/equivalence/known_globals.json	9b345ccd57ba5fa3d537db58e734d053c519d276	A	0000000000000000000000000000000000000000	60d7fc2af853ee9ce04dcd3611c117b57ee36bf7
tools/equivalence/known_globals.json	9da6fcd7ba52aa0380962d1bf178a28a44b2278f	A	0000000000000000000000000000000000000000	60d7fc2af853ee9ce04dcd3611c117b57ee36bf7
tools/equivalence/known_globals.json	a415e49de1dd749ecc6276f800c3d21e53d0a60d	A	0000000000000000000000000000000000000000	60d7fc2af853ee9ce04dcd3611c117b57ee36bf7
tools/equivalence/known_globals.json	a5cdb530ee8e841a4197da283a4208827e9892fe	A	0000000000000000000000000000000000000000	60d7fc2af853ee9ce04dcd3611c117b57ee36bf7
tools/equivalence/known_globals.json	a82342b4d26348bf2c581fe8b30bdc91037dba50	M	484f144c2e655b3a3e3af2ce1bea9f697891d78c	de1444df2719c57a9ec50f4cc4b1b873e88565d1
tools/equivalence/known_globals.json	a8ef94430963c0e90f27618768fc5970cebaab80	M	60d7fc2af853ee9ce04dcd3611c117b57ee36bf7	19dff54b234ef13595a8426ea57149c821681583
tools/equivalence/known_globals.json	ae4e0954bde158fed41f0ea5ab2547355553d0bb	A	0000000000000000000000000000000000000000	60d7fc2af853ee9ce04dcd3611c117b57ee36bf7
tools/equivalence/known_globals.json	ae4e4e594d0b665e60be0eef358c9f38848be14a	A	0000000000000000000000000000000000000000	5515b9d12c67420a8296654a53c2c6a61b74a26c
tools/equivalence/known_globals.json	b0b5f492dc8e7cc9e94959f5c1b7b6a60ba66503	A	0000000000000000000000000000000000000000	60d7fc2af853ee9ce04dcd3611c117b57ee36bf7
tools/equivalence/known_globals.json	b5f4ca6222340643738c7e6caade0204732cc738	A	0000000000000000000000000000000000000000	60d7fc2af853ee9ce04dcd3611c117b57ee36bf7
tools/equivalence/known_globals.json	bd09ea51ed6d1f312c1e3d5c15a91a5cf0ac96fe	M	60d7fc2af853ee9ce04dcd3611c117b57ee36bf7	3f3a40b7d8200492736847d69aacf2a940845063
tools/equivalence/known_globals.json	bea5e76bddb10f56ea673f62fbb2c59a90ef6460	A	0000000000000000000000000000000000000000	60d7fc2af853ee9ce04dcd3611c117b57ee36bf7
tools/equivalence/known_globals.json	c09c3f3f01d292c839613e0da5a78a7783f46c05	A	0000000000000000000000000000000000000000	60d7fc2af853ee9ce04dcd3611c117b57ee36bf7
tools/equivalence/known_globals.json	c144bd9b8d13d8aa59b41069d2aef6ea6a9f9269	M	dd6b7482da4b561dc9c777a9451b88f90683188c	38e1feb1025f18f01de786e88084abafbddb1be9
tools/equivalence/known_globals.json	c22f4894d05d67c8ec4604d6ee15ef691dd04fae	A	0000000000000000000000000000000000000000	60d7fc2af853ee9ce04dcd3611c117b57ee36bf7
tools/equivalence/known_globals.json	c2d5b5127cdd43d40e0e458a5eb7a0d38eac914f	M	3f3a40b7d8200492736847d69aacf2a940845063	19dff54b234ef13595a8426ea57149c821681583
tools/equivalence/known_globals.json	c4fa565076355dfe2bd1b60963f016b929b381af	A	0000000000000000000000000000000000000000	60d7fc2af853ee9ce04dcd3611c117b57ee36bf7
tools/equivalence/known_globals.json	c53704ecee007ef1216a70e29bbc9ba576fb0594	A	0000000000000000000000000000000000000000	60d7fc2af853ee9ce04dcd3611c117b57ee36bf7
tools/equivalence/known_globals.json	c6218bd6f67823b6952a10f01f70a4ac9873d719	A	0000000000000000000000000000000000000000	484f144c2e655b3a3e3af2ce1bea9f697891d78c
tools/equivalence/known_globals.json	c66f812bd1fc4bfab47bec04b53e8723b980a453	A	0000000000000000000000000000000000000000	60d7fc2af853ee9ce04dcd3611c117b57ee36bf7
tools/equivalence/known_globals.json	ca2647b4b6281bd731f8c02daa407943510d785f	A	0000000000000000000000000000000000000000	60d7fc2af853ee9ce04dcd3611c117b57ee36bf7
tools/equivalence/known_globals.json	cb5a5951a28b6234ed8f8028f54708376616d61a	A	0000000000000000000000000000000000000000	60d7fc2af853ee9ce04dcd3611c117b57ee36bf7
tools/equivalence/known_globals.json	ce6410afe31f200cbc280b17f5aa9af88373d5ad	A	0000000000000000000000000000000000000000	60d7fc2af853ee9ce04dcd3611c117b57ee36bf7
tools/equivalence/known_globals.json	ceb454079e0bde53c83adaed37d1c17cd847af12	A	0000000000000000000000000000000000000000	60d7fc2af853ee9ce04dcd3611c117b57ee36bf7
tools/equivalence/known_globals.json	d0863a61e7290757e50b8e61cd53afae603816a0	A	0000000000000000000000000000000000000000	60d7fc2af853ee9ce04dcd3611c117b57ee36bf7
tools/equivalence/known_globals.json	d30a74728ba8e5e1b40c34aaa225dcee47767688	A	0000000000000000000000000000000000000000	60d7fc2af853ee9ce04dcd3611c117b57ee36bf7
tools/equivalence/known_globals.json	d5b9b440293608273e9eaa718ae264bc175b4810	A	0000000000000000000000000000000000000000	60d7fc2af853ee9ce04dcd3611c117b57ee36bf7
tools/equivalence/known_globals.json	d5bb842421e847df2641f7aebabee86873319a5a	A	0000000000000000000000000000000000000000	60d7fc2af853ee9ce04dcd3611c117b57ee36bf7
tools/equivalence/known_globals.json	d6052a206b3878871e3c433e478ee2d2f8806670	A	0000000000000000000000000000000000000000	60d7fc2af853ee9ce04dcd3611c117b57ee36bf7
tools/equivalence/known_globals.json	d691c11bceb9ab9939e0b7c7d063096da7f12cc6	A	0000000000000000000000000000000000000000	60d7fc2af853ee9ce04dcd3611c117b57ee36bf7
tools/equivalence/known_globals.json	d9100190003c72fbfeda09cb379488762d045287	A	0000000000000000000000000000000000000000	60d7fc2af853ee9ce04dcd3611c117b57ee36bf7
tools/equivalence/known_globals.json	e094a12a668ea350b17d3b7c323619c4e4b18f35	A	0000000000000000000000000000000000000000	60d7fc2af853ee9ce04dcd3611c117b57ee36bf7
tools/equivalence/known_globals.json	e40f2a3a5783a6df94163000d0baf6165646f636	A	0000000000000000000000000000000000000000	60d7fc2af853ee9ce04dcd3611c117b57ee36bf7
tools/equivalence/known_globals.json	e629badef8066e908f63adf4e6110ba850428273	A	0000000000000000000000000000000000000000	60d7fc2af853ee9ce04dcd3611c117b57ee36bf7
tools/equivalence/known_globals.json	eb6355425adb974811336d7149e5f107af577071	M	de1444df2719c57a9ec50f4cc4b1b873e88565d1	5515b9d12c67420a8296654a53c2c6a61b74a26c
tools/equivalence/known_globals.json	ebd592c61826eda4693dd6a95c6cf70de1843868	A	0000000000000000000000000000000000000000	60d7fc2af853ee9ce04dcd3611c117b57ee36bf7
tools/equivalence/known_globals.json	edf2840437917c47d03b342e8df8a04689540652	A	0000000000000000000000000000000000000000	60d7fc2af853ee9ce04dcd3611c117b57ee36bf7
tools/equivalence/known_globals.json	ef635eab8a37e50206d4d3c592a51c432b053a4d	A	0000000000000000000000000000000000000000	60d7fc2af853ee9ce04dcd3611c117b57ee36bf7
tools/equivalence/known_globals.json	ef7f3b5bbc834b01f9bd44883d1a57e6b8343d44	A	0000000000000000000000000000000000000000	60d7fc2af853ee9ce04dcd3611c117b57ee36bf7
tools/equivalence/known_globals.json	f159e86f82c77126ccee574a59621165f5e21466	A	0000000000000000000000000000000000000000	60d7fc2af853ee9ce04dcd3611c117b57ee36bf7
tools/equivalence/known_globals.json	f36d34b4ec6ca27d06ff4c4093415e994d8b45b2	A	0000000000000000000000000000000000000000	5515b9d12c67420a8296654a53c2c6a61b74a26c
tools/equivalence/known_globals.json	f46bb84c995db56c81cfbce74b2aa2b110a7845f	A	0000000000000000000000000000000000000000	60d7fc2af853ee9ce04dcd3611c117b57ee36bf7
tools/equivalence/known_globals.json	f57d64098a69ceaed90bc1a54fd9a29f75fae04b	A	0000000000000000000000000000000000000000	5515b9d12c67420a8296654a53c2c6a61b74a26c
tools/equivalence/known_globals.json	f910a0278aecb932346a892a93e922385fab5a00	A	0000000000000000000000000000000000000000	60d7fc2af853ee9ce04dcd3611c117b57ee36bf7
tools/equivalence/known_globals.json	f9f5c8bf050d2fc8da8a1e3dc2a40907f0fb654c	A	0000000000000000000000000000000000000000	60d7fc2af853ee9ce04dcd3611c117b57ee36bf7
tools/equivalence/known_globals.json	fc7325ffbd00295ba4c2d381d2ebe80022855de8	A	0000000000000000000000000000000000000000	60d7fc2af853ee9ce04dcd3611c117b57ee36bf7
tools/equivalence/known_globals.json	ff8d5a3bb9b25d338ad055080794f64f99049e7f	A	0000000000000000000000000000000000000000	60d7fc2af853ee9ce04dcd3611c117b57ee36bf7
tools/equivalence/regression_snapshots/ctf_get_player_score_ctf_t700.json	17e6372a3a177900f8d2a220289c18efca6e3f1c	A	0000000000000000000000000000000000000000	19707b63f805408fb4635e4c6931e89e15e97f2c
tools/equivalence/regression_snapshots/ctf_get_player_score_ctf_t700.json	4b7b739245b0794bad47f3e766d21fc54e982ef7	A	0000000000000000000000000000000000000000	19707b63f805408fb4635e4c6931e89e15e97f2c
tools/equivalence/regression_snapshots/ctf_get_player_score_ctf_t700.json	514a3a294decdf6657332278c4fabcd992f70777	A	0000000000000000000000000000000000000000	19707b63f805408fb4635e4c6931e89e15e97f2c
tools/equivalence/regression_snapshots/ctf_get_player_score_ctf_t700.json	7c20859560688351ee92287c18ea71919864a801	A	0000000000000000000000000000000000000000	19707b63f805408fb4635e4c6931e89e15e97f2c
tools/equivalence/regression_snapshots/ctf_get_player_score_ctf_t700.json	9085313d50cb1b81a0f31850fdf9305c1377b746	A	0000000000000000000000000000000000000000	19707b63f805408fb4635e4c6931e89e15e97f2c
tools/equivalence/regression_snapshots/ctf_get_player_score_ctf_t700.json	d7ab522a8858b46c6dd9ab296d51394f729642b1	A	0000000000000000000000000000000000000000	19707b63f805408fb4635e4c6931e89e15e97f2c
tools/equivalence/regression_snapshots/ctf_get_player_score_ctf_t700.json	f159e86f82c77126ccee574a59621165f5e21466	A	0000000000000000000000000000000000000000	19707b63f805408fb4635e4c6931e89e15e97f2c
tools/equivalence/regression_snapshots/ctf_get_player_score_ctf_t700.json	f73b5d79f4a59b014f431f3e721ccb65237177d8	A	0000000000000000000000000000000000000000	19707b63f805408fb4635e4c6931e89e15e97f2c
tools/equivalence/regression_snapshots/evaluate_game_complexity.json	01388ecfee49af904ed3e3d7a960ebe7624d98a0	A	0000000000000000000000000000000000000000	31dccab3ae06944e3d5329e37457155640a7a937
tools/equivalence/regression_snapshots/evaluate_game_complexity.json	01624b463756764d0545665f0f3cbef767c731c2	A	0000000000000000000000000000000000000000	31dccab3ae06944e3d5329e37457155640a7a937
tools/equivalence/regression_snapshots/evaluate_game_complexity.json	027c1a597ec77edfb084939f800267be5326344e	A	0000000000000000000000000000000000000000	31dccab3ae06944e3d5329e37457155640a7a937
tools/equivalence/regression_snapshots/evaluate_game_complexity.json	102061c9c6b0a801eabff89170f8238657d978d5	A	0000000000000000000000000000000000000000	31dccab3ae06944e3d5329e37457155640a7a937
tools/equivalence/regression_snapshots/evaluate_game_complexity.json	15743c6a4d47a060180251a747a8c80fc819912b	A	0000000000000000000000000000000000000000	31dccab3ae06944e3d5329e37457155640a7a937
tools/equivalence/regression_snapshots/evaluate_game_complexity.json	183b8ac12dcfb1630258abf1fd39d3825e5a1c2e	A	0000000000000000000000000000000000000000	31dccab3ae06944e3d5329e37457155640a7a937
tools/equivalence/regression_snapshots/evaluate_game_complexity.json	1cf01624a40c5d507bf16c5806feb6c2f195f3b6	A	0000000000000000000000000000000000000000	31dccab3ae06944e3d5329e37457155640a7a937
tools/equivalence/regression_snapshots/evaluate_game_complexity.json	25d3a66f62f94d27e1b84526a1b704cec2640693	A	0000000000000000000000000000000000000000	31dccab3ae06944e3d5329e37457155640a7a937
tools/equivalence/regression_snapshots/evaluate_game_complexity.json	298360be5ecb4c71e25d8ea243889564cab398d7	A	0000000000000000000000000000000000000000	31dccab3ae06944e3d5329e37457155640a7a937
tools/equivalence/regression_snapshots/evaluate_game_complexity.json	299f6ee927b9d9a6f1a690fdf992bf2798cdbb27	A	0000000000000000000000000000000000000000	31dccab3ae06944e3d5329e37457155640a7a937
tools/equivalence/regression_snapshots/evaluate_game_complexity.json	2cb2707fa5334a54ae9a8f27bde862bace8ffc64	A	0000000000000000000000000000000000000000	31dccab3ae06944e3d5329e37457155640a7a937
tools/equivalence/regression_snapshots/evaluate_game_complexity.json	2d978c989dea7217444bf43e25b668459de63eb5	A	0000000000000000000000000000000000000000	31dccab3ae06944e3d5329e37457155640a7a937
tools/equivalence/regression_snapshots/evaluate_game_complexity.json	303edf6ba50abce5775344d05b8ef4635ff6fe85	A	0000000000000000000000000000000000000000	31dccab3ae06944e3d5329e37457155640a7a937
tools/equivalence/regression_snapshots/evaluate_game_complexity.json	31377c99fe90471f0bbabc1a0cd74aabfddff724	A	0000000000000000000000000000000000000000	31dccab3ae06944e3d5329e37457155640a7a937
tools/equivalence/regression_snapshots/evaluate_game_complexity.json	34108a0da55e692cd08f6dfe31ee51bd55653214	A	0000000000000000000000000000000000000000	31dccab3ae06944e3d5329e37457155640a7a937
tools/equivalence/regression_snapshots/evaluate_game_complexity.json	38dfec380a57c6d2ebabe659dcc5155f3b241070	A	0000000000000000000000000000000000000000	31dccab3ae06944e3d5329e37457155640a7a937
tools/equivalence/regression_snapshots/evaluate_game_complexity.json	3919b820aede830d34d2d45d6bfa422ce50caae9	A	0000000000000000000000000000000000000000	31dccab3ae06944e3d5329e37457155640a7a937
tools/equivalence/regression_snapshots/evaluate_game_complexity.json	3d603dbce2d64401a9f725f518598caac9d9b958	A	0000000000000000000000000000000000000000	31dccab3ae06944e3d5329e37457155640a7a937
tools/equivalence/regression_snapshots/evaluate_game_complexity.json	3ec01fd46b78e77f55daee0446d017499872c2db	A	0000000000000000000000000000000000000000	31dccab3ae06944e3d5329e37457155640a7a937
tools/equivalence/regression_snapshots/evaluate_game_complexity.json	41cd995b3105088ffe1d26188179d37d222c9a32	A	0000000000000000000000000000000000000000	31dccab3ae06944e3d5329e37457155640a7a937
tools/equivalence/regression_snapshots/evaluate_game_complexity.json	45036817acd62120f71d89be265391400fc05d83	A	0000000000000000000000000000000000000000	31dccab3ae06944e3d5329e37457155640a7a937
tools/equivalence/regression_snapshots/evaluate_game_complexity.json	4505407baf658a775f12cd84ce5574a524c8b8d5	A	0000000000000000000000000000000000000000	31dccab3ae06944e3d5329e37457155640a7a937
tools/equivalence/regression_snapshots/evaluate_game_complexity.json	45946fbc4be6a1b6307274959ca9da50b1d81256	A	0000000000000000000000000000000000000000	31dccab3ae06944e3d5329e37457155640a7a937
tools/equivalence/regression_snapshots/evaluate_game_complexity.json	49810ef3d29475d237a442edf01809a897fb5f5f	A	0000000000000000000000000000000000000000	31dccab3ae06944e3d5329e37457155640a7a937
tools/equivalence/regression_snapshots/evaluate_game_complexity.json	4a11c32afc39438a5d6b1f62fbe6d00ef49dbea5	A	0000000000000000000000000000000000000000	31dccab3ae06944e3d5329e37457155640a7a937
tools/equivalence/regression_snapshots/evaluate_game_complexity.json	4f250a8bf0dd0af28714587c7ba703e458988d7e	A	0000000000000000000000000000000000000000	31dccab3ae06944e3d5329e37457155640a7a937
tools/equivalence/regression_snapshots/evaluate_game_complexity.json	50e4d82ce59e067bec0fc5dc99cc44ac66b216a4	A	0000000000000000000000000000000000000000	31dccab3ae06944e3d5329e37457155640a7a937
tools/equivalence/regression_snapshots/evaluate_game_complexity.json	53c6f164451c2a09863f8ffb360813b3cdb48c3e	A	0000000000000000000000000000000000000000	31dccab3ae06944e3d5329e37457155640a7a937
tools/equivalence/regression_snapshots/evaluate_game_complexity.json	54836be4fac67169d76298b5918c509a2d71024f	A	0000000000000000000000000000000000000000	31dccab3ae06944e3d5329e37457155640a7a937
tools/equivalence/regression_snapshots/evaluate_game_complexity.json	57c8bb51aad6175cc98acbac027b8be051f7c602	A	0000000000000000000000000000000000000000	31dccab3ae06944e3d5329e37457155640a7a937
tools/equivalence/regression_snapshots/evaluate_game_complexity.json	5839fa104d51845fcfe154dc3d22e6bd50da5692	A	0000000000000000000000000000000000000000	31dccab3ae06944e3d5329e37457155640a7a937
tools/equivalence/regression_snapshots/evaluate_game_complexity.json	585dc70890cc8e26145b9b2744c925b6e8a8603f	A	0000000000000000000000000000000000000000	31dccab3ae06944e3d5329e37457155640a7a937
tools/equivalence/regression_snapshots/evaluate_game_complexity.json	5ce39888a47e67c1d962c9969f38777c4b95c909	A	0000000000000000000000000000000000000000	31dccab3ae06944e3d5329e37457155640a7a937
tools/equivalence/regression_snapshots/evaluate_game_complexity.json	604fee0756217a051c60e96f766ecc587bfed1a2	A	0000000000000000000000000000000000000000	31dccab3ae06944e3d5329e37457155640a7a937
tools/equivalence/regression_snapshots/evaluate_game_complexity.json	6217bcabbb88095eedf2a58033832211502c7a18	A	0000000000000000000000000000000000000000	31dccab3ae06944e3d5329e37457155640a7a937
tools/equivalence/regression_snapshots/evaluate_game_complexity.json	621ce65a364b5723737d13ca098743f70ccaf5f7	A	0000000000000000000000000000000000000000	31dccab3ae06944e3d5329e37457155640a7a937
tools/equivalence/regression_snapshots/evaluate_game_complexity.json	63eeed72adb4e88f3a1b95257e92880596caf500	A	0000000000000000000000000000000000000000	31dccab3ae06944e3d5329e37457155640a7a937
tools/equivalence/regression_snapshots/evaluate_game_complexity.json	676199ff5767c260d7212b4953c4955dcfc2a9bb	A	0000000000000000000000000000000000000000	31dccab3ae06944e3d5329e37457155640a7a937
tools/equivalence/regression_snapshots/evaluate_game_complexity.json	6c726e8da9abfee0c3e94c0cfe02b943a79d4b03	A	0000000000000000000000000000000000000000	31dccab3ae06944e3d5329e37457155640a7a937
tools/equivalence/regression_snapshots/evaluate_game_complexity.json	6cbb5c86883f3be44d0d3c4ceae1a6307c9ef48a	A	0000000000000000000000000000000000000000	31dccab3ae06944e3d5329e37457155640a7a937
tools/equivalence/regression_snapshots/evaluate_game_complexity.json	6d4044e44f6dbb91c59d1b28db31c18efa4c6c2a	A	0000000000000000000000000000000000000000	31dccab3ae06944e3d5329e37457155640a7a937
tools/equivalence/regression_snapshots/evaluate_game_complexity.json	6eb0f6784a83d1c6c969e629c3dddf3d53614abc	A	0000000000000000000000000000000000000000	31dccab3ae06944e3d5329e37457155640a7a937
tools/equivalence/regression_snapshots/evaluate_game_complexity.json	705d8b799745f100be6713d55d7c27495e5effe7	A	0000000000000000000000000000000000000000	31dccab3ae06944e3d5329e37457155640a7a937
tools/equivalence/regression_snapshots/evaluate_game_complexity.json	70ed1ef27ee5ac117f8c24ecbca5e828238f11bc	A	0000000000000000000000000000000000000000	31dccab3ae06944e3d5329e37457155640a7a937
tools/equivalence/regression_snapshots/evaluate_game_complexity.json	776bd2b3ebebf802af6757ffc4f0c09886caa2b7	A	0000000000000000000000000000000000000000	31dccab3ae06944e3d5329e37457155640a7a937
tools/equivalence/regression_snapshots/evaluate_game_complexity.json	7c20859560688351ee92287c18ea71919864a801	A	0000000000000000000000000000000000000000	31dccab3ae06944e3d5329e37457155640a7a937
tools/equivalence/regression_snapshots/evaluate_game_complexity.json	7c6677bce03093220ea1f6b7a6775e26447ed07d	A	0000000000000000000000000000000000000000	31dccab3ae06944e3d5329e37457155640a7a937
tools/equivalence/regression_snapshots/evaluate_game_complexity.json	7cf4c7a73c89fbfd72c7256175c7109110734fb4	A	0000000000000000000000000000000000000000	31dccab3ae06944e3d5329e37457155640a7a937
tools/equivalence/regression_snapshots/evaluate_game_complexity.json	91d110786a657d717743b2f28cc4832be356fe8d	A	0000000000000000000000000000000000000000	31dccab3ae06944e3d5329e37457155640a7a937
tools/equivalence/regression_snapshots/evaluate_game_complexity.json	970f0901226f65438b6c22e37fde73e0982b3cf3	A	0000000000000000000000000000000000000000	31dccab3ae06944e3d5329e37457155640a7a937
tools/equivalence/regression_snapshots/evaluate_game_complexity.json	982eb279b2970e65848bcc9b110603c366b45a2a	A	0000000000000000000000000000000000000000	31dccab3ae06944e3d5329e37457155640a7a937
tools/equivalence/regression_snapshots/evaluate_game_complexity.json	99091fda43148f3bc1107df49c82379be1a25881	A	0000000000000000000000000000000000000000	31dccab3ae06944e3d5329e37457155640a7a937
tools/equivalence/regression_snapshots/evaluate_game_complexity.json	995dd370f0702bb5d872b8978256d0ea77ec17da	A	0000000000000000000000000000000000000000	31dccab3ae06944e3d5329e37457155640a7a937
tools/equivalence/regression_snapshots/evaluate_game_complexity.json	9ae4aaa4301b193e6ec8946813e3e84ba2a79cd1	A	0000000000000000000000000000000000000000	31dccab3ae06944e3d5329e37457155640a7a937
tools/equivalence/regression_snapshots/evaluate_game_complexity.json	9b345ccd57ba5fa3d537db58e734d053c519d276	A	0000000000000000000000000000000000000000	31dccab3ae06944e3d5329e37457155640a7a937
tools/equivalence/regression_snapshots/evaluate_game_complexity.json	9d6c1f1624e340c655172d13b51929b34da20d76	A	0000000000000000000000000000000000000000	31dccab3ae06944e3d5329e37457155640a7a937
tools/equivalence/regression_snapshots/evaluate_game_complexity.json	9da6fcd7ba52aa0380962d1bf178a28a44b2278f	A	0000000000000000000000000000000000000000	31dccab3ae06944e3d5329e37457155640a7a937
tools/equivalence/regression_snapshots/evaluate_game_complexity.json	a415e49de1dd749ecc6276f800c3d21e53d0a60d	A	0000000000000000000000000000000000000000	31dccab3ae06944e3d5329e37457155640a7a937
tools/equivalence/regression_snapshots/evaluate_game_complexity.json	a506fb69bf241c636d285f252bd0b3d580a68bb6	A	0000000000000000000000000000000000000000	31dccab3ae06944e3d5329e37457155640a7a937
tools/equivalence/regression_snapshots/evaluate_game_complexity.json	a5cdb530ee8e841a4197da283a4208827e9892fe	A	0000000000000000000000000000000000000000	31dccab3ae06944e3d5329e37457155640a7a937
tools/equivalence/regression_snapshots/evaluate_game_complexity.json	ae4e0954bde158fed41f0ea5ab2547355553d0bb	A	0000000000000000000000000000000000000000	31dccab3ae06944e3d5329e37457155640a7a937
tools/equivalence/regression_snapshots/evaluate_game_complexity.json	ae4e4e594d0b665e60be0eef358c9f38848be14a	A	0000000000000000000000000000000000000000	31dccab3ae06944e3d5329e37457155640a7a937
tools/equivalence/regression_snapshots/evaluate_game_complexity.json	b0b5f492dc8e7cc9e94959f5c1b7b6a60ba66503	A	0000000000000000000000000000000000000000	31dccab3ae06944e3d5329e37457155640a7a937
tools/equivalence/regression_snapshots/evaluate_game_complexity.json	b5f4ca6222340643738c7e6caade0204732cc738	A	0000000000000000000000000000000000000000	31dccab3ae06944e3d5329e37457155640a7a937
tools/equivalence/regression_snapshots/evaluate_game_complexity.json	bea5e76bddb10f56ea673f62fbb2c59a90ef6460	A	0000000000000000000000000000000000000000	31dccab3ae06944e3d5329e37457155640a7a937
tools/equivalence/regression_snapshots/evaluate_game_complexity.json	beb72961821ee238c629908cfab6771da4b77ca4	A	0000000000000000000000000000000000000000	31dccab3ae06944e3d5329e37457155640a7a937
tools/equivalence/regression_snapshots/evaluate_game_complexity.json	c09c3f3f01d292c839613e0da5a78a7783f46c05	A	0000000000000000000000000000000000000000	31dccab3ae06944e3d5329e37457155640a7a937
tools/equivalence/regression_snapshots/evaluate_game_complexity.json	c22f4894d05d67c8ec4604d6ee15ef691dd04fae	A	0000000000000000000000000000000000000000	31dccab3ae06944e3d5329e37457155640a7a937
tools/equivalence/regression_snapshots/evaluate_game_complexity.json	c42457db36a80581b0eaaf65c3ab4a59bf2bcbad	A	0000000000000000000000000000000000000000	31dccab3ae06944e3d5329e37457155640a7a937
tools/equivalence/regression_snapshots/evaluate_game_complexity.json	c4fa565076355dfe2bd1b60963f016b929b381af	A	0000000000000000000000000000000000000000	31dccab3ae06944e3d5329e37457155640a7a937
tools/equivalence/regression_snapshots/evaluate_game_complexity.json	c53704ecee007ef1216a70e29bbc9ba576fb0594	A	0000000000000000000000000000000000000000	31dccab3ae06944e3d5329e37457155640a7a937
tools/equivalence/regression_snapshots/evaluate_game_complexity.json	c66f812bd1fc4bfab47bec04b53e8723b980a453	A	0000000000000000000000000000000000000000	31dccab3ae06944e3d5329e37457155640a7a937
tools/equivalence/regression_snapshots/evaluate_game_complexity.json	ca2647b4b6281bd731f8c02daa407943510d785f	A	0000000000000000000000000000000000000000	31dccab3ae06944e3d5329e37457155640a7a937
tools/equivalence/regression_snapshots/evaluate_game_complexity.json	cb5a5951a28b6234ed8f8028f54708376616d61a	A	0000000000000000000000000000000000000000	31dccab3ae06944e3d5329e37457155640a7a937
tools/equivalence/regression_snapshots/evaluate_game_complexity.json	ce6410afe31f200cbc280b17f5aa9af88373d5ad	A	0000000000000000000000000000000000000000	31dccab3ae06944e3d5329e37457155640a7a937
tools/equivalence/regression_snapshots/evaluate_game_complexity.json	ceb454079e0bde53c83adaed37d1c17cd847af12	A	0000000000000000000000000000000000000000	31dccab3ae06944e3d5329e37457155640a7a937
tools/equivalence/regression_snapshots/evaluate_game_complexity.json	d0863a61e7290757e50b8e61cd53afae603816a0	A	0000000000000000000000000000000000000000	31dccab3ae06944e3d5329e37457155640a7a937
tools/equivalence/regression_snapshots/evaluate_game_complexity.json	d30a74728ba8e5e1b40c34aaa225dcee47767688	A	0000000000000000000000000000000000000000	31dccab3ae06944e3d5329e37457155640a7a937
tools/equivalence/regression_snapshots/evaluate_game_complexity.json	d5b9b440293608273e9eaa718ae264bc175b4810	A	0000000000000000000000000000000000000000	31dccab3ae06944e3d5329e37457155640a7a937
tools/equivalence/regression_snapshots/evaluate_game_complexity.json	d5bb842421e847df2641f7aebabee86873319a5a	A	0000000000000000000000000000000000000000	31dccab3ae06944e3d5329e37457155640a7a937
tools/equivalence/regression_snapshots/evaluate_game_complexity.json	d6052a206b3878871e3c433e478ee2d2f8806670	A	0000000000000000000000000000000000000000	31dccab3ae06944e3d5329e37457155640a7a937
tools/equivalence/regression_snapshots/evaluate_game_complexity.json	d691c11bceb9ab9939e0b7c7d063096da7f12cc6	A	0000000000000000000000000000000000000000	31dccab3ae06944e3d5329e37457155640a7a937
tools/equivalence/regression_snapshots/evaluate_game_complexity.json	d9100190003c72fbfeda09cb379488762d045287	A	0000000000000000000000000000000000000000	31dccab3ae06944e3d5329e37457155640a7a937
tools/equivalence/regression_snapshots/evaluate_game_complexity.json	e094a12a668ea350b17d3b7c323619c4e4b18f35	A	0000000000000000000000000000000000000000	31dccab3ae06944e3d5329e37457155640a7a937
tools/equivalence/regression_snapshots/evaluate_game_complexity.json	e40f2a3a5783a6df94163000d0baf6165646f636	A	0000000000000000000000000000000000000000	31dccab3ae06944e3d5329e37457155640a7a937
tools/equivalence/regression_snapshots/evaluate_game_complexity.json	e629badef8066e908f63adf4e6110ba850428273	A	0000000000000000000000000000000000000000	31dccab3ae06944e3d5329e37457155640a7a937
tools/equivalence/regression_snapshots/evaluate_game_complexity.json	ebd592c61826eda4693dd6a95c6cf70de1843868	A	0000000000000000000000000000000000000000	31dccab3ae06944e3d5329e37457155640a7a937
tools/equivalence/regression_snapshots/evaluate_game_complexity.json	ed18d4aabfafcb8d1597523a11a74e86f4cfe7f0	A	0000000000000000000000000000000000000000	31dccab3ae06944e3d5329e37457155640a7a937
tools/equivalence/regression_snapshots/evaluate_game_complexity.json	edf2840437917c47d03b342e8df8a04689540652	A	0000000000000000000000000000000000000000	31dccab3ae06944e3d5329e37457155640a7a937
tools/equivalence/regression_snapshots/evaluate_game_complexity.json	ef635eab8a37e50206d4d3c592a51c432b053a4d	A	0000000000000000000000000000000000000000	31dccab3ae06944e3d5329e37457155640a7a937
tools/equivalence/regression_snapshots/evaluate_game_complexity.json	ef7f3b5bbc834b01f9bd44883d1a57e6b8343d44	A	0000000000000000000000000000000000000000	31dccab3ae06944e3d5329e37457155640a7a937
tools/equivalence/regression_snapshots/evaluate_game_complexity.json	f159e86f82c77126ccee574a59621165f5e21466	A	0000000000000000000000000000000000000000	31dccab3ae06944e3d5329e37457155640a7a937
tools/equivalence/regression_snapshots/evaluate_game_complexity.json	f36d34b4ec6ca27d06ff4c4093415e994d8b45b2	A	0000000000000000000000000000000000000000	31dccab3ae06944e3d5329e37457155640a7a937
tools/equivalence/regression_snapshots/evaluate_game_complexity.json	f46bb84c995db56c81cfbce74b2aa2b110a7845f	A	0000000000000000000000000000000000000000	31dccab3ae06944e3d5329e37457155640a7a937
tools/equivalence/regression_snapshots/evaluate_game_complexity.json	f57d64098a69ceaed90bc1a54fd9a29f75fae04b	A	0000000000000000000000000000000000000000	31dccab3ae06944e3d5329e37457155640a7a937
tools/equivalence/regression_snapshots/evaluate_game_complexity.json	f910a0278aecb932346a892a93e922385fab5a00	A	0000000000000000000000000000000000000000	31dccab3ae06944e3d5329e37457155640a7a937
tools/equivalence/regression_snapshots/evaluate_game_complexity.json	f9f5c8bf050d2fc8da8a1e3dc2a40907f0fb654c	A	0000000000000000000000000000000000000000	31dccab3ae06944e3d5329e37457155640a7a937
tools/equivalence/regression_snapshots/evaluate_game_complexity.json	fc7325ffbd00295ba4c2d381d2ebe80022855de8	A	0000000000000000000000000000000000000000	31dccab3ae06944e3d5329e37457155640a7a937
tools/equivalence/regression_snapshots/evaluate_game_complexity.json	ff8d5a3bb9b25d338ad055080794f64f99049e7f	A	0000000000000000000000000000000000000000	31dccab3ae06944e3d5329e37457155640a7a937
tools/equivalence/regression_snapshots/king_get_player_score_king_t300.json	17e6372a3a177900f8d2a220289c18efca6e3f1c	A	0000000000000000000000000000000000000000	20f1bdfcfc3c51961e6aecefeaf4cd85fa1224e2
tools/equivalence/regression_snapshots/king_get_player_score_king_t300.json	4b7b739245b0794bad47f3e766d21fc54e982ef7	A	0000000000000000000000000000000000000000	20f1bdfcfc3c51961e6aecefeaf4cd85fa1224e2
tools/equivalence/regression_snapshots/king_get_player_score_king_t300.json	514a3a294decdf6657332278c4fabcd992f70777	A	0000000000000000000000000000000000000000	20f1bdfcfc3c51961e6aecefeaf4cd85fa1224e2
tools/equivalence/regression_snapshots/king_get_player_score_king_t300.json	7c20859560688351ee92287c18ea71919864a801	A	0000000000000000000000000000000000000000	20f1bdfcfc3c51961e6aecefeaf4cd85fa1224e2
tools/equivalence/regression_snapshots/king_get_player_score_king_t300.json	9085313d50cb1b81a0f31850fdf9305c1377b746	A	0000000000000000000000000000000000000000	20f1bdfcfc3c51961e6aecefeaf4cd85fa1224e2
tools/equivalence/regression_snapshots/king_get_player_score_king_t300.json	d7ab522a8858b46c6dd9ab296d51394f729642b1	A	0000000000000000000000000000000000000000	20f1bdfcfc3c51961e6aecefeaf4cd85fa1224e2
tools/equivalence/regression_snapshots/king_get_player_score_king_t300.json	f159e86f82c77126ccee574a59621165f5e21466	A	0000000000000000000000000000000000000000	20f1bdfcfc3c51961e6aecefeaf4cd85fa1224e2
tools/equivalence/regression_snapshots/king_get_player_score_king_t300.json	f73b5d79f4a59b014f431f3e721ccb65237177d8	A	0000000000000000000000000000000000000000	20f1bdfcfc3c51961e6aecefeaf4cd85fa1224e2
tools/equivalence/regression_snapshots/oddball_engine_update_announce.json	17e6372a3a177900f8d2a220289c18efca6e3f1c	A	0000000000000000000000000000000000000000	fcdcb52e95e5e8fc5211e6f98e16f46a53a851b2
tools/equivalence/regression_snapshots/oddball_engine_update_announce.json	4b7b739245b0794bad47f3e766d21fc54e982ef7	A	0000000000000000000000000000000000000000	fcdcb52e95e5e8fc5211e6f98e16f46a53a851b2
tools/equivalence/regression_snapshots/oddball_engine_update_announce.json	514a3a294decdf6657332278c4fabcd992f70777	A	0000000000000000000000000000000000000000	fcdcb52e95e5e8fc5211e6f98e16f46a53a851b2
tools/equivalence/regression_snapshots/oddball_engine_update_announce.json	7c20859560688351ee92287c18ea71919864a801	A	0000000000000000000000000000000000000000	fcdcb52e95e5e8fc5211e6f98e16f46a53a851b2
tools/equivalence/regression_snapshots/oddball_engine_update_announce.json	9085313d50cb1b81a0f31850fdf9305c1377b746	A	0000000000000000000000000000000000000000	fcdcb52e95e5e8fc5211e6f98e16f46a53a851b2
tools/equivalence/regression_snapshots/oddball_engine_update_announce.json	d7ab522a8858b46c6dd9ab296d51394f729642b1	A	0000000000000000000000000000000000000000	fcdcb52e95e5e8fc5211e6f98e16f46a53a851b2
tools/equivalence/regression_snapshots/oddball_engine_update_announce.json	f159e86f82c77126ccee574a59621165f5e21466	A	0000000000000000000000000000000000000000	fcdcb52e95e5e8fc5211e6f98e16f46a53a851b2
tools/equivalence/regression_snapshots/oddball_engine_update_announce.json	f73b5d79f4a59b014f431f3e721ccb65237177d8	A	0000000000000000000000000000000000000000	fcdcb52e95e5e8fc5211e6f98e16f46a53a851b2
tools/equivalence/regression_snapshots/oddball_engine_update_announce_noteams.json	17e6372a3a177900f8d2a220289c18efca6e3f1c	A	0000000000000000000000000000000000000000	9446526f8b5891a44a9f563f570a5bc7d388cf05
tools/equivalence/regression_snapshots/oddball_engine_update_announce_noteams.json	4b7b739245b0794bad47f3e766d21fc54e982ef7	A	0000000000000000000000000000000000000000	9446526f8b5891a44a9f563f570a5bc7d388cf05
tools/equivalence/regression_snapshots/oddball_engine_update_announce_noteams.json	514a3a294decdf6657332278c4fabcd992f70777	A	0000000000000000000000000000000000000000	9446526f8b5891a44a9f563f570a5bc7d388cf05
tools/equivalence/regression_snapshots/oddball_engine_update_announce_noteams.json	7c20859560688351ee92287c18ea71919864a801	A	0000000000000000000000000000000000000000	9446526f8b5891a44a9f563f570a5bc7d388cf05
tools/equivalence/regression_snapshots/oddball_engine_update_announce_noteams.json	9085313d50cb1b81a0f31850fdf9305c1377b746	A	0000000000000000000000000000000000000000	9446526f8b5891a44a9f563f570a5bc7d388cf05
tools/equivalence/regression_snapshots/oddball_engine_update_announce_noteams.json	d7ab522a8858b46c6dd9ab296d51394f729642b1	A	0000000000000000000000000000000000000000	9446526f8b5891a44a9f563f570a5bc7d388cf05
tools/equivalence/regression_snapshots/oddball_engine_update_announce_noteams.json	f159e86f82c77126ccee574a59621165f5e21466	A	0000000000000000000000000000000000000000	9446526f8b5891a44a9f563f570a5bc7d388cf05
tools/equivalence/regression_snapshots/oddball_engine_update_announce_noteams.json	f73b5d79f4a59b014f431f3e721ccb65237177d8	A	0000000000000000000000000000000000000000	9446526f8b5891a44a9f563f570a5bc7d388cf05
tools/equivalence/regression_snapshots/oddball_engine_update_countdown.json	17e6372a3a177900f8d2a220289c18efca6e3f1c	A	0000000000000000000000000000000000000000	681c2d944ee22a347dba83ad754e0089c0990d00
tools/equivalence/regression_snapshots/oddball_engine_update_countdown.json	4b7b739245b0794bad47f3e766d21fc54e982ef7	A	0000000000000000000000000000000000000000	681c2d944ee22a347dba83ad754e0089c0990d00
tools/equivalence/regression_snapshots/oddball_engine_update_countdown.json	514a3a294decdf6657332278c4fabcd992f70777	A	0000000000000000000000000000000000000000	681c2d944ee22a347dba83ad754e0089c0990d00
tools/equivalence/regression_snapshots/oddball_engine_update_countdown.json	7c20859560688351ee92287c18ea71919864a801	A	0000000000000000000000000000000000000000	681c2d944ee22a347dba83ad754e0089c0990d00
tools/equivalence/regression_snapshots/oddball_engine_update_countdown.json	9085313d50cb1b81a0f31850fdf9305c1377b746	A	0000000000000000000000000000000000000000	681c2d944ee22a347dba83ad754e0089c0990d00
tools/equivalence/regression_snapshots/oddball_engine_update_countdown.json	d7ab522a8858b46c6dd9ab296d51394f729642b1	A	0000000000000000000000000000000000000000	681c2d944ee22a347dba83ad754e0089c0990d00
tools/equivalence/regression_snapshots/oddball_engine_update_countdown.json	f159e86f82c77126ccee574a59621165f5e21466	A	0000000000000000000000000000000000000000	681c2d944ee22a347dba83ad754e0089c0990d00
tools/equivalence/regression_snapshots/oddball_engine_update_countdown.json	f73b5d79f4a59b014f431f3e721ccb65237177d8	A	0000000000000000000000000000000000000000	681c2d944ee22a347dba83ad754e0089c0990d00
tools/equivalence/regression_snapshots/oddball_engine_update_spawn.json	17e6372a3a177900f8d2a220289c18efca6e3f1c	A	0000000000000000000000000000000000000000	31451dc3ecf54581853fbcc3352d40ab8725dd70
tools/equivalence/regression_snapshots/oddball_engine_update_spawn.json	4b7b739245b0794bad47f3e766d21fc54e982ef7	A	0000000000000000000000000000000000000000	31451dc3ecf54581853fbcc3352d40ab8725dd70
tools/equivalence/regression_snapshots/oddball_engine_update_spawn.json	514a3a294decdf6657332278c4fabcd992f70777	A	0000000000000000000000000000000000000000	31451dc3ecf54581853fbcc3352d40ab8725dd70
tools/equivalence/regression_snapshots/oddball_engine_update_spawn.json	7c20859560688351ee92287c18ea71919864a801	A	0000000000000000000000000000000000000000	31451dc3ecf54581853fbcc3352d40ab8725dd70
tools/equivalence/regression_snapshots/oddball_engine_update_spawn.json	9085313d50cb1b81a0f31850fdf9305c1377b746	A	0000000000000000000000000000000000000000	31451dc3ecf54581853fbcc3352d40ab8725dd70
tools/equivalence/regression_snapshots/oddball_engine_update_spawn.json	d7ab522a8858b46c6dd9ab296d51394f729642b1	A	0000000000000000000000000000000000000000	31451dc3ecf54581853fbcc3352d40ab8725dd70
tools/equivalence/regression_snapshots/oddball_engine_update_spawn.json	f159e86f82c77126ccee574a59621165f5e21466	A	0000000000000000000000000000000000000000	31451dc3ecf54581853fbcc3352d40ab8725dd70
tools/equivalence/regression_snapshots/oddball_engine_update_spawn.json	f73b5d79f4a59b014f431f3e721ccb65237177d8	A	0000000000000000000000000000000000000000	31451dc3ecf54581853fbcc3352d40ab8725dd70
tools/equivalence/regression_snapshots/oddball_get_player_score_oddball_t1200.json	17e6372a3a177900f8d2a220289c18efca6e3f1c	A	0000000000000000000000000000000000000000	ca41646eb54e64f8c885440dd5acf156583dc293
tools/equivalence/regression_snapshots/oddball_get_player_score_oddball_t1200.json	4b7b739245b0794bad47f3e766d21fc54e982ef7	A	0000000000000000000000000000000000000000	ca41646eb54e64f8c885440dd5acf156583dc293
tools/equivalence/regression_snapshots/oddball_get_player_score_oddball_t1200.json	514a3a294decdf6657332278c4fabcd992f70777	A	0000000000000000000000000000000000000000	ca41646eb54e64f8c885440dd5acf156583dc293
tools/equivalence/regression_snapshots/oddball_get_player_score_oddball_t1200.json	7c20859560688351ee92287c18ea71919864a801	A	0000000000000000000000000000000000000000	ca41646eb54e64f8c885440dd5acf156583dc293
tools/equivalence/regression_snapshots/oddball_get_player_score_oddball_t1200.json	9085313d50cb1b81a0f31850fdf9305c1377b746	A	0000000000000000000000000000000000000000	ca41646eb54e64f8c885440dd5acf156583dc293
tools/equivalence/regression_snapshots/oddball_get_player_score_oddball_t1200.json	d7ab522a8858b46c6dd9ab296d51394f729642b1	A	0000000000000000000000000000000000000000	ca41646eb54e64f8c885440dd5acf156583dc293
tools/equivalence/regression_snapshots/oddball_get_player_score_oddball_t1200.json	f159e86f82c77126ccee574a59621165f5e21466	A	0000000000000000000000000000000000000000	ca41646eb54e64f8c885440dd5acf156583dc293
tools/equivalence/regression_snapshots/oddball_get_player_score_oddball_t1200.json	f73b5d79f4a59b014f431f3e721ccb65237177d8	A	0000000000000000000000000000000000000000	ca41646eb54e64f8c885440dd5acf156583dc293
tools/equivalence/regression_snapshots/player_count.json	01388ecfee49af904ed3e3d7a960ebe7624d98a0	A	0000000000000000000000000000000000000000	4d9c5c13c0f36487eb0d9da3d34241f2d9e9ad8c
tools/equivalence/regression_snapshots/player_count.json	01624b463756764d0545665f0f3cbef767c731c2	A	0000000000000000000000000000000000000000	4d9c5c13c0f36487eb0d9da3d34241f2d9e9ad8c
tools/equivalence/regression_snapshots/player_count.json	027c1a597ec77edfb084939f800267be5326344e	A	0000000000000000000000000000000000000000	4d9c5c13c0f36487eb0d9da3d34241f2d9e9ad8c
tools/equivalence/regression_snapshots/player_count.json	102061c9c6b0a801eabff89170f8238657d978d5	A	0000000000000000000000000000000000000000	4d9c5c13c0f36487eb0d9da3d34241f2d9e9ad8c
tools/equivalence/regression_snapshots/player_count.json	15743c6a4d47a060180251a747a8c80fc819912b	A	0000000000000000000000000000000000000000	4d9c5c13c0f36487eb0d9da3d34241f2d9e9ad8c
tools/equivalence/regression_snapshots/player_count.json	183b8ac12dcfb1630258abf1fd39d3825e5a1c2e	A	0000000000000000000000000000000000000000	4d9c5c13c0f36487eb0d9da3d34241f2d9e9ad8c
tools/equivalence/regression_snapshots/player_count.json	1cf01624a40c5d507bf16c5806feb6c2f195f3b6	A	0000000000000000000000000000000000000000	4d9c5c13c0f36487eb0d9da3d34241f2d9e9ad8c
tools/equivalence/regression_snapshots/player_count.json	25d3a66f62f94d27e1b84526a1b704cec2640693	A	0000000000000000000000000000000000000000	4d9c5c13c0f36487eb0d9da3d34241f2d9e9ad8c
tools/equivalence/regression_snapshots/player_count.json	298360be5ecb4c71e25d8ea243889564cab398d7	A	0000000000000000000000000000000000000000	4d9c5c13c0f36487eb0d9da3d34241f2d9e9ad8c
tools/equivalence/regression_snapshots/player_count.json	299f6ee927b9d9a6f1a690fdf992bf2798cdbb27	A	0000000000000000000000000000000000000000	4d9c5c13c0f36487eb0d9da3d34241f2d9e9ad8c
tools/equivalence/regression_snapshots/player_count.json	2cb2707fa5334a54ae9a8f27bde862bace8ffc64	A	0000000000000000000000000000000000000000	4d9c5c13c0f36487eb0d9da3d34241f2d9e9ad8c
tools/equivalence/regression_snapshots/player_count.json	2d978c989dea7217444bf43e25b668459de63eb5	A	0000000000000000000000000000000000000000	4d9c5c13c0f36487eb0d9da3d34241f2d9e9ad8c
tools/equivalence/regression_snapshots/player_count.json	303edf6ba50abce5775344d05b8ef4635ff6fe85	A	0000000000000000000000000000000000000000	4d9c5c13c0f36487eb0d9da3d34241f2d9e9ad8c
tools/equivalence/regression_snapshots/player_count.json	31377c99fe90471f0bbabc1a0cd74aabfddff724	A	0000000000000000000000000000000000000000	4d9c5c13c0f36487eb0d9da3d34241f2d9e9ad8c
tools/equivalence/regression_snapshots/player_count.json	34108a0da55e692cd08f6dfe31ee51bd55653214	A	0000000000000000000000000000000000000000	4d9c5c13c0f36487eb0d9da3d34241f2d9e9ad8c
tools/equivalence/regression_snapshots/player_count.json	38dfec380a57c6d2ebabe659dcc5155f3b241070	A	0000000000000000000000000000000000000000	4d9c5c13c0f36487eb0d9da3d34241f2d9e9ad8c
tools/equivalence/regression_snapshots/player_count.json	3919b820aede830d34d2d45d6bfa422ce50caae9	A	0000000000000000000000000000000000000000	4d9c5c13c0f36487eb0d9da3d34241f2d9e9ad8c
tools/equivalence/regression_snapshots/player_count.json	3d603dbce2d64401a9f725f518598caac9d9b958	A	0000000000000000000000000000000000000000	4d9c5c13c0f36487eb0d9da3d34241f2d9e9ad8c
tools/equivalence/regression_snapshots/player_count.json	3ec01fd46b78e77f55daee0446d017499872c2db	A	0000000000000000000000000000000000000000	4d9c5c13c0f36487eb0d9da3d34241f2d9e9ad8c
tools/equivalence/regression_snapshots/player_count.json	41cd995b3105088ffe1d26188179d37d222c9a32	A	0000000000000000000000000000000000000000	4d9c5c13c0f36487eb0d9da3d34241f2d9e9ad8c
tools/equivalence/regression_snapshots/player_count.json	45036817acd62120f71d89be265391400fc05d83	A	0000000000000000000000000000000000000000	4d9c5c13c0f36487eb0d9da3d34241f2d9e9ad8c
tools/equivalence/regression_snapshots/player_count.json	4505407baf658a775f12cd84ce5574a524c8b8d5	A	0000000000000000000000000000000000000000	4d9c5c13c0f36487eb0d9da3d34241f2d9e9ad8c
tools/equivalence/regression_snapshots/player_count.json	45946fbc4be6a1b6307274959ca9da50b1d81256	A	0000000000000000000000000000000000000000	4d9c5c13c0f36487eb0d9da3d34241f2d9e9ad8c
tools/equivalence/regression_snapshots/player_count.json	49810ef3d29475d237a442edf01809a897fb5f5f	A	0000000000000000000000000000000000000000	4d9c5c13c0f36487eb0d9da3d34241f2d9e9ad8c
tools/equivalence/regression_snapshots/player_count.json	4a11c32afc39438a5d6b1f62fbe6d00ef49dbea5	A	0000000000000000000000000000000000000000	4d9c5c13c0f36487eb0d9da3d34241f2d9e9ad8c
tools/equivalence/regression_snapshots/player_count.json	4f250a8bf0dd0af28714587c7ba703e458988d7e	A	0000000000000000000000000000000000000000	4d9c5c13c0f36487eb0d9da3d34241f2d9e9ad8c
tools/equivalence/regression_snapshots/player_count.json	50e4d82ce59e067bec0fc5dc99cc44ac66b216a4	A	0000000000000000000000000000000000000000	4d9c5c13c0f36487eb0d9da3d34241f2d9e9ad8c
tools/equivalence/regression_snapshots/player_count.json	53c6f164451c2a09863f8ffb360813b3cdb48c3e	A	0000000000000000000000000000000000000000	4d9c5c13c0f36487eb0d9da3d34241f2d9e9ad8c
tools/equivalence/regression_snapshots/player_count.json	54836be4fac67169d76298b5918c509a2d71024f	A	0000000000000000000000000000000000000000	4d9c5c13c0f36487eb0d9da3d34241f2d9e9ad8c
tools/equivalence/regression_snapshots/player_count.json	57c8bb51aad6175cc98acbac027b8be051f7c602	A	0000000000000000000000000000000000000000	4d9c5c13c0f36487eb0d9da3d34241f2d9e9ad8c
tools/equivalence/regression_snapshots/player_count.json	5839fa104d51845fcfe154dc3d22e6bd50da5692	A	0000000000000000000000000000000000000000	4d9c5c13c0f36487eb0d9da3d34241f2d9e9ad8c
tools/equivalence/regression_snapshots/player_count.json	585dc70890cc8e26145b9b2744c925b6e8a8603f	A	0000000000000000000000000000000000000000	4d9c5c13c0f36487eb0d9da3d34241f2d9e9ad8c
tools/equivalence/regression_snapshots/player_count.json	5ce39888a47e67c1d962c9969f38777c4b95c909	A	0000000000000000000000000000000000000000	4d9c5c13c0f36487eb0d9da3d34241f2d9e9ad8c
tools/equivalence/regression_snapshots/player_count.json	604fee0756217a051c60e96f766ecc587bfed1a2	A	0000000000000000000000000000000000000000	4d9c5c13c0f36487eb0d9da3d34241f2d9e9ad8c
tools/equivalence/regression_snapshots/player_count.json	6217bcabbb88095eedf2a58033832211502c7a18	A	0000000000000000000000000000000000000000	4d9c5c13c0f36487eb0d9da3d34241f2d9e9ad8c
tools/equivalence/regression_snapshots/player_count.json	621ce65a364b5723737d13ca098743f70ccaf5f7	A	0000000000000000000000000000000000000000	4d9c5c13c0f36487eb0d9da3d34241f2d9e9ad8c
tools/equivalence/regression_snapshots/player_count.json	63eeed72adb4e88f3a1b95257e92880596caf500	A	0000000000000000000000000000000000000000	4d9c5c13c0f36487eb0d9da3d34241f2d9e9ad8c
tools/equivalence/regression_snapshots/player_count.json	676199ff5767c260d7212b4953c4955dcfc2a9bb	A	0000000000000000000000000000000000000000	4d9c5c13c0f36487eb0d9da3d34241f2d9e9ad8c
tools/equivalence/regression_snapshots/player_count.json	6c726e8da9abfee0c3e94c0cfe02b943a79d4b03	A	0000000000000000000000000000000000000000	4d9c5c13c0f36487eb0d9da3d34241f2d9e9ad8c
tools/equivalence/regression_snapshots/player_count.json	6cbb5c86883f3be44d0d3c4ceae1a6307c9ef48a	A	0000000000000000000000000000000000000000	4d9c5c13c0f36487eb0d9da3d34241f2d9e9ad8c
tools/equivalence/regression_snapshots/player_count.json	6d4044e44f6dbb91c59d1b28db31c18efa4c6c2a	A	0000000000000000000000000000000000000000	4d9c5c13c0f36487eb0d9da3d34241f2d9e9ad8c
tools/equivalence/regression_snapshots/player_count.json	6eb0f6784a83d1c6c969e629c3dddf3d53614abc	A	0000000000000000000000000000000000000000	4d9c5c13c0f36487eb0d9da3d34241f2d9e9ad8c
tools/equivalence/regression_snapshots/player_count.json	705d8b799745f100be6713d55d7c27495e5effe7	A	0000000000000000000000000000000000000000	4d9c5c13c0f36487eb0d9da3d34241f2d9e9ad8c
tools/equivalence/regression_snapshots/player_count.json	70ed1ef27ee5ac117f8c24ecbca5e828238f11bc	A	0000000000000000000000000000000000000000	4d9c5c13c0f36487eb0d9da3d34241f2d9e9ad8c
tools/equivalence/regression_snapshots/player_count.json	776bd2b3ebebf802af6757ffc4f0c09886caa2b7	A	0000000000000000000000000000000000000000	4d9c5c13c0f36487eb0d9da3d34241f2d9e9ad8c
tools/equivalence/regression_snapshots/player_count.json	7c20859560688351ee92287c18ea71919864a801	A	0000000000000000000000000000000000000000	4d9c5c13c0f36487eb0d9da3d34241f2d9e9ad8c
tools/equivalence/regression_snapshots/player_count.json	7c6677bce03093220ea1f6b7a6775e26447ed07d	A	0000000000000000000000000000000000000000	4d9c5c13c0f36487eb0d9da3d34241f2d9e9ad8c
tools/equivalence/regression_snapshots/player_count.json	7cf4c7a73c89fbfd72c7256175c7109110734fb4	A	0000000000000000000000000000000000000000	4d9c5c13c0f36487eb0d9da3d34241f2d9e9ad8c
tools/equivalence/regression_snapshots/player_count.json	91d110786a657d717743b2f28cc4832be356fe8d	A	0000000000000000000000000000000000000000	4d9c5c13c0f36487eb0d9da3d34241f2d9e9ad8c
tools/equivalence/regression_snapshots/player_count.json	970f0901226f65438b6c22e37fde73e0982b3cf3	A	0000000000000000000000000000000000000000	4d9c5c13c0f36487eb0d9da3d34241f2d9e9ad8c
tools/equivalence/regression_snapshots/player_count.json	982eb279b2970e65848bcc9b110603c366b45a2a	A	0000000000000000000000000000000000000000	4d9c5c13c0f36487eb0d9da3d34241f2d9e9ad8c
tools/equivalence/regression_snapshots/player_count.json	99091fda43148f3bc1107df49c82379be1a25881	A	0000000000000000000000000000000000000000	4d9c5c13c0f36487eb0d9da3d34241f2d9e9ad8c
tools/equivalence/regression_snapshots/player_count.json	995dd370f0702bb5d872b8978256d0ea77ec17da	A	0000000000000000000000000000000000000000	4d9c5c13c0f36487eb0d9da3d34241f2d9e9ad8c
tools/equivalence/regression_snapshots/player_count.json	9ae4aaa4301b193e6ec8946813e3e84ba2a79cd1	A	0000000000000000000000000000000000000000	4d9c5c13c0f36487eb0d9da3d34241f2d9e9ad8c
tools/equivalence/regression_snapshots/player_count.json	9b345ccd57ba5fa3d537db58e734d053c519d276	A	0000000000000000000000000000000000000000	4d9c5c13c0f36487eb0d9da3d34241f2d9e9ad8c
tools/equivalence/regression_snapshots/player_count.json	9d6c1f1624e340c655172d13b51929b34da20d76	A	0000000000000000000000000000000000000000	4d9c5c13c0f36487eb0d9da3d34241f2d9e9ad8c
tools/equivalence/regression_snapshots/player_count.json	9da6fcd7ba52aa0380962d1bf178a28a44b2278f	A	0000000000000000000000000000000000000000	4d9c5c13c0f36487eb0d9da3d34241f2d9e9ad8c
tools/equivalence/regression_snapshots/player_count.json	a415e49de1dd749ecc6276f800c3d21e53d0a60d	A	0000000000000000000000000000000000000000	4d9c5c13c0f36487eb0d9da3d34241f2d9e9ad8c
tools/equivalence/regression_snapshots/player_count.json	a506fb69bf241c636d285f252bd0b3d580a68bb6	A	0000000000000000000000000000000000000000	4d9c5c13c0f36487eb0d9da3d34241f2d9e9ad8c
tools/equivalence/regression_snapshots/player_count.json	a5cdb530ee8e841a4197da283a4208827e9892fe	A	0000000000000000000000000000000000000000	4d9c5c13c0f36487eb0d9da3d34241f2d9e9ad8c
tools/equivalence/regression_snapshots/player_count.json	ae4e0954bde158fed41f0ea5ab2547355553d0bb	A	0000000000000000000000000000000000000000	4d9c5c13c0f36487eb0d9da3d34241f2d9e9ad8c
tools/equivalence/regression_snapshots/player_count.json	ae4e4e594d0b665e60be0eef358c9f38848be14a	A	0000000000000000000000000000000000000000	4d9c5c13c0f36487eb0d9da3d34241f2d9e9ad8c
tools/equivalence/regression_snapshots/player_count.json	b0b5f492dc8e7cc9e94959f5c1b7b6a60ba66503	A	0000000000000000000000000000000000000000	4d9c5c13c0f36487eb0d9da3d34241f2d9e9ad8c
tools/equivalence/regression_snapshots/player_count.json	b5f4ca6222340643738c7e6caade0204732cc738	A	0000000000000000000000000000000000000000	4d9c5c13c0f36487eb0d9da3d34241f2d9e9ad8c
tools/equivalence/regression_snapshots/player_count.json	bea5e76bddb10f56ea673f62fbb2c59a90ef6460	A	0000000000000000000000000000000000000000	4d9c5c13c0f36487eb0d9da3d34241f2d9e9ad8c
tools/equivalence/regression_snapshots/player_count.json	beb72961821ee238c629908cfab6771da4b77ca4	A	0000000000000000000000000000000000000000	4d9c5c13c0f36487eb0d9da3d34241f2d9e9ad8c
tools/equivalence/regression_snapshots/player_count.json	c09c3f3f01d292c839613e0da5a78a7783f46c05	A	0000000000000000000000000000000000000000	4d9c5c13c0f36487eb0d9da3d34241f2d9e9ad8c
tools/equivalence/regression_snapshots/player_count.json	c22f4894d05d67c8ec4604d6ee15ef691dd04fae	A	0000000000000000000000000000000000000000	4d9c5c13c0f36487eb0d9da3d34241f2d9e9ad8c
tools/equivalence/regression_snapshots/player_count.json	c42457db36a80581b0eaaf65c3ab4a59bf2bcbad	A	0000000000000000000000000000000000000000	4d9c5c13c0f36487eb0d9da3d34241f2d9e9ad8c
tools/equivalence/regression_snapshots/player_count.json	c4fa565076355dfe2bd1b60963f016b929b381af	A	0000000000000000000000000000000000000000	4d9c5c13c0f36487eb0d9da3d34241f2d9e9ad8c
tools/equivalence/regression_snapshots/player_count.json	c53704ecee007ef1216a70e29bbc9ba576fb0594	A	0000000000000000000000000000000000000000	4d9c5c13c0f36487eb0d9da3d34241f2d9e9ad8c
tools/equivalence/regression_snapshots/player_count.json	c66f812bd1fc4bfab47bec04b53e8723b980a453	A	0000000000000000000000000000000000000000	4d9c5c13c0f36487eb0d9da3d34241f2d9e9ad8c
tools/equivalence/regression_snapshots/player_count.json	ca2647b4b6281bd731f8c02daa407943510d785f	A	0000000000000000000000000000000000000000	4d9c5c13c0f36487eb0d9da3d34241f2d9e9ad8c
tools/equivalence/regression_snapshots/player_count.json	cb5a5951a28b6234ed8f8028f54708376616d61a	A	0000000000000000000000000000000000000000	4d9c5c13c0f36487eb0d9da3d34241f2d9e9ad8c
tools/equivalence/regression_snapshots/player_count.json	ce6410afe31f200cbc280b17f5aa9af88373d5ad	A	0000000000000000000000000000000000000000	4d9c5c13c0f36487eb0d9da3d34241f2d9e9ad8c
tools/equivalence/regression_snapshots/player_count.json	ceb454079e0bde53c83adaed37d1c17cd847af12	A	0000000000000000000000000000000000000000	4d9c5c13c0f36487eb0d9da3d34241f2d9e9ad8c
tools/equivalence/regression_snapshots/player_count.json	d0863a61e7290757e50b8e61cd53afae603816a0	A	0000000000000000000000000000000000000000	4d9c5c13c0f36487eb0d9da3d34241f2d9e9ad8c
tools/equivalence/regression_snapshots/player_count.json	d30a74728ba8e5e1b40c34aaa225dcee47767688	A	0000000000000000000000000000000000000000	4d9c5c13c0f36487eb0d9da3d34241f2d9e9ad8c
tools/equivalence/regression_snapshots/player_count.json	d5b9b440293608273e9eaa718ae264bc175b4810	A	0000000000000000000000000000000000000000	4d9c5c13c0f36487eb0d9da3d34241f2d9e9ad8c
tools/equivalence/regression_snapshots/player_count.json	d5bb842421e847df2641f7aebabee86873319a5a	A	0000000000000000000000000000000000000000	4d9c5c13c0f36487eb0d9da3d34241f2d9e9ad8c
tools/equivalence/regression_snapshots/player_count.json	d6052a206b3878871e3c433e478ee2d2f8806670	A	0000000000000000000000000000000000000000	4d9c5c13c0f36487eb0d9da3d34241f2d9e9ad8c
tools/equivalence/regression_snapshots/player_count.json	d691c11bceb9ab9939e0b7c7d063096da7f12cc6	A	0000000000000000000000000000000000000000	4d9c5c13c0f36487eb0d9da3d34241f2d9e9ad8c
tools/equivalence/regression_snapshots/player_count.json	d9100190003c72fbfeda09cb379488762d045287	A	0000000000000000000000000000000000000000	4d9c5c13c0f36487eb0d9da3d34241f2d9e9ad8c
tools/equivalence/regression_snapshots/player_count.json	e094a12a668ea350b17d3b7c323619c4e4b18f35	A	0000000000000000000000000000000000000000	4d9c5c13c0f36487eb0d9da3d34241f2d9e9ad8c
tools/equivalence/regression_snapshots/player_count.json	e40f2a3a5783a6df94163000d0baf6165646f636	A	0000000000000000000000000000000000000000	4d9c5c13c0f36487eb0d9da3d34241f2d9e9ad8c
tools/equivalence/regression_snapshots/player_count.json	e629badef8066e908f63adf4e6110ba850428273	A	0000000000000000000000000000000000000000	4d9c5c13c0f36487eb0d9da3d34241f2d9e9ad8c
tools/equivalence/regression_snapshots/player_count.json	ebd592c61826eda4693dd6a95c6cf70de1843868	A	0000000000000000000000000000000000000000	4d9c5c13c0f36487eb0d9da3d34241f2d9e9ad8c
tools/equivalence/regression_snapshots/player_count.json	ed18d4aabfafcb8d1597523a11a74e86f4cfe7f0	A	0000000000000000000000000000000000000000	4d9c5c13c0f36487eb0d9da3d34241f2d9e9ad8c
tools/equivalence/regression_snapshots/player_count.json	edf2840437917c47d03b342e8df8a04689540652	A	0000000000000000000000000000000000000000	4d9c5c13c0f36487eb0d9da3d34241f2d9e9ad8c
tools/equivalence/regression_snapshots/player_count.json	ef635eab8a37e50206d4d3c592a51c432b053a4d	A	0000000000000000000000000000000000000000	4d9c5c13c0f36487eb0d9da3d34241f2d9e9ad8c
tools/equivalence/regression_snapshots/player_count.json	ef7f3b5bbc834b01f9bd44883d1a57e6b8343d44	A	0000000000000000000000000000000000000000	4d9c5c13c0f36487eb0d9da3d34241f2d9e9ad8c
tools/equivalence/regression_snapshots/player_count.json	f159e86f82c77126ccee574a59621165f5e21466	A	0000000000000000000000000000000000000000	4d9c5c13c0f36487eb0d9da3d34241f2d9e9ad8c
tools/equivalence/regression_snapshots/player_count.json	f36d34b4ec6ca27d06ff4c4093415e994d8b45b2	A	0000000000000000000000000000000000000000	4d9c5c13c0f36487eb0d9da3d34241f2d9e9ad8c
tools/equivalence/regression_snapshots/player_count.json	f46bb84c995db56c81cfbce74b2aa2b110a7845f	A	0000000000000000000000000000000000000000	4d9c5c13c0f36487eb0d9da3d34241f2d9e9ad8c
tools/equivalence/regression_snapshots/player_count.json	f57d64098a69ceaed90bc1a54fd9a29f75fae04b	A	0000000000000000000000000000000000000000	4d9c5c13c0f36487eb0d9da3d34241f2d9e9ad8c
tools/equivalence/regression_snapshots/player_count.json	f910a0278aecb932346a892a93e922385fab5a00	A	0000000000000000000000000000000000000000	4d9c5c13c0f36487eb0d9da3d34241f2d9e9ad8c
tools/equivalence/regression_snapshots/player_count.json	f9f5c8bf050d2fc8da8a1e3dc2a40907f0fb654c	A	0000000000000000000000000000000000000000	4d9c5c13c0f36487eb0d9da3d34241f2d9e9ad8c
tools/equivalence/regression_snapshots/player_count.json	fc7325ffbd00295ba4c2d381d2ebe80022855de8	A	0000000000000000000000000000000000000000	4d9c5c13c0f36487eb0d9da3d34241f2d9e9ad8c
tools/equivalence/regression_snapshots/player_count.json	ff8d5a3bb9b25d338ad055080794f64f99049e7f	A	0000000000000000000000000000000000000000	4d9c5c13c0f36487eb0d9da3d34241f2d9e9ad8c
tools/equivalence/regression_snapshots/race_get_player_score_race_t300.json	17e6372a3a177900f8d2a220289c18efca6e3f1c	A	0000000000000000000000000000000000000000	1de17d9dff6bbc9959361824b30f89d8b8e09903
tools/equivalence/regression_snapshots/race_get_player_score_race_t300.json	4b7b739245b0794bad47f3e766d21fc54e982ef7	A	0000000000000000000000000000000000000000	1de17d9dff6bbc9959361824b30f89d8b8e09903
tools/equivalence/regression_snapshots/race_get_player_score_race_t300.json	514a3a294decdf6657332278c4fabcd992f70777	A	0000000000000000000000000000000000000000	1de17d9dff6bbc9959361824b30f89d8b8e09903
tools/equivalence/regression_snapshots/race_get_player_score_race_t300.json	7c20859560688351ee92287c18ea71919864a801	A	0000000000000000000000000000000000000000	1de17d9dff6bbc9959361824b30f89d8b8e09903
tools/equivalence/regression_snapshots/race_get_player_score_race_t300.json	9085313d50cb1b81a0f31850fdf9305c1377b746	A	0000000000000000000000000000000000000000	1de17d9dff6bbc9959361824b30f89d8b8e09903
tools/equivalence/regression_snapshots/race_get_player_score_race_t300.json	d7ab522a8858b46c6dd9ab296d51394f729642b1	A	0000000000000000000000000000000000000000	1de17d9dff6bbc9959361824b30f89d8b8e09903
tools/equivalence/regression_snapshots/race_get_player_score_race_t300.json	f159e86f82c77126ccee574a59621165f5e21466	A	0000000000000000000000000000000000000000	1de17d9dff6bbc9959361824b30f89d8b8e09903
tools/equivalence/regression_snapshots/race_get_player_score_race_t300.json	f73b5d79f4a59b014f431f3e721ccb65237177d8	A	0000000000000000000000000000000000000000	1de17d9dff6bbc9959361824b30f89d8b8e09903
