addr,name,class,obj,status,reason,seeds_passed,seeds_total,z3_proven
0x1d9260,qsort,stubbable,LIBCMT:qsort.obj,pass,,26,50,0
0x1d9710,strrchr,leaf,LIBCMT:strrchr.obj,not_applicable,missing_build_object,0,0,0
0x1da19f,crt_toupper,stubbable,LIBCMT:vsprintf.obj,not_applicable,missing_build_object,0,0,0
0x1da1d8,crt_tolower,stubbable,LIBCMT:vsprintf.obj,not_applicable,missing_build_object,0,0,0
0x1e6596,__strnicmp,stubbable,LIBCMT:close.obj,not_applicable,missing_build_object,0,0,0
0x1bba0,action_vehicle_find_best_seat,stubbable,actions.obj,pass,,50,50,0
0x1bcd0,action_vehicle_setup_impromptu,stubbable,actions.obj,pass,,70,70,0
0x1beb0,action_wait_perform,stubbable,actions.obj,pass,,65,65,0
0x1c030,action_wait_control,stubbable,actions.obj,pass,,50,50,0
0x1c0e0,action_wait_setup,stubbable,actions.obj,pass,,47,50,0
0x1c190,action_wait_update,stubbable,actions.obj,pass,,70,70,0
0x1c270,encounter_get_squad,stubbable,actions.obj,pass,,50,50,0
0x1c300,actor_action_perform,stubbable,actions.obj,pass,,50,50,0
0x1c370,actor_action_update,stubbable,actions.obj,pass,,50,50,0
0x1c530,actor_action_flush_structure_indices,stubbable,actions.obj,pass,,50,50,0
0x1c5a0,actor_action_handle_panic_from_surprise,stubbable,actions.obj,fail,divergence,0,50,0
0x1c660,actor_action_handle_panic_from_damage,stubbable,actions.obj,pass,,65,65,0
0x1c750,actor_action_handle_panic_from_burning_to_death,stubbable,actions.obj,pass,,50,50,0
0x1c7f0,actor_action_handle_panic_from_attached_projectiles,stubbable,actions.obj,pass,,50,50,0
0x1c880,actor_action_handle_panic_from_attached_melee_attackers,stubbable,actions.obj,pass,,50,50,0
0x1c8d0,actor_action_handle_berserking_from_attacking_mode,stubbable,actions.obj,pass,,90,90,0
0x1c940,actor_action_handle_berserking_from_proximity,stubbable,actions.obj,pass,,55,55,0
0x1ca00,actor_action_handle_berserking_from_damage,stubbable,actions.obj,pass,,60,60,0
0x1ca90,actor_action_deny_transition,stubbable,actions.obj,fail,divergence,0,50,0
0x1cb30,actor_action_vehicle_entry_allowed,stubbable,actions.obj,pass,,50,50,0
0x1cb70,actor_action_handle_vehicle_exit,stubbable,actions.obj,pass,,70,70,0
0x1ccc0,actor_action_allow_cover_seeking,stubbable,actions.obj,pass,,50,50,0
0x1cf10,actor_action_can_stop_guarding,stubbable,actions.obj,pass,,55,55,0
0x1cfa0,actor_action_can_stop_conversing,stubbable,actions.obj,pass,,50,50,0
0x1d030,actor_action_change,stubbable,actions.obj,pass,,89,90,0
0x1d180,actor_action_test_grenade,stubbable,actions.obj,pass,,75,75,0
0x1d350,actor_action_try_to_seek_cover,stubbable,actions.obj,pass,,50,50,0
0x1d3c0,actor_action_try_to_panic,stubbable,actions.obj,not_applicable,"oracle_vacuous_early_exit: 69.8% coverage, identical entry-point path across 50 seeds",50,50,0
0x1d420,actor_action_try_to_enter_vehicle,stubbable,actions.obj,pass,,55,55,0
0x1d4f0,actor_get_pursuit_location,stubbable,actions.obj,pass,,50,50,0
0x1d530,actor_pursuit_consider_nearby_actor,stubbable,actions.obj,pass,,50,50,0
0x1d5f0,actor_mode_name,data_only,actions.obj,pass,,50,50,0
0x1d620,actor_action_debug_color,stubbable,actions.obj,pass,,50,50,0
0x1d760,set_real_vector2d,leaf,actions.obj,pass,,50,50,0
0x1d780,set_real_vector3d,leaf,actions.obj,pass,,50,50,0
0x1d7a0,point_to_line_distance3d,stubbable,actions.obj,pass,,50,50,0
0x1dab0,actor_action_handle_initial_action,stubbable,actions.obj,pass,,50,50,0
0x1daf0,actor_action_handle_pending_command_list,stubbable,actions.obj,pass,,65,65,0
0x1db90,actor_action_handle_surprise,stubbable,actions.obj,pass,,50,50,0
0x1dd40,actor_action_handle_panic_transition,stubbable,actions.obj,pass,,70,70,0
0x1dea0,actor_action_handle_combat_targeting,stubbable,actions.obj,pass,,55,55,0
0x1dfa0,actor_action_handle_vehicle_entry,stubbable,actions.obj,pass,,65,65,0
0x1e700,actor_action_handle_active_cover_seeking,stubbable,actions.obj,pass,,85,85,0
0x1e8a0,actor_action_handle_combat_selection,stubbable,actions.obj,pass,,70,70,0
0x1ef90,actor_action_handle_lost_contact,stubbable,actions.obj,fail,divergence,0,50,0
0x1f6e0,actor_action_handle_done_fleeing,stubbable,actions.obj,pass,,60,60,0
0x1f770,actor_action_handle_combat_status,stubbable,actions.obj,fail,divergence,0,50,0
0x1f9a0,actor_action_handle_exit_pursuit,stubbable,actions.obj,pass,,70,70,0
0x1fa60,actor_action_try_to_throw_grenade,stubbable,actions.obj,pass,,50,50,0
0x1fb80,actor_action_consider_grenade,stubbable,actions.obj,pass,,85,85,0
0x1fca0,actor_action_try_to_evade,stubbable,actions.obj,pass,,55,55,0
0x1fe70,actor_action_try_to_dive,stubbable,actions.obj,pass,,70,70,0
0x20140,actors_searching_same_position,stubbable,actions.obj,pass,,70,70,0
0x20280,actor_pursuit_find_nearby_actors,stubbable,actions.obj,pass,,50,50,0
0x204f0,actor_action_handle_combat_transition,stubbable,actions.obj,pass,,55,55,0
0x205a0,actor_action_handle_grenade_throwing,stubbable,actions.obj,pass,,65,65,0
0x20670,actor_action_handle_evasion,stubbable,actions.obj,pass,,80,80,0
0x21080,actor_firing_blindly,stubbable,actions.obj,pass,,50,50,0
0x210b0,actor_combat_currently_firing_burst,stubbable,actions.obj,pass,,50,50,0
0x210f0,actor_get_weapon_definition,stubbable,actions.obj,not_applicable,"oracle_vacuous_early_exit: 90.9% coverage, identical entry-point path across 50 seeds",50,50,0
0x36860,FUN_00036860,stubbable,actors.obj,pass,,50,50,0
0x36890,FUN_00036890,stubbable,actors.obj,pass,,50,50,0
0x36a90,FUN_00036a90,stubbable,actors.obj,fail,divergence,0,50,0
0x36b10,FUN_00036b10,stubbable,actors.obj,fail,divergence,0,50,0
0x36b50,FUN_00036b50,stubbable,actors.obj,fail,divergence,0,50,0
0x36c00,FUN_00036c00,stubbable,actors.obj,pass,,50,50,0
0x36c50,FUN_00036c50,stubbable,actors.obj,pass,,50,50,0
0x36e50,FUN_00036e50,stubbable,actors.obj,pass,,60,60,0
0x36f20,FUN_00036f20,stubbable,actors.obj,pass,,60,60,0
0x37240,FUN_00037240,stubbable,actors.obj,fail,divergence,47,50,0
0x373b0,FUN_000373b0,stubbable,actors.obj,fail,divergence,0,50,0
0x374f0,FUN_000374f0,stubbable,actors.obj,fail,divergence,0,50,0
0x37630,FUN_00037630,stubbable,actors.obj,pass,,90,90,0
0x377d0,FUN_000377d0,stubbable,actors.obj,pass,,90,90,0
0x378e0,FUN_000378e0,stubbable,actors.obj,fail,divergence,0,50,0
0x379f0,FUN_000379f0,stubbable,actors.obj,pass,,55,55,0
0x37b50,FUN_00037b50,stubbable,actors.obj,pass,,55,55,0
0x37d50,FUN_00037d50,stubbable,actors.obj,pass,,55,55,0
0x38000,FUN_00038000,stubbable,actors.obj,pass,,55,55,0
0x38200,FUN_00038200,stubbable,actors.obj,pass,,55,55,0
0x38370,FUN_00038370,stubbable,actors.obj,not_applicable,"oracle_vacuous_early_exit: 7.8% coverage, identical entry-point path across 50 seeds",50,50,0
0x38880,FUN_00038880,stubbable,actors.obj,pass,,55,55,0
0x38b10,FUN_00038b10,stubbable,actors.obj,pass,,55,55,0
0x38c70,FUN_00038c70,stubbable,actors.obj,pass,,55,55,0
0x38da0,FUN_00038da0,stubbable,actors.obj,pass,,50,50,0
0x38e00,FUN_00038e00,stubbable,actors.obj,pass,,50,50,0
0x38e60,FUN_00038e60,stubbable,actors.obj,not_applicable,"oracle_vacuous_early_exit: 3.6% coverage, identical entry-point path across 70 seeds",70,70,0
0x39c80,FUN_00039c80,stubbable,actors.obj,pass,,54,55,0
0x39f30,FUN_00039f30,stubbable,actors.obj,pass,,55,55,0
0x3a190,FUN_0003a190,stubbable,actors.obj,pass,,55,55,0
0x3a3b0,FUN_0003a3b0,stubbable,actors.obj,pass,,55,55,0
0x3a480,FUN_0003a480,stubbable,actors.obj,pass,,55,55,0
0x3a600,FUN_0003a600,stubbable,actors.obj,pass,,90,90,0
0x3a760,FUN_0003a760,stubbable,actors.obj,inconclusive,"vacuous_output: 1 unique return(s), no scratch or memory variation across 50 seeds",50,50,0
0x3a770,FUN_0003a770,stubbable,actors.obj,inconclusive,"vacuous_output: 1 unique return(s), no scratch or memory variation across 50 seeds",50,50,0
0x3a790,FUN_0003a790,stubbable,actors.obj,inconclusive,"vacuous_output: 1 unique return(s), no scratch or memory variation across 50 seeds",50,50,0
0x3a7b0,FUN_0003a7b0,stubbable,actors.obj,inconclusive,"vacuous_output: 1 unique return(s), no scratch or memory variation across 50 seeds",50,50,0
0x3a7d0,FUN_0003a7d0,stubbable,actors.obj,inconclusive,"vacuous_output: 1 unique return(s), no scratch or memory variation across 50 seeds",50,50,0
0x3a7f0,FUN_0003a7f0,stubbable,actors.obj,inconclusive,"vacuous_output: 1 unique return(s), no scratch or memory variation across 50 seeds",50,50,0
0x3a800,FUN_0003a800,stubbable,actors.obj,inconclusive,"vacuous_output: 1 unique return(s), no scratch or memory variation across 50 seeds",50,50,0
0x3a810,FUN_0003a810,stubbable,actors.obj,pass,,50,50,0
0x3a840,FUN_0003a840,stubbable,actors.obj,pass,,50,50,0
0x3a8a0,FUN_0003a8a0,stubbable,actors.obj,pass,,55,55,0
0x3a920,FUN_0003a920,stubbable,actors.obj,pass,,50,50,0
0x3a990,actors_initialize,stubbable,actors.obj,not_applicable,"oracle_vacuous_early_exit: 34.4% coverage, identical entry-point path across 50 seeds",50,50,0
0x3aa50,actors_dispose,leaf,actors.obj,pass,,50,50,0
0x3aa90,actors_dispose_from_old_map,stubbable,actors.obj,inconclusive,"vacuous_output: 0 unique return(s), no scratch or memory variation across 50 seeds",50,50,0
0x3aca0,actor_verify_activation,stubbable,actors.obj,fail,divergence,0,50,0
0x3b320,actor_has_ranged_weapon,stubbable,actors.obj,pass,,50,50,0
0x3b3c0,actor_derive_target_information,stubbable,actors.obj,pass,,50,50,0
0x3b410,FUN_0003b410,stubbable,actors.obj,pass,,65,65,0
0x3b630,actor_flush_structure_indices,stubbable,actors.obj,pass,,70,70,0
0x3b6f0,actor_has_unlimited_grenades,leaf,actors.obj,inconclusive,"vacuous_output: 1 unique return(s), no scratch or memory variation across 50 seeds",50,50,0
0x3b700,actor_handle_damage,stubbable,actors.obj,pass,,50,50,0
0x3b7e0,FUN_0003b7e0,stubbable,actors.obj,inconclusive,"vacuous_output: 0 unique return(s), no scratch or memory variation across 50 seeds",50,50,0
0x3b860,FUN_0003b860,stubbable,actors.obj,fail,divergence,0,50,0
0x3b900,actors_freeze,stubbable,actors.obj,not_applicable,"oracle_vacuous_early_exit: 59.7% coverage, identical entry-point path across 50 seeds",50,50,0
0x3b940,FUN_0003b940,stubbable,actors.obj,inconclusive,"vacuous_output: 0 unique return(s), no scratch or memory variation across 50 seeds",50,50,0
0x3ba00,actors_move_randomly,stubbable,actors.obj,not_applicable,"oracle_vacuous_early_exit: 25.3% coverage, identical entry-point path across 50 seeds",50,50,0
0x3baa0,FUN_0003baa0,stubbable,actors.obj,fail,divergence,0,50,0
0x3bd50,actor_destination_tolerance,stubbable,actors.obj,pass,,50,50,0
0x3bde0,FUN_0003bde0,stubbable,actors.obj,pass,,50,50,0
0x3be90,FUN_0003be90,stubbable,actors.obj,fail,divergence,0,50,0
0x3c0c0,actors_handle_spatial_effect,stubbable,actors.obj,pass,,50,50,0
0x3c1c0,FUN_0003c1c0,stubbable,actors.obj,inconclusive,"vacuous_output: 0 unique return(s), no scratch or memory variation across 89 seeds",89,90,0
0x3c260,actor_unit_control_crouch,stubbable,actors.obj,pass,,50,50,0
0x3c2a0,actor_unit_control_jump,stubbable,actors.obj,pass,,50,50,0
0x3c2d0,actor_unit_control_primary_trigger,stubbable,actors.obj,pass,,50,50,0
0x3c330,actor_unit_control_secondary_trigger,stubbable,actors.obj,pass,,50,50,0
0x3c370,actor_handle_communication,stubbable,actors.obj,pass,,50,50,0
0x3c3a0,actor_unit_control_exact_facing,stubbable,actors.obj,pass,,50,50,0
0x3c3e0,actor_unit_control_stop_animation_impulse,stubbable,actors.obj,pass,,50,50,0
0x3c410,actor_new,stubbable,actors.obj,fail,divergence,1,50,0
0x3c7c0,actor_customize_unit,stubbable,actors.obj,pass,,90,90,0
0x3ca40,actor_set_dormant,stubbable,actors.obj,pass,,55,55,0
0x3cb50,FUN_0003cb50,stubbable,actors.obj,fail,divergence,0,50,0
0x3cbc0,actor_delete_props,stubbable,actors.obj,error,emulation_error,0,50,0
0x3cc10,actor_delete,stubbable,actors.obj,pass,,2,55,0
0x3cd30,actor_swarm_cache_new,stubbable,actors.obj,pass,,55,55,0
0x3ce40,actor_get_running_blind_vector,stubbable,actors.obj,pass,,65,65,0
0x3cf10,actor_kill,stubbable,actors.obj,pass,,55,55,0
0x3cff0,actor_died,stubbable,actors.obj,pass,,90,90,0
0x3d330,actor_swarm_unit_died,stubbable,actors.obj,pass,,55,55,0
0x3d3d0,actor_braindead,stubbable,actors.obj,pass,,7,55,0
0x3d430,actor_handle_unit_effect,stubbable,actors.obj,pass,,52,65,0
0x3d5f0,actor_set_active,stubbable,actors.obj,pass,,65,65,0
0x3d6c0,actor_swarm_attach_unit,stubbable,actors.obj,pass,,50,50,0
0x3d950,actor_erase,stubbable,actors.obj,pass,,55,55,0
0x3d9f0,FUN_0003d9f0,stubbable,actors.obj,pass,,75,75,0
0x3e570,actors_handle_unit_effect,stubbable,actors.obj,pass,,50,50,0
0x3e7a0,FUN_0003e7a0,stubbable,actors.obj,pass,,50,50,0
0x3eab0,actor_attach_unit,stubbable,actors.obj,pass,,60,60,0
0x3edc0,actor_create_for_unit,stubbable,actors.obj,pass,,50,50,0
0x3f030,FUN_0003f030,stubbable,actors.obj,pass,,90,90,0
0x13dd0,action_charge_valid_melee_destination,stubbable,actor_looking.obj,pass,,60,60,0
0x13ef0,action_charge_setup,stubbable,actor_looking.obj,pass,,90,90,0
0x142a0,action_converse_setup,stubbable,actor_looking.obj,pass,,50,50,0
0x14360,actor_update_prop_desire,stubbable,actor_looking.obj,pass,,55,55,0
0x14460,action_converse_update,stubbable,actor_looking.obj,pass,,50,50,0
0x14480,action_converse_control,stubbable,actor_looking.obj,pass,,50,50,0
0x14510,actor_set_prop_if_match,stubbable,actor_looking.obj,pass,,50,50,0
0x14540,actor_conversation_control,stubbable,actor_looking.obj,pass,,50,50,0
0x145c0,actor_conversation_end,stubbable,actor_looking.obj,pass,,50,50,0
0x145f0,action_converse_end,stubbable,actor_looking.obj,pass,,50,50,0
0x14620,action_fight_setup,stubbable,actor_looking.obj,pass,,50,50,0
0x14680,action_fight_update,stubbable,actor_looking.obj,pass,,75,75,0
0x146f0,action_fight_control,stubbable,actor_looking.obj,pass,,50,50,0
0x14770,action_fight_perform,stubbable,actor_looking.obj,not_applicable,"oracle_vacuous_early_exit: 6.5% coverage, identical entry-point path across 60 seeds",60,60,0
0x14b40,action_flee_end,stubbable,actor_looking.obj,pass,,50,50,0
0x14b70,action_flee_flush_position_indices,stubbable,actor_looking.obj,pass,,50,50,0
0x14ba0,action_flee_modify_color,stubbable,actor_looking.obj,pass,,50,50,0
0x14c10,action_flee_find_flee_position,stubbable,actor_looking.obj,pass,,50,50,0
0x14e90,action_flee_current_position_exposed,stubbable,actor_looking.obj,pass,,50,50,0
0x14ff0,action_flee_replace_prop,stubbable,actor_looking.obj,pass,,50,50,0
0x15020,action_flee_blind_panic,leaf,actor_looking.obj,pass,,50,50,1
0x15040,action_flee_setup,stubbable,actor_looking.obj,pass,,50,50,0
0x15150,action_flee_begin,stubbable,actor_looking.obj,pass,,50,50,0
0x151b0,action_flee_update,stubbable,actor_looking.obj,pass,,85,85,0
0x15250,action_flee_control,stubbable,actor_looking.obj,pass,,85,85,0
0x15520,action_flee_perform,stubbable,actor_looking.obj,pass,,75,75,0
0x15880,action_guard_setup_current_position,stubbable,actor_looking.obj,pass,,50,50,0
0x15900,action_guard_setup_find_position,stubbable,actor_looking.obj,fail,divergence,49,50,0
0x159d0,action_guard_setup_postcombat,stubbable,actor_looking.obj,pass,,65,65,0
0x15b30,action_guard_begin,stubbable,actor_looking.obj,pass,,50,50,0
0x15b70,actor_clear_guard_state,stubbable,actor_looking.obj,pass,,50,50,0
0x15cf0,action_guard_update,stubbable,actor_looking.obj,pass,,80,80,0
0x15eb0,actor_reset_action_state,stubbable,actor_looking.obj,pass,,75,75,0
0x15f30,actor_clear_flee_target,stubbable,actor_looking.obj,pass,,50,50,0
0x15f60,action_guard_modify_color,stubbable,actor_looking.obj,pass,,55,55,0
0x16000,actor_replace_prop_handle,stubbable,actor_looking.obj,pass,,50,50,0
0x16050,action_guard_setup_from_combat_transition,stubbable,actor_looking.obj,pass,,65,65,0
0x16210,action_guard_setup_from_fleeing,stubbable,actor_looking.obj,pass,,88,90,0
0x163d0,action_guard_perform,stubbable,actor_looking.obj,pass,,80,80,0
0x16590,action_guard_control,stubbable,actor_looking.obj,pass,,90,90,0
0x16960,vehicle_possibility_qsort,leaf,actor_looking.obj,pass,,50,50,1
0x169a0,action_obey_command_end,stubbable,actor_looking.obj,pass,,60,60,0
0x16bd0,actor_look_secondary_stop,stubbable,actor_looking.obj,pass,,47,50,0
0x16c40,action_obey_individual_flush_command_indices,stubbable,actor_looking.obj,pass,,50,50,0
0x16c80,action_obey_individual_begin,stubbable,actor_looking.obj,pass,,50,50,0
0x16cd0,action_obey_individual_advance,leaf,actor_looking.obj,pass,,50,50,1
0x16cf0,action_obey_individual_end,stubbable,actor_looking.obj,pass,,49,50,0
0x16e70,action_obey_command_list_setup,stubbable,actor_looking.obj,fail,divergence,0,50,0
0x17060,actor_clear_aim_target,stubbable,actor_looking.obj,pass,,50,50,0
0x170c0,action_obey_begin,stubbable,actor_looking.obj,pass,,50,50,0
0x170f0,action_obey_end,stubbable,actor_looking.obj,pass,,50,50,0
0x17120,action_obey_describe_command,stubbable,actor_looking.obj,inconclusive,vacuous_coverage: 7.3% < 10% floor,50,50,0
0x178b0,vector_from_points2d,leaf,actor_looking.obj,pass,,50,50,1
0x178d0,cross_product3d,leaf,actor_looking.obj,pass,,50,50,1
0x17910,negate_vector3d,leaf,actor_looking.obj,pass,,50,50,1
0x17940,FUN_00017940,stubbable,actor_looking.obj,inconclusive,"vacuous_output: 1 unique return(s), no scratch or memory variation across 50 seeds",50,50,0
0x17960,action_obey_directmovement_update_facing,stubbable,actor_looking.obj,pass,,50,50,0
0x17ab0,action_obey_command_begin,stubbable,actor_looking.obj,not_applicable,"oracle_vacuous_early_exit: 3.3% coverage, identical entry-point path across 55 seeds",55,55,0
0x18b90,action_obey_command_perform,stubbable,actor_looking.obj,not_applicable,"oracle_vacuous_early_exit: 6.9% coverage, identical entry-point path across 60 seeds",60,60,0
0x19110,action_obey_individual_perform,stubbable,actor_looking.obj,fail,divergence,0,50,0
0x19230,action_obey_individual_update,stubbable,actor_looking.obj,pass,,50,50,0
0x19280,action_obey_update,stubbable,actor_looking.obj,pass,,50,50,0
0x192b0,action_obey_perform,stubbable,actor_looking.obj,pass,,70,70,0
0x19370,action_obey_control,stubbable,actor_looking.obj,pass,,85,85,0
0x19750,action_search_setup_target,stubbable,actor_looking.obj,fail,divergence,0,50,0
0x197d0,action_search_setup_pursuit,stubbable,actor_looking.obj,pass,,50,50,0
0x198d0,action_search_setup_undirected,stubbable,actor_looking.obj,fail,divergence,0,50,0
0x19940,action_search_update,stubbable,actor_looking.obj,pass,,90,90,0
0x19ac0,action_search_flush_position_indices,stubbable,actor_looking.obj,pass,,50,50,0
0x19af0,action_search_flush_structure_indices,stubbable,actor_looking.obj,pass,,50,50,0
0x19b20,action_search_control,stubbable,actor_looking.obj,pass,,50,50,0
0x19c70,action_search_begin,stubbable,actor_looking.obj,pass,,50,50,0
0x19d00,actor_look_secondary,stubbable,actor_looking.obj,not_applicable,"oracle_vacuous_early_exit: 7.4% coverage, identical entry-point path across 60 seeds",60,60,0
0x1a050,action_sleep_control,stubbable,actor_looking.obj,pass,,50,50,0
0x1a080,action_uncover_setup_target,stubbable,actor_looking.obj,fail,divergence,0,50,0
0x1a100,action_uncover_setup_pursuit,stubbable,actor_looking.obj,pass,,50,50,0
0x1a200,action_uncover_perform,stubbable,actor_looking.obj,pass,,70,70,0
0x1a420,action_uncover_control,stubbable,actor_looking.obj,pass,,50,50,0
0x1a590,action_uncover_flush_position_indices,stubbable,actor_looking.obj,pass,,50,50,0
0x1a5d0,action_uncover_flush_structure_indices,stubbable,actor_looking.obj,pass,,50,50,0
0x1a600,action_uncover_modify_color,stubbable,actor_looking.obj,pass,,50,50,0
0x1a670,action_uncover_begin,stubbable,actor_looking.obj,pass,,50,50,0
0x1a7e0,action_uncover_update,stubbable,actor_looking.obj,pass,,90,90,0
0x1aae0,object_get_bounding_sphere,stubbable,actor_looking.obj,pass,,50,50,0
0x1ab70,action_vehicle_begin,stubbable,actor_looking.obj,pass,,50,50,0
0x1abd0,action_vehicle_flush_structure_indices,stubbable,actor_looking.obj,pass,,50,50,0
0x1ac00,action_vehicle_control,stubbable,actor_looking.obj,pass,,50,50,0
0x24ca0,actor_firing_position_discarded,stubbable,actor_looking.obj,pass,,50,50,0
0x24cf0,pre_evaluator_global,stubbable,actor_looking.obj,error,mem-limit,0,0,0
0x25340,pre_evaluator_pursuit,stubbable,actor_looking.obj,fail,divergence,71,90,0
0x25510,pre_evaluator_panic,stubbable,actor_looking.obj,fail,divergence,89,90,0
0x257a0,firing_position_compute_line_of_sight,stubbable,actor_looking.obj,pass,,55,55,0
0x25970,firing_position_forced_evaluation,stubbable,actor_looking.obj,pass,,50,50,0
0x25a00,actor_has_accessible_firing_position,stubbable,actor_looking.obj,pass,,70,70,0
0x25c10,actor_select_firing_position,stubbable,actor_looking.obj,not_applicable,"oracle_vacuous_early_exit: 3.9% coverage, identical entry-point path across 75 seeds",75,75,0
0x27090,actor_active_select_firing_position,stubbable,actor_looking.obj,pass,,86,90,0
0x272d0,actor_change_firing_position,stubbable,actor_looking.obj,pass,,50,50,0
0x27410,pre_evaluator_attack,stubbable,actor_looking.obj,pass,,60,60,0
0x27870,FUN_00027870,stubbable,actor_looking.obj,pass,,60,60,0
0x278e0,FUN_000278e0,stubbable,actor_looking.obj,pass,,80,80,0
0x27a10,actor_look_get_looking_definition,stubbable,actor_looking.obj,pass,,50,50,0
0x27a60,FUN_00027a60,stubbable,actor_looking.obj,fail,divergence,31,65,0
0x27dd0,actor_look_valid_aim_vector,data_only,actor_looking.obj,pass,,50,50,0
0x27e50,actor_look_valid_look_vector,stubbable,actor_looking.obj,pass,,50,50,0
0x27f40,actor_looking_test_validity,stubbable,actor_looking.obj,pass,,50,50,0
0x27ff0,actor_look_idle_find_prop,stubbable,actor_looking.obj,pass,,80,80,0
0x28cc0,actor_look_idle_new_major_direction,stubbable,actor_looking.obj,pass,,50,50,0
0x28ed0,actor_look_idle_new_minor_direction,stubbable,actor_looking.obj,pass,,50,50,0
0x29040,actor_look_update,stubbable,actor_looking.obj,not_applicable,"oracle_vacuous_early_exit: 3.2% coverage, identical entry-point path across 50 seeds",50,50,0
0x2a2b0,actor_look_affect_movement,stubbable,actor_looking.obj,pass,,50,50,0
0x2a330,actor_move_keep_moving_past_destination,stubbable,actor_looking.obj,pass,,50,50,0
0x2a3d0,actor_path_has_path,stubbable,actor_looking.obj,pass,,50,50,0
0x2a3f0,actor_path_at_destination,stubbable,actor_looking.obj,pass,,50,50,0
0x2a430,actor_path_get_destination_firing_position_index,stubbable,actor_looking.obj,pass,,50,50,0
0x3f5f0,FUN_0003f5f0,stubbable,ai.obj,pass,,65,65,0
0x3f670,ai_initialize,stubbable,ai.obj,not_applicable,"oracle_vacuous_early_exit: 45.7% coverage, identical entry-point path across 50 seeds",50,50,0
0x3f6f0,ai_dispose,stubbable,ai.obj,inconclusive,"vacuous_output: 0 unique return(s), no scratch or memory variation across 50 seeds",50,50,0
0x3f720,ai_dispose_from_old_map,stubbable,ai.obj,inconclusive,"vacuous_output: 0 unique return(s), no scratch or memory variation across 50 seeds",50,50,0
0x3f760,ai_place,stubbable,ai.obj,inconclusive,"vacuous_output: 0 unique return(s), no scratch or memory variation across 50 seeds",50,50,0
0x3fdc0,ai_handle_unit_approach,stubbable,ai.obj,pass,,50,50,0
0x40010,game_allegiance_apply_change,stubbable,ai.obj,not_applicable,"oracle_vacuous_early_exit: 17.9% coverage, identical entry-point path across 50 seeds",50,50,0
0x40280,ai_update_team_status,stubbable,ai.obj,not_applicable,"oracle_vacuous_early_exit: 20.6% coverage, identical entry-point path across 50 seeds",50,50,0
0x40570,FUN_00040570,stubbable,ai.obj,pass,,75,75,0
0x409a0,unit_vehicle_board_notify,stubbable,ai.obj,pass,,50,50,0
0x41090,ai_initialize_for_new_map,stubbable,ai.obj,inconclusive,"vacuous_output: 0 unique return(s), no scratch or memory variation across 50 seeds",50,50,0
0x41180,ai_update,stubbable,ai.obj,inconclusive,"vacuous_output: 0 unique return(s), no scratch or memory variation across 90 seeds",90,90,0
0x42390,ai_clump,stubbable,ai.obj,not_applicable,"oracle_vacuous_early_exit: 11.8% coverage, identical entry-point path across 50 seeds",50,50,0
0x425a0,ai_enemies_can_see_player,stubbable,ai.obj,inconclusive,"vacuous_output: 1 unique return(s), no scratch or memory variation across 50 seeds",50,50,0
0x425b0,ai_enemies_attacking_player,stubbable,ai.obj,inconclusive,"vacuous_output: 0 unique return(s), no scratch or memory variation across 50 seeds",50,50,0
0x41590,ai_test_line_of_fire,stubbable,ai.obj,pass,,55,55,0
0x413c0,FUN_000413c0,stubbable,ai.obj,pass,,50,50,0
0x41420,FUN_00041420,stubbable,ai.obj,pass,,50,50,0
0x3f900,ai_adjust_damage,stubbable,ai.obj,pass,,50,50,0
0x3f770,ai_globals_ai_active,stubbable,ai.obj,not_applicable,"oracle_vacuous_early_exit: 64.1% coverage, identical entry-point path across 50 seeds",50,50,0
0x3f7b0,ai_globals_dialogue_triggers_enabled,stubbable,ai.obj,not_applicable,"oracle_vacuous_early_exit: 62.1% coverage, identical entry-point path across 50 seeds",50,50,0
0x3f800,ai_globals_grenades_enabled,stubbable,ai.obj,pass,,70,70,0
0x3f850,ai_get_major_upgrade_chance,stubbable,ai.obj,pass,,50,50,0
0x3f970,ai_erase,stubbable,ai.obj,not_applicable,"oracle_vacuous_early_exit: 13.3% coverage, identical entry-point path across 70 seeds",70,70,0
0x3fa40,ai_release_inactive_swarms,stubbable,ai.obj,fail,divergence,3,50,0
0x3fb00,FUN_0003fb00,leaf,ai.obj,pass,,50,50,0
0x3fb40,ai_find_inactive_encounters,stubbable,ai.obj,pass,,50,50,0
0x3fc90,ai_release_inactive_encounters,stubbable,ai.obj,fail,divergence,32,50,0
0x3fe30,ai_get_responsible_unit,stubbable,ai.obj,inconclusive,"vacuous_output: 1 unique return(s), no scratch or memory variation across 50 seeds",50,50,0
0x3feb0,ai_handle_death,stubbable,ai.obj,fail,divergence,3,50,0
0x3ff40,ai_handle_killing_spree,stubbable,ai.obj,pass,,50,50,0
0x40150,ai_handle_allegiance_broken_notification,stubbable,ai.obj,not_applicable,"oracle_vacuous_early_exit: 23.8% coverage, identical entry-point path across 50 seeds",50,50,0
0x40360,ai_handle_bump,stubbable,ai.obj,pass,,50,50,0
0x40460,ai_handle_damage,stubbable,ai.obj,fail,divergence,0,50,0
0x40690,ai_create_mounted_weapons_for_unit,stubbable,ai.obj,not_applicable,"oracle_vacuous_early_exit: 18.2% coverage, identical entry-point path across 70 seeds",70,70,0
0x40700,ai_handle_deleted_object,stubbable,ai.obj,not_applicable,"oracle_vacuous_early_exit: 7.4% coverage, identical entry-point path across 70 seeds",70,70,0
0x40860,ai_handle_unit_effect,stubbable,ai.obj,not_applicable,"oracle_vacuous_early_exit: 6.6% coverage, identical entry-point path across 70 seeds",70,70,0
0x409e0,ai_handle_exit_vehicle,stubbable,ai.obj,pass,,50,50,0
0x40a40,FUN_00040a40,stubbable,ai.obj,inconclusive,"vacuous_output: 0 unique return(s), no scratch or memory variation across 50 seeds",50,50,0
0x40f80,ai_reconnect_to_structure_bsp,stubbable,ai.obj,not_applicable,"oracle_vacuous_early_exit: 47.8% coverage, identical entry-point path across 90 seeds",90,90,0
0x41040,ai_get_race_from_team_index,leaf,ai.obj,fail,divergence,43,50,0
0x1c5900,bink_playback_trace,stubbable,bink_playback.obj,pass,,50,50,0
0x1c5940,bink_playback_active,data_only,bink_playback.obj,inconclusive,"vacuous_output: 1 unique return(s), no scratch or memory variation across 65 seeds",65,65,0
0x1c5960,bink_playback_suppress_ui,data_only,bink_playback.obj,inconclusive,"vacuous_output: 1 unique return(s), no scratch or memory variation across 75 seeds",75,75,0
0x1c5980,bink_playback_has_video,data_only,bink_playback.obj,inconclusive,"vacuous_output: 1 unique return(s), no scratch or memory variation across 50 seeds",50,50,0
0x1c5990,bink_memory_pool_alloc,stubbable,bink_playback.obj,pass,,50,50,0
0x1c5a80,bink_memory_pool_is_empty,data_only,bink_playback.obj,inconclusive,"vacuous_output: 1 unique return(s), no scratch or memory variation across 65 seeds",65,70,0
0x1c5ab0,bink_memory_callback_alloc,stubbable,bink_playback.obj,pass,,85,90,0
0x1c5ca0,bink_memory_pool_free,stubbable,bink_playback.obj,pass,,70,70,0
0x1c5d70,bink_playback_render_frame,stubbable,bink_playback.obj,inconclusive,"vacuous_output: 0 unique return(s), no scratch or memory variation across 90 seeds",90,90,0
0x1c6100,bink_playback_check_any_button,stubbable,bink_playback.obj,not_applicable,"oracle_vacuous_early_exit: 50.0% coverage, identical entry-point path across 50 seeds",50,50,0
0x1c6170,FUN_001c6170,stubbable,bink_playback.obj,pass,,50,50,0
0x1c61a0,bink_playback_initialize,stubbable,bink_playback.obj,inconclusive,"vacuous_output: 0 unique return(s), no scratch or memory variation across 50 seeds",50,50,0
0x1c61d0,bink_playback_release_texture_cache,stubbable,bink_playback.obj,inconclusive,"vacuous_output: 0 unique return(s), no scratch or memory variation across 65 seeds",65,65,0
0x1c6230,bink_playback_decode_frame,stubbable,bink_playback.obj,inconclusive,"vacuous_output: 0 unique return(s), no scratch or memory variation across 50 seeds",50,50,0
0x1c62a0,bink_playback_stop,stubbable,bink_playback.obj,inconclusive,"vacuous_output: 0 unique return(s), no scratch or memory variation across 65 seeds",65,65,0
0x1c6310,bink_playback_dispose,stubbable,bink_playback.obj,inconclusive,"vacuous_output: 0 unique return(s), no scratch or memory variation across 65 seeds",65,65,0
0x1c6340,bink_playback_check_stop,stubbable,bink_playback.obj,inconclusive,"vacuous_output: 0 unique return(s), no scratch or memory variation across 70 seeds",70,70,0
0x1c63e0,bink_playback_render,stubbable,bink_playback.obj,inconclusive,"vacuous_output: 0 unique return(s), no scratch or memory variation across 65 seeds",65,65,0
0x1c6440,bink_playback_start,stubbable,bink_playback.obj,pass,,65,65,0
0x1c6870,bink_playback_update,stubbable,bink_playback.obj,not_applicable,"oracle_vacuous_early_exit: 93.3% coverage, identical entry-point path across 50 seeds",50,50,0
0x1c6880,FUN_001c6880,stubbable,bink_playback.obj,pass,,50,50,0
0x1c6900,FUN_001c6900,stubbable,bink_playback.obj,pass,,50,50,0
0x1c6b20,FUN_001c6b20,stubbable,bink_playback.obj,pass,,50,50,0
0x1c6bf0,FUN_001c6bf0,leaf,bink_playback.obj,pass,,50,50,1
0x1c6c00,FUN_001c6c00,stubbable,bink_playback.obj,pass,,50,50,0
0x7ba50,FUN_0007ba50,stubbable,bitmaps.obj,not_applicable,"oracle_vacuous_early_exit: 8.3% coverage, identical entry-point path across 50 seeds",50,50,0
0x7bcb0,FUN_0007bcb0,stubbable,bitmaps.obj,pass,,50,50,0
0x7bd90,FUN_0007bd90,stubbable,bitmaps.obj,pass,,50,50,0
0x7be60,bitmap_compress_to_mipmap,stubbable,bitmaps.obj,pass,,50,50,0
0x7c070,bitmap_3d_compress_to_mipmap,stubbable,bitmaps.obj,pass,,50,50,0
0x7c270,FUN_0007c270,stubbable,bitmaps.obj,pass,,50,50,0
0x7c490,FUN_0007c490,stubbable,bitmaps.obj,pass,,50,50,0
0x7c5f0,FUN_0007c5f0,stubbable,bitmaps.obj,pass,,50,50,0
0x7c6c0,FUN_0007c6c0,stubbable,bitmaps.obj,pass,,50,50,0
0x7c750,bitmap_type_get_string,stubbable,bitmaps.obj,pass,,70,70,0
0x7c7c0,bitmap_format_get_string,stubbable,bitmaps.obj,pass,,70,70,0
0x7c840,bitmap_format_bits_per_pixel,stubbable,bitmaps.obj,pass,,50,50,0
0x7c8b0,bitmap_changed,stubbable,bitmaps.obj,pass,,50,50,0
0x7c8f0,bitmap_delete,stubbable,bitmaps.obj,pass,,50,50,0
0x7c940,bitmap_2d_address,stubbable,bitmaps.obj,pass,,50,50,0
0x7cb60,bitmap_3d_address,stubbable,bitmaps.obj,pass,,50,50,0
0x7cdf0,bitmap_cube_map_address,stubbable,bitmaps.obj,pass,,50,50,0
0x7d000,bitmap_mipmap_address,stubbable,bitmaps.obj,pass,,50,50,0
0x7d0d0,bitmap_format_to_a8r8g8b8,stubbable,bitmaps.obj,pass,,50,50,0
0x7d300,palette_find_closest_match,stubbable,bitmaps.obj,pass,,50,50,0
0x7d440,bitmap_validate_depth,leaf,bitmaps.obj,pass,,50,50,0
0x7d470,bitmap_verify,stubbable,bitmaps.obj,pass,,50,50,0
0x7d5d0,bitmap_rebuild,stubbable,bitmaps.obj,pass,,50,50,0
0x7d650,bitmap_get_max_mipmap_count,stubbable,bitmaps.obj,pass,,50,50,0
0x7d6e0,bitmap_mipmap_width,stubbable,bitmaps.obj,pass,,50,50,0
0x7d780,bitmap_mipmap_get_height,stubbable,bitmaps.obj,pass,,50,50,0
0x7d820,bitmap_mipmap_get_depth,stubbable,bitmaps.obj,pass,,50,50,0
0x7d8b0,bitmap_mipmap_get_pixel_count,stubbable,bitmaps.obj,pass,,50,50,0
0x7d960,bitmap_mipmap_get_pixel_data_size,stubbable,bitmaps.obj,pass,,50,50,0
0x7d9f0,bitmap_mipmap_get_row_pitch,stubbable,bitmaps.obj,pass,,50,50,0
0x7dad0,bitmap_2d_get_pixel,stubbable,bitmaps.obj,pass,,50,50,0
0x7dfe0,bitmap_get_pixel_count,stubbable,bitmaps.obj,pass,,50,50,0
0x7e040,bitmap_get_pixel_data_size,stubbable,bitmaps.obj,pass,,50,50,0
0x7e0b0,bitmap_2d_new,stubbable,bitmaps.obj,pass,,50,50,0
0x7e230,bitmap_3d_new,stubbable,bitmaps.obj,pass,,50,50,0
0x7e3f0,bitmap_cube_map_new,stubbable,bitmaps.obj,pass,,50,50,0
0x7e560,bitmap_3d_slice_insert,stubbable,bitmaps.obj,not_applicable,"oracle_vacuous_early_exit: 8.3% coverage, identical entry-point path across 50 seeds",50,50,0
0x7e7e0,bitmap_cube_map_face_extract,stubbable,bitmaps.obj,not_applicable,"oracle_vacuous_early_exit: 8.4% coverage, identical entry-point path across 50 seeds",50,50,0
0x7ea60,FUN_0007ea60,stubbable,bitmaps.obj,not_applicable,"oracle_vacuous_early_exit: 8.3% coverage, identical entry-point path across 50 seeds",50,50,0
0x7ece0,bitmap_cube_map_face_insert,stubbable,bitmaps.obj,not_applicable,"oracle_vacuous_early_exit: 8.4% coverage, identical entry-point path across 50 seeds",50,50,0
0x7ef80,FUN_0007ef80,leaf,bitmaps.obj,fail,divergence,25,50,0
0x7f150,FUN_0007f150,stubbable,bitmaps.obj,not_applicable,"oracle_vacuous_early_exit: 9.0% coverage, identical entry-point path across 50 seeds",50,50,0
0x1457f0,breakable_surface_get,stubbable,breakable_surfaces.obj,inconclusive,"vacuous_output: 1 unique return(s), no scratch or memory variation across 70 seeds",70,70,0
0x1458a0,breakable_surfaces_initialize,stubbable,breakable_surfaces.obj,inconclusive,"vacuous_output: 0 unique return(s), no scratch or memory variation across 65 seeds",65,65,0
0x1458e0,breakable_surfaces_dispose,leaf,breakable_surfaces.obj,pass,,50,50,0
0x1458f0,breakable_surfaces_initialize_for_new_map,stubbable,breakable_surfaces.obj,pass,,70,70,0
0x145980,breakable_surfaces_dispose_from_old_map,leaf,breakable_surfaces.obj,pass,,50,50,0
0x1459e0,breakable_surfaces_get_bsp_surface_data,stubbable,breakable_surfaces.obj,inconclusive,"vacuous_output: 1 unique return(s), no scratch or memory variation across 65 seeds",65,65,0
0x145ad0,FUN_00145ad0,stubbable,breakable_surfaces.obj,fail,divergence,58,60,0
0x146a90,FUN_00146a90,stubbable,breakable_surfaces.obj,pass,,70,70,0
0x145560,FUN_00145560,stubbable,breakable_surfaces.obj,pass,,50,50,0
0x145580,FUN_00145580,stubbable,breakable_surfaces.obj,pass,,50,50,0
0x145610,FUN_00145610,stubbable,breakable_surfaces.obj,pass,,50,50,0
0x145740,FUN_00145740,stubbable,breakable_surfaces.obj,pass,,50,50,0
0x1457b0,FUN_001457b0,stubbable,breakable_surfaces.obj,pass,,50,50,0
0x145990,breakable_surfaces_enable,stubbable,breakable_surfaces.obj,not_applicable,"oracle_vacuous_early_exit: 62.3% coverage, identical entry-point path across 50 seeds",50,50,0
0x145a60,breakable_surface_extant,stubbable,breakable_surfaces.obj,fail,divergence,38,50,0
0x1bb640,cache_copy_issue_write,stubbable,cache_files_windows.obj,pass,,50,50,0
0x1bb7d0,cache_copy_initialize_read_data,stubbable,cache_files_windows.obj,pass,,50,50,0
0x1bb8a0,FUN_001bb8a0,stubbable,cache_files_windows.obj,pass,,50,50,0
0x1bb970,cache_copy_update_write_buffers,stubbable,cache_files_windows.obj,not_applicable,"oracle_vacuous_early_exit: 8.1% coverage, identical entry-point path across 50 seeds",50,50,0
0x1bc280,FUN_001bc280,stubbable,cache_files_windows.obj,not_applicable,"oracle_vacuous_early_exit: 85.6% coverage, identical entry-point path across 50 seeds",50,50,0
0x1bc360,cache_files_dispose,stubbable,cache_files_windows.obj,inconclusive,"vacuous_output: 0 unique return(s), no scratch or memory variation across 55 seeds",55,55,0
0x1bc5c0,FUN_001bc5c0,stubbable,cache_files_windows.obj,not_applicable,"oracle_vacuous_early_exit: 47.8% coverage, identical entry-point path across 80 seeds",80,80,0
0x1bc620,FUN_001bc620,stubbable,cache_files_windows.obj,inconclusive,"vacuous_output: 0 unique return(s), no scratch or memory variation across 70 seeds",70,75,0
0x1bc6a0,cache_files_precache_set_priority,stubbable,cache_files_windows.obj,inconclusive,"vacuous_output: 0 unique return(s), no scratch or memory variation across 50 seeds",50,50,0
0x1bc6b0,cache_files_precache_in_progress,data_only,cache_files_windows.obj,inconclusive,"vacuous_output: 1 unique return(s), no scratch or memory variation across 50 seeds",50,50,0
0x1bc6c0,cache_files_precache_is_copying_map,stubbable,cache_files_windows.obj,pass,,50,50,0
0x1bc6f0,cache_files_precache_map_queue_end,stubbable,cache_files_windows.obj,not_applicable,"oracle_vacuous_early_exit: 82.6% coverage, identical entry-point path across 50 seeds",50,50,0
0x1bc720,FUN_001bc720,stubbable,cache_files_windows.obj,pass,,50,50,0
0x1bc760,FUN_001bc760,stubbable,cache_files_windows.obj,pass,,50,50,0
0x1bc7a0,FUN_001bc7a0,stubbable,cache_files_windows.obj,inconclusive,"vacuous_output: 1 unique return(s), no scratch or memory variation across 50 seeds",50,50,0
0x1bc7e0,FUN_001bc7e0,stubbable,cache_files_windows.obj,pass,,50,50,0
0x1bc830,FUN_001bc830,stubbable,cache_files_windows.obj,fail,divergence,0,50,0
0x1bc850,FUN_001bc850,stubbable,cache_files_windows.obj,inconclusive,"vacuous_output: 0 unique return(s), no scratch or memory variation across 50 seeds",50,50,0
0x1bc860,FUN_001bc860,stubbable,cache_files_windows.obj,pass,,50,50,0
0x1bc8f0,FUN_001bc8f0,stubbable,cache_files_windows.obj,pass,,50,50,0
0x1bc9c0,cache_file_close,stubbable,cache_files_windows.obj,inconclusive,"vacuous_output: 0 unique return(s), no scratch or memory variation across 50 seeds",50,50,0
0x1bc9e0,cache_file_read,stubbable,cache_files_windows.obj,pass,,50,50,0
0x1bcb30,cache_files_io_request_enable,stubbable,cache_files_windows.obj,pass,,50,50,0
0x1bcb80,FUN_001bcb80,stubbable,cache_files_windows.obj,fail,divergence,0,50,0
0x1bcc10,cached_map_issue_async_read,stubbable,cache_files_windows.obj,pass,,50,50,0
0x1bcc30,cached_map_issue_async_write,stubbable,cache_files_windows.obj,pass,,50,50,0
0x1bcc50,cache_file_block_until_not_busy,stubbable,cache_files_windows.obj,not_applicable,"oracle_vacuous_early_exit: 64.6% coverage, identical entry-point path across 50 seeds",50,50,0
0x1bccb0,tags_header_register_vertex_and_index_buffers,stubbable,cache_files_windows.obj,pass,,15,50,0
0x1bcd10,tags_header_deregister_vertex_and_index_buffers,stubbable,cache_files_windows.obj,pass,,15,50,0
0x1bcdc0,structure_bsp_header_register_vertex_buffers,stubbable,cache_files_windows.obj,pass,,19,50,0
0x1bce30,structure_bsp_header_deregister_vertex_buffers,stubbable,cache_files_windows.obj,pass,,19,50,0
0x1bcea0,FUN_001bcea0,stubbable,cache_files_windows.obj,fail,divergence,23,50,0
0x1bcf00,cache_files_precache_map_status,stubbable,cache_files_windows.obj,fail,divergence,50,65,0
0x1bcfb0,FUN_001bcfb0,stubbable,cache_files_windows.obj,inconclusive,"vacuous_output: 0 unique return(s), no scratch or memory variation across 50 seeds",50,50,0
0x1bd1b0,FUN_001bd1b0,stubbable,cache_files_windows.obj,pass,,50,50,0
0x1bd3a0,FUN_001bd3a0,stubbable,cache_files_windows.obj,error,emulation_error,0,50,0
0x1bd4d0,cache_file_open,stubbable,cache_files_windows.obj,pass,,75,75,0
0x1bd5f0,FUN_001bd5f0,stubbable,cache_files_windows.obj,fail,divergence,0,50,0
0x1bda90,FUN_001bda90,stubbable,cache_files_windows.obj,not_applicable,"oracle_vacuous_early_exit: 42.9% coverage, identical entry-point path across 50 seeds",50,50,0
0x1bdb10,FUN_001bdb10,stubbable,cache_files_windows.obj,not_applicable,"oracle_vacuous_early_exit: 64.4% coverage, identical entry-point path across 50 seeds",50,50,0
0x1bfee0,cache_files_precache,stubbable,cache_files_windows.obj,not_applicable,"oracle_vacuous_early_exit: 22.6% coverage, identical entry-point path across 50 seeds",50,50,0
0xa54b0,FUN_000a54b0,stubbable,cheats.obj,not_applicable,"oracle_vacuous_early_exit: 75.2% coverage, identical entry-point path across 50 seeds",50,50,0
0xa55e0,FUN_000a55e0,stubbable,cheats.obj,pass,,50,50,0
0xa5d70,FUN_000a5d70,stubbable,cheats.obj,pass,,26,50,0
0xa6030,FUN_000a6030,stubbable,cheats.obj,pass,,50,50,0
0xa65e0,cheats_initialize,stubbable,cheats.obj,inconclusive,"vacuous_output: 0 unique return(s), no scratch or memory variation across 50 seeds",50,50,0
0xa6600,cheats_dispose,leaf,cheats.obj,pass,,50,50,0
0xa6610,cheats_dispose_from_old_map,leaf,cheats.obj,pass,,50,50,0
0xa6620,cheats_update,stubbable,cheats.obj,not_applicable,"oracle_vacuous_early_exit: 12.2% coverage, identical entry-point path across 50 seeds",50,50,0
0xa66d0,cheats_load_from_file,stubbable,cheats.obj,not_applicable,"oracle_vacuous_early_exit: 20.0% coverage, identical entry-point path across 50 seeds",50,50,0
0xa6760,cheat_active_camouflage_local_player,stubbable,cheats.obj,inconclusive,"vacuous_output: 0 unique return(s), no scratch or memory variation across 50 seeds",50,50,0
0xa67c0,FUN_000a67c0,stubbable,cheats.obj,not_applicable,"oracle_vacuous_early_exit: 57.1% coverage, identical entry-point path across 50 seeds",50,50,0
0xa6820,cheats_initialize_for_new_map,stubbable,cheats.obj,inconclusive,"vacuous_output: 0 unique return(s), no scratch or memory variation across 50 seeds",50,50,0
0xa6830,cheat_teleport_to_camera,stubbable,cheats.obj,fail,divergence,0,50,0
0xa68e0,cheat_all_powerups,stubbable,cheats.obj,fail,divergence,0,50,0
0x92d80,cinematic_initialize,stubbable,cinematics.obj,not_applicable,"oracle_vacuous_early_exit: 92.9% coverage, identical entry-point path across 50 seeds",50,50,0
0x92dc0,cinematic_dispose,leaf,cinematics.obj,pass,,50,50,0
0x92dd0,cinematic_initialize_for_new_map,stubbable,cinematics.obj,inconclusive,"vacuous_output: 0 unique return(s), no scratch or memory variation across 50 seeds",50,50,0
0x92e00,cinematic_dispose_from_old_map,data_only,cinematics.obj,inconclusive,"vacuous_output: 0 unique return(s), no scratch or memory variation across 50 seeds",50,50,0
0x92e20,cinematic_start,stubbable,cinematics.obj,inconclusive,"vacuous_output: 0 unique return(s), no scratch or memory variation across 50 seeds",50,50,0
0x92e60,cinematic_can_be_skipped,data_only,cinematics.obj,inconclusive,"vacuous_output: 1 unique return(s), no scratch or memory variation across 50 seeds",50,50,0
0x92e70,cinematic_skip_start,data_only,cinematics.obj,inconclusive,"vacuous_output: 0 unique return(s), no scratch or memory variation across 50 seeds",50,50,0
0x92e80,cinematic_skip_stop,data_only,cinematics.obj,inconclusive,"vacuous_output: 0 unique return(s), no scratch or memory variation across 50 seeds",50,50,0
0x92e90,cinematic_show_letterbox,stubbable,cinematics.obj,pass,,50,50,0
0x92ec0,draw_quad,stubbable,cinematics.obj,fail,divergence,0,50,0
0x93010,cinematic_force_title,data_only,cinematics.obj,pass,,50,50,0
0x93030,cinematic_suppress_bsp_object_creation,data_only,cinematics.obj,pass,,50,50,0
0x93050,cinematic_stop,stubbable,cinematics.obj,not_applicable,"oracle_vacuous_early_exit: 83.3% coverage, identical entry-point path across 50 seeds",50,50,0
0x930a0,cinematic_in_progress,data_only,cinematics.obj,inconclusive,"vacuous_output: 1 unique return(s), no scratch or memory variation across 50 seeds",50,50,0
0x930b0,cinematic_set_title_delayed,stubbable,cinematics.obj,pass,,75,75,0
0x93140,cinematic_render,stubbable,cinematics.obj,not_applicable,"oracle_vacuous_early_exit: 17.0% coverage, identical entry-point path across 90 seeds",90,90,0
0x93640,FUN_00093640,stubbable,cinematics.obj,fail,divergence,0,50,0
0x93660,FUN_00093660,stubbable,cinematics.obj,pass,,50,50,0
0x936b0,FUN_000936b0,stubbable,cinematics.obj,pass,,50,50,0
0x93710,FUN_00093710,stubbable,cinematics.obj,pass,,9,50,0
0x93780,FUN_00093780,stubbable,cinematics.obj,pass,,11,50,0
0x93810,FUN_00093810,stubbable,cinematics.obj,pass,,10,50,0
0x93880,FUN_00093880,stubbable,cinematics.obj,pass,,50,50,0
0x93910,FUN_00093910,stubbable,cinematics.obj,pass,,50,50,0
0x939a0,FUN_000939a0,stubbable,cinematics.obj,pass,,65,65,0
0x93a30,FUN_00093a30,stubbable,cinematics.obj,pass,,50,50,0
0x93ac0,FUN_00093ac0,stubbable,cinematics.obj,pass,,90,90,0
0x93b60,FUN_00093b60,leaf,cinematics.obj,pass,,50,50,0
0x93ba0,FUN_00093ba0,leaf,cinematics.obj,pass,,50,50,0
0x93c20,FUN_00093c20,stubbable,cinematics.obj,fail,divergence,49,50,0
0x93e20,FUN_00093e20,stubbable,cinematics.obj,pass,,90,90,0
0x14c6d0,FUN_0014c6d0,stubbable,collision_usage.obj,pass,,89,90,0
0x14c7b0,FUN_0014c7b0,stubbable,collision_usage.obj,pass,,50,50,0
0x14c8e0,FUN_0014c8e0,stubbable,collision_usage.obj,pass,,50,50,0
0x14c950,FUN_0014c950,stubbable,collision_usage.obj,pass,,87,90,0
0x14ca30,FUN_0014ca30,stubbable,collision_usage.obj,pass,,87,90,0
0x14cb00,FUN_0014cb00,stubbable,collision_usage.obj,pass,,87,90,0
0x14cc80,FUN_0014cc80,stubbable,collision_usage.obj,pass,,87,90,0
0x14cde0,FUN_0014cde0,stubbable,collision_usage.obj,not_applicable,"oracle_vacuous_early_exit: 18.8% coverage, identical entry-point path across 87 seeds",87,90,0
0x14cf20,FUN_0014cf20,stubbable,collision_usage.obj,not_applicable,"oracle_vacuous_early_exit: 19.3% coverage, identical entry-point path across 87 seeds",87,90,0
0x14cfe0,FUN_0014cfe0,leaf,collision_usage.obj,not_applicable,"oracle_vacuous_early_exit: 85.7% coverage, identical entry-point path across 49 seeds",49,50,0
0x14d010,collision_log_initialize,stubbable,collision_usage.obj,not_applicable,"oracle_vacuous_early_exit: 64.4% coverage, identical entry-point path across 50 seeds",50,50,0
0x14d070,collision_log_enable,data_only,collision_usage.obj,pass,,50,50,0
0x14d080,collision_log_period_helper,stubbable,collision_usage.obj,pass,,50,50,0
0x14d100,collision_log_begin_period,stubbable,collision_usage.obj,fail,divergence,0,50,0
0x14d120,collision_log_continue_period,stubbable,collision_usage.obj,fail,divergence,0,50,0
0x14d140,collision_log_end_period,stubbable,collision_usage.obj,inconclusive,"vacuous_output: 0 unique return(s), no scratch or memory variation across 55 seeds",55,55,0
0x14d1b0,collision_log_format_stat,stubbable,collision_usage.obj,fail,divergence,0,50,0
0x14d210,collision_log_render,stubbable,collision_usage.obj,inconclusive,"vacuous_output: 0 unique return(s), no scratch or memory variation across 65 seeds",65,65,0
0x14d840,FUN_0014d840,stubbable,collision_usage.obj,pass,,65,65,0
0x14d940,collision_log_query_counter,stubbable,collision_usage.obj,pass,,50,50,0
0x14d950,collision_log_add_time,stubbable,collision_usage.obj,pass,,50,50,0
0x14d9d0,collision_log_add_call,stubbable,collision_usage.obj,pass,,50,50,0
0x14da20,FUN_0014da20,stubbable,collision_usage.obj,pass,,50,50,0
0x14da80,FUN_0014da80,stubbable,collision_usage.obj,pass,,50,50,0
0x14dab0,FUN_0014dab0,stubbable,collision_usage.obj,not_applicable,"oracle_vacuous_early_exit: 92.4% coverage, identical entry-point path across 50 seeds",50,50,0
0x14db10,FUN_0014db10,stubbable,collision_usage.obj,error,timeout,0,0,0
0x14df70,FUN_0014df70,stubbable,collision_usage.obj,pass,,90,90,0
0x14ec30,FUN_0014ec30,stubbable,collision_usage.obj,pass,,90,90,0
0x14eeb0,collision_log_end_time,leaf,collision_usage.obj,error,mem-limit,0,0,0
0x14ef30,collision_log_usage,leaf,collision_usage.obj,pass,,50,50,0
0x14ef80,FUN_0014ef80,stubbable,collision_usage.obj,pass,,50,50,0
0x14f020,FUN_0014f020,stubbable,collision_usage.obj,pass,,70,70,0
0x14f2c0,FUN_0014f2c0,stubbable,collision_usage.obj,pass,,50,50,0
0x1506d0,FUN_001506d0,stubbable,collision_usage.obj,pass,,50,50,0
0xff400,console_initialize,stubbable,console.obj,inconclusive,"vacuous_output: 0 unique return(s), no scratch or memory variation across 50 seeds",50,50,0
0xff460,console_initialize_for_new_map,leaf,console.obj,pass,,50,50,0
0xff4a0,console_flush,stubbable,console.obj,inconclusive,"vacuous_output: 0 unique return(s), no scratch or memory variation across 65 seeds",65,65,0
0xff4c0,console_is_active,data_only,console.obj,inconclusive,"vacuous_output: 1 unique return(s), no scratch or memory variation across 50 seeds",50,50,0
0xff4d0,console_printf,stubbable,console.obj,pass,,50,50,0
0xff550,console_warning,stubbable,console.obj,pass,,50,50,0
0xff5d0,console_submit_command,stubbable,console.obj,not_applicable,"oracle_vacuous_early_exit: 94.8% coverage, identical entry-point path across 50 seeds",50,50,0
0xff680,console_process_enter,stubbable,console.obj,not_applicable,"oracle_vacuous_early_exit: 20.0% coverage, identical entry-point path across 50 seeds",50,50,0
0xff8a0,console_startup,stubbable,console.obj,not_applicable,"oracle_vacuous_early_exit: 19.5% coverage, identical entry-point path across 50 seeds",50,50,0
0xff9c0,console_dispose,stubbable,console.obj,inconclusive,"vacuous_output: 0 unique return(s), no scratch or memory variation across 65 seeds",65,65,0
0xff9e0,console_update,stubbable,console.obj,pass,,70,70,0
0xff640,console_get_text_to_autocomplete,stubbable,console.obj,not_applicable,"oracle_vacuous_early_exit: 93.8% coverage, identical entry-point path across 50 seeds",50,50,0
0x97890,contrails_initialize_for_new_map,stubbable,contrails.obj,inconclusive,"vacuous_output: 0 unique return(s), no scratch or memory variation across 50 seeds",50,50,0
0x978b0,contrails_dispose_from_old_map,stubbable,contrails.obj,inconclusive,"vacuous_output: 0 unique return(s), no scratch or memory variation across 50 seeds",50,50,0
0x978d0,contrails_dispose,data_only,contrails.obj,not_applicable,"oracle_vacuous_early_exit: 67.7% coverage, identical entry-point path across 50 seeds",50,50,0
0x97c80,local_random_range,stubbable,contrails.obj,inconclusive,"vacuous_output: 1 unique return(s), no scratch or memory variation across 50 seeds",50,50,0
0x97cd0,contrail_scale_random_value,stubbable,contrails.obj,inconclusive,"vacuous_output: 1 unique return(s), no scratch or memory variation across 50 seeds",50,50,0
0x97d40,contrails_initialize,stubbable,contrails.obj,not_applicable,"oracle_vacuous_early_exit: 71.6% coverage, identical entry-point path across 50 seeds",50,50,0
0x986d0,contrail_set_state_for_object,stubbable,contrails.obj,pass,,50,50,0
0x98750,contrails_update,stubbable,contrails.obj,error,emulation_error,0,50,0
0x9f6e0,FUN_0009f6e0,stubbable,contrails.obj,pass,,50,50,0
0x97a50,FUN_00097a50,stubbable,contrails.obj,pass,,50,50,0
0x97e40,FUN_00097e40,stubbable,contrails.obj,pass,,50,50,0
0x978f0,contrail_delete,stubbable,contrails.obj,error,timeout,0,0,0
0x97980,contrails_reconnect_to_structure_bsp,stubbable,contrails.obj,error,timeout,0,0,0
0x97ae0,FUN_00097ae0,stubbable,contrails.obj,pass,,75,75,0
0x97ca0,local_random_vector_in_cone3d,stubbable,contrails.obj,pass,,50,50,0
0x97db0,FUN_00097db0,stubbable,contrails.obj,pass,,50,50,0
0x98200,FUN_00098200,stubbable,contrails.obj,error,timeout,0,0,0
0x98580,contrail_new,stubbable,contrails.obj,pass,,50,50,0
0x8ee60,debug_malloc,stubbable,debug_memory.obj,pass,,75,75,0
0x8ef70,debug_free,stubbable,debug_memory.obj,pass,,50,50,0
0x8eb80,debug_dump_memory_for_file,stubbable,debug_memory.obj,pass,,70,70,0
0x8ec60,debug_dump_memory_by_file,stubbable,debug_memory.obj,inconclusive,"vacuous_output: 0 unique return(s), no scratch or memory variation across 65 seeds",65,65,0
0x8d9d0,csprintf,stubbable,cseries.obj,pass,,50,50,0
0x8d9f0,display_assert,stubbable,cseries.obj,pass,,50,50,0
0x8da40,csmemcmp,stubbable,cseries.obj,pass,,50,50,0
0x8dae0,csmemmove,stubbable,cseries.obj,fail,divergence,31,50,0
0x8db80,csmemset,stubbable,cseries.obj,fail,divergence,25,50,0
0x8dcb0,csstrcmp,stubbable,cseries.obj,pass,,50,50,0
0x8dd30,csstrcat,stubbable,cseries.obj,pass,,50,50,0
0x8de70,csstrncpy,stubbable,cseries.obj,fail,divergence,15,50,0
0x8df10,csstrtok,stubbable,cseries.obj,pass,,50,50,0
0x8df60,csstrlen,stubbable,cseries.obj,pass,,50,50,0
0x8dff0,csstrcpy,stubbable,cseries.obj,pass,,50,50,0
0x8e0b0,csmemcpy,stubbable,cseries.obj,fail,divergence,15,50,0
0x8d9a0,csstr_tolower,stubbable,cseries.obj,pass,,50,50,0
0x8d830,cseries_initialize,stubbable,cseries.obj,inconclusive,"vacuous_output: 0 unique return(s), no scratch or memory variation across 50 seeds",50,50,0
0x8d850,cseries_dispose,stubbable,cseries.obj,inconclusive,"vacuous_output: 0 unique return(s), no scratch or memory variation across 50 seeds",50,50,0
0x8d860,string_to_tag,leaf,cseries.obj,pass,,50,50,0
0x8d890,tag_to_string,leaf,cseries.obj,pass,,50,50,0
0x8d8d0,strnlen,leaf,cseries.obj,pass,,50,50,0
0x8d8f0,strnupr,stubbable,cseries.obj,pass,,50,50,0
0x8d930,strnlwr,stubbable,cseries.obj,pass,,50,50,0
0x8d970,strupr,stubbable,cseries.obj,pass,,50,50,0
0x8ddd0,csstrncmp,stubbable,cseries.obj,fail,divergence,15,50,0
0x8e190,csstricmp,stubbable,cseries.obj,pass,,50,50,0
0x8e2f0,system_exit,stubbable,cseries_windows.obj,inconclusive,"vacuous_output: 0 unique return(s), no scratch or memory variation across 50 seeds",50,50,0
0x8e370,system_milliseconds,stubbable,cseries_windows.obj,inconclusive,"vacuous_output: 1 unique return(s), no scratch or memory variation across 50 seeds",50,50,0
0x8e250,system_stristr,stubbable,cseries_windows.obj,pass,,50,50,0
0x8e2b0,system_string_hash,stubbable,cseries_windows.obj,pass,,50,50,0
0x8e2e0,display_debug_string,stubbable,cseries_windows.obj,pass,,50,50,0
0x8e320,system_unique_identifiers_equal,stubbable,cseries_windows.obj,pass,,50,50,0
0x8e380,system_seconds,stubbable,cseries_windows.obj,inconclusive,"vacuous_output: 1 unique return(s), no scratch or memory variation across 50 seeds",50,50,0
0x8e390,system_get_user_name,stubbable,cseries_windows.obj,fail,divergence,0,50,0
0x8e3b0,system_calloc,stubbable,cseries_windows.obj,error,emulation_error,0,50,0
0x8e3d0,system_malloc,stubbable,cseries_windows.obj,error,emulation_error,0,50,0
0x8e3e0,system_free,stubbable,cseries_windows.obj,pass,,50,50,0
0x8e3f0,system_realloc,stubbable,cseries_windows.obj,pass,,15,50,0
0x8e470,system_get_used_memory_size,stubbable,cseries_windows.obj,error,emulation_error,0,50,0
0x8e480,FUN_0008e480,stubbable,cseries_windows.obj,pass,,50,50,0
0x8e500,system_exception_name,data_only,cseries_windows.obj,pass,,45,50,0
0x1190c0,crc_table_init,leaf,crc.obj,inconclusive,"vacuous_output: 0 unique return(s), no scratch or memory variation across 50 seeds",50,50,0
0x119100,crc_checksum_buffer,stubbable,crc.obj,fail,divergence,17,50,0
0x1190b0,crc_new,leaf,crc.obj,pass,,50,50,1
0x11e430,FUN_0011e430,stubbable,memory_pool.obj,pass,,90,90,0
0x11e5a0,FUN_0011e5a0,stubbable,memory_pool.obj,pass,,50,50,0
0x11e6c0,memory_pool_block_new,stubbable,memory_pool.obj,pass,,50,50,0
0x11e7a0,memory_pool_block_free,stubbable,memory_pool.obj,pass,,50,50,0
0x11e330,memory_pool_allocation_size,leaf,memory_pool.obj,pass,,50,50,1
0x11e340,memory_pool_initialize,stubbable,memory_pool.obj,pass,,50,50,0
0x11e390,memory_pool_get_free_size,leaf,memory_pool.obj,pass,,50,50,1
0x11e3a0,memory_pool_get_used_size,leaf,memory_pool.obj,pass,,49,50,0
0x11e3c0,memory_pool_get_contiguous_free_size,leaf,memory_pool.obj,pass,,49,50,0
0x11e400,FUN_0011e400,leaf,memory_pool.obj,pass,,49,50,0
0x11e650,memory_pool_new,stubbable,memory_pool.obj,fail,divergence,0,50,0
0x11e690,memory_pool_delete,stubbable,memory_pool.obj,pass,,50,50,0
0x11e840,memory_pool_compact,stubbable,memory_pool.obj,pass,,49,50,0
0x11e8a0,memory_pool_block_resize,stubbable,memory_pool.obj,pass,,50,50,0
0x11e9c0,stack_memory_pool_initialize,stubbable,stack_memory_pool.obj,error,mem-limit,0,0,0
0x11ea50,FUN_0011ea50,stubbable,stack_memory_pool.obj,pass,,50,50,0
0x11ea90,FUN_0011ea90,stubbable,stack_memory_pool.obj,pass,,50,50,0
0x11eb40,FUN_0011eb40,stubbable,stack_memory_pool.obj,pass,,49,50,0
0x11ebc0,FUN_0011ebc0,stubbable,stack_memory_pool.obj,fail,divergence,19,50,0
0x11ec10,FUN_0011ec10,stubbable,stack_memory_pool.obj,pass,,50,50,0
0x11ec70,FUN_0011ec70,stubbable,stack_memory_pool.obj,pass,,90,90,0
0x11ee80,FUN_0011ee80,stubbable,stack_memory_pool.obj,pass,,50,50,0
0x11ecf0,memory_block_valid,stubbable,stack_memory_pool.obj,pass,,50,50,0
0x11ef50,stack_memory_pool_valid_block,stubbable,stack_memory_pool.obj,pass,,50,50,0
0x11efd0,stack_memory_pool_unlink_block,stubbable,stack_memory_pool.obj,pass,,50,50,0
0x11f070,stack_memory_pool_mark_used,stubbable,stack_memory_pool.obj,pass,,50,50,0
0x11f1e0,stack_memory_pool_alloc_internal,stubbable,stack_memory_pool.obj,fail,divergence,28,50,0
0x11f620,stack_memory_pool_deallocate,stubbable,stack_memory_pool.obj,pass,,50,50,0
0x11f750,stack_memory_pool_alloc_or_resize,stubbable,stack_memory_pool.obj,pass,,50,50,0
0x11fa40,stack_memory_pool_allocate,stubbable,stack_memory_pool.obj,pass,,50,50,0
0x11fbe0,stack_memory_pool_realloc,stubbable,stack_memory_pool.obj,pass,,90,90,0
0x1cf880,d3d_find_flipcount,stubbable,d3d_intimacy.obj,not_applicable,"oracle_vacuous_early_exit: 44.4% coverage, identical entry-point path across 50 seeds",50,50,0
0x119180,data_allocation_size,leaf,data.obj,pass,,50,50,1
0x1191a0,data_initialize,stubbable,data.obj,pass,,50,50,0
0x1194d0,data_new,stubbable,data.obj,pass,,50,50,0
0x119270,datum_absolute_index_to_index,stubbable,data.obj,pass,,50,50,0
0x119320,datum_get,stubbable,data.obj,pass,,50,50,0
0x1193f0,data_verify,stubbable,data.obj,pass,,50,50,0
0x119550,data_make_invalid,stubbable,data.obj,pass,,50,50,0
0x119570,data_new_datum,stubbable,data.obj,fail,divergence,49,50,0
0x119610,data_new_at_index,stubbable,data.obj,pass,,43,50,0
0x119720,data_make_valid,stubbable,data.obj,error,timeout,0,0,0
0x119b20,data_delete_all,stubbable,data.obj,fail,divergence,0,50,0
0x1197b0,data_iterator_new,stubbable,data.obj,pass,,50,50,0
0x119810,data_iterator_next,stubbable,data.obj,pass,,50,50,0
0x1194a0,datum_initialize,stubbable,data.obj,pass,,26,50,0
0x119a10,data_compact,stubbable,data.obj,error,mem-limit,0,0,0
0x119b40,FUN_00119b40,stubbable,data.obj,pass,,50,50,0
0x119bb0,FUN_00119bb0,leaf,data.obj,pass,,50,50,0
0x119bf0,FUN_00119bf0,stubbable,data.obj,pass,,50,50,0
0x119c50,FUN_00119c50,stubbable,data.obj,pass,,50,50,0
0x119cc0,FUN_00119cc0,stubbable,data.obj,pass,,49,50,0
0x119df0,FUN_00119df0,stubbable,data.obj,pass,,49,50,0
0x119ef0,FUN_00119ef0,stubbable,data.obj,pass,,80,80,0
0x119ff0,FUN_00119ff0,stubbable,data.obj,pass,,49,50,0
0xffc00,debug_keys_initialize,stubbable,debug_keys.obj,not_applicable,"oracle_vacuous_early_exit: 69.4% coverage, identical entry-point path across 50 seeds",50,50,0
0xffc80,debug_keys_dispose,stubbable,debug_keys.obj,inconclusive,"vacuous_output: 0 unique return(s), no scratch or memory variation across 65 seeds",65,65,0
0xffcb0,debug_keys_update,stubbable,debug_keys.obj,not_applicable,"oracle_vacuous_early_exit: 62.0% coverage, identical entry-point path across 50 seeds",50,50,0
0xffdd0,debug_key_erase_all_actors,data_only,debug_keys.obj,inconclusive,"vacuous_output: 0 unique return(s), no scratch or memory variation across 50 seeds",50,50,0
0xffdf0,FUN_000ffdf0,stubbable,debug_keys.obj,inconclusive,"vacuous_output: 0 unique return(s), no scratch or memory variation across 50 seeds",50,50,0
0x98970,FUN_00098970,stubbable,decals.obj,pass,,50,50,0
0x98aa0,FUN_00098aa0,stubbable,decals.obj,pass,,50,50,0
0x98b20,FUN_00098b20,stubbable,decals.obj,pass,,50,50,0
0x98ca0,decals_initialize,stubbable,decals.obj,not_applicable,"oracle_vacuous_early_exit: 37.4% coverage, identical entry-point path across 50 seeds",50,50,0
0x98d40,decals_initialize_for_new_map,stubbable,decals.obj,pass,,70,70,0
0x98df0,decals_dispose_from_old_map,stubbable,decals.obj,inconclusive,"vacuous_output: 0 unique return(s), no scratch or memory variation across 65 seeds",65,65,0
0x98e60,decals_dispose,stubbable,decals.obj,inconclusive,"vacuous_output: 0 unique return(s), no scratch or memory variation across 50 seeds",50,50,0
0x98e70,decals_update_for_new_map,stubbable,decals.obj,inconclusive,"vacuous_output: 0 unique return(s), no scratch or memory variation across 75 seeds",75,75,0
0x98fe0,FUN_00098fe0,stubbable,decals.obj,pass,,50,50,0
0x992d0,project_point2d,stubbable,decals.obj,pass,,50,50,0
0x993b0,triple_product3d,leaf,decals.obj,pass,,50,50,0
0x99400,plane2d_from_points,data_only,decals.obj,pass,,50,50,0
0x99490,FUN_00099490,leaf,decals.obj,pass,,50,50,0
0x99500,plane3d_distance_to_point,leaf,decals.obj,pass,,50,50,0
0x99530,real_a_rgb_color_to_pixel32,stubbable,decals.obj,pass,,50,50,0
0x99640,bsp3d_get_plane_from_designator,stubbable,decals.obj,pass,,50,50,0
0x996b0,decal_update,stubbable,decals.obj,pass,,50,50,0
0x99840,FUN_00099840,stubbable,decals.obj,fail,divergence,5,50,0
0x998b0,FUN_000998b0,stubbable,decals.obj,pass,,75,75,0
0x99b70,decals_reconnect_to_structure_bsp,stubbable,decals.obj,inconclusive,"vacuous_output: 0 unique return(s), no scratch or memory variation across 75 seeds",75,75,0
0x99d60,decals_disconnect_from_structure_bsp,stubbable,decals.obj,inconclusive,"vacuous_output: 0 unique return(s), no scratch or memory variation across 75 seeds",75,75,0
0x99f80,decals_update,stubbable,decals.obj,not_applicable,"oracle_vacuous_early_exit: 62.3% coverage, identical entry-point path across 50 seeds",50,50,0
0x99fd0,decals_delete_permanent_from_cluster,stubbable,decals.obj,pass,,70,75,0
0x9a160,decal_delete,stubbable,decals.obj,pass,,50,50,0
0x9a300,FUN_0009a300,stubbable,decals.obj,pass,,50,50,0
0x9a5a0,FUN_0009a5a0,stubbable,decals.obj,fail,divergence,0,50,0
0x9ac90,decal_new_from_collision,stubbable,decals.obj,pass,,90,90,0
0x9c4b0,FUN_0009c4b0,stubbable,decals.obj,pass,,80,80,0
0x17ca50,FUN_0017ca50,stubbable,decals.obj,pass,,50,50,0
0x17ca60,FUN_0017ca60,stubbable,decals.obj,pass,,50,50,0
0x17ca70,FUN_0017ca70,stubbable,decals.obj,inconclusive,"vacuous_output: 0 unique return(s), no scratch or memory variation across 50 seeds",50,50,0
0x17ca80,thunk_rasterizer_decals_initialize,stubbable,decals.obj,inconclusive,"vacuous_output: 0 unique return(s), no scratch or memory variation across 50 seeds",50,50,0
0x17caa0,thunk_rasterizer_decals_initialize_for_new_map,stubbable,decals.obj,inconclusive,"vacuous_output: 0 unique return(s), no scratch or memory variation across 50 seeds",50,50,0
0x17cab0,thunk_rasterizer_decals_dispose_from_old_map,stubbable,decals.obj,inconclusive,"vacuous_output: 0 unique return(s), no scratch or memory variation across 50 seeds",50,50,0
0x17cac0,FUN_0017cac0,stubbable,decals.obj,inconclusive,"vacuous_output: 0 unique return(s), no scratch or memory variation across 50 seeds",50,50,0
0x17cad0,thunk_rasterizer_decals_dispose,stubbable,decals.obj,inconclusive,"vacuous_output: 0 unique return(s), no scratch or memory variation across 50 seeds",50,50,0
0x17cae0,FUN_0017cae0,stubbable,decals.obj,inconclusive,"vacuous_output: 1 unique return(s), no scratch or memory variation across 50 seeds",50,50,0
0x17caf0,FUN_0017caf0,stubbable,decals.obj,inconclusive,"vacuous_output: 1 unique return(s), no scratch or memory variation across 50 seeds",50,50,0
0x17cb00,thunk_FUN_0015b960,stubbable,decals.obj,inconclusive,"vacuous_output: 0 unique return(s), no scratch or memory variation across 50 seeds",50,50,0
0x17cb10,FUN_0017cb10,stubbable,decals.obj,inconclusive,"vacuous_output: 0 unique return(s), no scratch or memory variation across 50 seeds",50,50,0
0x17cb20,FUN_0017cb20,stubbable,decals.obj,inconclusive,"vacuous_output: 0 unique return(s), no scratch or memory variation across 50 seeds",50,50,0
0x17cb30,FUN_0017cb30,stubbable,decals.obj,inconclusive,"vacuous_output: 0 unique return(s), no scratch or memory variation across 50 seeds",50,50,0
0x17cb40,FUN_0017cb40,stubbable,decals.obj,inconclusive,"vacuous_output: 0 unique return(s), no scratch or memory variation across 50 seeds",50,50,0
0x17cb50,FUN_0017cb50,stubbable,decals.obj,inconclusive,"vacuous_output: 0 unique return(s), no scratch or memory variation across 50 seeds",50,50,0
0x17cb60,FUN_0017cb60,stubbable,decals.obj,pass,,50,50,0
0x17cb70,FUN_0017cb70,stubbable,decals.obj,pass,,50,50,0
0x17cb80,FUN_0017cb80,stubbable,decals.obj,inconclusive,"vacuous_output: 0 unique return(s), no scratch or memory variation across 50 seeds",50,50,0
0x17cb90,FUN_0017cb90,stubbable,decals.obj,pass,,50,50,0
0x17cbb0,FUN_0017cbb0,stubbable,decals.obj,pass,,50,50,0
0x17cbc0,FUN_0017cbc0,stubbable,decals.obj,inconclusive,"vacuous_output: 0 unique return(s), no scratch or memory variation across 50 seeds",50,50,0
0x17cbd0,FUN_0017cbd0,stubbable,decals.obj,pass,,50,50,0
0x17cc10,FUN_0017cc10,stubbable,decals.obj,inconclusive,"vacuous_output: 0 unique return(s), no scratch or memory variation across 50 seeds",50,50,0
0x17cc20,FUN_0017cc20,stubbable,decals.obj,inconclusive,"vacuous_output: 0 unique return(s), no scratch or memory variation across 50 seeds",50,50,0
0x17cc60,FUN_0017cc60,stubbable,decals.obj,inconclusive,"vacuous_output: 0 unique return(s), no scratch or memory variation across 50 seeds",50,50,0
0x17cc70,FUN_0017cc70,stubbable,decals.obj,inconclusive,"vacuous_output: 0 unique return(s), no scratch or memory variation across 50 seeds",50,50,0
0x17ccb0,FUN_0017ccb0,stubbable,decals.obj,pass,,50,50,0
0x17ccc0,FUN_0017ccc0,stubbable,decals.obj,inconclusive,"vacuous_output: 0 unique return(s), no scratch or memory variation across 50 seeds",50,50,0
0x17ccd0,FUN_0017ccd0,stubbable,decals.obj,pass,,50,50,0
0x17ccf0,FUN_0017ccf0,stubbable,decals.obj,pass,,50,50,0
0x17cd30,FUN_0017cd30,stubbable,decals.obj,inconclusive,"vacuous_output: 0 unique return(s), no scratch or memory variation across 50 seeds",50,50,0
0x85a40,FUN_00085a40,stubbable,director.obj,pass,,50,50,0
0x85ab0,FUN_00085ab0,stubbable,director.obj,fail,divergence,8,50,0
0x85b60,dead_camera_new,stubbable,director.obj,pass,,50,50,0
0x861a0,director_initialize,stubbable,director.obj,inconclusive,"vacuous_output: 0 unique return(s), no scratch or memory variation across 50 seeds",50,50,0
0x861c0,director_dispose,leaf,director.obj,pass,,50,50,0
0x861d0,director_inhibit_facing,stubbable,director.obj,pass,,50,50,0
0x86220,director_set_local_player_context,stubbable,director.obj,pass,,50,50,0
0x86360,director_save_camera,stubbable,director.obj,not_applicable,"oracle_vacuous_early_exit: 18.0% coverage, identical entry-point path across 50 seeds",50,50,0
0x86410,director_get_perspective,stubbable,director.obj,pass,,50,50,0
0x865a0,FUN_000865a0,stubbable,director.obj,pass,,50,50,0
0x86600,director_init_player_cameras,stubbable,director.obj,pass,,50,50,0
0x86890,director_dispose_from_old_map,stubbable,director.obj,not_applicable,"oracle_vacuous_early_exit: 67.3% coverage, identical entry-point path across 50 seeds",50,50,0
0x86de0,director_set_player_camera_normal,stubbable,director.obj,pass,,70,70,0
0x86fa0,director_set_player_camera_scripted,stubbable,director.obj,pass,,50,50,0
0x87050,director_apply_replay_mode_for_player,stubbable,director.obj,fail,divergence,11,50,0
0x87110,director_compute_camera_input,stubbable,director.obj,pass,,50,50,0
0x874d0,FUN_000874d0,stubbable,director.obj,inconclusive,"vacuous_output: 0 unique return(s), no scratch or memory variation across 55 seeds",55,55,0
0x87520,director_initialize_for_new_map,stubbable,director.obj,error,emulation_error,0,50,0
0x875f0,director_update,stubbable,director.obj,error,emulation_error,0,50,0
0x87800,editor_camera_initialize,stubbable,director.obj,inconclusive,domain_skipped: all 50 seed(s) escaped,0,50,0
0x87c00,FUN_00087c00,stubbable,director.obj,pass,,90,90,0
0x87f20,editor_camera_update,stubbable,director.obj,error,emulation_error,0,50,0
0x88050,editor_camera_set_scripted,stubbable,director.obj,inconclusive,domain_skipped: all 50 seed(s) escaped,0,50,0
0x88200,FUN_00088200,stubbable,director.obj,pass,,50,50,0
0x88c40,first_person_camera_new,stubbable,director.obj,pass,,50,50,0
0x88c80,FUN_00088c80,stubbable,director.obj,pass,,50,50,0
0x977f0,game_in_editor,leaf,editor_stubs.obj,inconclusive,"vacuous_output: 1 unique return(s), no scratch or memory variation across 50 seeds",50,50,0
0x97810,editor_should_exit,leaf,editor_stubs.obj,inconclusive,"vacuous_output: 1 unique return(s), no scratch or memory variation across 50 seeds",50,50,0
0x97820,editor_initialize,leaf,editor_stubs.obj,pass,,50,50,0
0x97830,editor_dispose,leaf,editor_stubs.obj,pass,,50,50,0
0x97840,editor_update,leaf,editor_stubs.obj,pass,,50,50,0
0x97850,editor_initialize_for_new_map,leaf,editor_stubs.obj,pass,,50,50,0
0x97860,editor_dispose_from_old_map,leaf,editor_stubs.obj,pass,,50,50,0
0x977e0,FUN_000977e0,leaf,editor_stubs.obj,pass,,50,50,0
0x97800,editor_preprocess_rendered_object,leaf,editor_stubs.obj,pass,,50,50,0
0x97870,FUN_00097870,leaf,editor_stubs.obj,pass,,50,50,0
0x9c650,effects_initialize,stubbable,effects.obj,not_applicable,"oracle_vacuous_early_exit: 95.0% coverage, identical entry-point path across 50 seeds",50,50,0
0x9c6a0,effects_initialize_for_new_map,stubbable,effects.obj,inconclusive,"vacuous_output: 0 unique return(s), no scratch or memory variation across 50 seeds",50,50,0
0x9c6c0,effects_dispose_from_old_map,stubbable,effects.obj,inconclusive,"vacuous_output: 0 unique return(s), no scratch or memory variation across 50 seeds",50,50,0
0x9c6e0,effects_dispose,data_only,effects.obj,not_applicable,"oracle_vacuous_early_exit: 83.9% coverage, identical entry-point path across 50 seeds",50,50,0
0x9c700,FUN_0009c700,stubbable,effects.obj,not_applicable,"oracle_vacuous_early_exit: 36.1% coverage, identical entry-point path across 50 seeds",50,50,0
0x9c750,effect_delete,stubbable,effects.obj,not_applicable,"oracle_vacuous_early_exit: 22.9% coverage, identical entry-point path across 50 seeds",50,50,0
0x9c810,effects_stop_on_first_person_weapon,stubbable,effects.obj,error,timeout,0,0,0
0x9ca70,effects_information_get,stubbable,effects.obj,fail,divergence,32,50,0
0x9caf0,FUN_0009caf0,stubbable,effects.obj,pass,,50,50,0
0x9cb90,FUN_0009cb90,stubbable,effects.obj,not_applicable,"oracle_vacuous_early_exit: 17.4% coverage, identical entry-point path across 50 seeds",50,50,0
0x9cc20,FUN_0009cc20,stubbable,effects.obj,fail,divergence,0,50,0
0x9cca0,FUN_0009cca0,stubbable,effects.obj,pass,,46,50,0
0x9cdd0,FUN_0009cdd0,stubbable,effects.obj,pass,,50,50,0
0x9d000,dangerous_effects_near_player,stubbable,effects.obj,error,timeout,0,0,0
0x9d1f0,FUN_0009d1f0,stubbable,effects.obj,fail,divergence,4,50,0
0x9d2d0,FUN_0009d2d0,stubbable,effects.obj,pass,,90,90,0
0x9d430,FUN_0009d430,stubbable,effects.obj,pass,,49,50,0
0x9d4e0,FUN_0009d4e0,stubbable,effects.obj,pass,,89,90,0
0x9d590,FUN_0009d590,stubbable,effects.obj,inconclusive,vacuous_coverage: 6.7% < 10% floor,50,50,0
0x9dcf0,FUN_0009dcf0,stubbable,effects.obj,fail,divergence,44,50,0
0x9e0d0,effects_start_on_first_person_weapon,stubbable,effects.obj,error,timeout,0,0,0
0x9e180,FUN_0009e180,stubbable,effects.obj,pass,,90,90,0
0x9e310,FUN_0009e310,stubbable,effects.obj,pass,,50,50,0
0x9e560,FUN_0009e560,stubbable,effects.obj,pass,,70,70,0
0x9e610,effect_update,stubbable,effects.obj,not_applicable,"oracle_vacuous_early_exit: 7.2% coverage, identical entry-point path across 50 seeds",50,50,0
0x9ee40,effect_new_attached_from_markers,stubbable,effects.obj,fail,divergence,41,50,0
0x9f0e0,effect_new_unattached_from_markers,stubbable,effects.obj,fail,divergence,42,50,0
0x9f320,effects_update,stubbable,effects.obj,error,emulation_error,0,50,0
0x9c910,FUN_0009c910,stubbable,effects.obj,error,timeout,0,0,0
0x9c9a0,FUN_0009c9a0,leaf,effects.obj,pass,,50,50,0
0x9c9f0,FUN_0009c9f0,stubbable,effects.obj,pass,,49,50,0
0x9ce80,real_local_random,stubbable,effects.obj,inconclusive,"vacuous_output: 1 unique return(s), no scratch or memory variation across 50 seeds",50,50,0
0x9ce90,local_random_direction3d,stubbable,effects.obj,pass,,50,50,0
0x9ceb0,effect_stop,stubbable,effects.obj,not_applicable,"oracle_vacuous_early_exit: 24.3% coverage, identical entry-point path across 50 seeds",50,50,0
0x9cf40,effects_reconnect_to_structure_bsp,stubbable,effects.obj,error,timeout,0,0,0
0x9f3b0,FUN_0009f3b0,stubbable,effects.obj,pass,,50,50,0
0x9f430,FUN_0009f430,stubbable,effects.obj,pass,,50,50,0
0x8e770,memory_check,stubbable,errors.obj,pass,,50,50,0
0x8e7c0,FUN_0008e7c0,stubbable,errors.obj,inconclusive,"vacuous_output: 1 unique return(s), no scratch or memory variation across 50 seeds",50,50,0
0x8f040,debug_realloc,stubbable,errors.obj,fail,divergence,60,90,0
0x8f230,debug_string_to_display,stubbable,errors.obj,fail,divergence,0,50,0
0x8f390,error,stubbable,errors.obj,pass,,55,55,0
0x8f600,error_occurred,data_only,errors.obj,inconclusive,"vacuous_output: 1 unique return(s), no scratch or memory variation across 50 seeds",50,50,0
0x8e5f0,FUN_0008e5f0,stubbable,errors.obj,not_applicable,"oracle_vacuous_early_exit: 72.2% coverage, identical entry-point path across 49 seeds",49,50,0
0x8e650,FUN_0008e650,data_only,errors.obj,inconclusive,"vacuous_output: 0 unique return(s), no scratch or memory variation across 50 seeds",50,50,0
0x8e680,FUN_0008e680,stubbable,errors.obj,inconclusive,"vacuous_output: 0 unique return(s), no scratch or memory variation across 75 seeds",75,75,0
0x8e6d0,FUN_0008e6d0,stubbable,errors.obj,pass,,50,50,0
0x8e720,FUN_0008e720,stubbable,errors.obj,inconclusive,"vacuous_output: 1 unique return(s), no scratch or memory variation across 50 seeds",50,50,0
0x8e750,FUN_0008e750,leaf,errors.obj,pass,,50,50,1
0x8e7d0,FUN_0008e7d0,stubbable,errors.obj,pass,,70,70,0
0x8e8e0,FUN_0008e8e0,stubbable,errors.obj,pass,,38,50,0
0x8e950,FUN_0008e950,stubbable,errors.obj,pass,,50,50,0
0x8e9f0,FUN_0008e9f0,stubbable,errors.obj,pass,,49,50,0
0x8ead0,debug_malloc_check_all,stubbable,errors.obj,pass,,90,90,0
0x8f1e0,FUN_0008f1e0,stubbable,errors.obj,inconclusive,"vacuous_output: 0 unique return(s), no scratch or memory variation across 50 seeds",50,50,0
0x8f1f0,errors_dispose,stubbable,errors.obj,inconclusive,"vacuous_output: 0 unique return(s), no scratch or memory variation across 50 seeds",50,50,0
0x8f200,errors_output_to_debug_file,data_only,errors.obj,pass,,50,50,0
0x8f210,errors_overflow_suppression_enable,data_only,errors.obj,pass,,50,50,0
0x8f220,error_get,data_only,errors.obj,inconclusive,"vacuous_output: 1 unique return(s), no scratch or memory variation across 50 seeds",50,50,0
0x8f370,errors_initialize,stubbable,errors.obj,inconclusive,"vacuous_output: 0 unique return(s), no scratch or memory variation across 50 seeds",50,50,0
0x8f630,FUN_0008f630,data_only,errors.obj,inconclusive,"vacuous_output: 0 unique return(s), no scratch or memory variation across 50 seeds",50,50,0
0x8f6b0,FUN_0008f6b0,data_only,errors.obj,pass,,65,65,0
0x8f810,FUN_0008f810,data_only,errors.obj,pass,,50,50,0
0xda980,hud_update_weapon,stubbable,event_manager.obj,error,timeout,0,0,0
0xdaee0,FUN_000daee0,stubbable,event_manager.obj,pass,,50,50,0
0xdb0b0,FUN_000db0b0,stubbable,event_manager.obj,pass,,50,50,0
0xdb0f0,motion_sensor_initialize,stubbable,event_manager.obj,not_applicable,"oracle_vacuous_early_exit: 93.8% coverage, identical entry-point path across 50 seeds",50,50,0
0xdb140,FUN_000db140,leaf,event_manager.obj,pass,,50,50,0
0xdb150,FUN_000db150,stubbable,event_manager.obj,inconclusive,"vacuous_output: 0 unique return(s), no scratch or memory variation across 50 seeds",50,50,0
0xdb1b0,FUN_000db1b0,leaf,event_manager.obj,pass,,50,50,0
0xdb1e0,FUN_000db1e0,stubbable,event_manager.obj,pass,,50,50,0
0xdbfb0,FUN_000dbfb0,stubbable,event_manager.obj,inconclusive,"vacuous_output: 0 unique return(s), no scratch or memory variation across 50 seeds",50,50,0
0xdc070,event_manager_tab_check,stubbable,event_manager.obj,not_applicable,"oracle_vacuous_early_exit: 20.9% coverage, identical entry-point path across 50 seeds",50,50,0
0xdc110,FUN_000dc110,stubbable,event_manager.obj,inconclusive,"vacuous_output: 0 unique return(s), no scratch or memory variation across 50 seeds",50,50,0
0xdc130,event_manager_mark_time,stubbable,event_manager.obj,inconclusive,"vacuous_output: 0 unique return(s), no scratch or memory variation across 50 seeds",50,50,0
0xdc140,event_manager_tab_process,stubbable,event_manager.obj,not_applicable,"oracle_vacuous_early_exit: 93.3% coverage, identical entry-point path across 50 seeds",50,50,0
0xdc200,event_manager_dispose,stubbable,event_manager.obj,inconclusive,"vacuous_output: 0 unique return(s), no scratch or memory variation across 50 seeds",50,50,0
0xdc220,event_manager_flush,stubbable,event_manager.obj,inconclusive,"vacuous_output: 0 unique return(s), no scratch or memory variation across 50 seeds",50,50,0
0xdc240,event_manager_suppress,data_only,event_manager.obj,pass,,50,50,0
0xdc250,event_manager_get_next_event,stubbable,event_manager.obj,pass,,80,80,0
0xdc310,event_manager_get_last_event_time,data_only,event_manager.obj,inconclusive,"vacuous_output: 1 unique return(s), no scratch or memory variation across 50 seeds",50,50,0
0xdc320,event_manager_dispatch,stubbable,event_manager.obj,pass,,90,90,0
0xdc620,event_manager_update,stubbable,event_manager.obj,inconclusive,"vacuous_output: 0 unique return(s), no scratch or memory variation across 65 seeds",65,65,0
0xdc730,FUN_000dc730,stubbable,event_manager.obj,pass,,50,50,0
0xdc800,FUN_000dc800,data_only,event_manager.obj,pass,,50,50,0
0x199620,file_reference_verify,stubbable,files.obj,pass,,50,50,0
0x199700,file_reference_add_directory,stubbable,files.obj,fail,divergence,26,50,0
0x199780,file_reference_set_name,stubbable,files.obj,fail,divergence,1,50,0
0x1994a0,find_files,stubbable,files.obj,fail,divergence,41,50,0
0x199810,file_reference_get_name,stubbable,files.obj,fail,divergence,0,50,0
0x1999f0,file_reference_create_from_path,stubbable,files.obj,pass,,50,50,0
0x199540,file_read_into_buffer,stubbable,files.obj,pass,,50,50,0
0x199420,file_reference_create,stubbable,files.obj,pass,,50,50,0
0x1995c0,file_printf,stubbable,files.obj,pass,,50,50,0
0x1996d0,file_reference_copy,stubbable,files.obj,pass,,50,50,0
0x1997f0,file_reference_get_location,stubbable,files.obj,fail,divergence,1,50,0
0x1999a0,file_references_equal,stubbable,files.obj,pass,,50,50,0
0x199a60,directory_create_or_delete_contents,stubbable,files.obj,pass,,50,50,0
0x199b20,datastore_read_field,stubbable,files.obj,fail,divergence,39,50,0
0x199d40,datastore_read,stubbable,files_windows.obj,pass,,39,50,0
0x19a020,file_compare_last_modification_dates,stubbable,files_windows.obj,pass,,50,50,0
0x19a040,find_files_begin,stubbable,files_windows.obj,fail,divergence,48,50,0
0x19a110,path_add_directory,stubbable,files_windows.obj,pass,,50,50,0
0x19a1a0,path_add_extension,stubbable,files_windows.obj,pass,,50,50,0
0x19a230,path_remove_filename,stubbable,files_windows.obj,pass,,50,50,0
0x19a290,path_split,stubbable,files_windows.obj,pass,,50,50,0
0x19a370,path_from_file_reference,stubbable,files_windows.obj,pass,,50,50,0
0x19a400,file_read_only,stubbable,files_windows.obj,pass,,14,50,0
0x19a450,file_error,stubbable,files_windows.obj,pass,,50,50,0
0x19a490,file_create,stubbable,files_windows.obj,fail,divergence,0,50,0
0x19a560,file_delete,stubbable,files_windows.obj,fail,divergence,0,50,0
0x19a640,file_exists,stubbable,files_windows.obj,fail,divergence,0,50,0
0x19a6d0,file_rename,stubbable,files_windows.obj,fail,divergence,0,50,0
0x19a7a0,file_open,stubbable,files_windows.obj,fail,divergence,0,50,0
0x19a930,file_close,stubbable,files_windows.obj,pass,,50,50,0
0x19a9a0,file_get_position,stubbable,files_windows.obj,pass,,50,50,0
0x19aa00,file_set_position,stubbable,files_windows.obj,pass,,50,50,0
0x19aa70,file_get_eof,stubbable,files_windows.obj,pass,,50,50,0
0x19aad0,file_set_eof,stubbable,files_windows.obj,pass,,50,50,0
0x19ab50,file_read,stubbable,files_windows.obj,pass,,50,50,0
0x19ac00,file_write,stubbable,files_windows.obj,pass,,50,50,0
0x19acb0,file_read_from_position,stubbable,files_windows.obj,fail,divergence,0,50,0
0x19acf0,file_write_to_position,stubbable,files_windows.obj,pass,,50,50,0
0x19ad30,file_get_last_modification_date,stubbable,files_windows.obj,error,emulation_error,0,50,0
0x19adf0,file_get_size,stubbable,files_windows.obj,error,emulation_error,0,50,0
0x19aed0,find_files_next,stubbable,files_windows.obj,fail,divergence,0,50,0
0xdc750,FUN_000dc750,stubbable,first_person_weapons.obj,not_applicable,"oracle_vacuous_early_exit: 93.5% coverage, identical entry-point path across 50 seeds",50,50,0
0xdc7a0,FUN_000dc7a0,stubbable,first_person_weapons.obj,inconclusive,"vacuous_output: 0 unique return(s), no scratch or memory variation across 50 seeds",50,50,0
0xdc8c0,FUN_000dc8c0,data_only,first_person_weapons.obj,pass,,50,50,0
0xdc9d0,FUN_000dc9d0,stubbable,first_person_weapons.obj,inconclusive,"vacuous_output: 0 unique return(s), no scratch or memory variation across 50 seeds",50,50,0
0xdcb30,FUN_000dcb30,stubbable,first_person_weapons.obj,inconclusive,"vacuous_output: 0 unique return(s), no scratch or memory variation across 70 seeds",70,70,0
0xdcc80,FUN_000dcc80,stubbable,first_person_weapons.obj,pass,,70,70,0
0xdcd60,FUN_000dcd60,stubbable,first_person_weapons.obj,pass,,50,50,0
0xdce00,FUN_000dce00,stubbable,first_person_weapons.obj,pass,,50,50,0
0xdd410,first_person_weapon_get_node_matrix,stubbable,first_person_weapons.obj,pass,,50,50,0
0xdd4d0,FUN_000dd4d0,stubbable,first_person_weapons.obj,pass,,50,50,0
0xddbd0,FUN_000ddbd0,stubbable,first_person_weapons.obj,pass,,90,90,0
0xdde80,FUN_000dde80,stubbable,first_person_weapons.obj,fail,divergence,88,90,0
0xde140,FUN_000de140,stubbable,first_person_weapons.obj,pass,,90,90,0
0xde3b0,first_person_weapon_message_from_weapon,stubbable,first_person_weapons.obj,not_applicable,"oracle_vacuous_early_exit: 81.6% coverage, identical entry-point path across 50 seeds",50,50,0
0xdeb60,first_person_weapons_update,stubbable,first_person_weapons.obj,not_applicable,"oracle_vacuous_early_exit: 53.4% coverage, identical entry-point path across 80 seeds",80,80,0
0xdcaf0,FUN_000dcaf0,stubbable,first_person_weapons.obj,pass,,50,50,0
0xdcbd0,fp_anim_apply_node_remap,stubbable,first_person_weapons.obj,pass,,70,70,0
0xdcdc0,FUN_000dcdc0,stubbable,first_person_weapons.obj,pass,,50,50,0
0xdd110,first_person_weapon_get_local_index,stubbable,first_person_weapons.obj,inconclusive,"vacuous_output: 1 unique return(s), no scratch or memory variation across 50 seeds",50,50,0
0xddb90,first_person_weapon_get_marker_by_name_render,stubbable,first_person_weapons.obj,pass,,50,50,0
0xde0e0,FUN_000de0e0,stubbable,first_person_weapons.obj,pass,,50,50,0
0xde360,first_person_weapon_message_from_unit,stubbable,first_person_weapons.obj,not_applicable,"oracle_vacuous_early_exit: 56.0% coverage, identical entry-point path across 50 seeds",50,50,0
0xa6a80,FUN_000a6a80,stubbable,game.obj,not_applicable,"oracle_vacuous_early_exit: 60.3% coverage, identical entry-point path across 50 seeds",50,50,0
0xa6b50,FUN_000a6b50,stubbable,game.obj,not_applicable,"oracle_vacuous_early_exit: 54.5% coverage, identical entry-point path across 50 seeds",50,50,0
0xa6ba0,FUN_000a6ba0,stubbable,game.obj,not_applicable,"oracle_vacuous_early_exit: 27.9% coverage, identical entry-point path across 50 seeds",50,50,0
0xa6bf0,game_initialize,stubbable,game.obj,inconclusive,"vacuous_output: 0 unique return(s), no scratch or memory variation across 50 seeds",50,50,0
0xa6d00,game_dispose,stubbable,game.obj,inconclusive,"vacuous_output: 0 unique return(s), no scratch or memory variation across 50 seeds",50,50,0
0xa6dc0,game_precache_new_map,stubbable,game.obj,pass,,50,50,0
0xa6fb0,game_map_loading_in_progress,data_only,game.obj,pass,,50,50,0
0xa6fd0,game_unload,stubbable,game.obj,not_applicable,"oracle_vacuous_early_exit: 16.4% coverage, identical entry-point path across 55 seeds",55,55,0
0xa7050,game_dispose_from_old_map,stubbable,game.obj,inconclusive,"vacuous_output: 0 unique return(s), no scratch or memory variation across 50 seeds",50,50,0
0xa7110,game_frame,stubbable,game.obj,not_applicable,"oracle_vacuous_early_exit: 39.7% coverage, identical entry-point path across 60 seeds",60,60,0
0xa71b0,remove_quitting_players_from_game,stubbable,game.obj,not_applicable,"oracle_vacuous_early_exit: 13.3% coverage, identical entry-point path across 50 seeds",50,50,0
0xa7260,game_tick,stubbable,game.obj,inconclusive,"vacuous_output: 0 unique return(s), no scratch or memory variation across 65 seeds",65,65,0
0xa7370,game_options_new,stubbable,game.obj,inconclusive,"vacuous_output: 0 unique return(s), no scratch or memory variation across 50 seeds",50,50,0
0xa73a0,game_options_verify,leaf,game.obj,pass,,50,50,0
0xa73c0,game_initial_pulse,stubbable,game.obj,not_applicable,"oracle_vacuous_early_exit: 64.8% coverage, identical entry-point path across 50 seeds",50,50,0
0xa7410,game_set_players_are_double_speed,data_only,game.obj,pass,,50,50,0
0xa7430,game_players_are_double_speed,data_only,game.obj,inconclusive,"vacuous_output: 1 unique return(s), no scratch or memory variation across 50 seeds",50,50,0
0xa7440,game_difficulty_level_set,data_only,game.obj,pass,,50,50,0
0xa7460,game_difficulty_level_get,data_only,game.obj,inconclusive,"vacuous_output: 1 unique return(s), no scratch or memory variation across 50 seeds",50,50,0
0xa7470,game_difficulty_level_get_ignore_easy,data_only,game.obj,inconclusive,"vacuous_output: 1 unique return(s), no scratch or memory variation across 50 seeds",50,50,0
0xa7490,game_set_game_variant,stubbable,game.obj,pass,,50,50,0
0xa74c0,game_set_game_engine_index,stubbable,game.obj,not_applicable,"oracle_vacuous_early_exit: 87.9% coverage, identical entry-point path across 50 seeds",50,50,0
0xa74f0,game_all_quiet,stubbable,game.obj,not_applicable,"oracle_vacuous_early_exit: 94.1% coverage, identical entry-point path across 50 seeds",50,50,0
0xa7530,game_safe_to_save,stubbable,game.obj,not_applicable,"oracle_vacuous_early_exit: 25.1% coverage, identical entry-point path across 50 seeds",50,50,0
0xa7670,game_safe_to_speak,stubbable,game.obj,not_applicable,"oracle_vacuous_early_exit: 87.5% coverage, identical entry-point path across 50 seeds",50,50,0
0xa7690,game_is_cooperative,data_only,game.obj,inconclusive,"vacuous_output: 1 unique return(s), no scratch or memory variation across 50 seeds",50,50,0
0xa76a0,set_random_seed,stubbable,game.obj,pass,,50,50,0
0xa76b0,game_load,stubbable,game.obj,pass,,50,50,0
0xa7780,game_initialize_for_new_map,stubbable,game.obj,inconclusive,"vacuous_output: 0 unique return(s), no scratch or memory variation across 60 seeds",60,60,0
0xa78e0,game_set_game_variant_from_name,stubbable,game.obj,pass,,50,50,0
0xb4170,FUN_000b4170,stubbable,game.obj,pass,,50,50,0
0xb4250,FUN_000b4250,stubbable,game.obj,pass,,50,50,0
0xb4290,FUN_000b4290,stubbable,game.obj,pass,,50,50,0
0xb42d0,FUN_000b42d0,stubbable,game.obj,pass,,50,50,0
0xb4490,FUN_000b4490,stubbable,game.obj,not_applicable,"oracle_vacuous_early_exit: 28.9% coverage, identical entry-point path across 50 seeds",50,50,0
0xb4800,FUN_000B4800,stubbable,game.obj,pass,,50,50,0
0xb4a70,target_is_valid,stubbable,game.obj,pass,,50,50,0
0xb4b10,FUN_000b4b10,stubbable,game.obj,pass,,50,50,0
0xb4d00,slayer_engine_adjust_score,stubbable,game.obj,pass,,50,50,0
0xb4d50,FUN_000b4d50,stubbable,game.obj,pass,,50,50,0
0xb4d90,FUN_000b4d90,leaf,game.obj,pass,,50,50,0
0xb4e20,find_next_target,stubbable,game.obj,pass,,50,50,0
0xb4fb0,slayer_engine_player_killed_player,stubbable,game.obj,fail,divergence,2,50,0
0xb5040,FUN_000b5040,stubbable,game.obj,pass,,75,75,0
0xb5210,slayer_engine_display_score,stubbable,game.obj,pass,,90,90,0
0xb5490,FUN_000b5490,stubbable,game.obj,pass,,50,50,0
0xb54e0,game_globals_difficulty_scale,stubbable,game.obj,inconclusive,"vacuous_output: 1 unique return(s), no scratch or memory variation across 50 seeds",50,50,0
0xb5590,FUN_000b5590,stubbable,game.obj,inconclusive,"vacuous_output: 1 unique return(s), no scratch or memory variation across 50 seeds",50,50,0
0xb55b0,FUN_000b55b0,stubbable,game.obj,pass,,50,50,0
0xa7940,game_allegiance_initialize,stubbable,game_allegiance.obj,inconclusive,"vacuous_output: 0 unique return(s), no scratch or memory variation across 50 seeds",50,50,0
0xa7970,game_allegiance_dispose,leaf,game_allegiance.obj,pass,,50,50,0
0xa7980,game_allegiance_initialize_for_new_map,stubbable,game_allegiance.obj,pass,,65,65,0
0xa7a20,game_allegiance_dispose_from_old_map,leaf,game_allegiance.obj,pass,,50,50,0
0xa7a30,game_allegiance_get_team_is_friendly,data_only,game_allegiance.obj,inconclusive,"vacuous_output: 1 unique return(s), no scratch or memory variation across 50 seeds",50,50,0
0xa7a90,game_team_is_ally,data_only,game_allegiance.obj,inconclusive,"vacuous_output: 1 unique return(s), no scratch or memory variation across 50 seeds",50,50,0
0xa7c90,game_allegiance_set,stubbable,game_allegiance.obj,pass,,50,50,0
0xa7e30,game_allegiance_update,stubbable,game_allegiance.obj,not_applicable,"oracle_vacuous_early_exit: 15.6% coverage, identical entry-point path across 70 seeds",70,70,0
0xa7eb0,game_allegiance_create,stubbable,game_allegiance.obj,pass,,50,50,0
0xa7f90,game_allegiance_remove,stubbable,game_allegiance.obj,not_applicable,"oracle_vacuous_early_exit: 21.6% coverage, identical entry-point path across 70 seeds",70,70,0
0xa8040,game_allegiance_bump,stubbable,game_allegiance.obj,pass,,70,70,0
0xa7ae0,game_team_ally_status_changed,data_only,game_allegiance.obj,not_applicable,"oracle_vacuous_early_exit: 38.1% coverage, identical entry-point path across 70 seeds",70,70,0
0xa7b40,game_allegiance_get_incidents,data_only,game_allegiance.obj,pass,,70,70,0
0xa7bc0,game_allegiance_provoke,data_only,game_allegiance.obj,not_applicable,"oracle_vacuous_early_exit: 23.4% coverage, identical entry-point path across 70 seeds",70,70,0
0xa7c30,game_allegiance_notify_change,data_only,game_allegiance.obj,not_applicable,"oracle_vacuous_early_exit: 32.1% coverage, identical entry-point path across 70 seeds",70,70,0
0xa8110,FUN_000a8110,stubbable,game_allegiance.obj,pass,,50,50,0
0xa8130,FUN_000a8130,stubbable,game_allegiance.obj,not_applicable,"oracle_vacuous_early_exit: 45.5% coverage, identical entry-point path across 50 seeds",50,50,0
0xa81a0,game_globals_get_weapon,stubbable,game_engine.obj,fail,divergence,0,50,0
0xa81c0,game_engine_dispose,data_only,game_engine.obj,not_applicable,"oracle_vacuous_early_exit: 93.1% coverage, identical entry-point path across 50 seeds",50,50,0
0xa8340,game_engine_dispose_from_old_map,data_only,game_engine.obj,not_applicable,"oracle_vacuous_early_exit: 89.5% coverage, identical entry-point path across 50 seeds",50,50,0
0xa8380,game_engine_game_starting,stubbable,game_engine.obj,not_applicable,"oracle_vacuous_early_exit: 87.5% coverage, identical entry-point path across 50 seeds",50,50,0
0xa83e0,game_engine_statistics_append,data_only,game_engine.obj,not_applicable,"oracle_vacuous_early_exit: 87.5% coverage, identical entry-point path across 50 seeds",50,50,0
0xa8400,game_engine_handle_client_message,data_only,game_engine.obj,not_applicable,"oracle_vacuous_early_exit: 87.5% coverage, identical entry-point path across 50 seeds",50,50,0
0xa8420,game_engine_handle_server_message,data_only,game_engine.obj,not_applicable,"oracle_vacuous_early_exit: 87.5% coverage, identical entry-point path across 50 seeds",50,50,0
0xa8440,sort_statistic_buffer,leaf,game_engine.obj,not_applicable,"oracle_vacuous_early_exit: 71.4% coverage, identical entry-point path across 49 seeds",49,50,0
0xa8470,FUN_000a8470,leaf,game_engine.obj,not_applicable,"oracle_vacuous_early_exit: 84.4% coverage, identical entry-point path across 49 seeds",49,50,1
0xa84f0,FUN_000a84f0,stubbable,game_engine.obj,inconclusive,"vacuous_output: 0 unique return(s), no scratch or memory variation across 50 seeds",50,50,0
0xa8580,FUN_000a8580,leaf,game_engine.obj,pass,,50,50,1
0xa85d0,FUN_000a85d0,stubbable,game_engine.obj,pass,,50,50,0
0xa8630,get_postgame_hilite_colors,data_only,game_engine.obj,not_applicable,"oracle_vacuous_early_exit: 89.5% coverage, identical entry-point path across 50 seeds",50,50,0
0xa8680,game_engine_remove_dropped_weapons,stubbable,game_engine.obj,not_applicable,"oracle_vacuous_early_exit: 34.4% coverage, identical entry-point path across 50 seeds",50,50,0
0xa8780,game_engine_update_flag_state,stubbable,game_engine.obj,pass,,50,50,0
0xa8820,game_engine_spawn_equipment,stubbable,game_engine.obj,not_applicable,"oracle_vacuous_early_exit: 15.6% coverage, identical entry-point path across 55 seeds",55,55,0
0xa8970,FUN_000a8970,stubbable,game_engine.obj,pass,,27,50,0
0xa8a20,game_engine_load_stage,stubbable,game_engine.obj,pass,,50,50,0
0xa8a70,game_engine_playlist_begin,stubbable,game_engine.obj,not_applicable,"oracle_vacuous_early_exit: 97.4% coverage, identical entry-point path across 50 seeds",50,50,0
0xa8aa0,game_engine_get_current_stage,stubbable,game_engine.obj,pass,,50,50,0
0xa8b00,game_engine_start_over,stubbable,game_engine.obj,not_applicable,"oracle_vacuous_early_exit: 97.8% coverage, identical entry-point path across 50 seeds",50,50,0
0xa8b30,game_engine_allow_weapon_pick_up,data_only,game_engine.obj,not_applicable,"oracle_vacuous_early_exit: 88.9% coverage, identical entry-point path across 50 seeds",50,50,0
0xa8b50,game_engine_player_damaged_player,stubbable,game_engine.obj,inconclusive,"vacuous_output: 0 unique return(s), no scratch or memory variation across 50 seeds",50,50,0
0xa8ba0,game_engine_is_player_leading,stubbable,game_engine.obj,pass,,85,85,0
0xa8c40,game_engine_player_is_out_of_lives,stubbable,game_engine.obj,pass,,85,85,0
0xa8c80,game_engine_should_spawn_player,stubbable,game_engine.obj,pass,,65,65,0
0xa8d80,game_engine_player_get_team_index,stubbable,game_engine.obj,pass,,50,50,0
0xa8df0,game_engine_prespawn_player_update,stubbable,game_engine.obj,pass,,50,50,0
0xa8e30,game_engine_running,data_only,game_engine.obj,inconclusive,"vacuous_output: 1 unique return(s), no scratch or memory variation across 50 seeds",50,50,0
0xa8e40,game_engine_can_score,data_only,game_engine.obj,inconclusive,"vacuous_output: 1 unique return(s), no scratch or memory variation across 50 seeds",50,50,0
0xa8e60,game_engine_force_single_screen,data_only,game_engine.obj,not_applicable,"oracle_vacuous_early_exit: 77.4% coverage, identical entry-point path across 50 seeds",50,50,0
0xa8e80,FUN_000a8e80,stubbable,game_engine.obj,inconclusive,"vacuous_output: 1 unique return(s), no scratch or memory variation across 50 seeds",50,50,0
0xa8ec0,FUN_000a8ec0,stubbable,game_engine.obj,pass,,50,50,0
0xa8fb0,game_engine_rasterize_message,stubbable,game_engine.obj,not_applicable,"oracle_vacuous_early_exit: 96.1% coverage, identical entry-point path across 50 seeds",50,50,0
0xa90b0,game_engine_unit_can_enter_seat,stubbable,game_engine.obj,not_applicable,"oracle_vacuous_early_exit: 23.5% coverage, identical entry-point path across 50 seeds",50,50,0
0xa9190,FUN_000a9190,data_only,game_engine.obj,pass,,90,90,0
0xa9210,game_engine_player_get_custom_motion_sensor_positions,stubbable,game_engine.obj,pass,,50,50,0
0xa92b0,get_flag_definition_index,stubbable,game_engine.obj,inconclusive,"vacuous_output: 1 unique return(s), no scratch or memory variation across 50 seeds",50,50,0
0xa92e0,get_ball_definition_index,stubbable,game_engine.obj,inconclusive,"vacuous_output: 1 unique return(s), no scratch or memory variation across 50 seeds",50,50,0
0xa9310,game_engine_switch_to_postgame,stubbable,game_engine.obj,not_applicable,"oracle_vacuous_early_exit: 58.0% coverage, identical entry-point path across 50 seeds",50,50,0
0xa9350,game_engine_get_variant,data_only,game_engine.obj,inconclusive,"vacuous_output: 1 unique return(s), no scratch or memory variation across 50 seeds",50,50,0
0xa9360,game_engine_get_goal_in_use,leaf,game_engine.obj,pass,,50,50,0
0xa9380,game_engine_get_goal_position,stubbable,game_engine.obj,pass,,90,90,0
0xa93e0,game_engine_set_goal_position,stubbable,game_engine.obj,pass,,50,50,0
0xa9460,game_engine_clear_goal_position,stubbable,game_engine.obj,pass,,50,50,0
0xa9480,game_engine_render_nav_points,stubbable,game_engine.obj,inconclusive,"vacuous_output: 0 unique return(s), no scratch or memory variation across 90 seeds",90,90,0
0xa9550,FUN_000a9550,data_only,game_engine.obj,inconclusive,"vacuous_output: 1 unique return(s), no scratch or memory variation across 50 seeds",50,50,0
0xa9570,game_engine_infinite_grenades,data_only,game_engine.obj,inconclusive,"vacuous_output: 1 unique return(s), no scratch or memory variation across 50 seeds",50,50,0
0xa95a0,game_engine_has_teams,data_only,game_engine.obj,inconclusive,"vacuous_output: 1 unique return(s), no scratch or memory variation across 50 seeds",50,50,0
0xa95c0,game_engine_display_team_indicators,data_only,game_engine.obj,not_applicable,"oracle_vacuous_early_exit: 66.7% coverage, identical entry-point path across 50 seeds",50,50,0
0xa95f0,game_engine_has_shield,data_only,game_engine.obj,inconclusive,"vacuous_output: 1 unique return(s), no scratch or memory variation across 50 seeds",50,50,0
0xa9620,weapon_definition_index_to_list_index,stubbable,game_engine.obj,not_applicable,"oracle_vacuous_early_exit: 44.2% coverage, identical entry-point path across 50 seeds",50,50,0
0xa9680,list_index_to_weapon_definition_index,stubbable,game_engine.obj,pass,,50,50,0
0xa96b0,game_engine_remap_vehicle,stubbable,game_engine.obj,pass,,50,50,0
0xa9770,game_engine_remap_weapon,stubbable,game_engine.obj,fail,divergence,19,90,0
0xa9900,game_engine_man_out,stubbable,game_engine.obj,fail,divergence,0,50,0
0xa9970,game_engine_state_message,stubbable,game_engine.obj,pass,,50,50,0
0xa99a0,game_engine_player_get_change_color,stubbable,game_engine.obj,pass,,50,50,0
0xa9a30,game_engine_player_has_flag,stubbable,game_engine.obj,fail,divergence,46,50,0
0xa9aa0,game_engine_player_depower_active_camo,stubbable,game_engine.obj,pass,,50,50,0
0xa9af0,game_engine_place_to_string,stubbable,game_engine.obj,fail,divergence,44,50,0
0xa9f90,game_engine_hud_draw_motion_sensor,data_only,game_engine.obj,not_applicable,"oracle_vacuous_early_exit: 78.6% coverage, identical entry-point path across 50 seeds",50,50,0
0xa9ff0,game_engine_test_trait,data_only,game_engine.obj,not_applicable,"oracle_vacuous_early_exit: 90.0% coverage, identical entry-point path across 50 seeds",50,50,0
0xaa010,FUN_000aa010,stubbable,game_engine.obj,pass,,50,50,0
0xaa0b0,FUN_000aa0b0,stubbable,game_engine.obj,not_applicable,"oracle_vacuous_early_exit: 27.7% coverage, identical entry-point path across 50 seeds",50,50,0
0xaa120,game_engine_playlist_next,stubbable,game_engine.obj,fail,divergence,0,50,0
0xaa190,game_engine_slayer_default,leaf,game_engine.obj,pass,,50,50,0
0xaa220,build_game_variant_slayer_pro,leaf,game_engine.obj,pass,,50,50,0
0xaa2b0,game_engine_elimination_default,leaf,game_engine.obj,pass,,50,50,0
0xaa340,build_game_variant_phantoms,leaf,game_engine.obj,pass,,50,50,0
0xaa3d0,build_game_variant_endurance,leaf,game_engine.obj,pass,,50,50,0
0xaa460,build_game_variant_rockets,leaf,game_engine.obj,pass,,50,50,0
0xaa4f0,build_game_variant_snipers,leaf,game_engine.obj,pass,,50,50,0
0xaa580,game_engine_team_slayer_default,leaf,game_engine.obj,pass,,50,50,0
0xaa610,game_engine_oddball_default,leaf,game_engine.obj,pass,,50,50,0
0xaa6a0,game_engine_team_oddball_default,leaf,game_engine.obj,fail,divergence,0,50,1
0xaa730,build_game_variant_reverse_tag,leaf,game_engine.obj,pass,,50,50,0
0xaa7c0,game_engine_accumulation_default,leaf,game_engine.obj,pass,,50,50,0
0xaa860,build_game_variant_juggernaut,leaf,game_engine.obj,pass,,50,50,0
0xaa900,game_engine_stalker_default,leaf,game_engine.obj,pass,,50,50,0
0xaa9a0,game_engine_king_default,leaf,game_engine.obj,pass,,50,50,0
0xaaa20,build_game_variant_king_pro,leaf,game_engine.obj,pass,,50,50,0
0xaaab0,build_game_variant_crazy_king,leaf,game_engine.obj,pass,,50,50,0
0xaab30,game_engine_team_king_default,leaf,game_engine.obj,pass,,50,50,0
0xaabc0,game_engine_ctf_default,leaf,game_engine.obj,pass,,50,50,0
0xaac50,build_game_variant_ctf_pro,leaf,game_engine.obj,pass,,50,50,0
0xaace0,build_game_variant_invasion,leaf,game_engine.obj,pass,,50,50,0
0xaad70,game_engine_ironctf_default,leaf,game_engine.obj,pass,,50,50,0
0xaae00,game_engine_race_default,leaf,game_engine.obj,pass,,50,50,0
0xaae90,game_engine_rally_default,leaf,game_engine.obj,pass,,50,50,0
0xaaf20,game_engine_team_race_default,leaf,game_engine.obj,pass,,50,50,0
0xaafb0,build_game_variant_team_rally,leaf,game_engine.obj,pass,,50,50,0
0xab040,game_engine_override_map_name,stubbable,game_engine.obj,pass,,50,50,0
0xab070,game_engine_override_game_variant,stubbable,game_engine.obj,pass,,45,50,0
0xab090,FUN_000ab090,stubbable,game_engine.obj,pass,,49,50,0
0xab230,game_engine_hud_draw_messages,stubbable,game_engine.obj,pass,,50,50,0
0xab290,game_engine_player_has_stealth_weapon,stubbable,game_engine.obj,fail,divergence,44,50,0
0xab310,game_engine_weapon_fired,stubbable,game_engine.obj,fail,divergence,4,50,0
0xab420,game_engine_check_input_button,stubbable,game_engine.obj,not_applicable,"oracle_vacuous_early_exit: 69.8% coverage, identical entry-point path across 50 seeds",50,50,0
0xab450,ticks_to_unicode_time_string,stubbable,game_engine.obj,pass,,50,50,0
0xab510,game_engine_flag_reset,stubbable,game_engine.obj,pass,,50,50,0
0xab570,game_engine_variant_cleanup,stubbable,game_engine.obj,pass,,50,50,0
0xab720,game_engine_allow_pause,data_only,game_engine.obj,inconclusive,"vacuous_output: 1 unique return(s), no scratch or memory variation across 50 seeds",50,50,0
0xab730,game_engine_load_sounds,stubbable,game_engine.obj,not_applicable,"oracle_vacuous_early_exit: 79.6% coverage, identical entry-point path across 50 seeds",50,50,0
0xab9a0,game_engine_draw_object_in_motion_sensor,data_only,game_engine.obj,inconclusive,"vacuous_output: 1 unique return(s), no scratch or memory variation across 50 seeds",50,50,0
0xab9c0,game_engine_allow_dynamic_lighting,data_only,game_engine.obj,inconclusive,"vacuous_output: 1 unique return(s), no scratch or memory variation across 50 seeds",50,50,0
0xab9e0,game_engine_allow_integrated_lights,data_only,game_engine.obj,inconclusive,"vacuous_output: 1 unique return(s), no scratch or memory variation across 50 seeds",50,50,0
0xaba00,game_engine_can_pick_up_weapon,stubbable,game_engine.obj,not_applicable,"oracle_vacuous_early_exit: 61.7% coverage, identical entry-point path across 50 seeds",50,50,0
0xaba30,game_engine_initialize,stubbable,game_engine.obj,pass,,50,50,0
0xaba90,game_engine_teams_still_playing,stubbable,game_engine.obj,not_applicable,"oracle_vacuous_early_exit: 10.6% coverage, identical entry-point path across 50 seeds",50,50,0
0xabb90,FUN_000abb90,stubbable,game_engine.obj,not_applicable,"oracle_vacuous_early_exit: 11.1% coverage, identical entry-point path across 50 seeds",50,50,0
0xabc80,game_engine_game_over,stubbable,game_engine.obj,not_applicable,"oracle_vacuous_early_exit: 92.6% coverage, identical entry-point path across 50 seeds",50,50,0
0xabca0,FUN_000abca0,stubbable,game_engine.obj,pass,,50,50,0
0xabd20,FUN_000abd20,stubbable,game_engine.obj,pass,,50,50,0
0xabf50,FUN_000abf50,stubbable,game_engine.obj,fail,divergence,3,50,0
0xabfd0,FUN_000abfd0,stubbable,game_engine.obj,inconclusive,"vacuous_output: 1 unique return(s), no scratch or memory variation across 50 seeds",50,50,0
0xac030,FUN_000ac030,stubbable,game_engine.obj,error,timeout,0,0,0
0xac220,FUN_000ac220,stubbable,game_engine.obj,pass,,50,50,0
0xac3e0,FUN_000ac3e0,stubbable,game_engine.obj,fail,divergence,6,50,0
0xac4e0,game_engine_get_score_hud_text,stubbable,game_engine.obj,pass,,60,90,0
0xaca70,FUN_000aca70,stubbable,game_engine.obj,pass,,50,50,0
0xacb10,match_game_type,data_only,game_engine.obj,pass,,41,50,0
0xacbb0,game_engine_periodic_equipment_spawn,stubbable,game_engine.obj,not_applicable,"oracle_vacuous_early_exit: 14.0% coverage, identical entry-point path across 50 seeds",50,50,0
0xacd00,FUN_000acd00,stubbable,game_engine.obj,fail,divergence,38,85,0
0xacd70,game_engine_update_player_always_invis,stubbable,game_engine.obj,inconclusive,"vacuous_output: 0 unique return(s), no scratch or memory variation across 75 seeds",75,90,0
0xacdd0,game_engine_update_non_deterministic,stubbable,game_engine.obj,not_applicable,"oracle_vacuous_early_exit: 19.2% coverage, identical entry-point path across 60 seeds",60,60,0
0xaceb0,FUN_000aceb0,stubbable,game_engine.obj,not_applicable,"oracle_vacuous_early_exit: 67.7% coverage, identical entry-point path across 50 seeds",50,50,0
0xacef0,game_engine_hud_update_player,stubbable,game_engine.obj,pass,,50,50,0
0xacf90,game_show_score_team,stubbable,game_engine.obj,not_applicable,"oracle_vacuous_early_exit: 45.1% coverage, identical entry-point path across 50 seeds",50,50,0
0xacff0,game_show_score_you_ally_enemy,stubbable,game_engine.obj,pass,,50,50,0
0xad0c0,game_engine_player_event,stubbable,game_engine.obj,fail,divergence,4,50,0
0xad140,game_show_score,stubbable,game_engine.obj,inconclusive,"vacuous_output: 0 unique return(s), no scratch or memory variation across 50 seeds",50,50,0
0xad160,find_netgame_flags,stubbable,game_engine.obj,pass,,50,50,0
0xad270,find_netgame_flag,stubbable,game_engine.obj,pass,,50,50,0
0xad2b0,FUN_000ad2b0,stubbable,game_engine.obj,pass,,50,50,0
0xad3e0,game_engine_postspawn_player_update,stubbable,game_engine.obj,pass,,50,50,0
0xad530,game_engine_get_damage_multiplier,data_only,game_engine.obj,pass,,68,80,0
0xad600,game_engine_player_update_netgame_flag,stubbable,game_engine.obj,fail,divergence,0,50,0
0xad9b0,game_engine_get_distance_rating_for_spawn,stubbable,game_engine.obj,pass,,65,65,0
0xadb20,FUN_000adb20,stubbable,game_engine.obj,pass,,50,50,0
0xadc40,FUN_000adc40,stubbable,game_engine.obj,pass,,55,90,0
0xadcf0,game_engine_get_starting_location_rating,stubbable,game_engine.obj,not_applicable,"oracle_vacuous_early_exit: 57.3% coverage, identical entry-point path across 64 seeds",64,65,0
0xadd50,game_engine_get_variant_by_name,stubbable,game_engine.obj,fail,divergence,0,50,0
0xae310,game_engine_did_player_win,stubbable,game_engine.obj,not_applicable,"oracle_vacuous_early_exit: 86.1% coverage, identical entry-point path across 50 seeds",50,50,0
0xae340,FUN_000ae340,stubbable,game_engine.obj,not_applicable,"oracle_vacuous_early_exit: 38.8% coverage, identical entry-point path across 50 seeds",50,50,0
0xae3c0,FUN_000ae3c0,stubbable,game_engine.obj,fail,divergence,0,50,0
0xae400,FUN_000ae400,stubbable,game_engine.obj,inconclusive,"vacuous_output: 0 unique return(s), no scratch or memory variation across 50 seeds",50,50,0
0xae460,FUN_000ae460,stubbable,game_engine.obj,not_applicable,"oracle_vacuous_early_exit: 44.7% coverage, identical entry-point path across 50 seeds",50,50,0
0xae4d0,game_engine_validate_map_netgame_flags,stubbable,game_engine.obj,fail,divergence,0,50,0
0xae750,game_engine_playlist_initialize,stubbable,game_engine.obj,fail,divergence,0,50,0
0xae760,game_engine_initialize_for_new_map,stubbable,game_engine.obj,fail,divergence,0,50,0
0xae7e0,game_engine_player_added,stubbable,game_engine.obj,fail,divergence,1,50,0
0xae920,FUN_000ae920,stubbable,game_engine.obj,error,emulation_error,0,50,0
0xaf370,game_engine_update,stubbable,game_engine.obj,not_applicable,"oracle_vacuous_early_exit: 17.7% coverage, identical entry-point path across 60 seeds",60,85,0
0xaf660,game_engine_player_killed,stubbable,game_engine.obj,fail,divergence,82,90,0
0xaf9a0,FUN_000af9a0,stubbable,game_engine.obj,not_applicable,"oracle_vacuous_early_exit: 30.5% coverage, identical entry-point path across 55 seeds",55,55,0
0xafa40,FUN_000afa40,stubbable,game_engine.obj,error,emulation_error,0,50,0
0xafcb0,FUN_000afcb0,stubbable,game_engine.obj,inconclusive,"vacuous_output: 0 unique return(s), no scratch or memory variation across 65 seeds",65,65,0
0xafdf0,FUN_000afdf0,stubbable,game_engine.obj,inconclusive,"vacuous_output: 0 unique return(s), no scratch or memory variation across 60 seeds",60,60,0
0xafe50,FUN_000afe50,stubbable,game_engine.obj,fail,divergence,0,50,0
0xaff20,FUN_000aff20,stubbable,game_engine.obj,inconclusive,"vacuous_output: 0 unique return(s), no scratch or memory variation across 50 seeds",50,50,0
0xaff70,ctf_player_added,stubbable,game_engine.obj,pass,,50,50,0
0xb0000,FUN_000b0000,stubbable,game_engine.obj,fail,divergence,3,50,0
0xb00c0,FUN_000b00c0,stubbable,game_engine.obj,inconclusive,"vacuous_output: 0 unique return(s), no scratch or memory variation across 90 seeds",90,90,0
0xb0100,FUN_000b0100,stubbable,game_engine.obj,not_applicable,"oracle_vacuous_early_exit: 47.5% coverage, identical entry-point path across 50 seeds",50,50,0
0xb0170,ctf_allow_weapon_pick_up,stubbable,game_engine.obj,inconclusive,"vacuous_output: 1 unique return(s), no scratch or memory variation across 50 seeds",50,50,0
0xb0210,ctf_get_score_hud_text,stubbable,game_engine.obj,pass,,50,50,0
0xb04a0,FUN_000b04a0,stubbable,game_engine.obj,not_applicable,"oracle_vacuous_early_exit: 90.6% coverage, identical entry-point path across 50 seeds",50,50,0
0xb04e0,ctf_get_player_score,stubbable,game_engine.obj,pass,,50,50,0
0xb0520,FUN_000b0520,leaf,game_engine.obj,pass,,50,50,0
0xb0530,ctf_get_player_score_string,stubbable,game_engine.obj,pass,,50,50,0
0xb0570,ctf_get_score_header_string,stubbable,game_engine.obj,pass,,50,50,0
0xb0590,ctf_get_team_score_string,stubbable,game_engine.obj,pass,,50,50,0
0xb05c0,ctf_initialize_for_new_map,stubbable,game_engine.obj,fail,divergence,0,50,0
0xb0990,cheats_apply,stubbable,game_engine.obj,pass,,50,50,0
0xb09e0,FUN_000b09e0,stubbable,game_engine.obj,pass,,80,80,0
0xb0a70,FUN_000b0a70,data_only,game_engine.obj,pass,,50,50,0
0xb0ac0,FUN_000b0ac0,stubbable,game_engine.obj,pass,,50,50,0
0xb0c10,ctf_spawn_equipment,stubbable,game_engine.obj,not_applicable,"oracle_vacuous_early_exit: 9.5% coverage, identical entry-point path across 50 seeds",50,50,0
0xb0ed0,ctf_unit_can_enter_seat,stubbable,game_engine.obj,pass,,50,50,0
0xb1030,ctf_get_starting_location_rating,stubbable,game_engine.obj,pass,,50,50,0
0xb1180,FUN_000b1180,stubbable,game_engine.obj,fail,divergence,0,50,0
0xb14e0,king_player_added,stubbable,game_engine.obj,pass,,50,50,0
0xb1570,FUN_000b1570,stubbable,game_engine.obj,pass,,50,50,0
0xb1600,FUN_000b1600,stubbable,game_engine.obj,fail,divergence,0,50,0
0xb1760,FUN_000b1760,stubbable,game_engine.obj,not_applicable,"oracle_vacuous_early_exit: 20.3% coverage, identical entry-point path across 50 seeds",50,50,0
0xb1940,king_get_score_hud_text,stubbable,game_engine.obj,fail,divergence,49,50,0
0xb1a60,king_get_player_score,stubbable,game_engine.obj,pass,,50,50,0
0xb1aa0,FUN_000b1aa0,data_only,game_engine.obj,inconclusive,"vacuous_output: 0 unique return(s), no scratch or memory variation across 50 seeds",50,50,0
0xb1b30,FUN_000b1b30,stubbable,game_engine.obj,pass,,50,50,0
0xb1de0,king_get_player_score_string,stubbable,game_engine.obj,pass,,50,50,0
0xb1e20,king_get_score_header_string,stubbable,game_engine.obj,pass,,50,50,0
0xb1e40,king_get_team_score_string,stubbable,game_engine.obj,pass,,50,50,0
0xb1e70,FUN_000b1e70,leaf,game_engine.obj,fail,divergence,10,50,0
0xb1e90,FUN_000b1e90,stubbable,game_engine.obj,pass,,75,75,0
0xb1f00,king_initialize_for_new_map,stubbable,game_engine.obj,not_applicable,"oracle_vacuous_early_exit: 53.2% coverage, identical entry-point path across 70 seeds",70,70,0
0xb2010,FUN_000b2010,stubbable,game_engine.obj,inconclusive,"vacuous_output: 0 unique return(s), no scratch or memory variation across 65 seeds",65,70,0
0xb23b0,FUN_000b23b0,stubbable,game_engine.obj,inconclusive,"vacuous_output: 0 unique return(s), no scratch or memory variation across 70 seeds",70,70,0
0xb24c0,game_engine_play_score_sound,stubbable,game_engine.obj,not_applicable,"oracle_vacuous_early_exit: 42.9% coverage, identical entry-point path across 50 seeds",50,50,0
0xb2540,game_engine_score_tick,stubbable,game_engine.obj,inconclusive,"vacuous_output: 0 unique return(s), no scratch or memory variation across 65 seeds",65,65,0
0xb2590,game_engine_get_score_sound_duration,stubbable,game_engine.obj,not_applicable,"oracle_vacuous_early_exit: 33.0% coverage, identical entry-point path across 50 seeds",50,50,0
0xb2610,game_engine_post_event,stubbable,game_engine.obj,fail,divergence,0,50,0
0xb2660,game_engine_score_reset,stubbable,game_engine.obj,inconclusive,"vacuous_output: 0 unique return(s), no scratch or memory variation across 50 seeds",50,50,0
0xb26b0,oddball_player_added,stubbable,game_engine.obj,pass,,50,50,0
0xb2740,FUN_000b2740,stubbable,game_engine.obj,pass,,50,50,0
0xb2890,FUN_000b2890,stubbable,game_engine.obj,not_applicable,"oracle_vacuous_early_exit: 51.1% coverage, identical entry-point path across 50 seeds",50,50,0
0xb28c0,FUN_000b28c0,stubbable,game_engine.obj,not_applicable,"oracle_vacuous_early_exit: 38.8% coverage, identical entry-point path across 50 seeds",50,50,0
0xb2900,oddball_get_score_hud_text,stubbable,game_engine.obj,pass,,47,50,0
0xb2b00,FUN_000b2b00,stubbable,game_engine.obj,not_applicable,"oracle_vacuous_early_exit: 90.6% coverage, identical entry-point path across 50 seeds",50,50,0
0xb2b40,oddball_get_player_score,stubbable,game_engine.obj,pass,,50,50,0
0xb2bc0,FUN_000b2bc0,stubbable,game_engine.obj,not_applicable,"oracle_vacuous_early_exit: 84.2% coverage, identical entry-point path across 50 seeds",50,50,0
0xb2be0,FUN_000b2be0,stubbable,game_engine.obj,pass,,50,50,0
0xb2c00,FUN_000b2c00,stubbable,game_engine.obj,inconclusive,"vacuous_output: 1 unique return(s), no scratch or memory variation across 50 seeds",50,50,0
0xb2c50,oddball_get_player_score_string,stubbable,game_engine.obj,pass,,50,50,0
0xb2ca0,oddball_get_score_header_string,stubbable,game_engine.obj,pass,,50,50,0
0xb2ce0,oddball_get_team_score_string,stubbable,game_engine.obj,pass,,50,50,0
0xb2d30,FUN_000b2d30,stubbable,game_engine.obj,fail,divergence,0,50,0
0xb2e70,FUN_000b2e70,stubbable,game_engine.obj,fail,divergence,0,50,0
0xb3090,FUN_000b3090,stubbable,game_engine.obj,pass,,50,50,0
0xb3120,FUN_000b3120,stubbable,game_engine.obj,fail,divergence,0,50,0
0xb32e0,oddball_spawn_equipment,stubbable,game_engine.obj,not_applicable,"oracle_vacuous_early_exit: 27.7% coverage, identical entry-point path across 50 seeds",50,50,0
0xb3470,FUN_000b3470,stubbable,game_engine.obj,not_applicable,"oracle_vacuous_early_exit: 5.5% coverage, identical entry-point path across 50 seeds",50,50,0
0xb3630,oddball_unit_can_enter_seat,stubbable,game_engine.obj,pass,,50,50,0
0xb36f0,FUN_000b36f0,stubbable,game_engine.obj,not_applicable,"oracle_vacuous_early_exit: 43.1% coverage, identical entry-point path across 50 seeds",50,50,0
0xb3860,FUN_000b3860,stubbable,game_engine.obj,not_applicable,"oracle_vacuous_early_exit: 24.6% coverage, identical entry-point path across 50 seeds",50,50,0
0xb3900,race_player_added,stubbable,game_engine.obj,pass,,50,50,0
0xb39a0,FUN_000b39a0,stubbable,game_engine.obj,pass,,50,50,0
0xb3b30,FUN_000b3b30,stubbable,game_engine.obj,fail,divergence,46,90,0
0xb3c60,FUN_000b3c60,stubbable,game_engine.obj,not_applicable,"oracle_vacuous_early_exit: 48.1% coverage, identical entry-point path across 50 seeds",50,50,0
0xb3cf0,FUN_000b3cf0,stubbable,game_engine.obj,not_applicable,"oracle_vacuous_early_exit: 37.9% coverage, identical entry-point path across 50 seeds",50,50,0
0xb3df0,race_engine_display_score,stubbable,game_engine.obj,not_applicable,"oracle_vacuous_early_exit: 6.7% coverage, identical entry-point path across 50 seeds",50,50,0
0x1c7030,game_sound_initialize,stubbable,game_sound.obj,inconclusive,"vacuous_output: 0 unique return(s), no scratch or memory variation across 50 seeds",50,50,0
0x1c7060,game_sound_dispose,data_only,game_sound.obj,not_applicable,"oracle_vacuous_early_exit: 50.0% coverage, identical entry-point path across 50 seeds",50,50,0
0x1c7080,game_sound_initialize_for_new_map,stubbable,game_sound.obj,not_applicable,"oracle_vacuous_early_exit: 23.3% coverage, identical entry-point path across 50 seeds",50,50,0
0x1c7330,game_looping_sound_delete,stubbable,game_sound.obj,pass,,50,50,0
0x1c73d0,unattached_impulse_sound_new,stubbable,game_sound.obj,pass,,50,50,0
0x1c7480,sound_impulse_start,stubbable,game_sound.obj,inconclusive,"vacuous_output: 1 unique return(s), no scratch or memory variation across 50 seeds",50,50,0
0x1c7a10,FUN_001c7a10,stubbable,game_sound.obj,pass,,50,50,0
0x1c7c30,sound_cluster_is_audible,stubbable,game_sound.obj,pass,,50,50,0
0x1c7e40,game_sound_dispose_from_old_map,stubbable,game_sound.obj,not_applicable,"oracle_vacuous_early_exit: 29.4% coverage, identical entry-point path across 50 seeds",50,50,0
0x1c7e70,object_impulse_sound_new,stubbable,game_sound.obj,pass,,50,50,0
0x1c80e0,sound_looping_stop,stubbable,game_sound.obj,pass,,50,50,0
0x1c8140,game_sound_update,stubbable,game_sound.obj,error,timeout,0,0,0
0x1c8310,sound_compute_source_obstruction,stubbable,game_sound.obj,pass,,50,50,0
0x1c8510,sound_looping_start,stubbable,game_sound.obj,fail,divergence,29,75,0
0x1c8c80,game_sound_set_music_volume,stubbable,game_sound.obj,pass,,50,50,0
0x1c6ca0,FUN_001c6ca0,stubbable,game_sound.obj,pass,,50,50,0
0x1c6d20,FUN_001c6d20,stubbable,game_sound.obj,pass,,50,50,0
0x1c6d90,FUN_001c6d90,stubbable,game_sound.obj,pass,,50,50,0
0x1c6ed0,FUN_001c6ed0,stubbable,game_sound.obj,pass,,50,50,0
0x1c6fb0,FUN_001c6fb0,stubbable,game_sound.obj,pass,,50,50,0
0x1c70b0,game_sound_clear,stubbable,game_sound.obj,not_applicable,"oracle_vacuous_early_exit: 63.2% coverage, identical entry-point path across 50 seeds",50,50,0
0x1c7160,game_sound_restore,stubbable,game_sound.obj,error,timeout,0,0,0
0x1c7230,game_looping_sound_new,stubbable,game_sound.obj,pass,,50,50,0
0x1c7500,scripted_sound_time,stubbable,game_sound.obj,fail,divergence,47,50,0
0x1c7550,scripted_sound_stop,stubbable,game_sound.obj,pass,,50,50,0
0x1c75a0,scripted_foley_predict,stubbable,game_sound.obj,pass,,75,75,0
0x1c76c0,scripted_looping_sound_set_alternate,stubbable,game_sound.obj,pass,,50,50,0
0x1c7710,unattached_looping_sound_start,stubbable,game_sound.obj,fail,divergence,0,50,0
0x1c7770,unattached_looping_sound_stop,stubbable,game_sound.obj,pass,,50,50,0
0x1c7ca0,FUN_001c7ca0,stubbable,game_sound.obj,pass,,50,50,0
0x1c7d10,game_sound_music_has_vehicle_sound,stubbable,game_sound.obj,pass,,70,70,0
0x1c7d70,game_sound_music_stop_for_vehicle,stubbable,game_sound.obj,error,timeout,0,0,0
0x1bf870,game_state_dispose_from_old_map,leaf,game_state.obj,pass,,50,50,0
0x1bf760,FUN_001bf760,leaf,game_state.obj,pass,,50,50,0
0x1c0220,xbox_game_state_dispose_buffer,stubbable,game_state_xbox.obj,not_applicable,"oracle_vacuous_early_exit: 61.4% coverage, identical entry-point path across 50 seeds",50,50,0
0x1c0260,game_state_create_or_open_file,stubbable,game_state_xbox.obj,inconclusive,"vacuous_output: 0 unique return(s), no scratch or memory variation across 65 seeds",65,65,0
0x1c0330,xbox_game_state_close_file,stubbable,game_state_xbox.obj,not_applicable,"oracle_vacuous_early_exit: 61.4% coverage, identical entry-point path across 50 seeds",50,50,0
0x1c0370,game_state_write_to_file,stubbable,game_state_xbox.obj,inconclusive,"vacuous_output: 1 unique return(s), no scratch or memory variation across 65 seeds",65,65,0
0x1c0450,game_state_read_from_file,stubbable,game_state_xbox.obj,inconclusive,"vacuous_output: 1 unique return(s), no scratch or memory variation across 65 seeds",65,65,0
0x1c0600,game_state_read_core_header,stubbable,game_state_xbox.obj,fail,divergence,0,50,0
0x1c0680,game_state_read_core,stubbable,game_state_xbox.obj,fail,divergence,0,50,0
0x1c0720,FUN_001c0720,data_only,game_state_xbox.obj,inconclusive,"vacuous_output: 1 unique return(s), no scratch or memory variation across 50 seeds",50,50,0
0x1c0750,FUN_001c0750,stubbable,game_state_xbox.obj,not_applicable,"oracle_vacuous_early_exit: 73.9% coverage, identical entry-point path across 50 seeds",50,50,0
0x1c0910,game_state_read_header_from_persistent_storage,stubbable,game_state_xbox.obj,pass,,50,50,0
0x1c0c20,FUN_001c0c20,stubbable,game_state_xbox.obj,pass,,50,50,0
0x1c0cd0,FUN_001c0cd0,stubbable,game_state_xbox.obj,inconclusive,"vacuous_output: 0 unique return(s), no scratch or memory variation across 50 seeds",50,50,0
0x1c0cf0,FUN_001c0cf0,stubbable,game_state_xbox.obj,not_applicable,"oracle_vacuous_early_exit: 29.0% coverage, identical entry-point path across 50 seeds",50,65,0
0x1c0d70,FUN_001c0d70,stubbable,game_state_xbox.obj,inconclusive,"vacuous_output: 0 unique return(s), no scratch or memory variation across 50 seeds",50,50,0
0x1c0ed0,FUN_001c0ed0,leaf,game_state_xbox.obj,inconclusive,"vacuous_output: 1 unique return(s), no scratch or memory variation across 50 seeds",50,50,0
0x1c1290,player_profile_set_to_default,stubbable,game_state_xbox.obj,pass,,50,50,0
0x1c1950,FUN_001c1950,stubbable,game_state_xbox.obj,pass,,50,50,0
0x1c19c0,FUN_001c19c0,stubbable,game_state_xbox.obj,inconclusive,"vacuous_output: 1 unique return(s), no scratch or memory variation across 50 seeds",50,50,0
0xb5640,game_statistics_start,data_only,game_statistics.obj,inconclusive,"vacuous_output: 0 unique return(s), no scratch or memory variation across 50 seeds",50,50,0
0xb5650,game_statistics_stop,stubbable,game_statistics.obj,not_applicable,"oracle_vacuous_early_exit: 39.4% coverage, identical entry-point path across 50 seeds",50,50,0
0xb56e0,game_statistics_record_damage,leaf,game_statistics.obj,pass,,50,50,0
0xb56f0,FUN_000b56f0,stubbable,game_statistics.obj,pass,,65,65,0
0xb5990,game_time_initialized,data_only,game_time.obj,not_applicable,"oracle_vacuous_early_exit: 73.9% coverage, identical entry-point path across 50 seeds",50,50,0
0xb59b0,game_time_initialize,stubbable,game_time.obj,inconclusive,"vacuous_output: 0 unique return(s), no scratch or memory variation across 50 seeds",50,50,0
0xb59e0,game_time_initialize_for_new_map,stubbable,game_time.obj,pass,,60,60,0
0xb5a30,game_time_dispose_from_old_map,data_only,game_time.obj,inconclusive,"vacuous_output: 0 unique return(s), no scratch or memory variation across 50 seeds",50,50,0
0xb5a50,game_time_dispose,leaf,game_time.obj,pass,,50,50,0
0xb5a60,game_time_end,stubbable,game_time.obj,inconclusive,"vacuous_output: 0 unique return(s), no scratch or memory variation across 55 seeds",55,55,0
0xb5aa0,game_time_get,stubbable,game_time.obj,not_applicable,"oracle_vacuous_early_exit: 78.2% coverage, identical entry-point path across 50 seeds",50,50,0
0xb5ae0,game_time_get_elapsed,stubbable,game_time.obj,not_applicable,"oracle_vacuous_early_exit: 76.8% coverage, identical entry-point path across 50 seeds",50,50,0
0xb5b20,local_time_get,stubbable,game_time.obj,not_applicable,"oracle_vacuous_early_exit: 78.2% coverage, identical entry-point path across 50 seeds",50,50,0
0xb5b60,local_time_get_elapsed,stubbable,game_time.obj,not_applicable,"oracle_vacuous_early_exit: 76.8% coverage, identical entry-point path across 50 seeds",50,50,0
0xb5ba0,game_predicting,stubbable,game_time.obj,not_applicable,"oracle_vacuous_early_exit: 87.8% coverage, identical entry-point path across 50 seeds",50,50,0
0xb5be0,game_in_progress,stubbable,game_time.obj,inconclusive,"vacuous_output: 1 unique return(s), no scratch or memory variation across 60 seeds",60,60,0
0xb5c30,game_time_get_paused,stubbable,game_time.obj,inconclusive,"vacuous_output: 1 unique return(s), no scratch or memory variation across 55 seeds",55,55,0
0xb5c70,game_time_set_paused,stubbable,game_time.obj,pass,,55,55,0
0xb5cc0,game_time_get_speed,stubbable,game_time.obj,pass,,55,55,0
0xb5d00,game_time_set_speed,stubbable,game_time.obj,pass,,55,55,0
0xb5d50,game_time_statistics_new,data_only,game_time.obj,inconclusive,"vacuous_output: 0 unique return(s), no scratch or memory variation across 50 seeds",50,50,0
0xb5d60,game_time_statistics_frame,stubbable,game_time.obj,pass,,65,65,0
0xb5f40,game_time_start,stubbable,game_time.obj,inconclusive,"vacuous_output: 0 unique return(s), no scratch or memory variation across 55 seeds",55,55,0
0xb6020,game_time_update,stubbable,game_time.obj,not_applicable,"oracle_vacuous_early_exit: 4.4% coverage, identical entry-point path across 60 seeds",60,60,0
0xc0bb0,hs_evaluate_ai_force_active_by_unit,stubbable,hs.obj,not_applicable,"oracle_vacuous_early_exit: 55.4% coverage, identical entry-point path across 50 seeds",50,50,0
0xc0bf0,hs_evaluate_ai_set_return_state,stubbable,hs.obj,not_applicable,"oracle_vacuous_early_exit: 54.4% coverage, identical entry-point path across 50 seeds",50,50,0
0xc0c30,hs_evaluate_ai_set_current_state,stubbable,hs.obj,not_applicable,"oracle_vacuous_early_exit: 54.4% coverage, identical entry-point path across 50 seeds",50,50,0
0xc0c70,hs_evaluate_ai_playfight,stubbable,hs.obj,not_applicable,"oracle_vacuous_early_exit: 55.4% coverage, identical entry-point path across 50 seeds",50,50,0
0xc0cb0,hs_evaluate_ai_reconnect,stubbable,hs.obj,inconclusive,"vacuous_output: 0 unique return(s), no scratch or memory variation across 50 seeds",50,50,0
0xc0cd0,hs_evaluate_ai_vehicle_encounter,stubbable,hs.obj,not_applicable,"oracle_vacuous_early_exit: 57.4% coverage, identical entry-point path across 50 seeds",50,50,0
0xc0d10,hs_evaluate_ai_vehicle_enterable_distance,stubbable,hs.obj,not_applicable,"oracle_vacuous_early_exit: 54.4% coverage, identical entry-point path across 50 seeds",50,50,0
0xc0d50,hs_evaluate_ai_vehicle_enterable_team,stubbable,hs.obj,not_applicable,"oracle_vacuous_early_exit: 54.4% coverage, identical entry-point path across 50 seeds",50,50,0
0xc0d90,hs_evaluate_ai_vehicle_enterable_actor_type,stubbable,hs.obj,not_applicable,"oracle_vacuous_early_exit: 54.4% coverage, identical entry-point path across 50 seeds",50,50,0
0xc0dd0,hs_evaluate_ai_vehicle_enterable_actors,stubbable,hs.obj,not_applicable,"oracle_vacuous_early_exit: 57.4% coverage, identical entry-point path across 50 seeds",50,50,0
0xc0e10,hs_evaluate_ai_vehicle_enterable_disable,stubbable,hs.obj,not_applicable,"oracle_vacuous_early_exit: 62.0% coverage, identical entry-point path across 50 seeds",50,50,0
0xc0e50,hs_evaluate_ai_look_at_object,stubbable,hs.obj,not_applicable,"oracle_vacuous_early_exit: 57.4% coverage, identical entry-point path across 50 seeds",50,50,0
0xc0e90,hs_evaluate_ai_stop_looking,stubbable,hs.obj,not_applicable,"oracle_vacuous_early_exit: 62.0% coverage, identical entry-point path across 50 seeds",50,50,0
0xc0ed0,hs_evaluate_ai_automatic_migration_target,stubbable,hs.obj,not_applicable,"oracle_vacuous_early_exit: 55.4% coverage, identical entry-point path across 50 seeds",50,50,0
0xc0f10,hs_evaluate_ai_follow_target_disable,stubbable,hs.obj,not_applicable,"oracle_vacuous_early_exit: 62.0% coverage, identical entry-point path across 50 seeds",50,50,0
0xc0f50,hs_evaluate_ai_follow_target_players,stubbable,hs.obj,not_applicable,"oracle_vacuous_early_exit: 62.0% coverage, identical entry-point path across 50 seeds",50,50,0
0xc0f90,hs_evaluate_ai_follow_target_unit,stubbable,hs.obj,not_applicable,"oracle_vacuous_early_exit: 57.4% coverage, identical entry-point path across 50 seeds",50,50,0
0xc0fd0,hs_evaluate_ai_follow_target_ai,stubbable,hs.obj,not_applicable,"oracle_vacuous_early_exit: 57.4% coverage, identical entry-point path across 50 seeds",50,50,0
0xc1010,hs_evaluate_ai_follow_distance,stubbable,hs.obj,not_applicable,"oracle_vacuous_early_exit: 54.4% coverage, identical entry-point path across 50 seeds",50,50,0
0xc1050,hs_evaluate_ai_conversation_stop,stubbable,hs.obj,not_applicable,"oracle_vacuous_early_exit: 58.5% coverage, identical entry-point path across 50 seeds",50,50,0
0xc1090,hs_evaluate_ai_conversation_advance,stubbable,hs.obj,not_applicable,"oracle_vacuous_early_exit: 58.5% coverage, identical entry-point path across 50 seeds",50,50,0
0xc10d0,hs_evaluate_ai_link_activation,stubbable,hs.obj,not_applicable,"oracle_vacuous_early_exit: 57.4% coverage, identical entry-point path across 50 seeds",50,50,0
0xc1110,hs_evaluate_ai_berserk,stubbable,hs.obj,not_applicable,"oracle_vacuous_early_exit: 55.4% coverage, identical entry-point path across 50 seeds",50,50,0
0xc1150,hs_evaluate_ai_set_team,stubbable,hs.obj,not_applicable,"oracle_vacuous_early_exit: 54.4% coverage, identical entry-point path across 50 seeds",50,50,0
0xc1190,hs_evaluate_ai_allow_charge,stubbable,hs.obj,not_applicable,"oracle_vacuous_early_exit: 55.4% coverage, identical entry-point path across 50 seeds",50,50,0
0xc11d0,hs_evaluate_ai_allow_dormant,stubbable,hs.obj,not_applicable,"oracle_vacuous_early_exit: 55.4% coverage, identical entry-point path across 50 seeds",50,50,0
0xc1210,hs_evaluate_ai_is_attacking,stubbable,hs.obj,not_applicable,"oracle_vacuous_early_exit: 63.1% coverage, identical entry-point path across 50 seeds",50,50,0
0xc1260,hs_evaluate_ai_command_list_status,stubbable,hs.obj,not_applicable,"oracle_vacuous_early_exit: 62.1% coverage, identical entry-point path across 50 seeds",50,50,0
0xc12b0,hs_evaluate_ai_going_to_vehicle,stubbable,hs.obj,not_applicable,"oracle_vacuous_early_exit: 62.1% coverage, identical entry-point path across 50 seeds",50,50,0
0xc1300,hs_evaluate_ai_living_count,stubbable,hs.obj,not_applicable,"oracle_vacuous_early_exit: 62.1% coverage, identical entry-point path across 50 seeds",50,50,0
0xc1350,hs_evaluate_ai_living_fraction,stubbable,hs.obj,not_applicable,"oracle_vacuous_early_exit: 58.6% coverage, identical entry-point path across 50 seeds",50,50,0
0xc1390,hs_evaluate_ai_strength,stubbable,hs.obj,not_applicable,"oracle_vacuous_early_exit: 58.6% coverage, identical entry-point path across 50 seeds",50,50,0
0xc13d0,hs_evaluate_ai_swarm_count,stubbable,hs.obj,not_applicable,"oracle_vacuous_early_exit: 62.1% coverage, identical entry-point path across 50 seeds",50,50,0
0xc1420,hs_evaluate_ai_nonswarm_count,stubbable,hs.obj,not_applicable,"oracle_vacuous_early_exit: 62.1% coverage, identical entry-point path across 50 seeds",50,50,0
0xc1470,hs_evaluate_ai_actors,stubbable,hs.obj,not_applicable,"oracle_vacuous_early_exit: 63.3% coverage, identical entry-point path across 50 seeds",50,50,0
0xc14b0,hs_evaluate_ai_status,stubbable,hs.obj,not_applicable,"oracle_vacuous_early_exit: 62.1% coverage, identical entry-point path across 50 seeds",50,50,0
0xc1500,hs_evaluate_ai_conversation,stubbable,hs.obj,not_applicable,"oracle_vacuous_early_exit: 60.3% coverage, identical entry-point path across 50 seeds",50,50,0
0xc1550,hs_evaluate_ai_conversation_line,stubbable,hs.obj,not_applicable,"oracle_vacuous_early_exit: 59.4% coverage, identical entry-point path across 50 seeds",50,50,0
0xc15a0,hs_evaluate_ai_conversation_status,stubbable,hs.obj,not_applicable,"oracle_vacuous_early_exit: 59.4% coverage, identical entry-point path across 50 seeds",50,50,0
0xc15f0,hs_evaluate_ai_allegiance_broken,stubbable,hs.obj,not_applicable,"oracle_vacuous_early_exit: 56.2% coverage, identical entry-point path across 50 seeds",50,50,0
0xc1640,hs_evaluate_camera_control,stubbable,hs.obj,not_applicable,"oracle_vacuous_early_exit: 59.6% coverage, identical entry-point path across 50 seeds",50,50,0
0xc1680,hs_evaluate_camera_set,stubbable,hs.obj,not_applicable,"oracle_vacuous_early_exit: 53.4% coverage, identical entry-point path across 50 seeds",50,50,0
0xc16c0,hs_evaluate_camera_set_relative,stubbable,hs.obj,not_applicable,"oracle_vacuous_early_exit: 48.4% coverage, identical entry-point path across 50 seeds",50,50,0
0xc1700,hs_evaluate_camera_set_animation,stubbable,hs.obj,not_applicable,"oracle_vacuous_early_exit: 57.4% coverage, identical entry-point path across 50 seeds",50,50,0
0xc1740,hs_evaluate_camera_set_first_person,stubbable,hs.obj,not_applicable,"oracle_vacuous_early_exit: 62.0% coverage, identical entry-point path across 50 seeds",50,50,0
0xc1780,hs_evaluate_camera_set_dead,stubbable,hs.obj,not_applicable,"oracle_vacuous_early_exit: 62.0% coverage, identical entry-point path across 50 seeds",50,50,0
0xc17c0,hs_evaluate_camera_time,stubbable,hs.obj,inconclusive,"vacuous_output: 0 unique return(s), no scratch or memory variation across 50 seeds",50,50,0
0xc17f0,hs_evaluate_debug_camera_save,stubbable,hs.obj,inconclusive,"vacuous_output: 0 unique return(s), no scratch or memory variation across 50 seeds",50,50,0
0xc1810,hs_evaluate_debug_camera_load,stubbable,hs.obj,inconclusive,"vacuous_output: 0 unique return(s), no scratch or memory variation across 50 seeds",50,50,0
0xc1830,hs_evaluate_game_speed,stubbable,hs.obj,not_applicable,"oracle_vacuous_early_exit: 62.0% coverage, identical entry-point path across 50 seeds",50,50,0
0xc1870,hs_evaluate_game_variant,stubbable,hs.obj,not_applicable,"oracle_vacuous_early_exit: 62.0% coverage, identical entry-point path across 50 seeds",50,50,0
0xc18b0,hs_evaluate_game_time,stubbable,hs.obj,inconclusive,"vacuous_output: 0 unique return(s), no scratch or memory variation across 50 seeds",50,50,0
0xc18d0,hs_evaluate_game_difficulty_get,stubbable,hs.obj,inconclusive,"vacuous_output: 0 unique return(s), no scratch or memory variation across 50 seeds",50,50,0
0xc1900,hs_evaluate_game_difficulty_get_real,stubbable,hs.obj,inconclusive,"vacuous_output: 0 unique return(s), no scratch or memory variation across 50 seeds",50,50,0
0xc1930,hs_evaluate_players_unzoom_all,stubbable,hs.obj,inconclusive,"vacuous_output: 0 unique return(s), no scratch or memory variation across 50 seeds",50,50,0
0xc1950,hs_evaluate_player_enable_input,stubbable,hs.obj,not_applicable,"oracle_vacuous_early_exit: 59.6% coverage, identical entry-point path across 50 seeds",50,50,0
0xc1990,hs_evaluate_player_camera_control,stubbable,hs.obj,not_applicable,"oracle_vacuous_early_exit: 61.2% coverage, identical entry-point path across 50 seeds",50,50,0
0xc19e0,hs_evaluate_player_action_test_reset,stubbable,hs.obj,inconclusive,"vacuous_output: 0 unique return(s), no scratch or memory variation across 50 seeds",50,50,0
0xc1a00,hs_evaluate_player_action_test_jump,stubbable,hs.obj,inconclusive,"vacuous_output: 0 unique return(s), no scratch or memory variation across 50 seeds",50,50,0
0xc1a30,hs_evaluate_player_action_test_primary_trigger,stubbable,hs.obj,inconclusive,"vacuous_output: 0 unique return(s), no scratch or memory variation across 50 seeds",50,50,0
0xc1a60,hs_evaluate_player_action_test_grenade_trigger,stubbable,hs.obj,inconclusive,"vacuous_output: 0 unique return(s), no scratch or memory variation across 50 seeds",50,50,0
0xc1a90,hs_evaluate_player_action_test_zoom,stubbable,hs.obj,inconclusive,"vacuous_output: 0 unique return(s), no scratch or memory variation across 50 seeds",50,50,0
0xc1ac0,hs_evaluate_player_action_test_action,stubbable,hs.obj,inconclusive,"vacuous_output: 0 unique return(s), no scratch or memory variation across 50 seeds",50,50,0
0xc1af0,hs_evaluate_player_action_test_accept,stubbable,hs.obj,inconclusive,"vacuous_output: 0 unique return(s), no scratch or memory variation across 50 seeds",50,50,0
0xc1b20,hs_evaluate_player_action_test_back,stubbable,hs.obj,inconclusive,"vacuous_output: 0 unique return(s), no scratch or memory variation across 50 seeds",50,50,0
0xc1b50,hs_evaluate_player_action_test_look_relative_up,stubbable,hs.obj,inconclusive,"vacuous_output: 0 unique return(s), no scratch or memory variation across 50 seeds",50,50,0
0xc1b80,hs_evaluate_player_action_test_look_relative_down,stubbable,hs.obj,inconclusive,"vacuous_output: 0 unique return(s), no scratch or memory variation across 50 seeds",50,50,0
0xc1bb0,hs_evaluate_player_action_test_look_relative_left,stubbable,hs.obj,inconclusive,"vacuous_output: 0 unique return(s), no scratch or memory variation across 50 seeds",50,50,0
0xc1be0,hs_evaluate_player_action_test_look_relative_right,stubbable,hs.obj,inconclusive,"vacuous_output: 0 unique return(s), no scratch or memory variation across 50 seeds",50,50,0
0xc1c10,hs_evaluate_player_action_test_look_relative_all_directions,stubbable,hs.obj,inconclusive,"vacuous_output: 0 unique return(s), no scratch or memory variation across 50 seeds",50,50,0
0xc1c40,hs_evaluate_player_action_test_move_relative_all_directions,stubbable,hs.obj,inconclusive,"vacuous_output: 0 unique return(s), no scratch or memory variation across 50 seeds",50,50,0
0xc1c70,hs_evaluate_player_add_equipment,stubbable,hs.obj,not_applicable,"oracle_vacuous_early_exit: 49.2% coverage, identical entry-point path across 50 seeds",50,50,0
0xc1cb0,hs_evaluate_debug_teleport_player,stubbable,hs.obj,not_applicable,"oracle_vacuous_early_exit: 53.4% coverage, identical entry-point path across 50 seeds",50,50,0
0xc1cf0,hs_evaluate_map_reset,stubbable,hs.obj,inconclusive,"vacuous_output: 0 unique return(s), no scratch or memory variation across 50 seeds",50,50,0
0xc1d10,hs_evaluate_map_name,stubbable,hs.obj,not_applicable,"oracle_vacuous_early_exit: 62.0% coverage, identical entry-point path across 50 seeds",50,50,0
0xc1d50,hs_evaluate_multiplayer_map_name,stubbable,hs.obj,not_applicable,"oracle_vacuous_early_exit: 62.0% coverage, identical entry-point path across 50 seeds",50,50,0
0xc1d90,hs_evaluate_game_difficulty_set,stubbable,hs.obj,not_applicable,"oracle_vacuous_early_exit: 58.5% coverage, identical entry-point path across 50 seeds",50,50,0
0xc1dd0,hs_evaluate_crash,stubbable,hs.obj,not_applicable,"oracle_vacuous_early_exit: 62.0% coverage, identical entry-point path across 50 seeds",50,50,0
0xc1e10,hs_evaluate_switch_bsp,stubbable,hs.obj,not_applicable,"oracle_vacuous_early_exit: 58.5% coverage, identical entry-point path across 50 seeds",50,50,0
0xc1e50,hs_evaluate_structure_bsp_index,stubbable,hs.obj,inconclusive,"vacuous_output: 0 unique return(s), no scratch or memory variation across 50 seeds",50,50,0
0xc1e80,hs_evaluate_version,stubbable,hs.obj,inconclusive,"vacuous_output: 0 unique return(s), no scratch or memory variation across 50 seeds",50,50,0
0xc1ea0,hs_evaluate_playback,stubbable,hs.obj,inconclusive,"vacuous_output: 0 unique return(s), no scratch or memory variation across 50 seeds",50,50,0
0xc1ec0,hs_evaluate_texture_cache_flush,stubbable,hs.obj,inconclusive,"vacuous_output: 0 unique return(s), no scratch or memory variation across 50 seeds",50,50,0
0xc1ee0,hs_evaluate_sound_cache_flush,stubbable,hs.obj,inconclusive,"vacuous_output: 0 unique return(s), no scratch or memory variation across 50 seeds",50,50,0
0xc1f00,hs_evaluate_debug_memory,stubbable,hs.obj,inconclusive,"vacuous_output: 0 unique return(s), no scratch or memory variation across 50 seeds",50,50,0
0xc1f20,hs_evaluate_debug_memory_by_file,stubbable,hs.obj,inconclusive,"vacuous_output: 0 unique return(s), no scratch or memory variation across 50 seeds",50,50,0
0xc1f40,hs_evaluate_debug_memory_for_file,stubbable,hs.obj,not_applicable,"oracle_vacuous_early_exit: 62.0% coverage, identical entry-point path across 50 seeds",50,50,0
0xc1f80,hs_evaluate_debug_tags,stubbable,hs.obj,inconclusive,"vacuous_output: 0 unique return(s), no scratch or memory variation across 50 seeds",50,50,0
0xc1fa0,hs_evaluate_profile_reset,stubbable,hs.obj,inconclusive,"vacuous_output: 0 unique return(s), no scratch or memory variation across 50 seeds",50,50,0
0xc1fc0,hs_evaluate_profile_dump,stubbable,hs.obj,not_applicable,"oracle_vacuous_early_exit: 62.0% coverage, identical entry-point path across 50 seeds",50,50,0
0xc2000,hs_evaluate_profile_activate,stubbable,hs.obj,not_applicable,"oracle_vacuous_early_exit: 62.0% coverage, identical entry-point path across 50 seeds",50,50,0
0xc2040,hs_evaluate_profile_deactivate,stubbable,hs.obj,not_applicable,"oracle_vacuous_early_exit: 62.0% coverage, identical entry-point path across 50 seeds",50,50,0
0xc2080,hs_evaluate_profile_graph_toggle,stubbable,hs.obj,not_applicable,"oracle_vacuous_early_exit: 62.0% coverage, identical entry-point path across 50 seeds",50,50,0
0xc20c0,hs_evaluate_debug_pvs,stubbable,hs.obj,not_applicable,"oracle_vacuous_early_exit: 59.6% coverage, identical entry-point path across 50 seeds",50,50,0
0xc2100,hs_evaluate_radiosity_start,stubbable,hs.obj,inconclusive,"vacuous_output: 0 unique return(s), no scratch or memory variation across 50 seeds",50,50,0
0xc2120,hs_evaluate_radiosity_save,stubbable,hs.obj,inconclusive,"vacuous_output: 0 unique return(s), no scratch or memory variation across 50 seeds",50,50,0
0xc2140,hs_evaluate_radiosity_debug_point,stubbable,hs.obj,inconclusive,"vacuous_output: 0 unique return(s), no scratch or memory variation across 50 seeds",50,50,0
0xc2160,hs_evaluate_ai_lines,stubbable,hs.obj,inconclusive,"vacuous_output: 0 unique return(s), no scratch or memory variation across 50 seeds",50,50,0
0xc2180,hs_evaluate_ai_debug_sound_point_set,stubbable,hs.obj,inconclusive,"vacuous_output: 0 unique return(s), no scratch or memory variation across 50 seeds",50,50,0
0xc21a0,hs_evaluate_ai_debug_vocalize,stubbable,hs.obj,not_applicable,"oracle_vacuous_early_exit: 57.4% coverage, identical entry-point path across 50 seeds",50,50,0
0xc21e0,hs_evaluate_ai_debug_teleport_to,stubbable,hs.obj,not_applicable,"oracle_vacuous_early_exit: 62.0% coverage, identical entry-point path across 50 seeds",50,50,0
0xc2220,hs_evaluate_ai_debug_speak,stubbable,hs.obj,not_applicable,"oracle_vacuous_early_exit: 62.0% coverage, identical entry-point path across 50 seeds",50,50,0
0xc2260,hs_evaluate_ai_debug_speak_list,stubbable,hs.obj,not_applicable,"oracle_vacuous_early_exit: 62.0% coverage, identical entry-point path across 50 seeds",50,50,0
0xc22a0,hs_evaluate_fade_in,stubbable,hs.obj,not_applicable,"oracle_vacuous_early_exit: 42.5% coverage, identical entry-point path across 50 seeds",50,50,0
0xc22f0,hs_evaluate_fade_out,stubbable,hs.obj,not_applicable,"oracle_vacuous_early_exit: 42.5% coverage, identical entry-point path across 50 seeds",50,50,0
0xc2340,hs_evaluate_cinematic_start,stubbable,hs.obj,inconclusive,"vacuous_output: 0 unique return(s), no scratch or memory variation across 50 seeds",50,50,0
0xc2360,hs_evaluate_cinematic_stop,stubbable,hs.obj,inconclusive,"vacuous_output: 0 unique return(s), no scratch or memory variation across 50 seeds",50,50,0
0xc2380,hs_evaluate_cinematic_skip_start_internal,stubbable,hs.obj,inconclusive,"vacuous_output: 0 unique return(s), no scratch or memory variation across 50 seeds",50,50,0
0xc23a0,hs_evaluate_cinematic_skip_stop_internal,stubbable,hs.obj,inconclusive,"vacuous_output: 0 unique return(s), no scratch or memory variation across 50 seeds",50,50,0
0xc23c0,hs_evaluate_cinematic_show_letterbox,stubbable,hs.obj,not_applicable,"oracle_vacuous_early_exit: 59.6% coverage, identical entry-point path across 50 seeds",50,50,0
0xc2400,hs_evaluate_cinematic_set_title,stubbable,hs.obj,not_applicable,"oracle_vacuous_early_exit: 58.5% coverage, identical entry-point path across 50 seeds",50,50,0
0xc2440,hs_evaluate_cinematic_set_title_delayed,stubbable,hs.obj,not_applicable,"oracle_vacuous_early_exit: 51.7% coverage, identical entry-point path across 50 seeds",50,50,0
0xc2480,hs_evaluate_cinematic_suppress_bsp_object_creation,stubbable,hs.obj,not_applicable,"oracle_vacuous_early_exit: 59.6% coverage, identical entry-point path across 50 seeds",50,50,0
0xc24c0,hs_evaluate_attract_mode_start,stubbable,hs.obj,inconclusive,"vacuous_output: 0 unique return(s), no scratch or memory variation across 50 seeds",50,50,0
0xc24e0,hs_evaluate_game_won,stubbable,hs.obj,inconclusive,"vacuous_output: 0 unique return(s), no scratch or memory variation across 50 seeds",50,50,0
0xc2500,hs_evaluate_game_lost,stubbable,hs.obj,inconclusive,"vacuous_output: 0 unique return(s), no scratch or memory variation across 50 seeds",50,50,0
0xc2520,hs_evaluate_game_safe_to_save,stubbable,hs.obj,inconclusive,"vacuous_output: 0 unique return(s), no scratch or memory variation across 50 seeds",50,50,0
0xc2550,hs_evaluate_game_all_quiet,stubbable,hs.obj,inconclusive,"vacuous_output: 0 unique return(s), no scratch or memory variation across 50 seeds",50,50,0
0xc2580,hs_evaluate_game_safe_to_speak,stubbable,hs.obj,inconclusive,"vacuous_output: 0 unique return(s), no scratch or memory variation across 50 seeds",50,50,0
0xc25b0,hs_evaluate_game_is_cooperative,stubbable,hs.obj,inconclusive,"vacuous_output: 0 unique return(s), no scratch or memory variation across 50 seeds",50,50,0
0xc25e0,hs_evaluate_game_save,stubbable,hs.obj,inconclusive,"vacuous_output: 0 unique return(s), no scratch or memory variation across 50 seeds",50,50,0
0xc2600,hs_evaluate_game_save_cancel,stubbable,hs.obj,inconclusive,"vacuous_output: 0 unique return(s), no scratch or memory variation across 50 seeds",50,50,0
0xc2620,hs_evaluate_game_save_no_timeout,stubbable,hs.obj,inconclusive,"vacuous_output: 0 unique return(s), no scratch or memory variation across 50 seeds",50,50,0
0xc2640,hs_evaluate_game_save_totally_unsafe,stubbable,hs.obj,inconclusive,"vacuous_output: 0 unique return(s), no scratch or memory variation across 50 seeds",50,50,0
0xc2660,hs_evaluate_game_saving,stubbable,hs.obj,inconclusive,"vacuous_output: 0 unique return(s), no scratch or memory variation across 50 seeds",50,50,0
0xc2690,hs_evaluate_game_revert,stubbable,hs.obj,inconclusive,"vacuous_output: 0 unique return(s), no scratch or memory variation across 50 seeds",50,50,0
0xc26b0,hs_evaluate_core_load,stubbable,hs.obj,inconclusive,"vacuous_output: 0 unique return(s), no scratch or memory variation across 50 seeds",50,50,0
0xc26d0,hs_evaluate_core_load_at_startup,stubbable,hs.obj,inconclusive,"vacuous_output: 0 unique return(s), no scratch or memory variation across 50 seeds",50,50,0
0xc26f0,hs_evaluate_core_load_name,stubbable,hs.obj,not_applicable,"oracle_vacuous_early_exit: 62.0% coverage, identical entry-point path across 50 seeds",50,50,0
0xc2730,hs_evaluate_core_load_name_at_startup,stubbable,hs.obj,not_applicable,"oracle_vacuous_early_exit: 62.0% coverage, identical entry-point path across 50 seeds",50,50,0
0xc2770,hs_evaluate_core_save,stubbable,hs.obj,inconclusive,"vacuous_output: 0 unique return(s), no scratch or memory variation across 50 seeds",50,50,0
0xc2790,hs_evaluate_core_save_name,stubbable,hs.obj,not_applicable,"oracle_vacuous_early_exit: 62.0% coverage, identical entry-point path across 50 seeds",50,50,0
0xc27d0,hs_evaluate_game_skip_ticks,stubbable,hs.obj,not_applicable,"oracle_vacuous_early_exit: 58.5% coverage, identical entry-point path across 50 seeds",50,50,0
0xc2810,hs_evaluate_game_reverted,stubbable,hs.obj,inconclusive,"vacuous_output: 0 unique return(s), no scratch or memory variation across 50 seeds",50,50,0
0xc2840,hs_evaluate_sound_impulse_start,stubbable,hs.obj,not_applicable,"oracle_vacuous_early_exit: 50.8% coverage, identical entry-point path across 50 seeds",50,50,0
0xc2880,hs_evaluate_sound_impulse_time,stubbable,hs.obj,not_applicable,"oracle_vacuous_early_exit: 63.3% coverage, identical entry-point path across 50 seeds",50,50,0
0xc28c0,hs_evaluate_sound_impulse_stop,stubbable,hs.obj,not_applicable,"oracle_vacuous_early_exit: 62.0% coverage, identical entry-point path across 50 seeds",50,50,0
0xc2900,hs_evaluate_sound_looping_predict,stubbable,hs.obj,not_applicable,"oracle_vacuous_early_exit: 62.0% coverage, identical entry-point path across 50 seeds",50,50,0
0xc2940,hs_evaluate_sound_looping_start,stubbable,hs.obj,not_applicable,"oracle_vacuous_early_exit: 50.8% coverage, identical entry-point path across 50 seeds",50,50,0
0xc2980,hs_evaluate_sound_looping_stop,stubbable,hs.obj,not_applicable,"oracle_vacuous_early_exit: 62.0% coverage, identical entry-point path across 50 seeds",50,50,0
0xc29c0,hs_evaluate_sound_looping_set_scale,stubbable,hs.obj,not_applicable,"oracle_vacuous_early_exit: 54.4% coverage, identical entry-point path across 50 seeds",50,50,0
0xc2a00,hs_evaluate_sound_looping_set_alternate,stubbable,hs.obj,not_applicable,"oracle_vacuous_early_exit: 55.4% coverage, identical entry-point path across 50 seeds",50,50,0
0xc2a40,hs_evaluate_debug_sounds_enable,stubbable,hs.obj,not_applicable,"oracle_vacuous_early_exit: 55.4% coverage, identical entry-point path across 50 seeds",50,50,0
0xc2a80,hs_evaluate_debug_sounds_distances,stubbable,hs.obj,not_applicable,"oracle_vacuous_early_exit: 47.0% coverage, identical entry-point path across 50 seeds",50,50,0
0xc2ad0,hs_evaluate_debug_sounds_wet,stubbable,hs.obj,not_applicable,"oracle_vacuous_early_exit: 54.4% coverage, identical entry-point path across 50 seeds",50,50,0
0xc2b10,hs_evaluate_sound_class_set_gain,stubbable,hs.obj,not_applicable,"oracle_vacuous_early_exit: 48.4% coverage, identical entry-point path across 50 seeds",50,50,0
0xc2b50,hs_evaluate_sound_enable,stubbable,hs.obj,not_applicable,"oracle_vacuous_early_exit: 59.6% coverage, identical entry-point path across 50 seeds",50,50,0
0xc2b90,hs_evaluate_vehicle_hover,stubbable,hs.obj,not_applicable,"oracle_vacuous_early_exit: 55.4% coverage, identical entry-point path across 50 seeds",50,50,0
0xc2bd0,hs_evaluate_show_hud,stubbable,hs.obj,not_applicable,"oracle_vacuous_early_exit: 61.2% coverage, identical entry-point path across 50 seeds",50,50,0
0xc2c20,hs_evaluate_show_hud_help_text,stubbable,hs.obj,not_applicable,"oracle_vacuous_early_exit: 61.2% coverage, identical entry-point path across 50 seeds",50,50,0
0xc2c70,hs_evaluate_enable_hud_help_flash,stubbable,hs.obj,not_applicable,"oracle_vacuous_early_exit: 59.6% coverage, identical entry-point path across 50 seeds",50,50,0
0xc2cb0,hs_evaluate_hud_help_flash_restart,stubbable,hs.obj,inconclusive,"vacuous_output: 0 unique return(s), no scratch or memory variation across 50 seeds",50,50,0
0xc2cd0,hs_evaluate_activate_nav_point_flag,stubbable,hs.obj,not_applicable,"oracle_vacuous_early_exit: 43.7% coverage, identical entry-point path across 50 seeds",50,50,0
0xc2d20,hs_evaluate_activate_nav_point_object,stubbable,hs.obj,not_applicable,"oracle_vacuous_early_exit: 45.6% coverage, identical entry-point path across 50 seeds",50,50,0
0xc2d70,hs_evaluate_activate_team_nav_point_flag,stubbable,hs.obj,not_applicable,"oracle_vacuous_early_exit: 41.9% coverage, identical entry-point path across 50 seeds",50,50,0
0xc2dc0,hs_evaluate_activate_team_nav_point_object,stubbable,hs.obj,not_applicable,"oracle_vacuous_early_exit: 43.7% coverage, identical entry-point path across 50 seeds",50,50,0
0xc2e10,hs_evaluate_deactivate_nav_point_flag,stubbable,hs.obj,not_applicable,"oracle_vacuous_early_exit: 54.4% coverage, identical entry-point path across 50 seeds",50,50,0
0xc2e50,hs_evaluate_deactivate_nav_point_object,stubbable,hs.obj,not_applicable,"oracle_vacuous_early_exit: 57.4% coverage, identical entry-point path across 50 seeds",50,50,0
0xc2e90,hs_evaluate_deactivate_team_nav_point_flag,stubbable,hs.obj,not_applicable,"oracle_vacuous_early_exit: 53.4% coverage, identical entry-point path across 50 seeds",50,50,0
0xc2ed0,hs_evaluate_deactivate_team_nav_point_object,stubbable,hs.obj,not_applicable,"oracle_vacuous_early_exit: 56.4% coverage, identical entry-point path across 50 seeds",50,50,0
0xc2f10,hs_evaluate_cls,stubbable,hs.obj,inconclusive,"vacuous_output: 0 unique return(s), no scratch or memory variation across 50 seeds",50,50,0
0xc2f30,hs_evaluate_error_overflow_suppression,stubbable,hs.obj,not_applicable,"oracle_vacuous_early_exit: 59.6% coverage, identical entry-point path across 50 seeds",50,50,0
0xc2f70,hs_evaluate_structure_lens_flares_place,stubbable,hs.obj,inconclusive,"vacuous_output: 0 unique return(s), no scratch or memory variation across 50 seeds",50,50,0
0xc2f90,hs_evaluate_player_effect_set_max_translation,stubbable,hs.obj,not_applicable,"oracle_vacuous_early_exit: 47.0% coverage, identical entry-point path across 50 seeds",50,50,0
0xc2fe0,hs_evaluate_player_effect_set_max_rotation,stubbable,hs.obj,not_applicable,"oracle_vacuous_early_exit: 47.0% coverage, identical entry-point path across 50 seeds",50,50,0
0xc3030,hs_evaluate_player_effect_set_max_rumble,stubbable,hs.obj,not_applicable,"oracle_vacuous_early_exit: 54.4% coverage, identical entry-point path across 50 seeds",50,50,0
0xc3070,hs_evaluate_player_effect_start,stubbable,hs.obj,not_applicable,"oracle_vacuous_early_exit: 54.4% coverage, identical entry-point path across 50 seeds",50,50,0
0xc30b0,hs_evaluate_player_effect_stop,stubbable,hs.obj,not_applicable,"oracle_vacuous_early_exit: 62.0% coverage, identical entry-point path across 50 seeds",50,50,0
0xc30f0,hs_evaluate_hud_show_health,stubbable,hs.obj,not_applicable,"oracle_vacuous_early_exit: 59.6% coverage, identical entry-point path across 50 seeds",50,50,0
0xc3130,hs_evaluate_hud_blink_health,stubbable,hs.obj,not_applicable,"oracle_vacuous_early_exit: 59.6% coverage, identical entry-point path across 50 seeds",50,50,0
0xc3170,hs_evaluate_hud_show_shield,stubbable,hs.obj,not_applicable,"oracle_vacuous_early_exit: 59.6% coverage, identical entry-point path across 50 seeds",50,50,0
0xc31b0,hs_evaluate_hud_blink_shield,stubbable,hs.obj,not_applicable,"oracle_vacuous_early_exit: 59.6% coverage, identical entry-point path across 50 seeds",50,50,0
0xc31f0,hs_evaluate_hud_show_motion_sensor,stubbable,hs.obj,not_applicable,"oracle_vacuous_early_exit: 59.6% coverage, identical entry-point path across 50 seeds",50,50,0
0xc3230,hs_evaluate_hud_blink_motion_sensor,stubbable,hs.obj,not_applicable,"oracle_vacuous_early_exit: 59.6% coverage, identical entry-point path across 50 seeds",50,50,0
0xc3270,hs_evaluate_hud_show_crosshair,stubbable,hs.obj,not_applicable,"oracle_vacuous_early_exit: 59.6% coverage, identical entry-point path across 50 seeds",50,50,0
0xc32b0,hs_evaluate_hud_clear_messages,stubbable,hs.obj,inconclusive,"vacuous_output: 0 unique return(s), no scratch or memory variation across 50 seeds",50,50,0
0xc32d0,hs_evaluate_hud_set_help_text,stubbable,hs.obj,not_applicable,"oracle_vacuous_early_exit: 58.5% coverage, identical entry-point path across 50 seeds",50,50,0
0xc3310,hs_evaluate_hud_set_objective_text,stubbable,hs.obj,not_applicable,"oracle_vacuous_early_exit: 58.5% coverage, identical entry-point path across 50 seeds",50,50,0
0xc3350,hs_evaluate_hud_set_timer_time,stubbable,hs.obj,not_applicable,"oracle_vacuous_early_exit: 53.4% coverage, identical entry-point path across 50 seeds",50,50,0
0xc3390,hs_evaluate_hud_set_timer_warning_time,stubbable,hs.obj,not_applicable,"oracle_vacuous_early_exit: 53.4% coverage, identical entry-point path across 50 seeds",50,50,0
0xc33d0,hs_evaluate_hud_set_timer_position,stubbable,hs.obj,not_applicable,"oracle_vacuous_early_exit: 46.3% coverage, identical entry-point path across 50 seeds",50,50,0
0xc3420,hs_evaluate_show_hud_timer,stubbable,hs.obj,not_applicable,"oracle_vacuous_early_exit: 59.6% coverage, identical entry-point path across 50 seeds",50,50,0
0xc3460,hs_evaluate_pause_hud_timer,stubbable,hs.obj,not_applicable,"oracle_vacuous_early_exit: 59.6% coverage, identical entry-point path across 50 seeds",50,50,0
0xc34a0,hs_evaluate_hud_get_timer_ticks,stubbable,hs.obj,inconclusive,"vacuous_output: 0 unique return(s), no scratch or memory variation across 50 seeds",50,50,0
0xc34d0,hs_evaluate_time_code_show,stubbable,hs.obj,not_applicable,"oracle_vacuous_early_exit: 59.6% coverage, identical entry-point path across 50 seeds",50,50,0
0xc3510,hs_evaluate_time_code_start,stubbable,hs.obj,not_applicable,"oracle_vacuous_early_exit: 59.6% coverage, identical entry-point path across 50 seeds",50,50,0
0xc3550,hs_evaluate_time_code_reset,stubbable,hs.obj,inconclusive,"vacuous_output: 0 unique return(s), no scratch or memory variation across 50 seeds",50,50,0
0xc3570,hs_evaluate_rasterizer_decals_flush,stubbable,hs.obj,inconclusive,"vacuous_output: 0 unique return(s), no scratch or memory variation across 50 seeds",50,50,0
0xc3590,hs_evaluate_rasterizer_fps_accumulate,stubbable,hs.obj,inconclusive,"vacuous_output: 0 unique return(s), no scratch or memory variation across 50 seeds",50,50,0
0xc35b0,hs_evaluate_rasterizer_model_ambient_reflection_tint,stubbable,hs.obj,not_applicable,"oracle_vacuous_early_exit: 42.5% coverage, identical entry-point path across 50 seeds",50,50,0
0xc3600,hs_evaluate_rasterizer_lights_reset_for_new_map,stubbable,hs.obj,inconclusive,"vacuous_output: 0 unique return(s), no scratch or memory variation across 50 seeds",50,50,0
0xc3620,hs_evaluate_script_screen_effect_set_value,stubbable,hs.obj,not_applicable,"oracle_vacuous_early_exit: 51.7% coverage, identical entry-point path across 50 seeds",50,50,0
0xc3660,hs_evaluate_cinematic_screen_effect_start,stubbable,hs.obj,not_applicable,"oracle_vacuous_early_exit: 59.6% coverage, identical entry-point path across 50 seeds",50,50,0
0xc36a0,hs_evaluate_cinematic_screen_effect_set_convolution,stubbable,hs.obj,not_applicable,"oracle_vacuous_early_exit: 38.3% coverage, identical entry-point path across 50 seeds",50,50,0
0xc3700,hs_evaluate_cinematic_screen_effect_set_filter,stubbable,hs.obj,not_applicable,"oracle_vacuous_early_exit: 36.0% coverage, identical entry-point path across 50 seeds",50,50,0
0xc3760,hs_evaluate_cinematic_screen_effect_set_filter_desaturation_tint,stubbable,hs.obj,not_applicable,"oracle_vacuous_early_exit: 47.0% coverage, identical entry-point path across 50 seeds",50,50,0
0xc37b0,hs_evaluate_cinematic_screen_effect_set_video,stubbable,hs.obj,not_applicable,"oracle_vacuous_early_exit: 51.7% coverage, identical entry-point path across 50 seeds",50,50,0
0xc37f0,hs_evaluate_cinematic_screen_effect_stop,stubbable,hs.obj,inconclusive,"vacuous_output: 0 unique return(s), no scratch or memory variation across 50 seeds",50,50,0
0xc3810,hs_evaluate_cinematic_set_near_clip_distance,stubbable,hs.obj,not_applicable,"oracle_vacuous_early_exit: 62.0% coverage, identical entry-point path across 50 seeds",50,50,0
0xc3850,hs_evaluate_enumerate_memory_units,stubbable,hs.obj,inconclusive,"vacuous_output: 0 unique return(s), no scratch or memory variation across 50 seeds",50,50,0
0xc3870,hs_evaluate_delete_save_game_files,stubbable,hs.obj,inconclusive,"vacuous_output: 0 unique return(s), no scratch or memory variation across 50 seeds",50,50,0
0xc3890,hs_evaluate_fast_setup_network_server,stubbable,hs.obj,inconclusive,"vacuous_output: 0 unique return(s), no scratch or memory variation across 50 seeds",50,50,0
0xc38b0,hs_evaluate_profile_unlock_solo_levels,stubbable,hs.obj,inconclusive,"vacuous_output: 0 unique return(s), no scratch or memory variation across 50 seeds",50,50,0
0xc38d0,hs_evaluate_player0_look_invert_pitch,stubbable,hs.obj,not_applicable,"oracle_vacuous_early_exit: 59.6% coverage, identical entry-point path across 50 seeds",50,50,0
0xc3910,hs_evaluate_player0_look_pitch_is_inverted,stubbable,hs.obj,inconclusive,"vacuous_output: 0 unique return(s), no scratch or memory variation across 50 seeds",50,50,0
0xc3940,hs_evaluate_player0_joystick_set_is_normal,stubbable,hs.obj,inconclusive,"vacuous_output: 0 unique return(s), no scratch or memory variation across 50 seeds",50,50,0
0xc3970,hs_evaluate_ui_widget_show_path,stubbable,hs.obj,not_applicable,"oracle_vacuous_early_exit: 59.6% coverage, identical entry-point path across 50 seeds",50,50,0
0xc39b0,hs_evaluate_display_scenario_help,stubbable,hs.obj,not_applicable,"oracle_vacuous_early_exit: 58.5% coverage, identical entry-point path across 50 seeds",50,50,0
0xc39f0,hs_evaluate_network_game_start_now,stubbable,hs.obj,inconclusive,"vacuous_output: 0 unique return(s), no scratch or memory variation across 50 seeds",50,50,0
0xc3a10,hs_evaluate_xbox_set_machine_name,stubbable,hs.obj,not_applicable,"oracle_vacuous_early_exit: 62.0% coverage, identical entry-point path across 50 seeds",50,50,0
0xc3a50,hs_scenario_merge,stubbable,hs.obj,pass,,50,50,0
0xc3b60,hs_scripts_initialize,stubbable,hs.obj,inconclusive,"vacuous_output: 0 unique return(s), no scratch or memory variation across 60 seeds",60,60,0
0xc3c30,hs_dispose,stubbable,hs.obj,inconclusive,"vacuous_output: 0 unique return(s), no scratch or memory variation across 50 seeds",50,50,0
0xc3c50,hs_update,stubbable,hs.obj,inconclusive,"vacuous_output: 0 unique return(s), no scratch or memory variation across 65 seeds",65,65,0
0xc3ca0,hs_scripts_dispose,stubbable,hs.obj,error,timeout,0,0,0
0xc3d00,hs_function_table_get,stubbable,hs.obj,pass,,50,50,0
0xc3d50,hs_find_script_by_name,stubbable,hs.obj,pass,,60,60,0
0xc3db0,hs_find_tag_reference_by_index,stubbable,hs.obj,inconclusive,"vacuous_output: 1 unique return(s), no scratch or memory variation across 60 seeds",60,60,0
0xc3e10,hs_external_global_get,stubbable,hs.obj,pass,,50,50,0
0xc3e60,hs_global_get_type,stubbable,hs.obj,fail,divergence,29,50,0
0xc3ea0,hs_global_get_name,stubbable,hs.obj,fail,divergence,30,50,0
0xc3ee0,hs_find_global_by_name,stubbable,hs.obj,pass,,55,55,0
0xc3fc0,hs_find_function_by_name,stubbable,hs.obj,pass,,50,50,0
0xc4010,hs_tokens_compare,stubbable,hs.obj,pass,,50,50,0
0xc4030,hs_tokens_add,stubbable,hs.obj,pass,,65,65,0
0xc40b0,hs_tokens_enumerate_range,stubbable,hs.obj,fail,divergence,36,50,0
0xc40f0,hs_tokens_enumerate_tag_block,stubbable,hs.obj,pass,,27,50,0
0xc4130,hs_tokens_enumerate_scenario_tag_block,stubbable,hs.obj,inconclusive,"vacuous_output: 0 unique return(s), no scratch or memory variation across 60 seeds",60,60,0
0xc4160,hs_tokens_enumerate_fixed_commands,stubbable,hs.obj,fail,divergence,0,50,0
0xc4180,hs_tokens_enumerate_special_forms,stubbable,hs.obj,fail,divergence,0,50,0
0xc41b0,hs_tokens_enumerate_types,stubbable,hs.obj,fail,divergence,0,50,0
0xc41e0,hs_tokens_enumerate_functions,stubbable,hs.obj,fail,divergence,0,50,0
0xc4580,hs_tokens_enumerate,stubbable,hs.obj,pass,,50,50,0
0xc4660,hs_load_source_file,stubbable,hs.obj,pass,,50,50,0
0xc4770,hs_file_reference_compare,stubbable,hs.obj,pass,,50,50,0
0xc47c0,hs_needs_recompile,stubbable,hs.obj,fail,divergence,0,50,0
0xc4900,hs_report_compile_error,stubbable,hs.obj,pass,,50,50,0
0xc4970,hs_mark_recompile,stubbable,hs.obj,not_applicable,"oracle_vacuous_early_exit: 39.8% coverage, identical entry-point path across 50 seeds",50,50,0
0xc4a40,hs_function_format_usage,stubbable,hs.obj,fail,divergence,0,50,0
0xc4ae0,hs_function_get_help,stubbable,hs.obj,fail,divergence,11,50,0
0xc4b00,hs_evaluate_by_name,stubbable,hs.obj,fail,divergence,0,50,0
0xc4b40,hs_evaluate_script_recompile,stubbable,hs.obj,inconclusive,"vacuous_output: 0 unique return(s), no scratch or memory variation across 50 seeds",50,50,0
0xc4b60,hs_evaluate_random_range,stubbable,hs.obj,not_applicable,"oracle_vacuous_early_exit: 51.2% coverage, identical entry-point path across 50 seeds",50,50,0
0xc4bb0,hs_evaluate_real_random_range,stubbable,hs.obj,not_applicable,"oracle_vacuous_early_exit: 44.4% coverage, identical entry-point path across 50 seeds",50,50,0
0xc4c10,hs_load_scenario_scripts,stubbable,hs.obj,pass,,50,50,0
0xc4d90,hs_initialize_for_new_map,stubbable,hs.obj,inconclusive,"vacuous_output: 0 unique return(s), no scratch or memory variation across 60 seeds",60,60,0
0xc4dd0,hs_dispose_from_old_map,stubbable,hs.obj,error,emulation_error,0,50,0
0xc4e20,hs_help,stubbable,hs.obj,pass,,50,50,0
0xc4e90,hs_doc,stubbable,hs.obj,not_applicable,"oracle_vacuous_early_exit: 74.0% coverage, identical entry-point path across 50 seeds",50,50,0
0xc4ff0,hs_evaluate_script_doc,stubbable,hs.obj,inconclusive,"vacuous_output: 0 unique return(s), no scratch or memory variation across 50 seeds",50,50,0
0xc5010,hs_evaluate_help,stubbable,hs.obj,not_applicable,"oracle_vacuous_early_exit: 62.0% coverage, identical entry-point path across 50 seeds",50,50,0
0xc5050,hs_initialize,stubbable,hs.obj,inconclusive,"vacuous_output: 0 unique return(s), no scratch or memory variation across 65 seeds",65,65,0
0xc50c0,hs_console_evaluate,stubbable,hs.obj,pass,,70,70,0
0xc5310,hs_parse_cond_clauses,stubbable,hs.obj,fail,divergence,7,50,0
0xc55d0,hs_syntax_get_arguments,stubbable,hs.obj,fail,divergence,0,50,0
0xc5680,hs_syntax_reset,stubbable,hs.obj,pass,,50,50,0
0xc57a0,hs_source_offset_valid,data_only,hs.obj,inconclusive,"vacuous_output: 1 unique return(s), no scratch or memory variation across 50 seeds",50,50,0
0xc5730,hs_compile_initialize,stubbable,hs_compile.obj,pass,,80,80,0
0xc57d0,FUN_000c57d0,stubbable,hs_compile.obj,pass,,65,65,0
0xc5840,FUN_000c5840,stubbable,hs_compile.obj,pass,,75,75,0
0xc5960,hs_compile_resolve_predicate,stubbable,hs_compile.obj,pass,,75,75,0
0xc5a20,FUN_000c5a20,stubbable,hs_compile.obj,pass,,75,75,0
0xc5b50,FUN_000c5b50,stubbable,hs_compile.obj,pass,,75,75,0
0xc5c40,FUN_000c5c40,stubbable,hs_compile.obj,pass,,70,70,0
0xc5d60,FUN_000c5d60,stubbable,hs_compile.obj,pass,,50,50,0
0xc5de0,FUN_000c5de0,stubbable,hs_compile.obj,pass,,50,50,0
0xc5e90,FUN_000c5e90,stubbable,hs_compile.obj,pass,,50,50,0
0xc5f60,hs_parse_enum,stubbable,hs_compile.obj,pass,,50,50,0
0xc6130,FUN_000c6130,stubbable,hs_compile.obj,fail,divergence,47,50,0
0xc6230,FUN_000c6230,stubbable,hs_compile.obj,pass,,50,50,0
0xc62a0,FUN_000c62a0,stubbable,hs_compile.obj,pass,,50,50,0
0xc6310,FUN_000c6310,stubbable,hs_compile.obj,pass,,50,50,0
0xc6380,FUN_000c6380,stubbable,hs_compile.obj,pass,,50,50,0
0xc63f0,FUN_000c63f0,stubbable,hs_compile.obj,pass,,50,50,0
0xc6460,FUN_000c6460,stubbable,hs_compile.obj,pass,,50,50,0
0xc64d0,FUN_000c64d0,stubbable,hs_compile.obj,pass,,50,50,0
0xc6580,FUN_000c6580,stubbable,hs_compile.obj,pass,,50,50,0
0xc65f0,FUN_000c65f0,stubbable,hs_compile.obj,pass,,50,50,0
0xc6660,FUN_000c6660,stubbable,hs_compile.obj,pass,,50,50,0
0xc66d0,FUN_000c66d0,stubbable,hs_compile.obj,pass,,50,50,0
0xc6810,FUN_000c6810,stubbable,hs_compile.obj,pass,,50,50,0
0xc68b0,FUN_000c68b0,stubbable,hs_compile.obj,pass,,50,50,0
0xc6940,FUN_000c6940,stubbable,hs_compile.obj,pass,,50,50,0
0xc69d0,FUN_000c69d0,stubbable,hs_compile.obj,pass,,50,50,0
0xc6a30,FUN_000c6a30,stubbable,hs_compile.obj,pass,,50,50,0
0xc6a70,FUN_000c6a70,stubbable,hs_compile.obj,fail,divergence,0,50,0
0xc6b00,FUN_000c6b00,stubbable,hs_compile.obj,pass,,50,50,0
0xc6d90,FUN_000c6d90,stubbable,hs_compile.obj,pass,,90,90,0
0xc71c0,hs_parse_atom,stubbable,hs_compile.obj,pass,,88,90,0
0xc72b0,hs_skip_whitespace,stubbable,hs_compile.obj,pass,,89,90,0
0xc73a0,FUN_000c73a0,stubbable,hs_compile.obj,pass,,80,80,0
0xc74c0,FUN_000c74c0,stubbable,hs_compile.obj,fail,divergence,0,50,0
0xc7b10,hs_syntax_node_reintern_strings,stubbable,hs_compile.obj,error,timeout,0,0,0
0xc7be0,FUN_000c7be0,stubbable,hs_compile.obj,pass,,49,50,0
0xc7ca0,hs_parse_parenthesized_expression,stubbable,hs_compile.obj,pass,,48,50,0
0xc7d80,hs_type_check,stubbable,hs_compile.obj,pass,,50,50,0
0xc7e50,hs_macro_function_parse,stubbable,hs_compile.obj,pass,,50,50,0
0xc7f70,hs_parse_begin,stubbable,hs_compile.obj,pass,,50,50,0
0xc8120,hs_parse_if,stubbable,hs_compile.obj,pass,,50,50,0
0xc82e0,hs_parse_cond,stubbable,hs_compile.obj,pass,,50,50,0
0xc8380,hs_parse_set,stubbable,hs_compile.obj,pass,,50,50,0
0xc85b0,FUN_000c85b0,stubbable,hs_compile.obj,pass,,50,50,0
0xc93f0,hs_compile_recompile_scripts,stubbable,hs_compile.obj,not_applicable,"oracle_vacuous_early_exit: 27.3% coverage, identical entry-point path across 65 seeds",65,65,0
0xc7840,hs_validate_syntax,stubbable,hs_runtime.obj,fail,divergence,0,50,0
0xc8720,FUN_000c8720,stubbable,hs_runtime.obj,pass,,50,50,0
0xc88b0,FUN_000c88b0,stubbable,hs_runtime.obj,inconclusive,"vacuous_output: 1 unique return(s), no scratch or memory variation across 50 seeds",50,50,0
0xc89c0,FUN_000c89c0,stubbable,hs_runtime.obj,inconclusive,"vacuous_output: 1 unique return(s), no scratch or memory variation across 50 seeds",50,50,0
0xc8b90,hs_sleep_parse,stubbable,hs_runtime.obj,pass,,50,50,0
0xc8c50,hs_sleep_until_parse,stubbable,hs_runtime.obj,pass,,50,50,0
0xc8d30,FUN_000c8d30,stubbable,hs_runtime.obj,inconclusive,"vacuous_output: 1 unique return(s), no scratch or memory variation across 50 seeds",50,50,0
0xc8e00,hs_parse_inspect,stubbable,hs_runtime.obj,pass,,50,50,0
0xc8f40,FUN_000c8f40,stubbable,hs_runtime.obj,pass,,50,50,0
0xc9050,hs_compile,stubbable,hs_runtime.obj,pass,,38,50,0
0xc92b0,hs_compile_source,stubbable,hs_runtime.obj,fail,divergence,0,50,0
0xc94f0,hs_compile_cleanup,stubbable,hs_runtime.obj,inconclusive,"vacuous_output: 0 unique return(s), no scratch or memory variation across 65 seeds",65,65,0
0xc95c0,FUN_000c95c0,leaf,hs_runtime.obj,pass,,50,50,0
0xc95d0,FUN_000c95d0,stubbable,hs_runtime.obj,inconclusive,"vacuous_output: 0 unique return(s), no scratch or memory variation across 50 seeds",50,50,0
0xc95f0,FUN_000c95f0,stubbable,hs_runtime.obj,error,timeout,0,0,0
0xc9650,FUN_000c9650,stubbable,hs_runtime.obj,fail,divergence,0,50,0
0xc9700,FUN_000c9700,stubbable,hs_runtime.obj,pass,,50,50,0
0xc9770,FUN_000c9770,stubbable,hs_runtime.obj,error,timeout,0,0,0
0xc9840,FUN_000c9840,stubbable,hs_runtime.obj,error,timeout,0,0,0
0xc98e0,FUN_000c98e0,stubbable,hs_runtime.obj,pass,,50,50,0
0xc9990,FUN_000c9990,stubbable,hs_runtime.obj,pass,,50,50,0
0xc99e0,FUN_000c99e0,stubbable,hs_runtime.obj,inconclusive,"vacuous_output: 0 unique return(s), no scratch or memory variation across 50 seeds",50,50,0
0xc9a20,FUN_000c9a20,stubbable,hs_runtime.obj,inconclusive,"vacuous_output: 0 unique return(s), no scratch or memory variation across 50 seeds",50,50,0
0xc9a50,FUN_000c9a50,stubbable,hs_runtime.obj,not_applicable,"oracle_vacuous_early_exit: 40.0% coverage, identical entry-point path across 50 seeds",50,50,0
0xc9b10,hs_object_iterate_names_containing,stubbable,hs_runtime.obj,pass,,50,50,0
0xc9b90,FUN_000c9b90,stubbable,hs_runtime.obj,fail,divergence,0,50,0
0xc9bb0,FUN_000c9bb0,stubbable,hs_runtime.obj,fail,divergence,0,50,0
0xc9bd0,FUN_000c9bd0,stubbable,hs_runtime.obj,fail,divergence,0,50,0
0xc9c10,FUN_000c9c10,stubbable,hs_runtime.obj,pass,,50,50,0
0xc9c80,FUN_000c9c80,stubbable,hs_runtime.obj,pass,,50,50,0
0xc9d40,FUN_000c9d40,stubbable,hs_runtime.obj,error,timeout,0,0,0
0xc9d80,FUN_000c9d80,stubbable,hs_runtime.obj,not_applicable,"oracle_vacuous_early_exit: 54.3% coverage, identical entry-point path across 50 seeds",50,50,0
0xc9de0,FUN_000c9de0,stubbable,hs_runtime.obj,pass,,50,50,0
0xc9e50,FUN_000c9e50,stubbable,hs_runtime.obj,inconclusive,"vacuous_output: 0 unique return(s), no scratch or memory variation across 50 seeds",50,50,0
0xc9ec0,FUN_000c9ec0,stubbable,hs_runtime.obj,pass,,50,50,0
0xc9f30,FUN_000c9f30,stubbable,hs_runtime.obj,inconclusive,"vacuous_output: 0 unique return(s), no scratch or memory variation across 50 seeds",50,50,0
0xc9f90,FUN_000c9f90,stubbable,hs_runtime.obj,pass,,50,50,0
0xca050,FUN_000ca050,stubbable,hs_runtime.obj,fail,divergence,0,50,0
0xca0f0,FUN_000ca0f0,stubbable,hs_runtime.obj,inconclusive,"vacuous_output: 1 unique return(s), no scratch or memory variation across 50 seeds",50,50,0
0xca110,FUN_000ca110,stubbable,hs_runtime.obj,fail,divergence,5,50,0
0xca3f0,FUN_000ca3f0,stubbable,hs_runtime.obj,inconclusive,"vacuous_output: 0 unique return(s), no scratch or memory variation across 50 seeds",50,50,0
0xca430,FUN_000ca430,stubbable,hs_runtime.obj,error,timeout,0,0,0
0xca4e0,FUN_000ca4e0,stubbable,hs_runtime.obj,fail,divergence,49,50,0
0xca530,FUN_000ca530,stubbable,hs_runtime.obj,fail,divergence,49,50,0
0xca580,FUN_000ca580,stubbable,hs_runtime.obj,fail,divergence,49,50,0
0xca5d0,FUN_000ca5d0,stubbable,hs_runtime.obj,fail,divergence,49,50,0
0xca620,FUN_000ca620,stubbable,hs_runtime.obj,fail,divergence,49,50,0
0xca670,FUN_000ca670,stubbable,hs_runtime.obj,pass,,50,50,0
0xca700,FUN_000CA700,stubbable,hs_runtime.obj,not_applicable,"oracle_vacuous_early_exit: 32.8% coverage, identical entry-point path across 50 seeds",50,50,0
0xca800,hs_runtime_dispose_from_old_map,stubbable,hs_runtime.obj,not_applicable,"oracle_vacuous_early_exit: 44.3% coverage, identical entry-point path across 65 seeds",65,70,0
0xca890,FUN_000ca890,stubbable,hs_runtime.obj,pass,,44,50,0
0xca940,hs_thread_new,stubbable,hs_runtime.obj,pass,,50,50,0
0xcaa30,FUN_000caa30,stubbable,hs_runtime.obj,pass,,50,50,0
0xcaa80,hs_get_thread_script_name,stubbable,hs_runtime.obj,pass,,50,50,0
0xcab00,hs_thread_push_frame,stubbable,hs_runtime.obj,pass,,50,50,0
0xcab80,hs_thread_pop_frame,stubbable,hs_runtime.obj,pass,,50,50,0
0xcaba0,hs_thread_stack_alloc,stubbable,hs_runtime.obj,pass,,50,50,0
0xcada0,FUN_000cada0,stubbable,hs_runtime.obj,error,timeout,0,0,0
0xcae80,FUN_000cae80,leaf,hs_runtime.obj,pass,,50,50,1
0xcaea0,FUN_000caea0,leaf,hs_runtime.obj,pass,,50,50,1
0xcaec0,hs_string_to_boolean,stubbable,hs_runtime.obj,pass,,50,50,0
0xcaef0,hs_short_to_real,leaf,hs_runtime.obj,pass,,50,50,1
0xcaf20,FUN_000caf20,leaf,hs_runtime.obj,pass,,50,50,1
0xcaf80,FUN_000caf80,stubbable,hs_runtime.obj,fail,divergence,0,50,0
0xcafc0,FUN_000cafc0,stubbable,hs_runtime.obj,fail,divergence,2,50,0
0xcaff0,hs_object_types_compatible,stubbable,hs_runtime.obj,pass,,50,50,0
0xcb070,hs_types_compatible,stubbable,hs_runtime.obj,pass,,50,50,0
0xcb170,hs_can_cast,stubbable,hs_runtime.obj,not_applicable,"oracle_vacuous_early_exit: 46.1% coverage, identical entry-point path across 50 seeds",50,50,0
0xcb230,FUN_000cb230,stubbable,hs_runtime.obj,inconclusive,vacuous_coverage: 8.2% < 10% floor,50,50,0
0xcb7b0,FUN_000cb7b0,stubbable,hs_runtime.obj,pass,,50,50,0
0xcb940,script_error,stubbable,hs_runtime.obj,pass,,50,50,0
0xcb9a0,hs_wake_by_name,stubbable,hs_runtime.obj,pass,,50,50,0
0xcbf80,hs_return,stubbable,hs_runtime.obj,pass,,50,50,0
0xcc0a0,FUN_000cc0a0,stubbable,hs_runtime.obj,pass,,50,50,0
0xcc0e0,hs_evaluate_wake,stubbable,hs_runtime.obj,pass,,50,50,0
0xcc1d0,FUN_000cc1d0,stubbable,hs_runtime.obj,pass,,50,50,0
0xcc340,FUN_000cc340,stubbable,hs_runtime.obj,pass,,50,50,0
0xcc3a0,FUN_000cc3a0,stubbable,hs_runtime.obj,pass,,50,50,0
0xcc560,hs_macro_function_evaluate,stubbable,hs_runtime.obj,inconclusive,"vacuous_output: 1 unique return(s), no scratch or memory variation across 50 seeds",50,50,0
0xcc590,hs_evaluate_begin,stubbable,hs_runtime.obj,pass,,50,50,0
0xcc660,hs_evaluate_begin_random,stubbable,hs_runtime.obj,pass,,47,50,0
0xcc870,hs_evaluate_if,stubbable,hs_runtime.obj,pass,,50,50,0
0xcca00,hs_evaluate_set,stubbable,hs_runtime.obj,pass,,50,50,0
0xccb40,hs_evaluate_logical,stubbable,hs_runtime.obj,pass,,50,50,0
0xccc70,hs_evaluate_arithmetic,stubbable,hs_runtime.obj,pass,,50,50,0
0xccdf0,hs_evaluate_equality,stubbable,hs_runtime.obj,pass,,50,50,0
0xcced0,hs_evaluate_inequality,stubbable,hs_runtime.obj,inconclusive,"vacuous_output: 0 unique return(s), no scratch or memory variation across 50 seeds",50,50,0
0xcd0e0,hs_evaluate_sleep,stubbable,hs_runtime.obj,pass,,50,50,0
0xcd2a0,hs_evaluate_sleep_until,stubbable,hs_runtime.obj,pass,,50,50,0
0xcd4a0,hs_evaluate_inspect,stubbable,hs_runtime.obj,pass,,50,50,0
0xcd5a0,hs_evaluate_object_cast_up,stubbable,hs_runtime.obj,pass,,50,50,0
0xcd6c0,hs_evaluate_debug_string,stubbable,hs_runtime.obj,pass,,50,50,0
0xcd840,FUN_000cd840,stubbable,hs_runtime.obj,pass,,50,50,0
0xcdb30,hs_runtime_initialize_for_new_map,stubbable,hs_runtime.obj,inconclusive,"vacuous_output: 0 unique return(s), no scratch or memory variation across 70 seeds",70,70,0
0xcde00,hs_runtime_update,stubbable,hs_runtime.obj,not_applicable,"oracle_vacuous_early_exit: 8.5% coverage, identical entry-point path across 50 seeds",50,65,0
0xcdeb0,hs_runtime_execute,stubbable,hs_runtime.obj,pass,,65,65,0
0xcdf70,FUN_000cdf70,stubbable,hs_runtime.obj,fail,divergence,7,50,0
0xce050,FUN_000ce050,stubbable,hs_runtime.obj,fail,divergence,0,50,0
0xce090,FUN_000ce090,stubbable,hs_runtime.obj,pass,,49,50,0
0xce0c0,FUN_000ce0c0,stubbable,hs_runtime.obj,pass,,49,50,0
0xce110,FUN_000ce110,stubbable,hs_runtime.obj,error,timeout,0,0,0
0xce150,FUN_000ce150,stubbable,hs_runtime.obj,fail,divergence,0,50,0
0xce1c0,hs_runtime_initialize,stubbable,hs_runtime.obj,inconclusive,"vacuous_output: 0 unique return(s), no scratch or memory variation across 50 seeds",50,50,0
0xce1e0,hs_runtime_dispose,stubbable,hs_runtime.obj,inconclusive,"vacuous_output: 0 unique return(s), no scratch or memory variation across 50 seeds",50,50,0
0xce200,FUN_000ce200,stubbable,hs_runtime.obj,inconclusive,"vacuous_output: 1 unique return(s), no scratch or memory variation across 50 seeds",50,50,0
0xce240,object_list_delete,stubbable,hs_runtime.obj,error,timeout,0,0,0
0xce2b0,FUN_000ce2b0,stubbable,hs_runtime.obj,pass,,50,50,0
0xce320,FUN_000ce320,stubbable,hs_runtime.obj,pass,,50,50,0
0xce350,FUN_000ce350,stubbable,hs_runtime.obj,pass,,50,50,0
0xce370,FUN_000ce370,stubbable,hs_runtime.obj,pass,,50,50,0
0xce3c0,FUN_000ce3c0,stubbable,hs_runtime.obj,error,timeout,0,0,0
0xce420,FUN_000ce420,stubbable,hs_runtime.obj,pass,,50,50,0
0xce450,FUN_000ce450,stubbable,hs_runtime.obj,pass,,50,50,0
0xd0340,hud_dispose,stubbable,hud.obj,inconclusive,"vacuous_output: 0 unique return(s), no scratch or memory variation across 50 seeds",50,50,0
0xd0360,hud_initialize_for_new_map,stubbable,hud.obj,not_applicable,"oracle_vacuous_early_exit: 75.6% coverage, identical entry-point path across 50 seeds",50,50,0
0xd03e0,hud_dispose_from_old_map,stubbable,hud.obj,inconclusive,"vacuous_output: 0 unique return(s), no scratch or memory variation across 50 seeds",50,50,0
0xd0400,scripted_show_hud,data_only,hud.obj,pass,,50,50,0
0xd0420,scripted_show_hud_help_text,data_only,hud.obj,pass,,50,50,0
0xd0440,hud_update,stubbable,hud.obj,not_applicable,"oracle_vacuous_early_exit: 37.0% coverage, identical entry-point path across 50 seeds",50,50,0
0xd04a0,FUN_000d04a0,stubbable,hud.obj,pass,,50,50,0
0xd04d0,FUN_000d04d0,stubbable,hud.obj,pass,,75,75,0
0xd0ba0,hud_get_item_string,stubbable,hud.obj,inconclusive,"vacuous_output: 1 unique return(s), no scratch or memory variation across 50 seeds",50,50,0
0xd0bf0,hud_player_set_equipment,stubbable,hud.obj,inconclusive,"vacuous_output: 0 unique return(s), no scratch or memory variation across 50 seeds",50,50,0
0xd0c10,hud_player_enter_vehicle,stubbable,hud.obj,inconclusive,"vacuous_output: 0 unique return(s), no scratch or memory variation across 50 seeds",50,50,0
0xd0c40,hud_player_set_vehicle,stubbable,hud.obj,inconclusive,"vacuous_output: 0 unique return(s), no scratch or memory variation across 50 seeds",50,50,0
0xd0c60,hud_player_set_vehicle_seat,stubbable,hud.obj,inconclusive,"vacuous_output: 0 unique return(s), no scratch or memory variation across 50 seeds",50,50,0
0xd0c80,hud_set_element_digital,stubbable,hud.obj,pass,,50,50,0
0xd0d50,hud_load,stubbable,hud.obj,fail,divergence,0,50,0
0xd0db0,hud_autosave,stubbable,hud.obj,inconclusive,"vacuous_output: 0 unique return(s), no scratch or memory variation across 50 seeds",50,50,0
0xd0e90,FUN_000d0e90,stubbable,hud.obj,pass,,50,50,0
0xd0ff0,FUN_000d0ff0,stubbable,hud.obj,not_applicable,"oracle_vacuous_early_exit: 64.4% coverage, identical entry-point path across 50 seeds",50,50,0
0xd1090,FUN_000d1090,stubbable,hud.obj,fail,divergence,0,50,0
0xd1400,FUN_000d1400,stubbable,hud.obj,not_applicable,"oracle_vacuous_early_exit: 60.1% coverage, identical entry-point path across 50 seeds",50,50,0
0xd1540,FUN_000d1540,leaf,hud.obj,inconclusive,"vacuous_output: 1 unique return(s), no scratch or memory variation across 50 seeds",50,50,0
0xd1550,FUN_000d1550,leaf,hud.obj,not_applicable,"oracle_vacuous_early_exit: 67.5% coverage, identical entry-point path across 49 seeds",49,50,0
0xd1580,FUN_000d1580,stubbable,hud.obj,pass,,50,50,0
0xd1690,FUN_000d1690,data_only,hud.obj,inconclusive,"vacuous_output: 1 unique return(s), no scratch or memory variation across 50 seeds",50,50,0
0xd16a0,FUN_000d16a0,stubbable,hud.obj,pass,,90,90,0
0xd1890,FUN_000d1890,stubbable,hud.obj,fail,divergence,48,50,0
0xd1a70,FUN_000d1a70,stubbable,hud.obj,not_applicable,"oracle_vacuous_early_exit: 43.4% coverage, identical entry-point path across 88 seeds",88,90,0
0xd1c50,FUN_000d1c50,leaf,hud.obj,pass,,50,50,0
0xd1c90,FUN_000d1c90,stubbable,hud.obj,pass,,50,50,0
0xd1dd0,FUN_000d1dd0,stubbable,hud.obj,pass,,50,50,0
0xd1e90,FUN_000d1e90,stubbable,hud.obj,fail,divergence,49,50,0
0xd1f40,FUN_000d1f40,stubbable,hud.obj,pass,,50,50,0
0xd2300,FUN_000d2300,data_only,hud.obj,inconclusive,"vacuous_output: 1 unique return(s), no scratch or memory variation across 49 seeds",49,50,0
0xd2320,FUN_000d2320,stubbable,hud.obj,pass,,50,50,0
0xd2580,FUN_000d2580,stubbable,hud.obj,pass,,50,50,0
0xd27a0,FUN_000d27a0,stubbable,hud.obj,pass,,50,50,0
0xd02c0,FUN_000d02c0,leaf,hud.obj,pass,,50,50,0
0xd02f0,hud_new,stubbable,hud.obj,not_applicable,"oracle_vacuous_early_exit: 65.0% coverage, identical entry-point path across 50 seeds",50,50,0
0xd3080,FUN_000d3080,stubbable,hud_draw.obj,pass,,48,50,0
0xd3200,FUN_000d3200,stubbable,hud_draw.obj,pass,,48,50,0
0xd3340,FUN_000d3340,stubbable,hud_draw.obj,not_applicable,"oracle_vacuous_early_exit: 12.6% coverage, identical entry-point path across 88 seeds",88,90,0
0xd3860,FUN_000d3860,stubbable,hud_draw.obj,pass,,80,80,0
0xd3fa0,FUN_000d3fa0,stubbable,hud_messaging.obj,pass,,50,50,0
0xd3fe0,FUN_000d3fe0,stubbable,hud_messaging.obj,pass,,88,90,0
0xd4260,FUN_000d4260,stubbable,hud_messaging.obj,not_applicable,"oracle_vacuous_early_exit: 23.2% coverage, identical entry-point path across 88 seeds",88,90,0
0xd4470,FUN_000d4470,stubbable,hud_messaging.obj,pass,,50,50,0
0xd44f0,FUN_000d44f0,stubbable,hud_messaging.obj,pass,,65,65,0
0xd4680,hud_messaging_initialize,stubbable,hud_messaging.obj,inconclusive,"vacuous_output: 0 unique return(s), no scratch or memory variation across 50 seeds",50,50,0
0xd46a0,FUN_000d46a0,stubbable,hud_messaging.obj,inconclusive,"vacuous_output: 0 unique return(s), no scratch or memory variation across 50 seeds",50,50,0
0xd46d0,FUN_000d46d0,leaf,hud_messaging.obj,pass,,50,50,0
0xd46e0,FUN_000d46e0,leaf,hud_messaging.obj,pass,,50,50,0
0xd46f0,scripted_hud_set_state_message,stubbable,hud_messaging.obj,not_applicable,"oracle_vacuous_early_exit: 30.3% coverage, identical entry-point path across 85 seeds",85,85,0
0xd4740,scripted_hud_set_flashing_state,stubbable,hud_messaging.obj,pass,,50,50,0
0xd4780,scripted_hud_restart_flashing,stubbable,hud_messaging.obj,not_applicable,"oracle_vacuous_early_exit: 63.3% coverage, identical entry-point path across 50 seeds",50,50,0
0xd47c0,scripted_hud_set_objective,stubbable,hud_messaging.obj,pass,,50,50,0
0xd4860,scripted_hud_set_timer_time,stubbable,hud_messaging.obj,pass,,50,50,0
0xd48e0,scripted_hud_set_timer_warning_cutoff,data_only,hud_messaging.obj,pass,,50,50,0
0xd4900,scripted_hud_set_timer_position,data_only,hud_messaging.obj,pass,,50,50,0
0xd4960,scripted_hud_show_timer,data_only,hud_messaging.obj,pass,,50,50,0
0xd4980,scripted_hud_pause_timer,stubbable,hud_messaging.obj,pass,,65,65,0
0xd49d0,scripted_hud_get_timer_ticks,stubbable,hud_messaging.obj,not_applicable,"oracle_vacuous_early_exit: 38.6% coverage, identical entry-point path across 75 seeds",75,75,0
0xd4a20,scripted_hud_time_code_show,stubbable,hud_messaging.obj,pass,,50,50,0
0xd4a50,scripted_hud_time_code_start,stubbable,hud_messaging.obj,pass,,50,50,0
0xd4a90,scripted_hud_time_code_reset,stubbable,hud_messaging.obj,not_applicable,"oracle_vacuous_early_exit: 80.0% coverage, identical entry-point path across 50 seeds",50,50,0
0xd4ab0,hud_render_timer,stubbable,hud_messaging.obj,inconclusive,"vacuous_output: 0 unique return(s), no scratch or memory variation across 85 seeds",85,85,0
0xd4d90,hud_set_state_message,stubbable,hud_messaging.obj,pass,,50,50,0
0xd4e30,hud_set_state_message_icon,data_only,hud_messaging.obj,pass,,50,50,0
0xd4e90,hud_set_state_message_text,data_only,hud_messaging.obj,pass,,50,50,0
0xd4f00,hud_enable_custom_state_message,stubbable,hud_messaging.obj,pass,,50,50,0
0xd4f70,hud_set_state_text,stubbable,hud_messaging.obj,pass,,50,50,0
0xd4fb0,hud_messaging_get_objective,stubbable,hud_messaging.obj,not_applicable,"oracle_vacuous_early_exit: 12.5% coverage, identical entry-point path across 70 seeds",70,70,0
0xd5070,hud_find_message_slot,leaf,hud_messaging.obj,pass,,49,50,1
0xd50f0,hud_messaging_slot_compare,leaf,hud_messaging.obj,pass,,50,50,0
0xd5120,scripted_hud_messages_clear,data_only,hud_messaging.obj,inconclusive,"vacuous_output: 1 unique return(s), no scratch or memory variation across 50 seeds",50,50,0
0xd5160,hud_get_font_index,stubbable,hud_messaging.obj,not_applicable,"oracle_vacuous_early_exit: 72.4% coverage, identical entry-point path across 50 seeds",50,50,0
0xd5180,hud_get_text_color,data_only,hud_messaging.obj,pass,,50,50,0
0xd51b0,hud_messaging_globals_update,data_only,hud_messaging.obj,inconclusive,"vacuous_output: 0 unique return(s), no scratch or memory variation across 50 seeds",50,50,0
0xd51c0,hud_print_message,stubbable,hud_messaging.obj,pass,,50,50,0
0xd5240,hud_messaging_set_vehicle_notification,stubbable,hud_messaging.obj,pass,,50,50,0
0xd52e0,FUN_000d52e0,stubbable,hud_messaging.obj,pass,,50,50,0
0xd5350,FUN_000d5350,stubbable,hud_messaging.obj,inconclusive,vacuous_coverage: 2.3% < 10% floor,50,50,0
0xd5ec0,hud_find_nav_point_by_name,stubbable,hud_messaging.obj,pass,,75,75,0
0xd5f40,hud_get_nav_point_data,stubbable,hud_messaging.obj,pass,,50,50,0
0xd5fb0,hud_nav_points_initialize,stubbable,hud_messaging.obj,not_applicable,"oracle_vacuous_early_exit: 93.2% coverage, identical entry-point path across 50 seeds",50,50,0
0xd5ff0,hud_messaging_initialize_for_new_map,stubbable,hud_messaging.obj,inconclusive,"vacuous_output: 0 unique return(s), no scratch or memory variation across 50 seeds",50,50,0
0xd6010,hud_messaging_dispose_from_old_map,leaf,hud_messaging.obj,pass,,50,50,0
0xd6020,hud_messaging_dispose,leaf,hud_messaging.obj,pass,,50,50,0
0xd6030,FUN_000d6030,stubbable,hud_messaging.obj,pass,,50,50,0
0xd6120,FUN_000d6120,stubbable,hud_messaging.obj,inconclusive,"vacuous_output: 0 unique return(s), no scratch or memory variation across 50 seeds",50,50,0
0xd6140,FUN_000d6140,stubbable,hud_messaging.obj,inconclusive,"vacuous_output: 0 unique return(s), no scratch or memory variation across 50 seeds",50,50,0
0xd6160,FUN_000d6160,stubbable,hud_messaging.obj,inconclusive,"vacuous_output: 0 unique return(s), no scratch or memory variation across 50 seeds",50,50,0
0xd6180,FUN_000d6180,stubbable,hud_messaging.obj,not_applicable,"oracle_vacuous_early_exit: 39.8% coverage, identical entry-point path across 50 seeds",50,50,0
0xd61f0,FUN_000d61f0,stubbable,hud_messaging.obj,inconclusive,"vacuous_output: 0 unique return(s), no scratch or memory variation across 50 seeds",50,50,0
0xd6220,FUN_000d6220,stubbable,hud_messaging.obj,inconclusive,"vacuous_output: 0 unique return(s), no scratch or memory variation across 50 seeds",50,50,0
0xd6250,FUN_000d6250,stubbable,hud_messaging.obj,inconclusive,"vacuous_output: 0 unique return(s), no scratch or memory variation across 50 seeds",50,50,0
0xd6280,FUN_000d6280,stubbable,hud_messaging.obj,not_applicable,"oracle_vacuous_early_exit: 42.3% coverage, identical entry-point path across 50 seeds",50,50,0
0xd62f0,FUN_000d62f0,stubbable,hud_messaging.obj,inconclusive,"vacuous_output: 0 unique return(s), no scratch or memory variation across 50 seeds",50,50,0
0xd6320,FUN_000d6320,stubbable,hud_messaging.obj,pass,,50,50,0
0xd6390,FUN_000d6390,stubbable,hud_messaging.obj,inconclusive,"vacuous_output: 0 unique return(s), no scratch or memory variation across 50 seeds",50,50,0
0xd63b0,FUN_000d63b0,stubbable,hud_messaging.obj,inconclusive,"vacuous_output: 0 unique return(s), no scratch or memory variation across 50 seeds",50,50,0
0xd63d0,FUN_000d63d0,stubbable,hud_messaging.obj,inconclusive,"vacuous_output: 0 unique return(s), no scratch or memory variation across 50 seeds",50,50,0
0xd63f0,FUN_000d63f0,stubbable,hud_messaging.obj,not_applicable,"oracle_vacuous_early_exit: 51.6% coverage, identical entry-point path across 50 seeds",50,50,0
0xd6450,FUN_000d6450,stubbable,hud_messaging.obj,inconclusive,"vacuous_output: 0 unique return(s), no scratch or memory variation across 50 seeds",50,50,0
0xd6470,FUN_000d6470,stubbable,hud_messaging.obj,inconclusive,"vacuous_output: 0 unique return(s), no scratch or memory variation across 50 seeds",50,50,0
0xd6490,FUN_000d6490,stubbable,hud_messaging.obj,inconclusive,"vacuous_output: 0 unique return(s), no scratch or memory variation across 50 seeds",50,50,0
0xd64c0,FUN_000d64c0,stubbable,hud_messaging.obj,inconclusive,"vacuous_output: 0 unique return(s), no scratch or memory variation across 50 seeds",50,50,0
0xd64f0,FUN_000d64f0,stubbable,hud_messaging.obj,inconclusive,"vacuous_output: 0 unique return(s), no scratch or memory variation across 50 seeds",50,50,0
0xd6520,FUN_000d6520,stubbable,hud_messaging.obj,inconclusive,"vacuous_output: 0 unique return(s), no scratch or memory variation across 50 seeds",50,50,0
0xd6550,FUN_000d6550,stubbable,hud_messaging.obj,pass,,50,50,0
0xd6660,FUN_000d6660,stubbable,hud_messaging.obj,fail,divergence,35,80,0
0xd6cc0,FUN_000d6cc0,stubbable,hud_messaging.obj,inconclusive,"vacuous_output: 0 unique return(s), no scratch or memory variation across 50 seeds",50,50,0
0xd6e50,FUN_000d6e50,stubbable,hud_messaging.obj,not_applicable,"oracle_vacuous_early_exit: 61.5% coverage, identical entry-point path across 50 seeds",50,50,0
0xd70b0,FUN_000d70b0,stubbable,hud_messaging.obj,pass,,89,90,0
0xd7240,FUN_000d7240,stubbable,hud_messaging.obj,pass,,49,50,0
0xd7280,FUN_000d7280,stubbable,hud_messaging.obj,pass,,50,50,0
0xd72f0,FUN_000d72f0,stubbable,hud_messaging.obj,not_applicable,"oracle_vacuous_early_exit: 93.5% coverage, identical entry-point path across 50 seeds",50,50,0
0xd7330,FUN_000d7330,stubbable,hud_messaging.obj,pass,,65,65,0
0xd7420,FUN_000d7420,leaf,hud_messaging.obj,pass,,50,50,0
0xd7430,FUN_000d7430,leaf,hud_messaging.obj,pass,,50,50,0
0xd7440,FUN_000d7440,data_only,hud_messaging.obj,pass,,50,50,0
0xd7470,FUN_000d7470,data_only,hud_messaging.obj,pass,,50,50,0
0xd74a0,FUN_000d74a0,data_only,hud_messaging.obj,pass,,50,50,0
0xd74d0,FUN_000d74d0,data_only,hud_messaging.obj,pass,,50,50,0
0xd7500,FUN_000d7500,data_only,hud_messaging.obj,pass,,50,50,0
0xd7530,FUN_000d7530,data_only,hud_messaging.obj,pass,,50,50,0
0xd7560,FUN_000d7560,stubbable,hud_messaging.obj,not_applicable,"oracle_vacuous_early_exit: 10.6% coverage, identical entry-point path across 89 seeds",89,90,0
0xd7780,FUN_000d7780,stubbable,hud_messaging.obj,inconclusive,"vacuous_output: 0 unique return(s), no scratch or memory variation across 50 seeds",50,50,0
0xd7800,FUN_000d7800,stubbable,hud_messaging.obj,not_applicable,"oracle_vacuous_early_exit: 47.8% coverage, identical entry-point path across 50 seeds",50,50,0
0xd7a20,FUN_000d7a20,stubbable,hud_messaging.obj,inconclusive,"vacuous_output: 0 unique return(s), no scratch or memory variation across 50 seeds",50,50,0
0xd7d40,FUN_000d7d40,stubbable,hud_messaging.obj,fail,divergence,41,90,0
0xd8af0,hud_weapon_initialize,stubbable,hud_weapon.obj,not_applicable,"oracle_vacuous_early_exit: 93.2% coverage, identical entry-point path across 50 seeds",50,50,0
0xd8b30,hud_weapon_initialize_for_new_map,stubbable,hud_weapon.obj,inconclusive,"vacuous_output: 0 unique return(s), no scratch or memory variation across 65 seeds",65,65,0
0xd8b70,hud_weapon_dispose_from_old_map,leaf,hud_weapon.obj,pass,,50,50,0
0xd8b80,hud_weapon_dispose,leaf,hud_weapon.obj,pass,,50,50,0
0xd8b90,FUN_000d8b90,data_only,hud_weapon.obj,pass,,50,50,0
0xd8bc0,FUN_000d8bc0,stubbable,hud_weapon.obj,pass,,50,50,0
0xd8c30,FUN_000d8c30,stubbable,hud_weapon.obj,pass,,50,50,0
0xd8ca0,FUN_000d8ca0,stubbable,hud_weapon.obj,inconclusive,"vacuous_output: 0 unique return(s), no scratch or memory variation across 50 seeds",50,50,0
0xd8cf0,FUN_000d8cf0,stubbable,hud_weapon.obj,pass,,50,50,0
0xd8fd0,FUN_000d8fd0,stubbable,hud_weapon.obj,pass,,50,50,0
0xd8ff0,FUN_000d8ff0,stubbable,hud_weapon.obj,not_applicable,"oracle_vacuous_early_exit: 5.3% coverage, identical entry-point path across 90 seeds",90,90,0
0xd98c0,FUN_000d98c0,stubbable,hud_weapon.obj,inconclusive,"vacuous_output: 0 unique return(s), no scratch or memory variation across 50 seeds",50,50,0
0xce690,input_abstraction_dispose,stubbable,input_abstraction.obj,inconclusive,"vacuous_output: 0 unique return(s), no scratch or memory variation across 50 seeds",50,50,0
0xce6b0,input_abstraction_mark_time,stubbable,input_abstraction.obj,inconclusive,"vacuous_output: 0 unique return(s), no scratch or memory variation across 50 seeds",50,50,0
0xce9f0,input_abstraction_initialize,stubbable,input_abstraction.obj,inconclusive,"vacuous_output: 0 unique return(s), no scratch or memory variation across 50 seeds",50,50,0
0xcea90,input_abstraction_update,stubbable,input_abstraction.obj,inconclusive,vacuous_coverage: 6.2% < 10% floor,90,90,0
0xce6c0,input_abstraction_get_local_player_preferences,stubbable,input_abstraction.obj,pass,,50,50,0
0xce740,input_abstraction_update_local_player_preferences,stubbable,input_abstraction.obj,pass,,50,50,0
0xce7f0,input_abstraction_get_input_state,stubbable,input_abstraction.obj,pass,,50,50,0
0xce840,input_abstraction_update_device_changes,stubbable,input_abstraction.obj,inconclusive,"vacuous_output: 0 unique return(s), no scratch or memory variation across 75 seeds",75,75,0
0xce4a0,FUN_000ce4a0,stubbable,input_xbox.obj,not_applicable,"oracle_vacuous_early_exit: 62.5% coverage, identical entry-point path across 50 seeds",50,50,0
0xce4b0,input_check_state_mode,stubbable,input_xbox.obj,not_applicable,"oracle_vacuous_early_exit: 33.3% coverage, identical entry-point path across 50 seeds",50,50,0
0xce5c0,input_open_state_file,stubbable,input_xbox.obj,inconclusive,"vacuous_output: 0 unique return(s), no scratch or memory variation across 75 seeds",75,75,0
0xcf500,input_flush,stubbable,input_xbox.obj,inconclusive,"vacuous_output: 0 unique return(s), no scratch or memory variation across 50 seeds",50,50,0
0xcf560,input_key_is_down,stubbable,input_xbox.obj,pass,,90,90,0
0xcf620,input_get_buffered_key,stubbable,input_xbox.obj,pass,,70,70,0
0xcf6c0,input_has_gamepad,stubbable,input_xbox.obj,inconclusive,"vacuous_output: 1 unique return(s), no scratch or memory variation across 50 seeds",50,50,0
0xcf710,input_get_gamepad_state,stubbable,input_xbox.obj,inconclusive,"vacuous_output: 1 unique return(s), no scratch or memory variation across 50 seeds",50,50,0
0xcf780,input_set_rumble,stubbable,input_xbox.obj,pass,,50,50,0
0xcf7e0,input_tick,stubbable,input_xbox.obj,pass,,65,65,0
0xcf830,input_get_device_states,stubbable,input_xbox.obj,error,emulation_error,0,50,0
0xcfd00,input_flush_rumble,stubbable,input_xbox.obj,pass,,90,90,0
0xcfdb0,input_update_keyboard_devices,stubbable,input_xbox.obj,error,emulation_error,0,50,0
0xd0120,input_update,stubbable,input_xbox.obj,inconclusive,"vacuous_output: 0 unique return(s), no scratch or memory variation across 50 seeds",50,50,0
0xd01a0,input_keyboard_thread,stubbable,input_xbox.obj,error,emulation_error,0,50,0
0xd01c0,input_initialize,stubbable,input_xbox.obj,not_applicable,"oracle_vacuous_early_exit: 93.4% coverage, identical entry-point path across 50 seeds",50,50,0
0xd0180,input_frame_begin,stubbable,input_xbox.obj,inconclusive,"vacuous_output: 0 unique return(s), no scratch or memory variation across 50 seeds",50,50,0
0xd0190,input_frame_end,data_only,input_xbox.obj,inconclusive,"vacuous_output: 0 unique return(s), no scratch or memory variation across 50 seeds",50,50,0
0xce500,FUN_000ce500,stubbable,input_xbox.obj,pass,,50,50,0
0xce530,FUN_000ce530,stubbable,input_xbox.obj,pass,,50,50,0
0xce590,input_recording_write_packet,stubbable,input_xbox.obj,pass,,50,50,0
0xce620,input_state_process_packet,stubbable,input_xbox.obj,pass,,80,80,0
0xcf3e0,FUN_000cf3e0,leaf,input_xbox.obj,pass,,50,50,0
0xcf430,FUN_000cf430,leaf,input_xbox.obj,pass,,50,50,0
0xcf490,FUN_000cf490,stubbable,input_xbox.obj,not_applicable,"oracle_vacuous_early_exit: 62.7% coverage, identical entry-point path across 50 seeds",50,50,0
0xcf690,FUN_000cf690,leaf,input_xbox.obj,inconclusive,"vacuous_output: 1 unique return(s), no scratch or memory variation across 50 seeds",50,50,1
0xd0030,input_get_raw_data_string,stubbable,input_xbox.obj,pass,,50,50,0
0xdec50,interface_initialize,stubbable,interface.obj,inconclusive,"vacuous_output: 0 unique return(s), no scratch or memory variation across 50 seeds",50,50,0
0xdec70,interface_dispose_from_old_map,stubbable,interface.obj,inconclusive,"vacuous_output: 0 unique return(s), no scratch or memory variation across 50 seeds",50,50,0
0xdec80,interface_dispose,stubbable,interface.obj,inconclusive,"vacuous_output: 0 unique return(s), no scratch or memory variation across 50 seeds",50,50,0
0xdeca0,interface_get_tag_index,stubbable,interface.obj,inconclusive,"vacuous_output: 1 unique return(s), no scratch or memory variation across 50 seeds",50,50,0
0xded20,interface_get_color,stubbable,interface.obj,fail,divergence,13,70,0
0xdeda0,interface_draw_text,stubbable,interface.obj,fail,divergence,5,50,0
0xdfea0,interface_initialize_for_new_map,stubbable,interface.obj,fail,divergence,0,50,0
0xdedf0,FUN_000dedf0,stubbable,interface.obj,pass,,80,90,0
0xdfdc0,interface_draw_splitscreen_dividers,stubbable,interface.obj,not_applicable,"oracle_vacuous_early_exit: 25.6% coverage, identical entry-point path across 50 seeds",50,50,0
0xdff70,interface_draw_fullscreen_overlays,stubbable,interface.obj,inconclusive,"vacuous_output: 0 unique return(s), no scratch or memory variation across 50 seeds",50,50,0
0xf4b60,FUN_000f4b60,stubbable,items.obj,pass,,60,60,0
0xf4cf0,FUN_000f4cf0,stubbable,items.obj,pass,,60,60,0
0xf4ea0,FUN_000f4ea0,stubbable,items.obj,pass,,80,80,0
0xf52f0,FUN_000f52f0,data_only,items.obj,pass,,50,50,0
0xf53a0,virtual_keyboard_initialize,stubbable,items.obj,not_applicable,"oracle_vacuous_early_exit: 71.7% coverage, identical entry-point path across 50 seeds",50,50,0
0xf5500,virtual_keyboard_set_validation,stubbable,items.obj,pass,,65,65,0
0xf5640,FUN_000f5640,data_only,items.obj,inconclusive,"vacuous_output: 1 unique return(s), no scratch or memory variation across 50 seeds",50,50,0
0xf5650,FUN_000f5650,data_only,items.obj,inconclusive,"vacuous_output: 1 unique return(s), no scratch or memory variation across 50 seeds",50,50,0
0xf56b0,FUN_000f56b0,stubbable,items.obj,not_applicable,"oracle_vacuous_early_exit: 92.0% coverage, identical entry-point path across 50 seeds",50,50,0
0xf5700,FUN_000f5700,stubbable,items.obj,not_applicable,"oracle_vacuous_early_exit: 96.0% coverage, identical entry-point path across 50 seeds",50,50,0
0xf5750,FUN_000f5750,stubbable,items.obj,not_applicable,"oracle_vacuous_early_exit: 92.3% coverage, identical entry-point path across 50 seeds",50,50,0
0xf57a0,FUN_000f57a0,stubbable,items.obj,pass,,65,65,0
0xf5f10,FUN_000f5f10,stubbable,items.obj,inconclusive,"vacuous_output: 1 unique return(s), no scratch or memory variation across 50 seeds",50,50,0
0xf5f30,FUN_000f5f30,stubbable,items.obj,inconclusive,"vacuous_output: 0 unique return(s), no scratch or memory variation across 90 seeds",90,90,0
0xf5fb0,FUN_000f5fb0,stubbable,items.obj,pass,,90,90,0
0xf63f0,virtual_keyboard_process_input,stubbable,items.obj,not_applicable,"oracle_vacuous_early_exit: 6.6% coverage, identical entry-point path across 50 seeds",50,50,0
0xf6740,items_dispose_from_old_map,stubbable,items.obj,not_applicable,"oracle_vacuous_early_exit: 66.7% coverage, identical entry-point path across 50 seeds",50,50,0
0xf6750,FUN_000f6750,stubbable,items.obj,pass,,50,50,0
0xf67b0,item_activate_equipment_effect,stubbable,items.obj,pass,,50,50,0
0xf67f0,FUN_000f67f0,stubbable,items.obj,pass,,50,50,0
0xf6820,item_new,stubbable,items.obj,pass,,50,50,0
0xf6860,item_begin_garbage_collection,stubbable,items.obj,pass,,50,50,0
0xf68b0,FUN_000f68b0,stubbable,items.obj,pass,,50,50,0
0xf6910,item_activate,stubbable,items.obj,pass,,50,50,0
0xf6970,dangerous_items_near_player,stubbable,items.obj,not_applicable,"oracle_vacuous_early_exit: 56.2% coverage, identical entry-point path across 50 seeds",50,50,0
0xf69c0,item_attach_to_unit,stubbable,items.obj,pass,,50,50,0
0xf6a60,item_get_position_even_if_in_inventory,stubbable,items.obj,pass,,50,50,0
0xf6af0,item_detonate,stubbable,items.obj,pass,,50,50,0
0xf6b80,FUN_000f6b80,stubbable,items.obj,pass,,50,50,0
0xf6c40,valid_real_vector3d_axes3,stubbable,items.obj,pass,,50,50,0
0xf6d00,valid_real_matrix4x3,stubbable,items.obj,pass,,50,50,0
0xf6d60,item_set_position,stubbable,items.obj,pass,,75,75,0
0xf7340,item_update,stubbable,items.obj,pass,,85,85,0
0xe8d20,display_error_damaged_media,stubbable,main.obj,fail,divergence,0,50,0
0xe8db0,ui_widget_display_deferred_errors,stubbable,main.obj,not_applicable,"oracle_vacuous_early_exit: 69.2% coverage, identical entry-point path across 50 seeds",50,50,0
0xe8e20,ui_widget_display_scenario_help,stubbable,main.obj,inconclusive,"vacuous_output: 0 unique return(s), no scratch or memory variation across 55 seeds",55,55,0
0xffe10,FUN_000ffe10,stubbable,main.obj,inconclusive,"vacuous_output: 0 unique return(s), no scratch or memory variation across 50 seeds",50,50,0
0xffe30,FUN_000ffe30,stubbable,main.obj,inconclusive,"vacuous_output: 0 unique return(s), no scratch or memory variation across 50 seeds",50,50,0
0xffe50,FUN_000ffe50,stubbable,main.obj,inconclusive,"vacuous_output: 0 unique return(s), no scratch or memory variation across 50 seeds",50,50,0
0xffe70,FUN_000ffe70,stubbable,main.obj,inconclusive,"vacuous_output: 0 unique return(s), no scratch or memory variation across 50 seeds",50,50,0
0xffe90,FUN_000ffe90,stubbable,main.obj,inconclusive,"vacuous_output: 0 unique return(s), no scratch or memory variation across 50 seeds",50,50,0
0xffeb0,FUN_000ffeb0,stubbable,main.obj,inconclusive,"vacuous_output: 0 unique return(s), no scratch or memory variation across 50 seeds",50,50,0
0xffef0,gamepad_button_is_down,stubbable,main.obj,inconclusive,"vacuous_output: 1 unique return(s), no scratch or memory variation across 50 seeds",50,50,0
0xfff70,set_game_connection,data_only,main.obj,pass,,50,50,0
0xfff80,game_connection,data_only,main.obj,inconclusive,"vacuous_output: 1 unique return(s), no scratch or memory variation across 50 seeds",50,50,0
0xfff90,main_disallow_persistent_storage,data_only,main.obj,inconclusive,"vacuous_output: 0 unique return(s), no scratch or memory variation across 50 seeds",50,50,0
0xfffa0,main_set_map_name,stubbable,main.obj,pass,,50,50,0
0x100000,main_defer_map_map_change,data_only,main.obj,inconclusive,"vacuous_output: 0 unique return(s), no scratch or memory variation across 50 seeds",50,50,0
0x100010,main_set_multiplayer_map_name,stubbable,main.obj,pass,,50,50,0
0x100040,main_get_map_name,data_only,main.obj,inconclusive,"vacuous_output: 1 unique return(s), no scratch or memory variation across 50 seeds",50,50,0
0x100050,main_get_multiplayer_map_name,data_only,main.obj,inconclusive,"vacuous_output: 1 unique return(s), no scratch or memory variation across 50 seeds",50,50,0
0x100060,main_set_difficulty,data_only,main.obj,pass,,50,50,0
0x100080,main_get_difficulty,data_only,main.obj,inconclusive,"vacuous_output: 1 unique return(s), no scratch or memory variation across 50 seeds",50,50,0
0x100090,sort_desired_local_player_controllers,leaf,main.obj,pass,,50,50,0
0x1000d0,create_local_players,stubbable,main.obj,inconclusive,"vacuous_output: 0 unique return(s), no scratch or memory variation across 90 seeds",90,90,0
0x1002a0,main_reset_map,data_only,main.obj,inconclusive,"vacuous_output: 0 unique return(s), no scratch or memory variation across 50 seeds",50,50,0
0x1002c0,main_revert_map,data_only,main.obj,inconclusive,"vacuous_output: 0 unique return(s), no scratch or memory variation across 50 seeds",50,50,0
0x1002e0,main_skip_cinematic,data_only,main.obj,inconclusive,"vacuous_output: 0 unique return(s), no scratch or memory variation across 50 seeds",50,50,0
0x100300,main_save_map_nonsafe,data_only,main.obj,inconclusive,"vacuous_output: 0 unique return(s), no scratch or memory variation across 50 seeds",50,50,0
0x100310,main_saving_map,data_only,main.obj,inconclusive,"vacuous_output: 1 unique return(s), no scratch or memory variation across 50 seeds",50,50,0
0x100320,main_save_cancel,data_only,main.obj,inconclusive,"vacuous_output: 0 unique return(s), no scratch or memory variation across 50 seeds",50,50,0
0x100330,main_save_map_safe,data_only,main.obj,not_applicable,"oracle_vacuous_early_exit: 85.7% coverage, identical entry-point path across 50 seeds",50,50,0
0x100370,main_won_map,data_only,main.obj,inconclusive,"vacuous_output: 0 unique return(s), no scratch or memory variation across 50 seeds",50,50,0
0x100380,FUN_00100380,data_only,main.obj,inconclusive,"vacuous_output: 0 unique return(s), no scratch or memory variation across 50 seeds",50,50,0
0x100390,main_respawn,data_only,main.obj,pass,,50,50,0
0x1003b0,main_save_core,stubbable,main.obj,inconclusive,"vacuous_output: 0 unique return(s), no scratch or memory variation across 50 seeds",50,50,0
0x1003d0,main_save_core_name,stubbable,main.obj,pass,,50,50,0
0x100420,main_load_core,stubbable,main.obj,inconclusive,"vacuous_output: 0 unique return(s), no scratch or memory variation across 50 seeds",50,50,0
0x100440,main_load_core_at_startup,stubbable,main.obj,inconclusive,"vacuous_output: 0 unique return(s), no scratch or memory variation across 50 seeds",50,50,0
0x100460,main_load_core_name,stubbable,main.obj,pass,,50,50,0
0x1004b0,main_load_core_name_at_startup,stubbable,main.obj,pass,,50,50,0
0x100500,main_switch_structure_bsp,stubbable,main.obj,inconclusive,"vacuous_output: 0 unique return(s), no scratch or memory variation across 50 seeds",50,50,0
0x100560,main_skip,stubbable,main.obj,pass,,50,50,0
0x100590,main_queue_map_name,stubbable,main.obj,pass,,50,50,0
0x1005d0,main_precache_map_tick,stubbable,main.obj,not_applicable,"oracle_vacuous_early_exit: 67.6% coverage, identical entry-point path across 50 seeds",50,50,0
0x100620,main_goto_main_menu,data_only,main.obj,inconclusive,"vacuous_output: 0 unique return(s), no scratch or memory variation across 50 seeds",50,50,0
0x100640,main_menu_precache_resources,stubbable,main.obj,not_applicable,"oracle_vacuous_early_exit: 20.6% coverage, identical entry-point path across 50 seeds",50,50,0
0x100690,main_menu_unload,stubbable,main.obj,inconclusive,"vacuous_output: 0 unique return(s), no scratch or memory variation across 50 seeds",50,50,0
0x1006b0,main_reset_player_actions,stubbable,main.obj,inconclusive,"vacuous_output: 0 unique return(s), no scratch or memory variation across 50 seeds",50,50,0
0x1006c0,main_change_map_name_in_progress,data_only,main.obj,inconclusive,"vacuous_output: 1 unique return(s), no scratch or memory variation across 50 seeds",50,50,0
0x1006d0,main_menu_switch_to_single_player,data_only,main.obj,inconclusive,"vacuous_output: 0 unique return(s), no scratch or memory variation across 50 seeds",50,50,0
0x1006e0,main_set_game_connection_to_film_playback,data_only,main.obj,inconclusive,"vacuous_output: 0 unique return(s), no scratch or memory variation across 50 seeds",50,50,0
0x1006f0,main_get_solo_level_from_name,stubbable,main.obj,fail,divergence,0,50,0
0x100860,main_get_current_solo_level,stubbable,main.obj,inconclusive,"vacuous_output: 1 unique return(s), no scratch or memory variation across 50 seeds",50,50,0
0x100870,main_get_solo_level_name,data_only,main.obj,pass,,50,50,0
0x100890,main_run_demos,data_only,main.obj,inconclusive,"vacuous_output: 0 unique return(s), no scratch or memory variation across 50 seeds",50,50,0
0x1008a0,compute_split_screen_grid,stubbable,main.obj,pass,,42,50,0
0x100910,compute_window_bounds,stubbable,main.obj,fail,divergence,29,50,0
0x100b00,main_get_window_count,stubbable,main.obj,not_applicable,"oracle_vacuous_early_exit: 57.4% coverage, identical entry-point path across 50 seeds",50,50,0
0x100b40,main_new_map,stubbable,main.obj,pass,,50,50,0
0x100c10,main_change_map_name,stubbable,main.obj,inconclusive,"vacuous_output: 0 unique return(s), no scratch or memory variation across 70 seeds",70,70,0
0x100de0,main_skip_private,stubbable,main.obj,inconclusive,"vacuous_output: 0 unique return(s), no scratch or memory variation across 65 seeds",65,65,0
0x101040,main_won_map_private,stubbable,main.obj,not_applicable,"oracle_vacuous_early_exit: 96.5% coverage, identical entry-point path across 50 seeds",50,50,0
0x101130,main_frame_rate_debug,stubbable,main.obj,pass,,90,90,0
0x1013d0,main_update_time,stubbable,main.obj,pass,,90,90,0
0x101970,main_rasterizer_throttle,stubbable,main.obj,not_applicable,"oracle_vacuous_early_exit: 67.0% coverage, identical entry-point path across 50 seeds",50,50,0
0x101bc0,main_movie_start,stubbable,main.obj,inconclusive,"vacuous_output: 0 unique return(s), no scratch or memory variation across 70 seeds",70,70,0
0x101c90,main_lost_map,data_only,main.obj,inconclusive,"vacuous_output: 0 unique return(s), no scratch or memory variation across 50 seeds",50,50,0
0x101ca0,main_start_time,data_only,main.obj,inconclusive,"vacuous_output: 0 unique return(s), no scratch or memory variation across 50 seeds",50,50,0
0x101cb0,main_crash,data_only,main.obj,pass,,50,50,0
0x101cc0,main_print_version,stubbable,main.obj,inconclusive,"vacuous_output: 0 unique return(s), no scratch or memory variation across 50 seeds",50,50,0
0x101cd0,main_vertical_blank_interrupt_handler,stubbable,main.obj,pass,,80,80,0
0x101d90,main_save_current_solo_map,stubbable,main.obj,pass,,50,50,0
0x101e00,main_load_last_solo_map,stubbable,main.obj,inconclusive,"vacuous_output: 0 unique return(s), no scratch or memory variation across 65 seeds",65,65,0
0x101ec0,main_save_map_no_timeout,data_only,main.obj,not_applicable,"oracle_vacuous_early_exit: 85.7% coverage, identical entry-point path across 50 seeds",50,50,0
0x101f00,main_load_ui_scenario,stubbable,main.obj,fail,divergence,0,50,0
0x101fe0,main_menu_load,stubbable,main.obj,not_applicable,"oracle_vacuous_early_exit: 61.2% coverage, identical entry-point path across 50 seeds",50,50,0
0x102070,main_roll_credits,stubbable,main.obj,inconclusive,"vacuous_output: 0 unique return(s), no scratch or memory variation across 50 seeds",50,50,0
0x102090,main_pregame_render,stubbable,main.obj,inconclusive,"vacuous_output: 0 unique return(s), no scratch or memory variation across 50 seeds",50,50,0
0x1021c0,set_window_camera_values,stubbable,main.obj,fail,divergence,0,50,0
0x102370,main_present_frame,stubbable,main.obj,inconclusive,"vacuous_output: 0 unique return(s), no scratch or memory variation across 85 seeds",85,85,0
0x102400,main_setup_connection,stubbable,main.obj,not_applicable,"oracle_vacuous_early_exit: 69.2% coverage, identical entry-point path across 50 seeds",50,50,0
0x1024c0,main_initialize_time,stubbable,main.obj,inconclusive,"vacuous_output: 0 unique return(s), no scratch or memory variation across 50 seeds",50,50,0
0x102510,screenshot_render,stubbable,main.obj,pass,,90,90,0
0x102700,main_framerate_render,stubbable,main.obj,inconclusive,"vacuous_output: 0 unique return(s), no scratch or memory variation across 90 seeds",90,90,0
0x102c80,main_game_render,stubbable,main.obj,error,emulation_error,0,50,0
0x102e40,main_loop,stubbable,main.obj,error,emulation_error,0,50,0
0x1034b0,FUN_001034b0,stubbable,main.obj,pass,,50,50,0
0x1034e0,FUN_001034e0,stubbable,main.obj,pass,,21,50,0
0x103530,FUN_00103530,stubbable,main.obj,pass,,50,50,0
0x103600,FUN_00103600,stubbable,main.obj,pass,,30,50,0
0x1036c0,FUN_001036c0,stubbable,main.obj,pass,,25,50,0
0x1037b0,FUN_001037b0,stubbable,main.obj,pass,,50,50,0
0x103860,FUN_00103860,stubbable,main.obj,pass,,49,50,0
0x103a00,FUN_00103a00,stubbable,main.obj,pass,,49,50,0
0x103b80,FUN_00103b80,stubbable,main.obj,inconclusive,"vacuous_output: 0 unique return(s), no scratch or memory variation across 50 seeds",50,50,0
0x103c00,FUN_00103c00,stubbable,main.obj,pass,,28,50,0
0x103d30,FUN_00103d30,stubbable,main.obj,not_applicable,"oracle_vacuous_early_exit: 60.5% coverage, identical entry-point path across 50 seeds",50,50,0
0x103d80,FUN_00103d80,stubbable,main.obj,inconclusive,"vacuous_output: 0 unique return(s), no scratch or memory variation across 65 seeds",65,65,0
0x103de0,FUN_00103de0,stubbable,main.obj,pass,,50,50,0
0x103e80,FUN_00103e80,stubbable,main.obj,pass,,50,50,0
0x104040,FUN_00104040,stubbable,main.obj,pass,,50,50,0
0x104240,FUN_00104240,stubbable,main.obj,pass,,50,50,0
0x104430,FUN_00104430,stubbable,main.obj,pass,,50,50,0
0x104710,FUN_00104710,stubbable,main.obj,pass,,50,50,0
0x104950,FUN_00104950,stubbable,main.obj,pass,,50,50,0
0xe0500,xbox_demos_launch,stubbable,marketing_and_strategic_business_development.obj,not_applicable,"oracle_vacuous_early_exit: 36.3% coverage, identical entry-point path across 50 seeds",50,50,0
0xe02d0,FUN_000e02d0,stubbable,marketing_and_strategic_business_development.obj,pass,,49,50,0
0xe0430,xbox_demos_available,stubbable,marketing_and_strategic_business_development.obj,not_applicable,"oracle_vacuous_early_exit: 69.8% coverage, identical entry-point path across 50 seeds",50,50,0
0xe04a0,clean_up_for_image_launch,stubbable,marketing_and_strategic_business_development.obj,not_applicable,"oracle_vacuous_early_exit: 44.3% coverage, identical entry-point path across 50 seeds",50,50,0
0xe0570,FUN_000e0570,stubbable,marketing_and_strategic_business_development.obj,error,emulation_error,0,50,0
0x129130,FUN_00129130,stubbable,network_game_globals.obj,pass,,89,90,0
0x1298f0,FUN_001298f0,stubbable,network_game_globals.obj,pass,,89,90,0
0x129cf0,FUN_00129cf0,stubbable,network_game_globals.obj,pass,,89,90,0
0x12a000,network_game_in_progress,data_only,network_game_globals.obj,not_applicable,"oracle_vacuous_early_exit: 77.8% coverage, identical entry-point path across 50 seeds",50,50,0
0x12a160,network_game_accept_remote_connections,data_only,network_game_globals.obj,inconclusive,"vacuous_output: 1 unique return(s), no scratch or memory variation across 50 seeds",50,50,0
0x12a170,network_game_is_splitscreen_local,data_only,network_game_globals.obj,pass,,65,65,0
0x12a1d0,network_game_server_get,data_only,network_game_globals.obj,inconclusive,"vacuous_output: 1 unique return(s), no scratch or memory variation across 50 seeds",50,50,0
0x12a1e0,dispose_global_network_game_client,stubbable,network_game_globals.obj,inconclusive,"vacuous_output: 0 unique return(s), no scratch or memory variation across 65 seeds",65,65,0
0x12a210,network_game_server_start_frame,stubbable,network_game_globals.obj,not_applicable,"oracle_vacuous_early_exit: 73.0% coverage, identical entry-point path across 50 seeds",50,50,0
0x12a240,network_game_client_get,data_only,network_game_globals.obj,inconclusive,"vacuous_output: 1 unique return(s), no scratch or memory variation across 50 seeds",50,50,0
0x12a2a0,dispose_global_network_game_server,stubbable,network_game_globals.obj,pass,,65,65,0
0x12a500,network_game_client_end_frame,stubbable,network_game_globals.obj,inconclusive,"vacuous_output: 1 unique return(s), no scratch or memory variation across 70 seeds",70,70,0
0x12a780,network_game_abort,data_only,network_game_globals.obj,inconclusive,"vacuous_output: 0 unique return(s), no scratch or memory variation across 50 seeds",50,50,0
0x129980,FUN_00129980,stubbable,network_game_globals.obj,not_applicable,"oracle_vacuous_early_exit: 24.8% coverage, identical entry-point path across 89 seeds",89,90,0
0x12a020,network_game_set_number_of_games_played,stubbable,network_game_globals.obj,pass,,90,90,0
0x12a060,network_game_set_random_seed,stubbable,network_game_globals.obj,pass,,90,90,0
0x12a0a0,network_game_get_game,stubbable,network_game_globals.obj,inconclusive,"vacuous_output: 1 unique return(s), no scratch or memory variation across 80 seeds",80,80,0
0x12a0d0,network_game_player_is_local,stubbable,network_game_globals.obj,pass,,50,50,0
0x12a150,network_game_set_accept_remote_connections,data_only,network_game_globals.obj,pass,,50,50,0
0x12a190,FUN_0012a190,data_only,network_game_globals.obj,inconclusive,"vacuous_output: 0 unique return(s), no scratch or memory variation across 50 seeds",50,50,0
0x12a1a0,FUN_0012a1a0,data_only,network_game_globals.obj,inconclusive,"vacuous_output: 1 unique return(s), no scratch or memory variation across 65 seeds",65,65,0
0x12a250,FUN_0012a250,stubbable,network_game_globals.obj,inconclusive,"vacuous_output: 1 unique return(s), no scratch or memory variation across 65 seeds",65,65,0
0x12a690,network_game_client_get_local_machine_index,stubbable,network_game_globals.obj,inconclusive,"vacuous_output: 1 unique return(s), no scratch or memory variation across 65 seeds",65,65,0
0x12a6c0,network_game_client_local_player_quit,stubbable,network_game_globals.obj,inconclusive,"vacuous_output: 0 unique return(s), no scratch or memory variation across 70 seeds",70,70,0
0x12a790,network_game_client_all_local_players_have_quit,data_only,network_game_globals.obj,inconclusive,"vacuous_output: 0 unique return(s), no scratch or memory variation across 50 seeds",50,50,0
0x12a7a0,FUN_0012a7a0,stubbable,network_game_globals.obj,inconclusive,"vacuous_output: 0 unique return(s), no scratch or memory variation across 65 seeds",65,65,0
0x12a830,network_game_get_number_of_games_played,stubbable,network_game_globals.obj,inconclusive,"vacuous_output: 1 unique return(s), no scratch or memory variation across 80 seeds",80,80,0
0x12a890,FUN_0012a890,stubbable,network_game_globals.obj,inconclusive,"vacuous_output: 1 unique return(s), no scratch or memory variation across 65 seeds",65,65,0
0x12a920,network_player_reset,stubbable,network_game_globals.obj,pass,,50,50,0
0x1249b0,network_game_server_dispose,stubbable,network_client_manager.obj,pass,,50,50,0
0x124a30,network_game_client_get_state,stubbable,network_client_manager.obj,pass,,50,50,0
0x124c40,FUN_00124c40,stubbable,network_client_manager.obj,pass,,50,50,0
0x124cc0,FUN_00124cc0,stubbable,network_client_manager.obj,pass,,50,50,0
0x124d40,network_game_client_write,stubbable,network_client_manager.obj,pass,,50,50,0
0x125710,network_game_client_get_seconds_to_game_start,stubbable,network_client_manager.obj,pass,,50,50,0
0x125750,network_game_client_switch_to_postgame,stubbable,network_client_manager.obj,pass,,50,50,0
0x1257a0,network_game_client_get_machine_index,stubbable,network_client_manager.obj,pass,,50,50,0
0x1257e0,network_game_client_get_available_games,stubbable,network_client_manager.obj,pass,,50,50,0
0x125820,network_game_client_get_error,stubbable,network_client_manager.obj,pass,,50,50,0
0x125860,network_client_get_oos,stubbable,network_client_manager.obj,pass,,50,50,0
0x126000,FUN_00126000,stubbable,network_client_manager.obj,pass,,50,50,0
0x1260c0,FUN_001260c0,stubbable,network_client_manager.obj,pass,,50,50,0
0x1268a0,network_game_client_idle_searching,stubbable,network_client_manager.obj,pass,,50,50,0
0x126b60,FUN_00126b60,stubbable,network_client_manager.obj,pass,,50,50,0
0x126ce0,FUN_00126ce0,stubbable,network_client_manager.obj,pass,,50,50,0
0x126db0,FUN_00126db0,stubbable,network_client_manager.obj,pass,,50,50,0
0x126f40,network_game_client_idle,stubbable,network_client_manager.obj,pass,,50,50,0
0x127070,FUN_00127070,stubbable,network_client_manager.obj,pass,,50,50,0
0x124730,FUN_00124730,stubbable,network_client_manager.obj,pass,,50,50,0
0x124900,FUN_00124900,stubbable,network_client_manager.obj,pass,,26,50,0
0x124a10,network_game_client_keep_alive,stubbable,network_client_manager.obj,pass,,50,50,0
0x124aa0,network_game_client_initiate_join_game,stubbable,network_client_manager.obj,pass,,50,50,0
0x124ba0,network_game_client_set_machine,stubbable,network_client_manager.obj,pass,,50,50,0
0x124c10,network_game_client_get_machine,leaf,network_client_manager.obj,pass,,50,50,1
0x124c80,FUN_00124C80,stubbable,network_client_manager.obj,pass,,50,50,0
0x124d00,FUN_00124D00,stubbable,network_client_manager.obj,pass,,50,50,0
0x124d50,network_game_client_address_matches_server,stubbable,network_client_manager.obj,pass,,50,50,0
0x124e20,network_game_client_game_out_of_sync,stubbable,network_client_manager.obj,error,emulation_error,0,50,0
0x124e90,network_game_client_ponged,stubbable,network_client_manager.obj,pass,,50,50,0
0x124f40,network_game_client_accepted_into_game,stubbable,network_client_manager.obj,pass,,50,50,0
0x125050,network_game_client_game_settings_updated,stubbable,network_client_manager.obj,pass,,50,50,0
0x125180,unstrip_player_index,stubbable,network_client_manager.obj,not_applicable,"oracle_vacuous_early_exit: 55.6% coverage, identical entry-point path across 50 seeds",50,50,0
0x1251e0,network_game_client_game_has_started,stubbable,network_client_manager.obj,pass,,50,50,0
0x125380,network_game_client_handle_game_update,stubbable,network_client_manager.obj,pass,,3,50,0
0x125510,network_game_client_add_player_to_game,stubbable,network_client_manager.obj,pass,,50,50,0
0x125610,network_client_switch_to_postgame,stubbable,network_client_manager.obj,pass,,50,50,0
0x125660,network_game_client_switch_to_pregame,stubbable,network_client_manager.obj,pass,,50,50,0
0x1258a0,network_game_client_add_player,stubbable,network_client_manager.obj,pass,,50,50,0
0x125a90,network_game_client_update_local_player_data,stubbable,network_client_manager.obj,pass,,50,50,0
0x125b90,network_game_client_request_start_time_change,stubbable,network_client_manager.obj,pass,,50,50,0
0x125c60,network_game_client_countdown_timer_update,stubbable,network_client_manager.obj,pass,,50,50,0
0x125cb0,network_game_client_advertised_game_is_valid,stubbable,network_client_manager.obj,pass,,50,50,0
0x125ce0,FUN_00125ce0,stubbable,network_client_manager.obj,pass,,50,50,0
0x125fb0,FUN_00125fb0,stubbable,network_client_manager.obj,pass,,50,50,0
0x126140,network_game_client_leave_game,stubbable,network_client_manager.obj,not_applicable,"oracle_vacuous_early_exit: 9.3% coverage, identical entry-point path across 50 seeds",50,50,0
0x1263a0,network_game_client_request_remove_player,stubbable,network_client_manager.obj,pass,,50,50,0
0x126590,network_game_client_remove_player,stubbable,network_client_manager.obj,pass,,50,50,0
0x126700,network_game_client_new_advertised_game,stubbable,network_client_manager.obj,pass,,50,50,0
0x126750,network_game_client_game_shutdown,stubbable,network_client_manager.obj,pass,,50,50,0
0x1267c0,network_game_client_reset,stubbable,network_client_manager.obj,pass,,50,50,0
0x126fe0,FUN_00126fe0,stubbable,network_client_manager.obj,not_applicable,"oracle_vacuous_early_exit: 63.8% coverage, identical entry-point path across 50 seeds",50,50,0
0x1271a0,FUN_001271a0,stubbable,network_client_manager.obj,pass,,50,50,0
0x127260,FUN_00127260,stubbable,network_client_manager.obj,pass,,50,50,0
0x127310,FUN_00127310,stubbable,network_client_manager.obj,pass,,50,50,0
0x1273a0,FUN_001273a0,stubbable,network_client_manager.obj,pass,,50,50,0
0x127440,FUN_00127440,stubbable,network_client_manager.obj,pass,,50,50,0
0x1274e0,FUN_001274E0,stubbable,network_client_manager.obj,fail,divergence,47,50,0
0x127610,FUN_00127610,stubbable,network_client_manager.obj,fail,divergence,47,50,0
0x127710,FUN_00127710,stubbable,network_client_manager.obj,fail,divergence,47,50,0
0x127ea0,FUN_00127ea0,stubbable,network_client_message_handler.obj,pass,,50,50,0
0x1277f0,FUN_001277f0,stubbable,network_client_message_handler.obj,pass,,50,50,0
0x1278d0,FUN_001278d0,stubbable,network_client_message_handler.obj,pass,,50,50,0
0x1279a0,FUN_001279a0,stubbable,network_client_message_handler.obj,pass,,50,50,0
0x127a50,FUN_00127a50,stubbable,network_client_message_handler.obj,pass,,50,50,0
0x127b10,FUN_00127b10,stubbable,network_client_message_handler.obj,pass,,50,50,0
0x127bd0,FUN_00127bd0,stubbable,network_client_message_handler.obj,pass,,50,50,0
0x127c90,FUN_00127c90,stubbable,network_client_message_handler.obj,pass,,50,50,0
0x127d30,FUN_00127d30,stubbable,network_client_message_handler.obj,pass,,50,50,0
0x127df0,FUN_00127df0,stubbable,network_client_message_handler.obj,pass,,50,50,0
0x11a230,FUN_0011a230,stubbable,network_messages.obj,pass,,49,50,0
0x11a2d0,FUN_0011a2d0,stubbable,network_messages.obj,pass,,50,50,0
0x11a340,FUN_0011a340,stubbable,network_messages.obj,pass,,50,50,0
0x11a430,FUN_0011a430,stubbable,network_messages.obj,pass,,50,50,0
0x11a560,FUN_0011a560,stubbable,network_messages.obj,pass,,49,50,0
0x11a5d0,FUN_0011a5d0,stubbable,network_messages.obj,pass,,49,50,0
0x11a650,FUN_0011a650,stubbable,network_messages.obj,pass,,49,50,0
0x11a6d0,FUN_0011a6d0,stubbable,network_messages.obj,pass,,50,50,0
0x11a700,FUN_0011a700,stubbable,network_messages.obj,fail,divergence,23,50,0
0x11a770,FUN_0011a770,stubbable,network_messages.obj,pass,,50,50,0
0x11a8e0,FUN_0011a8e0,leaf,network_messages.obj,pass,,49,50,1
0x11a930,verify_packet_group_definitions,stubbable,network_messages.obj,pass,,90,90,0
0x11aa40,FUN_0011aa40,stubbable,network_messages.obj,pass,,90,90,0
0x11b2a0,FUN_0011b2a0,stubbable,network_messages.obj,pass,,1,50,0
0x11b540,verify_packet_definition,stubbable,network_messages.obj,fail,divergence,46,50,0
0x11b650,FUN_0011b650,stubbable,network_messages.obj,pass,,50,50,0
0x11b750,FUN_0011b750,stubbable,network_messages.obj,fail,divergence,26,50,0
0x11b850,hashtable_new,stubbable,network_messages.obj,pass,,50,50,0
0x11b950,hashtable_set_user_data,leaf,network_messages.obj,pass,,50,50,1
0x11b960,hashtable_dispose,stubbable,network_messages.obj,pass,,50,50,0
0x11ba00,FUN_0011ba00,data_only,network_messages.obj,pass,,29,50,0
0x11ba50,FUN_0011ba50,stubbable,network_messages.obj,fail,divergence,4,70,0
0x11bb70,FUN_0011bb70,stubbable,network_messages.obj,pass,,50,50,0
0x11bc20,FUN_0011bc20,stubbable,network_messages.obj,pass,,50,50,0
0x11be10,FUN_0011be10,stubbable,network_messages.obj,pass,,28,50,0
0x11beb0,FUN_0011beb0,stubbable,network_messages.obj,pass,,50,50,0
0x11c0f0,FUN_0011c0f0,stubbable,network_messages.obj,pass,,50,50,0
0x11c1b0,FUN_0011c1b0,leaf,network_messages.obj,not_applicable,"oracle_vacuous_early_exit: 54.8% coverage, identical entry-point path across 49 seeds",49,50,1
0x11c1d0,FUN_0011c1d0,leaf,network_messages.obj,pass,,50,50,1
0x11c1e0,FUN_0011c1e0,leaf,network_messages.obj,pass,,50,50,1
0x11c210,FUN_0011c210,stubbable,network_messages.obj,not_applicable,"oracle_vacuous_early_exit: 50.8% coverage, identical entry-point path across 89 seeds",89,90,0
0x11c290,FUN_0011c290,stubbable,network_messages.obj,pass,,49,50,0
0x11c310,FUN_0011c310,stubbable,network_messages.obj,pass,,50,50,0
0x11c430,FUN_0011c430,stubbable,network_messages.obj,not_applicable,"oracle_vacuous_early_exit: 66.2% coverage, identical entry-point path across 49 seeds",49,50,0
0x11c480,FUN_0011c480,stubbable,network_messages.obj,pass,,89,90,0
0x12b640,initialize_network_game_packets,stubbable,network_messages.obj,inconclusive,"vacuous_output: 0 unique return(s), no scratch or memory variation across 50 seeds",50,50,0
0x12b700,encode_network_game_message,stubbable,network_messages.obj,pass,,50,50,0
0x12c060,network_game_server_open_game,stubbable,network_server_manager.obj,pass,,50,50,0
0x12c0b0,network_game_server_close_game,stubbable,network_server_manager.obj,pass,,50,50,0
0x12c100,network_game_server_game_is_open,stubbable,network_server_manager.obj,pass,,50,50,0
0x12c160,network_game_server_game_is_valid,stubbable,network_server_manager.obj,pass,,50,50,0
0x12c1c0,FUN_0012c1c0,stubbable,network_server_manager.obj,not_applicable,"oracle_vacuous_early_exit: 24.5% coverage, identical entry-point path across 89 seeds",89,90,0
0x12c290,network_game_server_start_network_game,stubbable,network_server_manager.obj,pass,,50,50,0
0x12c370,network_server_manager_game_over,stubbable,network_server_manager.obj,pass,,50,50,0
0x12c500,network_game_server_client_machine_is_joined_to_game,stubbable,network_server_manager.obj,inconclusive,"vacuous_output: 1 unique return(s), no scratch or memory variation across 49 seeds",49,50,0
0x12caa0,network_game_server_all_machines_have_loaded,stubbable,network_server_manager.obj,pass,,50,50,0
0x12d040,get_unique_random_name,stubbable,network_server_manager.obj,pass,,50,50,0
0x12d0c0,get_unique_random_color,stubbable,network_server_manager.obj,pass,,50,50,0
0x12d150,server_has_enough_machines,stubbable,network_server_manager.obj,pass,,50,50,0
0x12d3b0,network_game_server_adjust_machine_settings,leaf,network_server_manager.obj,pass,,50,50,1
0x12d450,network_game_server_get_client_machine_at_index,stubbable,network_server_manager.obj,pass,,50,50,0
0x12d570,network_game_server_get_game,stubbable,network_server_manager.obj,pass,,50,50,0
0x12d9f0,FUN_0012d9f0,stubbable,network_server_manager.obj,pass,,49,50,0
0x12db60,FUN_0012db60,stubbable,network_server_manager.obj,not_applicable,"oracle_vacuous_early_exit: 49.3% coverage, identical entry-point path across 89 seeds",89,90,0
0x12dbb0,FUN_0012dbb0,stubbable,network_server_manager.obj,pass,,49,50,0
0x12dd20,FUN_0012dd20,stubbable,network_server_manager.obj,pass,,50,50,0
0x12de20,FUN_0012de20,stubbable,network_server_manager.obj,pass,,50,50,0
0x12df50,FUN_0012df50,stubbable,network_server_manager.obj,pass,,50,50,0
0x12e090,FUN_0012e090,stubbable,network_server_manager.obj,pass,,50,50,0
0x12ea00,network_game_client_dispose,stubbable,network_server_manager.obj,inconclusive,"vacuous_output: 0 unique return(s), no scratch or memory variation across 50 seeds",50,50,0
0x12f430,FUN_0012f430,stubbable,network_server_manager.obj,pass,,50,50,0
0x12bdb0,countdown_timer_get_time_remaining,stubbable,network_server_manager.obj,pass,,50,50,0
0x12bce0,FUN_0012bce0,stubbable,network_server_manager.obj,pass,,50,50,0
0x12bd80,countdown_timer_update,stubbable,network_server_manager.obj,pass,,50,50,0
0x12be10,countdown_timer_increment,stubbable,network_server_manager.obj,fail,divergence,48,50,0
0x12bea0,countdown_timer_decrement,stubbable,network_server_manager.obj,pass,,50,50,0
0x12bf30,countdown_timer_set_time_remaining,stubbable,network_server_manager.obj,pass,,50,50,0
0x12bf70,network_game_server_set_game_name,stubbable,network_server_manager.obj,pass,,49,50,0
0x12bfe0,network_game_server_get_game_name,stubbable,network_server_manager.obj,pass,,50,50,0
0x12c020,network_game_server_get_state,stubbable,network_server_manager.obj,pass,,49,50,0
0x12c410,network_game_server_graceful_shutdown,stubbable,network_server_manager.obj,pass,,50,50,0
0x12c560,network_game_server_accept_client_machine_into_game,stubbable,network_server_manager.obj,pass,,49,50,0
0x12c690,FUN_0012c690,stubbable,network_server_manager.obj,not_applicable,"oracle_vacuous_early_exit: 69.4% coverage, identical entry-point path across 50 seeds",50,50,0
0x12c6d0,FUN_0012c6d0,stubbable,network_server_manager.obj,pass,,49,50,0
0x12c750,FUN_0012c750,stubbable,network_server_manager.obj,pass,,49,50,0
0x12c7e0,network_game_server_add_player_to_game,stubbable,network_server_manager.obj,pass,,48,50,0
0x12c920,network_game_server_remove_player_from_game,stubbable,network_server_manager.obj,inconclusive,"vacuous_output: 1 unique return(s), no scratch or memory variation across 89 seeds",89,90,0
0x12ca00,FUN_0012ca00,stubbable,network_server_manager.obj,inconclusive,"vacuous_output: 1 unique return(s), no scratch or memory variation across 49 seeds",49,50,0
0x12cb20,network_game_server_client_machine_game_loading_completed,stubbable,network_server_manager.obj,pass,,50,50,0
0x12cbe0,network_game_server_client_machine_is_precached,stubbable,network_server_manager.obj,pass,,49,50,0
0x12cc10,network_game_server_handle_client_update_packet,stubbable,network_server_manager.obj,pass,,49,50,0
0x12cd60,network_game_server_switch_machine_from_postgame_to_pregame,stubbable,network_server_manager.obj,pass,,49,50,0
0x12cdb0,network_game_server_update_ticks,stubbable,network_server_manager.obj,inconclusive,"vacuous_output: 0 unique return(s), no scratch or memory variation across 89 seeds",89,90,0
0x12cf60,network_game_server_queue_player_for_addition,stubbable,network_server_manager.obj,inconclusive,"vacuous_output: 0 unique return(s), no scratch or memory variation across 48 seeds",48,50,0
0x12cfd0,network_game_server_begin_game_start_countdown,stubbable,network_server_manager.obj,fail,divergence,35,50,0
0x12d1c0,server_ok_to_countdown,stubbable,network_server_manager.obj,pass,,50,50,0
0x12d210,network_game_server_invalidate_network_machine,stubbable,network_server_manager.obj,pass,,50,50,0
0x12d250,network_game_generate_join_game_token,stubbable,network_server_manager.obj,pass,,50,50,0
0x12d2f0,network_game_server_get_client_machine,stubbable,network_server_manager.obj,pass,,49,50,0
0x12d380,network_game_server_get_connection,stubbable,network_server_manager.obj,pass,,50,50,0
0x12d3d0,network_game_server_get_machine_connection,stubbable,network_server_manager.obj,inconclusive,"vacuous_output: 1 unique return(s), no scratch or memory variation across 48 seeds",48,50,0
0x12d4a0,network_game_server_get_client_machine_at_address,stubbable,network_server_manager.obj,pass,,48,50,0
0x12d5b0,network_game_server_get_oldest_client_update_received,leaf,network_server_manager.obj,not_applicable,"oracle_vacuous_early_exit: 95.5% coverage, identical entry-point path across 49 seeds",49,50,0
0x12d640,network_game_server_game_can_start,stubbable,network_server_manager.obj,pass,,50,50,0
0x12d690,network_game_server_pause_countdown,stubbable,network_server_manager.obj,pass,,50,50,0
0x12d6f0,network_game_server_change_map_name,stubbable,network_server_manager.obj,pass,,49,50,0
0x12d7f0,network_game_server_change_game_variant,stubbable,network_server_manager.obj,pass,,50,50,0
0x12da90,FUN_0012da90,stubbable,network_server_manager.obj,inconclusive,"vacuous_output: 0 unique return(s), no scratch or memory variation across 50 seeds",50,50,0
0x12db30,FUN_0012db30,stubbable,network_server_manager.obj,inconclusive,"vacuous_output: 0 unique return(s), no scratch or memory variation across 50 seeds",50,50,0
0x12e1d0,network_game_server_stalled_on_client,stubbable,network_server_manager.obj,pass,,50,50,0
0x12e3a0,network_game_server_update_countdown,stubbable,network_server_manager.obj,pass,,50,50,0
0x12eef0,FUN_0012eef0,stubbable,network_server_manager.obj,inconclusive,"vacuous_output: 1 unique return(s), no scratch or memory variation across 65 seeds",65,65,0
0x12f0d0,FUN_0012f0d0,stubbable,network_server_manager.obj,fail,divergence,26,50,0
0x12f330,FUN_0012f330,stubbable,network_server_manager.obj,fail,divergence,46,50,0
0x12f3d0,FUN_0012f3d0,stubbable,network_server_manager.obj,pass,,50,50,0
0x12f3f0,FUN_0012f3f0,stubbable,network_server_manager.obj,fail,divergence,46,50,0
0x12f540,FUN_0012f540,stubbable,network_server_manager.obj,pass,,50,50,0
0x84a10,real_vector3d_valid,leaf,objects.obj,pass,,50,50,0
0x84a70,valid_real_normal3d_perpendicular,stubbable,objects.obj,pass,,50,50,0
0x84fe0,FUN_00084fe0,data_only,objects.obj,pass,,50,50,0
0x85000,FUN_00085000,stubbable,objects.obj,pass,,65,65,0
0x850d0,FUN_000850d0,stubbable,objects.obj,pass,,50,50,0
0x85110,FUN_00085110,stubbable,objects.obj,pass,,50,50,0
0x85150,FUN_00085150,data_only,objects.obj,inconclusive,"vacuous_output: 1 unique return(s), no scratch or memory variation across 70 seeds",70,70,0
0x85180,FUN_00085180,stubbable,objects.obj,pass,,50,50,0
0x85260,FUN_00085260,stubbable,objects.obj,fail,divergence,0,50,0
0x85280,FUN_00085280,stubbable,objects.obj,pass,,50,50,0
0x85350,FUN_00085350,stubbable,objects.obj,pass,,50,50,0
0x853a0,FUN_000853a0,stubbable,objects.obj,inconclusive,"vacuous_output: 1 unique return(s), no scratch or memory variation across 50 seeds",50,50,0
0x853c0,FUN_000853c0,stubbable,objects.obj,not_applicable,"oracle_vacuous_early_exit: 8.3% coverage, identical entry-point path across 75 seeds",75,75,0
0x9eb40,FUN_0009eb40,stubbable,objects.obj,pass,,50,50,0
0x9ec30,FUN_0009ec30,stubbable,objects.obj,pass,,50,50,0
0xadf70,FUN_000adf70,stubbable,objects.obj,pass,,90,90,0
0xae0a0,FUN_000ae0a0,stubbable,objects.obj,pass,,50,50,0
0xae110,FUN_000ae110,stubbable,objects.obj,pass,,70,70,0
0xae250,FUN_000ae250,stubbable,objects.obj,pass,,70,70,0
0x132fb0,glow_new,stubbable,objects.obj,pass,,75,75,0
0x1330a0,FUN_001330a0,stubbable,objects.obj,pass,,50,50,0
0x133520,FUN_00133520,stubbable,objects.obj,pass,,50,50,0
0x1336a0,FUN_001336a0,stubbable,objects.obj,pass,,50,50,0
0x1337c0,glow_normal_particle_new,stubbable,objects.obj,not_applicable,"oracle_vacuous_early_exit: 39.8% coverage, identical entry-point path across 88 seeds",88,90,0
0x134070,FUN_00134070,stubbable,objects.obj,fail,divergence,0,50,0
0x1342a0,FUN_001342a0,stubbable,objects.obj,not_applicable,"oracle_vacuous_early_exit: 31.8% coverage, identical entry-point path across 89 seeds",89,90,0
0x134350,glow_trailing_particle_new,stubbable,objects.obj,not_applicable,"oracle_vacuous_early_exit: 60.5% coverage, identical entry-point path across 49 seeds",49,50,0
0x134ae0,FUN_00134ae0,stubbable,objects.obj,pass,,50,50,0
0x134be0,FUN_00134be0,stubbable,objects.obj,pass,,50,50,0
0x134c20,FUN_00134c20,stubbable,objects.obj,inconclusive,"vacuous_output: 0 unique return(s), no scratch or memory variation across 50 seeds",50,50,0
0x134c40,FUN_00134c40,stubbable,objects.obj,pass,,49,50,0
0x134e50,FUN_00134e50,stubbable,objects.obj,fail,divergence,33,50,0
0x134e80,FUN_00134e80,stubbable,objects.obj,inconclusive,vacuous_coverage: 9.4% < 10% floor,90,90,0
0x135210,FUN_00135210,stubbable,objects.obj,pass,,90,90,0
0x1353b0,FUN_001353b0,stubbable,objects.obj,pass,,50,50,0
0x1353f0,FUN_001353f0,stubbable,objects.obj,inconclusive,"vacuous_output: 0 unique return(s), no scratch or memory variation across 50 seeds",50,50,0
0x135420,lightning_offset_marker_position,stubbable,objects.obj,pass,,50,50,0
0x135510,FUN_00135510,stubbable,objects.obj,inconclusive,vacuous_coverage: 4.0% < 10% floor,85,85,0
0x135f20,FUN_00135f20,data_only,objects.obj,inconclusive,"vacuous_output: 1 unique return(s), no scratch or memory variation across 50 seeds",50,50,0
0x135f90,FUN_00135f90,stubbable,objects.obj,not_applicable,"oracle_vacuous_early_exit: 31.7% coverage, identical entry-point path across 50 seeds",50,50,0
0x136040,FUN_00136040,stubbable,objects.obj,inconclusive,domain_skipped: all 50 seed(s) escaped,0,50,0
0x1360a0,FUN_001360a0,stubbable,objects.obj,inconclusive,domain_skipped: all 50 seed(s) escaped,0,50,0
0x136100,FUN_00136100,stubbable,objects.obj,inconclusive,domain_skipped: all 50 seed(s) escaped,0,50,0
0x136150,FUN_00136150,stubbable,objects.obj,fail,divergence,0,50,0
0x1362d0,FUN_001362d0,stubbable,objects.obj,inconclusive,domain_skipped: all 50 seed(s) escaped,0,50,0
0x1363d0,FUN_001363d0,stubbable,objects.obj,pass,,50,50,0
0x1365d0,FUN_001365d0,stubbable,objects.obj,fail,divergence,0,50,0
0x1366b0,FUN_001366b0,stubbable,objects.obj,fail,divergence,0,50,0
0x1396e0,object_wake,stubbable,objects.obj,pass,,50,50,0
0x1397f0,FUN_001397f0,data_only,objects.obj,inconclusive,"vacuous_output: 1 unique return(s), no scratch or memory variation across 50 seeds",50,50,0
0x139810,FUN_00139810,data_only,objects.obj,fail,divergence,49,50,0
0x1398b0,FUN_001398b0,stubbable,objects.obj,pass,,50,50,0
0x1398d0,FUN_001398d0,stubbable,objects.obj,pass,,50,50,0
0x139930,FUN_00139930,stubbable,objects.obj,pass,,50,50,0
0x139990,FUN_00139990,stubbable,objects.obj,pass,,50,50,0
0x139a30,FUN_00139a30,stubbable,objects.obj,not_applicable,"oracle_vacuous_early_exit: 8.5% coverage, identical entry-point path across 50 seeds",50,50,0
0x139b40,FUN_00139b40,stubbable,objects.obj,pass,,50,50,0
0x139c20,FUN_00139c20,stubbable,objects.obj,not_applicable,"oracle_vacuous_early_exit: 8.0% coverage, identical entry-point path across 50 seeds",50,50,0
0x139e50,FUN_00139e50,stubbable,objects.obj,fail,divergence,0,50,0
0x13a250,FUN_0013a250,stubbable,objects.obj,pass,,50,50,0
0x13a340,FUN_0013a340,stubbable,objects.obj,pass,,50,50,0
0x13a420,FUN_0013a420,stubbable,objects.obj,not_applicable,"oracle_vacuous_early_exit: 8.1% coverage, identical entry-point path across 70 seeds",70,70,0
0x13a5f0,FUN_0013a5f0,stubbable,objects.obj,not_applicable,"oracle_vacuous_early_exit: 11.3% coverage, identical entry-point path across 70 seeds",70,70,0
0x13a740,FUN_0013a740,stubbable,objects.obj,pass,,87,90,0
0x13aa10,FUN_0013aa10,stubbable,objects.obj,error,timeout,0,0,0
0x13ab20,FUN_0013ab20,stubbable,objects.obj,pass,,50,50,0
0x13aed0,object_move_to_limbo,stubbable,objects.obj,pass,,50,50,0
0x13b150,FUN_0013b150,stubbable,objects.obj,error,timeout,0,0,0
0x13b1b0,FUN_0013b1b0,stubbable,objects.obj,pass,,50,50,0
0x13b290,FUN_0013b290,stubbable,objects.obj,pass,,50,50,0
0x13b380,FUN_0013b380,stubbable,objects.obj,error,timeout,0,0,0
0x13bce0,FUN_0013bce0,stubbable,objects.obj,fail,divergence,0,50,0
0x13c030,FUN_0013c030,stubbable,objects.obj,error,timeout,0,0,0
0x13c080,FUN_0013c080,stubbable,objects.obj,fail,divergence,0,50,0
0x13c100,FUN_0013c100,stubbable,objects.obj,pass,,50,50,0
0x13c1b0,FUN_0013c1b0,stubbable,objects.obj,pass,,50,50,0
0x13c250,FUN_0013c250,stubbable,objects.obj,pass,,50,50,0
0x13c2e0,FUN_0013c2e0,stubbable,objects.obj,not_applicable,"oracle_vacuous_early_exit: 54.8% coverage, identical entry-point path across 50 seeds",50,50,0
0x13c3a0,FUN_0013c3a0,data_only,objects.obj,not_applicable,"oracle_vacuous_early_exit: 35.1% coverage, identical entry-point path across 50 seeds",50,50,0
0x13c3d0,FUN_0013c3d0,data_only,objects.obj,not_applicable,"oracle_vacuous_early_exit: 53.7% coverage, identical entry-point path across 50 seeds",50,50,0
0x13c400,FUN_0013c400,data_only,objects.obj,not_applicable,"oracle_vacuous_early_exit: 35.1% coverage, identical entry-point path across 50 seeds",50,50,0
0x13c430,FUN_0013c430,stubbable,objects.obj,fail,divergence,0,50,0
0x13c490,FUN_0013c490,stubbable,objects.obj,fail,divergence,0,50,0
0x13c500,FUN_0013c500,stubbable,objects.obj,fail,divergence,0,50,0
0x13c560,FUN_0013c560,stubbable,objects.obj,fail,divergence,0,50,0
0x13c5c0,FUN_0013c5c0,stubbable,objects.obj,fail,divergence,0,50,0
0x13c620,FUN_0013c620,stubbable,objects.obj,fail,divergence,0,50,0
0x13c680,FUN_0013c680,stubbable,objects.obj,fail,divergence,0,50,0
0x13c6e0,FUN_0013c6e0,stubbable,objects.obj,fail,divergence,0,50,0
0x13c740,FUN_0013c740,stubbable,objects.obj,fail,divergence,0,50,0
0x13c7a0,FUN_0013c7a0,stubbable,objects.obj,fail,divergence,0,50,0
0x13c800,FUN_0013c800,stubbable,objects.obj,fail,divergence,0,50,0
0x13c860,FUN_0013c860,stubbable,objects.obj,fail,divergence,0,50,0
0x13c8c0,FUN_0013c8c0,stubbable,objects.obj,fail,divergence,0,50,0
0x13c920,FUN_0013c920,stubbable,objects.obj,fail,divergence,0,50,0
0x13c980,FUN_0013c980,stubbable,objects.obj,fail,divergence,0,50,0
0x13c9e0,FUN_0013c9e0,stubbable,objects.obj,not_applicable,"oracle_vacuous_early_exit: 78.9% coverage, identical entry-point path across 50 seeds",50,50,0
0x13ca30,FUN_0013ca30,stubbable,objects.obj,pass,,50,50,0
0x13cab0,FUN_0013cab0,stubbable,objects.obj,pass,,50,50,0
0x13cb30,FUN_0013cb30,stubbable,objects.obj,not_applicable,"oracle_vacuous_early_exit: 54.5% coverage, identical entry-point path across 50 seeds",50,50,0
0x13cb80,FUN_0013cb80,stubbable,objects.obj,pass,,70,70,0
0x13cdd0,FUN_0013cdd0,stubbable,objects.obj,not_applicable,"oracle_vacuous_early_exit: 77.8% coverage, identical entry-point path across 49 seeds",49,50,0
0x13ce90,FUN_0013ce90,stubbable,objects.obj,inconclusive,"vacuous_output: 0 unique return(s), no scratch or memory variation across 50 seeds",50,50,0
0x13cf50,FUN_0013cf50,stubbable,objects.obj,fail,divergence,5,50,0
0x13d570,cluster_get_first_noncollideable_object,stubbable,objects.obj,pass,,50,50,0
0x13d590,cluster_get_next_noncollideable_object,stubbable,objects.obj,pass,,50,50,0
0x13d5b0,cluster_partition_object_iter_first,stubbable,objects.obj,pass,,50,50,0
0x13d5d0,cluster_partition_object_iter_next,stubbable,objects.obj,pass,,50,50,0
0x13d5f0,object_get_next_cluster,stubbable,objects.obj,fail,divergence,2,50,0
0x13d640,object_try_and_get_and_verify_type,stubbable,objects.obj,not_applicable,"oracle_vacuous_early_exit: 61.5% coverage, identical entry-point path across 50 seeds",50,50,0
0x13d680,object_get_and_verify_type,stubbable,objects.obj,pass,,50,50,0
0x13d6f0,object_iterator_new,stubbable,objects.obj,pass,,50,50,0
0x13d730,object_iterator_next,stubbable,objects.obj,pass,,50,50,0
0x13d7f0,object_get_root_parent,stubbable,objects.obj,error,timeout,0,0,0
0x13d870,object_add_scenario_permutation,leaf,objects.obj,pass,,50,50,1
0x13d880,object_name_list_set_handle,stubbable,objects.obj,inconclusive,"vacuous_output: 0 unique return(s), no scratch or memory variation across 50 seeds",50,50,0
0x13d8b0,objects_fix_for_deleted_object,stubbable,objects.obj,not_applicable,"oracle_vacuous_early_exit: 59.1% coverage, identical entry-point path across 50 seeds",50,50,0
0x13d920,object_set_garbage_flag,stubbable,objects.obj,fail,divergence,0,50,0
0x13db50,garbage_collect_now,data_only,objects.obj,inconclusive,"vacuous_output: 0 unique return(s), no scratch or memory variation across 50 seeds",50,50,0
0x13db60,objects_information_get,stubbable,objects.obj,pass,,50,50,0
0x13dbe0,object_pvs_set_object,data_only,objects.obj,pass,,50,50,0
0x13dc10,object_pvs_set_camera_point,stubbable,objects.obj,pass,,50,50,0
0x13dcb0,object_pvs_clear,data_only,objects.obj,inconclusive,"vacuous_output: 0 unique return(s), no scratch or memory variation across 50 seeds",50,50,0
0x13dcc0,objects_get_activating_cluster_index,stubbable,objects.obj,not_applicable,"oracle_vacuous_early_exit: 14.3% coverage, identical entry-point path across 75 seeds",75,75,0
0x13dda0,object_definition_predict,stubbable,objects.obj,pass,,50,50,0
0x13ddd0,object_predict,stubbable,objects.obj,error,timeout,0,0,0
0x13de80,object_beautify,stubbable,objects.obj,fail,divergence,2,50,0
0x13ded0,object_header_new,stubbable,objects.obj,pass,,49,50,0
0x13df70,object_postprocess_node_matrices,stubbable,objects.obj,pass,,50,50,0
0x13dfc0,object_header_block_reference_get,stubbable,objects.obj,fail,divergence,0,50,0
0x13e050,object_header_block_allocate,stubbable,objects.obj,pass,,50,50,0
0x13e1a0,FUN_0013e1a0,stubbable,objects.obj,fail,divergence,0,50,0
0x13e1f0,object_choose_random_change_colors,stubbable,objects.obj,fail,divergence,0,50,0
0x13e3f0,object_find_region_permutations_available_with_variant,stubbable,objects.obj,pass,,29,50,0
0x13e460,object_determine_variant_number,stubbable,objects.obj,fail,divergence,0,50,0
0x13e510,object_child_list_remove,stubbable,objects.obj,error,timeout,0,0,0
0x13e5d0,object_compute_change_colors,stubbable,objects.obj,fail,divergence,0,50,0
0x13e7b0,object_compute_function_values,stubbable,objects.obj,fail,divergence,0,50,0
0x13eb30,object_scripting_set_collideable,stubbable,objects.obj,fail,divergence,2,50,0
0x13eb70,object_reset_markers,stubbable,objects.obj,pass,,70,70,0
0x13ebc0,object_marker_end,stubbable,objects.obj,not_applicable,"oracle_vacuous_early_exit: 75.9% coverage, identical entry-point path across 50 seeds",50,50,0
0x13ec00,object_markers_need_update,stubbable,objects.obj,fail,divergence,0,50,0
0x13ec50,object_mark,stubbable,objects.obj,fail,divergence,0,50,0
0x13ecb0,attachments_new,stubbable,objects.obj,fail,divergence,0,50,0
0x13ee60,object_propagate_flag_to_children,stubbable,objects.obj,fail,divergence,0,50,0
0x13ef70,object_name_list_new,stubbable,objects.obj,fail,divergence,0,50,0
0x13eff0,object_remove_from_name_list,stubbable,objects.obj,fail,divergence,0,50,0
0x13f060,objects_place,stubbable,objects.obj,inconclusive,"vacuous_output: 0 unique return(s), no scratch or memory variation across 50 seeds",50,50,0
0x13f080,recursive_object_adder,stubbable,objects.obj,fail,divergence,0,50,0
0x13f120,find_objects_from_point_vector,stubbable,objects.obj,fail,divergence,0,50,0
0x13f380,sort_dumps,leaf,objects.obj,not_applicable,"oracle_vacuous_early_exit: 81.6% coverage, identical entry-point path across 49 seeds",49,50,0
0x13f3b0,object_add_to_dump,stubbable,objects.obj,error,timeout,0,0,0
0x13f440,object_dump_write,stubbable,objects.obj,pass,,50,50,0
0x13f4b0,objects_dump_memory,stubbable,objects.obj,not_applicable,"oracle_vacuous_early_exit: 26.5% coverage, identical entry-point path across 50 seeds",50,50,0
0x13f810,objects_initialize,stubbable,objects.obj,not_applicable,"oracle_vacuous_early_exit: 36.7% coverage, identical entry-point path across 50 seeds",50,50,0
0x13f950,objects_initialize_for_new_map,stubbable,objects.obj,error,emulation_error,0,50,0
0x13f9f0,objects_dispose_from_old_map,stubbable,objects.obj,error,emulation_error,0,50,0
0x13fac0,objects_dispose,stubbable,objects.obj,error,emulation_error,0,50,0
0x13fb30,object_activate,stubbable,objects.obj,fail,divergence,0,50,0
0x13fb80,object_deactivate,stubbable,objects.obj,fail,divergence,0,50,0
0x13fbc0,object_reset,stubbable,objects.obj,fail,divergence,0,50,0
0x13fc20,object_placement_data_new,stubbable,objects.obj,pass,,50,50,0
0x13fd00,object_disconnect_from_map,stubbable,objects.obj,pass,,50,50,0
0x13fe10,object_get_first_cluster,stubbable,objects.obj,error,timeout,0,0,0
0x13fe70,object_get_node_matrices,stubbable,objects.obj,fail,divergence,0,50,0
0x13fea0,object_get_child_marker_definition,stubbable,objects.obj,fail,divergence,0,50,0
0x13fef0,object_has_node,stubbable,objects.obj,fail,divergence,0,50,0
0x13ff50,object_set_automatic_deactivation,stubbable,objects.obj,fail,divergence,0,50,0
0x13ffc0,object_set_garbage,stubbable,objects.obj,fail,divergence,0,50,0
0x140070,object_get_root_location,stubbable,objects.obj,error,timeout,0,0,0
0x140130,object_get_location,stubbable,objects.obj,error,timeout,0,0,0
0x140160,object_set_region_count,stubbable,objects.obj,fail,divergence,0,50,0
0x140230,object_adjust_interpolation_position,stubbable,objects.obj,fail,divergence,0,50,0
0x1402c0,object_permute_region,stubbable,objects.obj,fail,divergence,0,50,0
0x1403a0,object_get_function_value,stubbable,objects.obj,fail,divergence,0,50,0
0x140420,object_find_in_cluster,stubbable,objects.obj,fail,divergence,0,50,0
0x140720,object_name_list_get_handle,data_only,objects.obj,pass,,50,50,0
0x140750,objects_disconnect_from_structure_bsp,stubbable,objects.obj,not_applicable,"oracle_vacuous_early_exit: 50.0% coverage, identical entry-point path across 50 seeds",50,50,0
0x1407e0,object_visible_to_any_player,stubbable,objects.obj,fail,divergence,0,50,0
0x1409d0,object_pvs_activate,data_only,objects.obj,pass,,50,50,0
0x140a00,object_select_random_region_permutations_by_variant,stubbable,objects.obj,fail,divergence,0,50,0
0x140ad0,object_choose_random_region_permutations,stubbable,objects.obj,fail,divergence,0,50,0
0x140b80,objects_scripting_set_scale,stubbable,objects.obj,fail,divergence,2,50,0
0x140bc0,object_delete_internal,stubbable,objects.obj,error,emulation_error,0,50,0
0x140cc0,object_delete,stubbable,objects.obj,inconclusive,"vacuous_output: 0 unique return(s), no scratch or memory variation across 50 seeds",50,50,0
0x140ce0,object_connect_to_map,stubbable,objects.obj,fail,divergence,34,50,0
0x140eb0,object_get_node_matrix,stubbable,objects.obj,fail,divergence,0,50,0
0x140f10,object_get_markers_by_string_id,stubbable,objects.obj,fail,divergence,0,50,0
0x141020,object_compute_child_marker_position,stubbable,objects.obj,pass,,50,50,0
0x1411c0,object_detach_from_parent,stubbable,objects.obj,fail,divergence,0,50,0
0x1412f0,object_get_world_position,stubbable,objects.obj,fail,divergence,0,50,0
0x141360,object_get_orientation,stubbable,objects.obj,fail,divergence,0,50,0
0x141480,object_get_world_matrix,stubbable,objects.obj,fail,divergence,0,50,0
0x1414e0,object_inverse_kinematics,stubbable,objects.obj,fail,divergence,0,50,0
0x1415f0,object_find_in_radius,stubbable,objects.obj,pass,,50,50,0
0x1417c0,objects_reconnect_to_structure_bsp,stubbable,objects.obj,not_applicable,"oracle_vacuous_early_exit: 25.5% coverage, identical entry-point path across 50 seeds",50,50,0
0x141900,FUN_00141900,stubbable,objects.obj,not_applicable,"oracle_vacuous_early_exit: 58.9% coverage, identical entry-point path across 50 seeds",50,50,0
0x141970,FUN_00141970,stubbable,objects.obj,fail,divergence,0,50,0
0x141b70,object_compute_node_matrices,stubbable,objects.obj,fail,divergence,0,50,0
0x143510,objects_scripting_detach,stubbable,objects.obj,fail,divergence,3,50,0
0x143550,object_render_debug,stubbable,objects.obj,fail,divergence,0,50,0
0x143a00,attachments_delete,stubbable,objects.obj,fail,divergence,0,50,0
0x143ae0,object_set_position,stubbable,objects.obj,fail,divergence,0,50,0
0x143be0,object_translate,stubbable,objects.obj,fail,divergence,0,50,0
0x143c80,object_new,stubbable,objects.obj,fail,divergence,22,50,0
0x144240,object_attach_to_parent,stubbable,objects.obj,error,timeout,0,0,0
0x1443f0,object_try_place,stubbable,objects.obj,fail,divergence,0,50,0
0x1444f0,object_update,stubbable,objects.obj,error,emulation_error,0,50,0
0x1446a0,object_update_children_recursive,stubbable,objects.obj,error,timeout,0,0,0
0x144770,object_new_from_scenario,stubbable,objects.obj,fail,divergence,19,50,0
0x144860,object_attach_to_marker,stubbable,objects.obj,fail,divergence,0,50,0
0x144940,object_new_by_name,stubbable,objects.obj,fail,divergence,0,50,0
0x1449b0,object_delete_recursive,stubbable,objects.obj,error,emulation_error,0,50,0
0x144ae0,objects_scripting_attach,stubbable,objects.obj,fail,divergence,4,50,0
0x144b30,objects_garbage_collection,stubbable,objects.obj,inconclusive,"vacuous_output: 0 unique return(s), no scratch or memory variation across 50 seeds",50,50,0
0x144b50,objects_garbage_collect_tick,stubbable,objects.obj,not_applicable,"oracle_vacuous_early_exit: 14.9% coverage, identical entry-point path across 90 seeds",90,90,0
0x145170,objects_update,stubbable,objects.obj,inconclusive,"vacuous_output: 0 unique return(s), no scratch or memory variation across 80 seeds",80,80,0
0x145490,FUN_00145490,stubbable,objects.obj,inconclusive,"vacuous_output: 0 unique return(s), no scratch or memory variation across 50 seeds",50,50,0
0x1a9520,FUN_001a9520,stubbable,objects.obj,pass,,50,50,0
0x89270,first_person_camera_update,stubbable,observer.obj,pass,,50,50,0
0x89330,flying_camera_new,leaf,observer.obj,pass,,50,50,1
0x89350,FUN_00089350,stubbable,observer.obj,pass,,50,50,0
0x89850,following_camera_new,stubbable,observer.obj,pass,,50,50,0
0x898b0,unit_camera_get,stubbable,observer.obj,fail,divergence,0,50,0
0x89a20,FUN_00089a20,stubbable,observer.obj,pass,,50,50,0
0x8a340,observer_initialize,leaf,observer.obj,pass,,50,50,0
0x8a350,observer_result_initialize,stubbable,observer.obj,pass,,50,50,0
0x8a480,observer_initialize_for_new_map,stubbable,observer.obj,fail,divergence,0,50,0
0x8a4d0,observer_dispose_from_old_map,leaf,observer.obj,pass,,50,50,0
0x8a4e0,observer_get_camera,stubbable,observer.obj,pass,,50,50,0
0x8a570,observer_command_has_finished,stubbable,observer.obj,fail,divergence,41,50,0
0x8a5f0,observer_reconnect_to_structure_bsp,stubbable,observer.obj,not_applicable,"oracle_vacuous_early_exit: 70.7% coverage, identical entry-point path across 50 seeds",50,50,0
0x8a660,observer_apply_acceleration,stubbable,observer.obj,pass,,90,90,0
0x8a830,observer_integrate,stubbable,observer.obj,inconclusive,"vacuous_output: 0 unique return(s), no scratch or memory variation across 90 seeds",90,90,0
0x8aa30,observer_obsolete_position,stubbable,observer.obj,fail,divergence,44,50,0
0x8ab90,FUN_0008ab90,stubbable,observer.obj,pass,,50,50,0
0x8b060,observer_update_command,stubbable,observer.obj,pass,,90,90,0
0x8b470,observer_compute_accelerations,stubbable,observer.obj,inconclusive,"vacuous_output: 0 unique return(s), no scratch or memory variation across 90 seeds",90,90,0
0x8ba10,observer_compute_update,stubbable,observer.obj,pass,,90,90,0
0x8c030,FUN_0008c030,stubbable,observer.obj,fail,divergence,0,50,0
0x8c150,FUN_0008c150,stubbable,observer.obj,pass,,50,50,0
0x8c440,FUN_0008c440,stubbable,observer.obj,pass,,50,50,0
0x8c4b0,observer_update_result,stubbable,observer.obj,pass,,50,50,0
0x8ccf0,observer_compute_velocities,stubbable,observer.obj,inconclusive,"vacuous_output: 0 unique return(s), no scratch or memory variation across 50 seeds",50,50,0
0x8cd40,observer_update_positions,stubbable,observer.obj,pass,,50,50,0
0x8cde0,observer_update,stubbable,observer.obj,pass,,55,55,0
0x8d3a0,static_camera_new,leaf,observer.obj,pass,,50,50,1
0x9f680,particle_systems_initialize,stubbable,particle_systems.obj,inconclusive,"vacuous_output: 0 unique return(s), no scratch or memory variation across 50 seeds",50,50,0
0x9f6c0,particle_systems_initialize_for_new_map,stubbable,particle_systems.obj,inconclusive,"vacuous_output: 0 unique return(s), no scratch or memory variation across 50 seeds",50,50,0
0x9f710,particle_system_delete,stubbable,particle_systems.obj,pass,,70,70,0
0x9f7c0,particle_systems_dispose,leaf,particle_systems.obj,pass,,50,50,0
0x9f920,FUN_0009f920,leaf,particle_systems.obj,pass,,50,50,0
0x9f9d0,FUN_0009f9d0,leaf,particle_systems.obj,pass,,50,50,0
0x9fcd0,particle_systems_dispose_from_old_map,stubbable,particle_systems.obj,not_applicable,"oracle_vacuous_early_exit: 10.9% coverage, identical entry-point path across 50 seeds",50,50,0
0x9fd30,FUN_0009fd30,stubbable,particle_systems.obj,fail,divergence,77,90,0
0xa0080,FUN_000a0080,stubbable,particle_systems.obj,pass,,50,50,0
0xa0180,FUN_000a0180,stubbable,particle_systems.obj,pass,,90,90,0
0xa0fd0,FUN_000a0fd0,stubbable,particle_systems.obj,pass,,75,75,0
0xa10f0,particle_systems_update,stubbable,particle_systems.obj,not_applicable,"oracle_vacuous_early_exit: 36.3% coverage, identical entry-point path across 50 seeds",50,50,0
0x9f570,FUN_0009f570,stubbable,particle_systems.obj,pass,,50,50,0
0x9f7e0,particle_systems_reconnect_to_structure_bsp,stubbable,particle_systems.obj,error,timeout,0,0,0
0x9fa60,FUN_0009fa60,stubbable,particle_systems.obj,pass,,50,50,0
0x9fad0,FUN_0009fad0,leaf,particle_systems.obj,pass,,50,50,1
0x9fb10,FUN_0009fb10,stubbable,particle_systems.obj,pass,,50,50,0
0x9fca0,FUN_0009fca0,stubbable,particle_systems.obj,fail,divergence,0,50,0
0xa0800,FUN_000a0800,stubbable,particle_systems.obj,not_applicable,"oracle_vacuous_early_exit: 5.3% coverage, identical entry-point path across 70 seeds",70,70,0
0xa0d50,FUN_000a0d50,stubbable,particle_systems.obj,pass,,50,50,0
0xa0e60,FUN_000a0e60,stubbable,particle_systems.obj,pass,,50,50,0
0xa1170,particle_system_update,stubbable,particle_systems.obj,inconclusive,"vacuous_output: 0 unique return(s), no scratch or memory variation across 60 seeds",60,60,0
0xa1210,FUN_000a1210,stubbable,particles.obj,pass,,50,50,0
0xa1480,particles_initialize,stubbable,particles.obj,inconclusive,"vacuous_output: 0 unique return(s), no scratch or memory variation across 50 seeds",50,50,0
0xa14b0,particles_initialize_for_new_map,stubbable,particles.obj,inconclusive,"vacuous_output: 0 unique return(s), no scratch or memory variation across 50 seeds",50,50,0
0xa14c0,particles_dispose_from_old_map,stubbable,particles.obj,inconclusive,"vacuous_output: 0 unique return(s), no scratch or memory variation across 50 seeds",50,50,0
0xa14d0,particles_dispose,data_only,particles.obj,not_applicable,"oracle_vacuous_early_exit: 50.0% coverage, identical entry-point path across 50 seeds",50,50,0
0xa16b0,valid_real_point3d,leaf,particles.obj,pass,,50,50,0
0xa2570,particles_update,stubbable,particles.obj,error,timeout,0,0,0
0xa1670,particle_get_radius,stubbable,particles.obj,pass,,50,50,0
0xa1710,valid_real_argb_color,stubbable,particles.obj,pass,,50,50,0
0xa1910,FUN_000a1910,stubbable,particles.obj,fail,divergence,0,50,0
0xa1770,FUN_000a1770,stubbable,particles.obj,inconclusive,"vacuous_output: 0 unique return(s), no scratch or memory variation across 89 seeds",89,90,0
0xa18c0,FUN_000a18c0,stubbable,particles.obj,pass,,50,50,0
0xa1510,FUN_000a1510,stubbable,particles.obj,error,timeout,0,0,0
0xa12e0,FUN_000a12e0,stubbable,particles.obj,pass,,50,50,0
0xa14f0,particle_delete,stubbable,particles.obj,inconclusive,"vacuous_output: 0 unique return(s), no scratch or memory variation across 50 seeds",50,50,0
0xa1a90,FUN_000a1a90,stubbable,particles.obj,pass,,50,50,0
0xa1b60,FUN_000a1b60,stubbable,particles.obj,pass,,50,50,0
0xa1c30,FUN_000a1c30,stubbable,particles.obj,pass,,85,85,0
0xa1590,FUN_000a1590,stubbable,particles.obj,error,timeout,0,0,0
0x1bdb70,physical_memory_allocate,stubbable,physical_memory_map.obj,not_applicable,"oracle_vacuous_early_exit: 24.6% coverage, identical entry-point path across 50 seeds",50,50,0
0x1bdc60,physical_memory_map_verify,stubbable,physical_memory_map.obj,inconclusive,"vacuous_output: 0 unique return(s), no scratch or memory variation across 80 seeds",80,80,0
0x1bdd00,physical_memory_deallocate,stubbable,physical_memory_map.obj,not_applicable,"oracle_vacuous_early_exit: 60.7% coverage, identical entry-point path across 50 seeds",50,50,0
0xb6380,player_control_get_data,stubbable,player_control.obj,pass,,50,50,0
0xb63f0,player_control_dispose,leaf,player_control.obj,pass,,50,50,0
0xb6460,player_control_set_action_flags,stubbable,player_control.obj,pass,,50,50,0
0xb6fc0,player_control_new_unit,stubbable,player_control.obj,pass,,50,50,0
0xb85c0,player_control_initialize_for_new_map,stubbable,player_control.obj,not_applicable,"oracle_vacuous_early_exit: 94.9% coverage, identical entry-point path across 50 seeds",50,50,0
0xb8650,player_control_get_facing,stubbable,player_control.obj,pass,,65,65,0
0xb8c70,player_control_update,stubbable,player_control.obj,not_applicable,"oracle_vacuous_early_exit: 61.4% coverage, identical entry-point path across 50 seeds",50,50,0
0xb6a20,player_clear_aim_assist,stubbable,player_control.obj,pass,,50,50,0
0xb7f40,player_control_set_unit_seat,stubbable,player_control.obj,pass,,50,50,0
0xb6990,unit_get_local_player_index,stubbable,player_control.obj,pass,,50,50,0
0xb6ea0,player_control_set_facing,stubbable,player_control.obj,pass,,60,60,0
0xb63d0,player_control_initialize,stubbable,player_control.obj,inconclusive,"vacuous_output: 0 unique return(s), no scratch or memory variation across 50 seeds",50,50,0
0xb6430,scripted_player_control_set_camera_control,data_only,player_control.obj,pass,,50,50,0
0xb64c0,evaluate_piecewise_linear_function,stubbable,player_control.obj,pass,,50,50,0
0xb65c0,player_control_get_aiming_unit_index,stubbable,player_control.obj,inconclusive,"vacuous_output: 1 unique return(s), no scratch or memory variation across 50 seeds",50,50,0
0xb6620,player_control_get_target_object_index,stubbable,player_control.obj,pass,,50,50,0
0xb6690,player_control_get_field_of_view,stubbable,player_control.obj,pass,,50,50,0
0xb6740,player_control_get_unit_camera_info,stubbable,player_control.obj,pass,,50,50,0
0xb6870,player_control_get_unit_index,stubbable,player_control.obj,inconclusive,"vacuous_output: 1 unique return(s), no scratch or memory variation across 50 seeds",50,50,0
0xb68c0,player_control_get_desired_weapon,stubbable,player_control.obj,pass,,50,50,0
0xb6940,player_control_get_autoaim_level,stubbable,player_control.obj,pass,,50,50,0
0xb69d0,players_unzoom_all,stubbable,player_control.obj,not_applicable,"oracle_vacuous_early_exit: 56.8% coverage, identical entry-point path across 50 seeds",50,50,0
0xb6a70,player_control_get_zoom_level,stubbable,player_control.obj,fail,divergence,10,50,0
0xb6a90,player_control_action_test_reset,data_only,player_control.obj,inconclusive,"vacuous_output: 0 unique return(s), no scratch or memory variation across 50 seeds",50,50,0
0xb6ab0,player_control_action_test_accept,data_only,player_control.obj,inconclusive,"vacuous_output: 1 unique return(s), no scratch or memory variation across 50 seeds",50,50,0
0xb6ad0,player_control_action_test_back,data_only,player_control.obj,inconclusive,"vacuous_output: 1 unique return(s), no scratch or memory variation across 50 seeds",50,50,0
0xb6af0,player_control_action_test_action,data_only,player_control.obj,inconclusive,"vacuous_output: 1 unique return(s), no scratch or memory variation across 50 seeds",50,50,0
0xb6b10,player_control_action_test_jump,data_only,player_control.obj,inconclusive,"vacuous_output: 1 unique return(s), no scratch or memory variation across 50 seeds",50,50,0
0xb6b20,player_control_action_test_primary_trigger,data_only,player_control.obj,inconclusive,"vacuous_output: 1 unique return(s), no scratch or memory variation across 50 seeds",50,50,0
0xb6b30,player_control_action_test_grenade_trigger,data_only,player_control.obj,inconclusive,"vacuous_output: 1 unique return(s), no scratch or memory variation across 50 seeds",50,50,0
0xb6b40,player_control_action_test_zoom,data_only,player_control.obj,inconclusive,"vacuous_output: 1 unique return(s), no scratch or memory variation across 50 seeds",50,50,0
0xb6b50,player_control_action_test_move_relative_all_directions,data_only,player_control.obj,inconclusive,"vacuous_output: 1 unique return(s), no scratch or memory variation across 50 seeds",50,50,0
0xb6b70,player_control_action_test_look_relative_all_directions,data_only,player_control.obj,inconclusive,"vacuous_output: 1 unique return(s), no scratch or memory variation across 50 seeds",50,50,0
0xb6b90,player_control_action_test_look_relative_left,data_only,player_control.obj,inconclusive,"vacuous_output: 1 unique return(s), no scratch or memory variation across 50 seeds",50,50,0
0xb6ba0,player_control_action_test_look_relative_right,data_only,player_control.obj,inconclusive,"vacuous_output: 1 unique return(s), no scratch or memory variation across 50 seeds",50,50,0
0xb6bb0,player_control_action_test_look_relative_up,data_only,player_control.obj,inconclusive,"vacuous_output: 1 unique return(s), no scratch or memory variation across 50 seeds",50,50,0
0xb6bc0,player_control_action_test_look_relative_down,data_only,player_control.obj,inconclusive,"vacuous_output: 1 unique return(s), no scratch or memory variation across 50 seeds",50,50,0
0xb6bd0,FUN_000b6bd0,stubbable,player_control.obj,pass,,50,50,0
0xb6dd0,signed_angular_difference,data_only,player_control.obj,pass,,50,50,0
0xb6e10,limit2d,leaf,player_control.obj,pass,,50,50,0
0xb6e60,interpolate_scalar,leaf,player_control.obj,pass,,50,50,0
0xb7e30,player_control_get_facing_angles,stubbable,player_control.obj,pass,,50,50,0
0xb7f10,player_control_get_facing_direction,stubbable,player_control.obj,fail,divergence,5,50,0
0xb7f90,player_control_update_desired_angles,stubbable,player_control.obj,error,mem-limit,0,0,0
0xb8cf0,FUN_000b8cf0,stubbable,player_control.obj,pass,,50,50,0
0xa2690,player_effect_get,stubbable,player_effects.obj,pass,,50,50,0
0xa2700,player_effect_initialize,stubbable,player_effects.obj,not_applicable,"oracle_vacuous_early_exit: 93.2% coverage, identical entry-point path across 50 seeds",50,50,0
0xa2740,player_effect_dispose,leaf,player_effects.obj,pass,,50,50,0
0xa2750,player_effect_initialize_for_new_map,stubbable,player_effects.obj,inconclusive,"vacuous_output: 0 unique return(s), no scratch or memory variation across 50 seeds",50,50,0
0xa2790,player_effect_dispose_from_old_map,leaf,player_effects.obj,pass,,50,50,0
0xa2ca0,player_effect_update,stubbable,player_effects.obj,error,timeout,0,0,0
0xa2e80,player_effect_apply,stubbable,player_effects.obj,fail,divergence,32,50,0
0xa2920,scripted_player_effect_set_rumble,stubbable,player_effects.obj,inconclusive,"vacuous_output: 0 unique return(s), no scratch or memory variation across 50 seeds",50,50,0
0xa2930,player_telefrag_effect_stop,stubbable,player_effects.obj,pass,,50,50,0
0xa2a10,player_effect_get_damage_indicators,stubbable,player_effects.obj,pass,,50,50,0
0xa2a70,player_effect_clear_damage_indicators,stubbable,player_effects.obj,inconclusive,"vacuous_output: 0 unique return(s), no scratch or memory variation across 50 seeds",50,50,0
0xa2dc0,scripted_player_effect_set_translation,data_only,player_effects.obj,pass,,50,50,0
0xa2ed0,player_telefrag_effect_start,stubbable,player_effects.obj,fail,divergence,0,50,0
0xb8d30,update_server_add_player,stubbable,player_queues_new.obj,not_applicable,"oracle_vacuous_early_exit: 47.5% coverage, identical entry-point path across 60 seeds",60,60,0
0xb8d70,update_client_new,stubbable,player_queues_new.obj,inconclusive,"vacuous_output: 1 unique return(s), no scratch or memory variation across 65 seeds",65,65,0
0xb8e40,update_client_start,stubbable,player_queues_new.obj,inconclusive,"vacuous_output: 0 unique return(s), no scratch or memory variation across 65 seeds",65,65,0
0xb8f90,update_get_maximum_actions,data_only,player_queues_new.obj,inconclusive,"vacuous_output: 1 unique return(s), no scratch or memory variation across 50 seeds",50,50,0
0xb8fa0,update_client_build_client_update,stubbable,player_queues_new.obj,pass,,50,50,0
0xb9040,update_get_buffer_entry,stubbable,player_queues_new.obj,pass,,65,65,0
0xb90d0,update_server_new,stubbable,player_queues_new.obj,inconclusive,"vacuous_output: 1 unique return(s), no scratch or memory variation across 65 seeds",65,65,0
0xb9150,update_server_delete,stubbable,player_queues_new.obj,not_applicable,"oracle_vacuous_early_exit: 65.5% coverage, identical entry-point path across 50 seeds",50,50,0
0xb91b0,update_server_start,stubbable,player_queues_new.obj,inconclusive,"vacuous_output: 0 unique return(s), no scratch or memory variation across 65 seeds",65,65,0
0xb9270,update_server_get_update,stubbable,player_queues_new.obj,pass,,70,70,0
0xb9340,player_control_get_current_actions,stubbable,player_queues_new.obj,pass,,65,65,0
0xb9610,update_get_game_time,data_only,player_queues_new.obj,not_applicable,"oracle_vacuous_early_exit: 85.1% coverage, identical entry-point path across 50 seeds",50,50,0
0xb9660,update_server_apply_actions,stubbable,player_queues_new.obj,pass,,70,70,0
0xb9990,update_server_create_snapshot,stubbable,player_queues_new.obj,inconclusive,"vacuous_output: 0 unique return(s), no scratch or memory variation across 80 seeds",80,80,0
0xb9a70,update_client_apply_actions,stubbable,player_queues_new.obj,inconclusive,"vacuous_output: 0 unique return(s), no scratch or memory variation across 65 seeds",65,65,0
0xb8f00,update_client_add_player,stubbable,player_queues_new.obj,not_applicable,"oracle_vacuous_early_exit: 47.5% coverage, identical entry-point path across 60 seeds",60,60,0
0xb8f40,update_client_queue,data_only,player_queues_new.obj,pass,,50,50,0
0xb8f70,update_client_queue_push,stubbable,player_queues_new.obj,inconclusive,"vacuous_output: 0 unique return(s), no scratch or memory variation across 50 seeds",50,50,0
0xb8ff0,player_new_queue,stubbable,player_queues_new.obj,not_applicable,"oracle_vacuous_early_exit: 53.0% coverage, identical entry-point path across 60 seeds",60,60,0
0xb97b0,FUN_000b97b0,stubbable,player_queues_new.obj,pass,,50,50,0
0xb9b30,rumble_initialize,stubbable,player_rumble.obj,inconclusive,"vacuous_output: 0 unique return(s), no scratch or memory variation across 50 seeds",50,50,0
0xb9b50,rumble_dispose,leaf,player_rumble.obj,pass,,50,50,0
0xb9b60,rumble_initialize_for_new_map,stubbable,player_rumble.obj,inconclusive,"vacuous_output: 0 unique return(s), no scratch or memory variation across 50 seeds",50,50,0
0xb9d30,rumble_clear_for_local_player,stubbable,player_rumble.obj,pass,,49,50,0
0xb9d60,rumble_clear_all_players,stubbable,player_rumble.obj,not_applicable,"oracle_vacuous_early_exit: 77.6% coverage, identical entry-point path across 50 seeds",50,50,0
0xb9dd0,rumble_dispose_from_old_map,stubbable,player_rumble.obj,not_applicable,"oracle_vacuous_early_exit: 84.1% coverage, identical entry-point path across 50 seeds",50,50,0
0xb9e30,rumble_calculate,stubbable,player_rumble.obj,pass,,50,50,0
0xb9fd0,rumble_update,stubbable,player_rumble.obj,not_applicable,"oracle_vacuous_early_exit: 96.0% coverage, identical entry-point path across 50 seeds",50,50,0
0xb9bc0,rumble_player_impulse,stubbable,player_rumble.obj,fail,divergence,0,50,0
0xb9b80,rumble_player_set_scripted_values,data_only,player_rumble.obj,pass,,50,50,0
0xb9ba0,rumble_player_set_scale,data_only,player_rumble.obj,pass,,50,50,0
0xb9da0,rumble_set_direct_motors,data_only,player_rumble.obj,pass,,49,50,0
0xe0700,player_ui_dispose,stubbable,player_ui.obj,inconclusive,"vacuous_output: 0 unique return(s), no scratch or memory variation across 50 seeds",50,50,0
0xe07c0,player_ui_get_single_player_local_player_controller,stubbable,player_ui.obj,inconclusive,"vacuous_output: 1 unique return(s), no scratch or memory variation across 50 seeds",50,50,0
0xe0c30,player_ui_remember_player1_profile,stubbable,player_ui.obj,inconclusive,"vacuous_output: 0 unique return(s), no scratch or memory variation across 50 seeds",50,50,0
0xe0620,FUN_000e0620,stubbable,player_ui.obj,pass,,75,75,0
0xe0720,player_ui_reset_single_player_local_player_controllers,stubbable,player_ui.obj,inconclusive,"vacuous_output: 0 unique return(s), no scratch or memory variation across 50 seeds",50,50,0
0xe0740,player_ui_set_single_player_local_player_controller,stubbable,player_ui.obj,pass,,50,50,0
0xe0840,player_ui_local_player_joined_multiplayer_game,stubbable,player_ui.obj,pass,,50,50,0
0xe0890,player_ui_local_player_wants_to_play_multiplayer,stubbable,player_ui.obj,inconclusive,"vacuous_output: 1 unique return(s), no scratch or memory variation across 50 seeds",50,50,0
0xe08e0,player_ui_clear_multiplayer_autojoin_for_local_player,stubbable,player_ui.obj,pass,,50,50,0
0xe0930,player_ui_autojoin_players_to_next_multiplayer_game,data_only,player_ui.obj,inconclusive,"vacuous_output: 0 unique return(s), no scratch or memory variation across 50 seeds",50,50,0
0xe0960,player_ui_clear_multiplayer_variant,stubbable,player_ui.obj,inconclusive,"vacuous_output: 0 unique return(s), no scratch or memory variation across 50 seeds",50,50,0
0xe0980,player_ui_get_active_player_profile,stubbable,player_ui.obj,pass,,50,50,0
0xe09e0,player_ui_get_active_player_profile_index,leaf,player_ui.obj,pass,,50,50,0
0xe0a10,player_ui_get_last_single_player_level_played,stubbable,player_ui.obj,inconclusive,"vacuous_output: 1 unique return(s), no scratch or memory variation across 50 seeds",50,50,0
0xe0a60,player_ui_set_game_variant,stubbable,player_ui.obj,pass,,50,50,0
0xe0ab0,player_ui_game_variant_specified,stubbable,player_ui.obj,pass,,70,70,0
0xe0b00,player_ui_rumble_disabled,stubbable,player_ui.obj,inconclusive,"vacuous_output: 1 unique return(s), no scratch or memory variation across 50 seeds",50,50,0
0xe0b50,player_ui_autolevel_enabled,stubbable,player_ui.obj,inconclusive,"vacuous_output: 1 unique return(s), no scratch or memory variation across 50 seeds",50,50,0
0xe0bf0,player_ui_get_path_to_local_player_profile_directory,stubbable,player_ui.obj,pass,,50,50,0
0xe0c90,player_ui_get_player1_last_used_profile_index,stubbable,player_ui.obj,not_applicable,"oracle_vacuous_early_exit: 60.4% coverage, identical entry-point path across 50 seeds",50,50,0
0xe0cd0,player_ui_fast_setup_network_server,stubbable,player_ui.obj,not_applicable,"oracle_vacuous_early_exit: 50.6% coverage, identical entry-point path across 50 seeds",50,50,0
0xe0dd0,player_ui_edit_profile_name_is_dirty,stubbable,player_ui.obj,pass,,70,70,0
0xe0e40,player_ui_prompt_user_to_rename_edit_profile,stubbable,player_ui.obj,pass,,70,70,0
0xe0ea0,player_ui_get_edit_player_profile,stubbable,player_ui.obj,inconclusive,"vacuous_output: 1 unique return(s), no scratch or memory variation across 50 seeds",50,50,0
0xe0ec0,player_ui_get_edit_playlist_profile,stubbable,player_ui.obj,inconclusive,"vacuous_output: 1 unique return(s), no scratch or memory variation across 50 seeds",50,50,0
0xe0fd0,player_ui_activate_all_solo_levels,stubbable,player_ui.obj,inconclusive,"vacuous_output: 0 unique return(s), no scratch or memory variation across 50 seeds",50,50,0
0xe1000,FUN_000e1000,stubbable,player_ui.obj,pass,,50,50,0
0xe1050,player0_look_pitch_is_inverted,data_only,player_ui.obj,inconclusive,"vacuous_output: 1 unique return(s), no scratch or memory variation across 50 seeds",50,50,0
0xe1060,FUN_000e1060,data_only,player_ui.obj,not_applicable,"oracle_vacuous_early_exit: 68.2% coverage, identical entry-point path across 50 seeds",50,50,0
0xe13f0,player_ui_clear_multiplayer_joins,stubbable,player_ui.obj,not_applicable,"oracle_vacuous_early_exit: 78.5% coverage, identical entry-point path across 50 seeds",50,50,0
0xe1490,player_ui_set_active_player_profile,stubbable,player_ui.obj,pass,,50,50,0
0xe1760,player_ui_end_editing_profile,data_only,player_ui.obj,inconclusive,"vacuous_output: 0 unique return(s), no scratch or memory variation across 50 seeds",50,50,0
0xe1770,FUN_000e1770,stubbable,player_ui.obj,pass,,50,50,0
0xba100,players_initialize,stubbable,players.obj,inconclusive,"vacuous_output: 0 unique return(s), no scratch or memory variation across 50 seeds",50,50,0
0xba170,players_initialize_for_new_map,stubbable,players.obj,inconclusive,"vacuous_output: 0 unique return(s), no scratch or memory variation across 50 seeds",50,50,0
0xba220,players_dispose_from_old_map,stubbable,players.obj,inconclusive,"vacuous_output: 0 unique return(s), no scratch or memory variation across 50 seeds",50,50,0
0xba240,players_dispose,data_only,players.obj,not_applicable,"oracle_vacuous_early_exit: 88.6% coverage, identical entry-point path across 50 seeds",50,50,0
0xba270,machine_get_player_list,data_only,players.obj,pass,,50,50,0
0xba290,player_register_machine,stubbable,players.obj,not_applicable,"oracle_vacuous_early_exit: 86.1% coverage, identical entry-point path across 50 seeds",50,50,0
0xba2e0,local_player_exists,stubbable,players.obj,not_applicable,"oracle_vacuous_early_exit: 55.7% coverage, identical entry-point path across 50 seeds",50,50,0
0xba340,find_unused_local_player_index,stubbable,players.obj,not_applicable,"oracle_vacuous_early_exit: 60.8% coverage, identical entry-point path across 50 seeds",50,50,0
0xba390,player_delete,stubbable,players.obj,inconclusive,"vacuous_output: 0 unique return(s), no scratch or memory variation across 50 seeds",50,50,0
0xba3b0,players_get_respawn_failure,data_only,players.obj,inconclusive,"vacuous_output: 1 unique return(s), no scratch or memory variation across 50 seeds",50,50,0
0xba3c0,local_player_get_player_index,stubbable,players.obj,pass,,50,50,0
0xba410,local_player_set_player_index,stubbable,players.obj,fail,divergence,44,50,0
0xba4b0,local_player_count,data_only,players.obj,fail,divergence,0,50,0
0xba4c0,local_player_get_next,data_only,players.obj,pass,,50,50,0
0xba500,player_index_from_unit_index,stubbable,players.obj,not_applicable,"oracle_vacuous_early_exit: 60.0% coverage, identical entry-point path across 50 seeds",50,50,0
0xba550,player_died,stubbable,players.obj,pass,,50,50,0
0xba5e0,players_are_all_dead,data_only,players.obj,inconclusive,"vacuous_output: 1 unique return(s), no scratch or memory variation across 50 seeds",50,50,0
0xba5f0,players_set_local_player_unit,stubbable,players.obj,fail,divergence,2,50,0
0xba6b0,players_get_combined_pvs_local,data_only,players.obj,inconclusive,"vacuous_output: 1 unique return(s), no scratch or memory variation across 50 seeds",50,50,0
0xba6c0,players_get_combined_pvs,data_only,players.obj,inconclusive,"vacuous_output: 1 unique return(s), no scratch or memory variation across 50 seeds",50,50,0
0xba6d0,player_input_enable,data_only,players.obj,pass,,50,50,0
0xba6f0,player_input_enabled,data_only,players.obj,inconclusive,"vacuous_output: 1 unique return(s), no scratch or memory variation across 50 seeds",50,50,0
0xba710,any_player_is_in_the_air,stubbable,players.obj,not_applicable,"oracle_vacuous_early_exit: 22.5% coverage, identical entry-point path across 50 seeds",50,50,0
0xba800,any_player_is_dead,stubbable,players.obj,not_applicable,"oracle_vacuous_early_exit: 60.6% coverage, identical entry-point path across 50 seeds",50,50,0
0xba850,FUN_000ba850,stubbable,players.obj,pass,,50,50,0
0xba890,FUN_000ba890,stubbable,players.obj,pass,,50,50,0
0xba970,player_control_fix_for_loaded_game_state,stubbable,players.obj,not_applicable,"oracle_vacuous_early_exit: 17.5% coverage, identical entry-point path across 50 seeds",50,50,0
0xbaa90,player_get_starting_location_count,stubbable,players.obj,not_applicable,"oracle_vacuous_early_exit: 92.9% coverage, identical entry-point path across 50 seeds",50,50,0
0xbaae0,player_get_starting_location,stubbable,players.obj,inconclusive,"vacuous_output: 1 unique return(s), no scratch or memory variation across 50 seeds",50,50,0
0xbaba0,placement_data_set_change_color,leaf,players.obj,pass,,50,50,1
0xbac10,FUN_000bac10,stubbable,players.obj,pass,,50,50,0
0xbac80,players_update_pvs,stubbable,players.obj,pass,,50,50,0
0xbadf0,players_compute_local_player_count,data_only,players.obj,inconclusive,"vacuous_output: 1 unique return(s), no scratch or memory variation across 50 seeds",50,50,0
0xbae20,player_examine_nearby_unit,stubbable,players.obj,not_applicable,"oracle_vacuous_early_exit: 54.5% coverage, identical entry-point path across 50 seeds",50,50,0
0xbaeb0,player_reset_action_result,stubbable,players.obj,pass,,50,50,0
0xbaed0,player_try_to_enter_vehicle,stubbable,players.obj,pass,,50,50,0
0xbaf90,player_apply_overshield_effect,stubbable,players.obj,fail,divergence,2,50,0
0xbb040,player_apply_camo_notification,stubbable,players.obj,fail,divergence,2,50,0
0xbb0f0,player_apply_health_effect,stubbable,players.obj,fail,divergence,2,50,0
0xbb180,player_set_unit_camo_flag,stubbable,players.obj,pass,,50,50,0
0xbb1c0,FUN_000bb1c0,stubbable,players.obj,pass,,50,50,0
0xbb1f0,FUN_000bb1f0,stubbable,players.obj,pass,,50,50,0
0xbb220,players_handle_deleted_object,stubbable,players.obj,pass,,50,50,0
0xbb290,global_random_get_direction3d,stubbable,players.obj,pass,,50,50,0
0xbb2b0,valid_real_vector2d,leaf,players.obj,pass,,50,50,0
0xbb2f0,player_new,stubbable,players.obj,fail,divergence,41,50,0
0xbb410,player_add_equipment,stubbable,players.obj,fail,divergence,10,50,0
0xbb560,player_build_action_update,stubbable,players.obj,pass,,50,50,0
0xbbb80,player_teleport,stubbable,players.obj,pass,,50,50,0
0xbbbe0,find_best_starting_location_index,stubbable,players.obj,not_applicable,"oracle_vacuous_early_exit: 49.0% coverage, identical entry-point path across 50 seeds",50,50,0
0xbbcb0,player_spawn,stubbable,players.obj,pass,,50,50,0
0xbbfe0,player_set_spawn_action_result,stubbable,players.obj,pass,,50,50,0
0xbc0d0,player_try_to_spawn_in_vehicle,stubbable,players.obj,pass,,50,50,0
0xbc320,player_handle_powerup,stubbable,players.obj,pass,,50,50,0
0xbc410,player_set_respawn_timer,stubbable,players.obj,pass,,50,50,0
0xbc4b0,player_update_weapon_timers,stubbable,players.obj,pass,,50,50,0
0xbc520,players_debug_render,stubbable,players.obj,inconclusive,"vacuous_output: 0 unique return(s), no scratch or memory variation across 65 seeds",65,65,0
0xbc6c0,debug_player_teleport,stubbable,players.obj,fail,divergence,2,50,0
0xbc750,players_respawn_coop,stubbable,players.obj,pass,,75,75,0
0xbc920,players_update_before_game_client,stubbable,players.obj,pass,,50,50,0
0xbca60,players_reconnect_to_structure_bsp,stubbable,players.obj,inconclusive,"vacuous_output: 0 unique return(s), no scratch or memory variation across 55 seeds",55,55,0
0xbcd40,player_update_nearby_biped,stubbable,players.obj,pass,,50,50,0
0xbcf00,player_update_nearby_weapon,stubbable,players.obj,pass,,50,50,0
0xbcfb0,player_set_action_result_for_equipment,stubbable,players.obj,pass,,65,65,0
0xbd100,players_update_before_game,stubbable,players.obj,inconclusive,vacuous_coverage: 5.1% < 10% floor,65,65,0
0xbd7e0,player_update_nearby_vehicle,stubbable,players.obj,not_applicable,"oracle_vacuous_early_exit: 9.2% coverage, identical entry-point path across 50 seeds",50,50,0
0xbdb00,player_update_spawn_state,stubbable,players.obj,pass,,50,50,0
0xbdbf0,players_update_after_game,stubbable,players.obj,pass,,90,90,0
0xbdef0,FUN_000bdef0,stubbable,players.obj,not_applicable,"oracle_vacuous_early_exit: 61.2% coverage, identical entry-point path across 50 seeds",50,50,0
0xbdf40,FUN_000bdf40,stubbable,players.obj,not_applicable,"oracle_vacuous_early_exit: 62.0% coverage, identical entry-point path across 50 seeds",50,50,0
0xbdf80,FUN_000bdf80,stubbable,players.obj,inconclusive,"vacuous_output: 0 unique return(s), no scratch or memory variation across 50 seeds",50,50,0
0xbdfa0,FUN_000bdfa0,stubbable,players.obj,not_applicable,"oracle_vacuous_early_exit: 53.4% coverage, identical entry-point path across 50 seeds",50,50,0
0xbdfe0,FUN_000bdfe0,stubbable,players.obj,not_applicable,"oracle_vacuous_early_exit: 58.6% coverage, identical entry-point path across 50 seeds",50,50,0
0xbe030,FUN_000be030,stubbable,players.obj,not_applicable,"oracle_vacuous_early_exit: 58.6% coverage, identical entry-point path across 50 seeds",50,50,0
0xbe080,FUN_000be080,stubbable,players.obj,not_applicable,"oracle_vacuous_early_exit: 58.6% coverage, identical entry-point path across 50 seeds",50,50,0
0xbe0d0,FUN_000be0d0,stubbable,players.obj,not_applicable,"oracle_vacuous_early_exit: 58.5% coverage, identical entry-point path across 50 seeds",50,50,0
0xbe110,FUN_000be110,stubbable,players.obj,not_applicable,"oracle_vacuous_early_exit: 62.0% coverage, identical entry-point path across 50 seeds",50,50,0
0xbe150,FUN_000be150,stubbable,players.obj,not_applicable,"oracle_vacuous_early_exit: 58.5% coverage, identical entry-point path across 50 seeds",50,50,0
0xbe190,FUN_000be190,stubbable,players.obj,not_applicable,"oracle_vacuous_early_exit: 62.0% coverage, identical entry-point path across 50 seeds",50,50,0
0xbe1d0,FUN_000be1d0,stubbable,players.obj,not_applicable,"oracle_vacuous_early_exit: 62.0% coverage, identical entry-point path across 50 seeds",50,50,0
0xbe210,FUN_000be210,stubbable,players.obj,not_applicable,"oracle_vacuous_early_exit: 62.0% coverage, identical entry-point path across 50 seeds",50,50,0
0xbe250,FUN_000be250,stubbable,players.obj,inconclusive,"vacuous_output: 0 unique return(s), no scratch or memory variation across 50 seeds",50,50,0
0xbe270,FUN_000be270,stubbable,players.obj,not_applicable,"oracle_vacuous_early_exit: 54.4% coverage, identical entry-point path across 50 seeds",50,50,0
0xbe2b0,FUN_000be2b0,stubbable,players.obj,not_applicable,"oracle_vacuous_early_exit: 54.4% coverage, identical entry-point path across 50 seeds",50,50,0
0xbe2f0,FUN_000be2f0,stubbable,players.obj,not_applicable,"oracle_vacuous_early_exit: 54.4% coverage, identical entry-point path across 50 seeds",50,50,0
0xbe330,FUN_000be330,stubbable,players.obj,not_applicable,"oracle_vacuous_early_exit: 53.4% coverage, identical entry-point path across 50 seeds",50,50,0
0xbe3b0,FUN_000be3b0,stubbable,players.obj,not_applicable,"oracle_vacuous_early_exit: 62.1% coverage, identical entry-point path across 50 seeds",50,50,0
0xbe400,player_rumble_initialize,stubbable,players.obj,not_applicable,"oracle_vacuous_early_exit: 54.4% coverage, identical entry-point path across 50 seeds",50,50,0
0xbe440,FUN_000be440,stubbable,players.obj,not_applicable,"oracle_vacuous_early_exit: 53.4% coverage, identical entry-point path across 50 seeds",50,50,0
0xbe480,FUN_000be480,stubbable,players.obj,not_applicable,"oracle_vacuous_early_exit: 54.4% coverage, identical entry-point path across 50 seeds",50,50,0
0xbe4c0,FUN_000be4c0,stubbable,players.obj,not_applicable,"oracle_vacuous_early_exit: 57.4% coverage, identical entry-point path across 50 seeds",50,50,0
0xbe500,FUN_000be500,stubbable,players.obj,not_applicable,"oracle_vacuous_early_exit: 53.9% coverage, identical entry-point path across 50 seeds",50,50,0
0xbe550,FUN_000be550,stubbable,players.obj,not_applicable,"oracle_vacuous_early_exit: 51.9% coverage, identical entry-point path across 50 seeds",50,50,0
0xbe5a0,FUN_000be5a0,stubbable,players.obj,not_applicable,"oracle_vacuous_early_exit: 62.0% coverage, identical entry-point path across 50 seeds",50,50,0
0xbe5e0,FUN_000be5e0,stubbable,players.obj,not_applicable,"oracle_vacuous_early_exit: 54.4% coverage, identical entry-point path across 50 seeds",50,50,0
0xbe620,FUN_000be620,stubbable,players.obj,not_applicable,"oracle_vacuous_early_exit: 58.6% coverage, identical entry-point path across 50 seeds",50,50,0
0xbe660,FUN_000be660,stubbable,players.obj,not_applicable,"oracle_vacuous_early_exit: 55.4% coverage, identical entry-point path across 50 seeds",50,50,0
0xbe6a0,FUN_000be6a0,stubbable,players.obj,not_applicable,"oracle_vacuous_early_exit: 59.4% coverage, identical entry-point path across 50 seeds",50,50,0
0xbe6f0,FUN_000be6f0,stubbable,players.obj,inconclusive,"vacuous_output: 0 unique return(s), no scratch or memory variation across 50 seeds",50,50,0
0xbe710,FUN_000be710,stubbable,players.obj,inconclusive,"vacuous_output: 0 unique return(s), no scratch or memory variation across 50 seeds",50,50,0
0xbe730,FUN_000be730,stubbable,players.obj,not_applicable,"oracle_vacuous_early_exit: 59.6% coverage, identical entry-point path across 50 seeds",50,50,0
0xbe770,player_rumble_set_effect,stubbable,players.obj,not_applicable,"oracle_vacuous_early_exit: 56.9% coverage, identical entry-point path across 50 seeds",50,50,0
0xbe7c0,FUN_000be7c0,stubbable,players.obj,not_applicable,"oracle_vacuous_early_exit: 56.9% coverage, identical entry-point path across 50 seeds",50,50,0
0xbe810,FUN_000be810,stubbable,players.obj,not_applicable,"oracle_vacuous_early_exit: 56.9% coverage, identical entry-point path across 50 seeds",50,50,0
0xbe860,FUN_000be860,stubbable,players.obj,not_applicable,"oracle_vacuous_early_exit: 62.0% coverage, identical entry-point path across 50 seeds",50,50,0
0xbe8a0,FUN_000be8a0,stubbable,players.obj,not_applicable,"oracle_vacuous_early_exit: 62.1% coverage, identical entry-point path across 50 seeds",50,50,0
0xbe8f0,FUN_000be8f0,stubbable,players.obj,not_applicable,"oracle_vacuous_early_exit: 55.4% coverage, identical entry-point path across 50 seeds",50,50,0
0xbe930,FUN_000be930,stubbable,players.obj,not_applicable,"oracle_vacuous_early_exit: 55.4% coverage, identical entry-point path across 50 seeds",50,50,0
0xbe970,FUN_000be970,stubbable,players.obj,inconclusive,"vacuous_output: 0 unique return(s), no scratch or memory variation across 50 seeds",50,50,0
0xbe990,FUN_000be990,stubbable,players.obj,not_applicable,"oracle_vacuous_early_exit: 55.4% coverage, identical entry-point path across 50 seeds",50,50,0
0xbe9d0,FUN_000be9d0,stubbable,players.obj,not_applicable,"oracle_vacuous_early_exit: 48.4% coverage, identical entry-point path across 50 seeds",50,50,0
0xbea10,FUN_000bea10,stubbable,players.obj,not_applicable,"oracle_vacuous_early_exit: 50.0% coverage, identical entry-point path across 50 seeds",50,50,0
0xbea50,FUN_000bea50,stubbable,players.obj,not_applicable,"oracle_vacuous_early_exit: 57.4% coverage, identical entry-point path across 50 seeds",50,50,0
0xbea90,FUN_000bea90,stubbable,players.obj,inconclusive,"vacuous_output: 0 unique return(s), no scratch or memory variation across 50 seeds",50,50,0
0xbeab0,FUN_000beab0,stubbable,players.obj,not_applicable,"oracle_vacuous_early_exit: 62.0% coverage, identical entry-point path across 50 seeds",50,50,0
0xbeaf0,FUN_000beaf0,stubbable,players.obj,not_applicable,"oracle_vacuous_early_exit: 62.0% coverage, identical entry-point path across 50 seeds",50,50,0
0xbeb30,FUN_000beb30,stubbable,players.obj,not_applicable,"oracle_vacuous_early_exit: 55.4% coverage, identical entry-point path across 50 seeds",50,50,0
0xbeb70,FUN_000beb70,stubbable,players.obj,not_applicable,"oracle_vacuous_early_exit: 62.0% coverage, identical entry-point path across 50 seeds",50,50,0
0xbebb0,FUN_000bebb0,stubbable,players.obj,not_applicable,"oracle_vacuous_early_exit: 62.0% coverage, identical entry-point path across 50 seeds",50,50,0
0xbebf0,FUN_000bebf0,stubbable,players.obj,not_applicable,"oracle_vacuous_early_exit: 62.0% coverage, identical entry-point path across 50 seeds",50,50,0
0xbec30,FUN_000bec30,stubbable,players.obj,not_applicable,"oracle_vacuous_early_exit: 58.5% coverage, identical entry-point path across 50 seeds",50,50,0
0xbec70,FUN_000bec70,stubbable,players.obj,inconclusive,"vacuous_output: 0 unique return(s), no scratch or memory variation across 50 seeds",50,50,0
0xbec90,FUN_000bec90,stubbable,players.obj,not_applicable,"oracle_vacuous_early_exit: 62.0% coverage, identical entry-point path across 50 seeds",50,50,0
0xbecd0,FUN_000becd0,stubbable,players.obj,not_applicable,"oracle_vacuous_early_exit: 61.2% coverage, identical entry-point path across 50 seeds",50,50,0
0xbed20,FUN_000bed20,stubbable,players.obj,not_applicable,"oracle_vacuous_early_exit: 62.1% coverage, identical entry-point path across 50 seeds",50,50,0
0xbed70,FUN_000bed70,stubbable,players.obj,not_applicable,"oracle_vacuous_early_exit: 53.4% coverage, identical entry-point path across 50 seeds",50,50,0
0xbedb0,FUN_000bedb0,stubbable,players.obj,not_applicable,"oracle_vacuous_early_exit: 47.7% coverage, identical entry-point path across 50 seeds",50,50,0
0xbee00,FUN_000bee00,stubbable,players.obj,not_applicable,"oracle_vacuous_early_exit: 59.6% coverage, identical entry-point path across 50 seeds",50,50,0
0xbee40,FUN_000bee40,stubbable,players.obj,not_applicable,"oracle_vacuous_early_exit: 55.4% coverage, identical entry-point path across 50 seeds",50,50,0
0xbee80,FUN_000bee80,stubbable,players.obj,not_applicable,"oracle_vacuous_early_exit: 62.0% coverage, identical entry-point path across 50 seeds",50,50,0
0xbeec0,FUN_000beec0,stubbable,players.obj,not_applicable,"oracle_vacuous_early_exit: 62.0% coverage, identical entry-point path across 50 seeds",50,50,0
0xbef00,FUN_000bef00,stubbable,players.obj,not_applicable,"oracle_vacuous_early_exit: 62.0% coverage, identical entry-point path across 50 seeds",50,50,0
0xbef40,FUN_000bef40,stubbable,players.obj,not_applicable,"oracle_vacuous_early_exit: 62.0% coverage, identical entry-point path across 50 seeds",50,50,0
0xbef80,FUN_000bef80,stubbable,players.obj,not_applicable,"oracle_vacuous_early_exit: 62.1% coverage, identical entry-point path across 50 seeds",50,50,0
0xbefd0,FUN_000befd0,stubbable,players.obj,not_applicable,"oracle_vacuous_early_exit: 62.0% coverage, identical entry-point path across 50 seeds",50,50,0
0xbf010,FUN_000bf010,stubbable,players.obj,not_applicable,"oracle_vacuous_early_exit: 51.9% coverage, identical entry-point path across 50 seeds",50,50,0
0xbf060,FUN_000bf060,stubbable,players.obj,not_applicable,"oracle_vacuous_early_exit: 51.9% coverage, identical entry-point path across 50 seeds",50,50,0
0xbf0b0,FUN_000bf0b0,stubbable,players.obj,not_applicable,"oracle_vacuous_early_exit: 47.7% coverage, identical entry-point path across 50 seeds",50,50,0
0xbf110,FUN_000bf110,stubbable,players.obj,not_applicable,"oracle_vacuous_early_exit: 63.1% coverage, identical entry-point path across 50 seeds",50,50,0
0xbf160,FUN_000bf160,stubbable,players.obj,not_applicable,"oracle_vacuous_early_exit: 55.4% coverage, identical entry-point path across 50 seeds",50,50,0
0xbf1a0,FUN_000bf1a0,stubbable,players.obj,not_applicable,"oracle_vacuous_early_exit: 54.4% coverage, identical entry-point path across 50 seeds",50,50,0
0xbf1e0,FUN_000bf1e0,stubbable,players.obj,not_applicable,"oracle_vacuous_early_exit: 55.4% coverage, identical entry-point path across 50 seeds",50,50,0
0xbf220,FUN_000bf220,stubbable,players.obj,not_applicable,"oracle_vacuous_early_exit: 53.4% coverage, identical entry-point path across 50 seeds",50,50,0
0xbf260,FUN_000bf260,stubbable,players.obj,not_applicable,"oracle_vacuous_early_exit: 56.2% coverage, identical entry-point path across 50 seeds",50,50,0
0xbf2b0,FUN_000bf2b0,stubbable,players.obj,not_applicable,"oracle_vacuous_early_exit: 56.2% coverage, identical entry-point path across 50 seeds",50,50,0
0xbf300,FUN_000bf300,stubbable,players.obj,not_applicable,"oracle_vacuous_early_exit: 57.4% coverage, identical entry-point path across 50 seeds",50,50,0
0xbf340,FUN_000bf340,stubbable,players.obj,not_applicable,"oracle_vacuous_early_exit: 62.0% coverage, identical entry-point path across 50 seeds",50,50,0
0xbf380,FUN_000bf380,stubbable,players.obj,not_applicable,"oracle_vacuous_early_exit: 47.0% coverage, identical entry-point path across 50 seeds",50,50,0
0xbf3d0,FUN_000bf3d0,stubbable,players.obj,not_applicable,"oracle_vacuous_early_exit: 47.0% coverage, identical entry-point path across 50 seeds",50,50,0
0xbf420,FUN_000bf420,stubbable,players.obj,not_applicable,"oracle_vacuous_early_exit: 47.0% coverage, identical entry-point path across 50 seeds",50,50,0
0xbf470,FUN_000bf470,stubbable,players.obj,not_applicable,"oracle_vacuous_early_exit: 47.0% coverage, identical entry-point path across 50 seeds",50,50,0
0xbf4c0,FUN_000bf4c0,stubbable,players.obj,not_applicable,"oracle_vacuous_early_exit: 55.4% coverage, identical entry-point path across 50 seeds",50,50,0
0xbf510,FUN_000bf510,stubbable,players.obj,not_applicable,"oracle_vacuous_early_exit: 58.6% coverage, identical entry-point path across 50 seeds",50,50,0
0xbf560,FUN_000bf560,stubbable,players.obj,not_applicable,"oracle_vacuous_early_exit: 62.0% coverage, identical entry-point path across 50 seeds",50,50,0
0xbf5a0,FUN_000bf5a0,stubbable,players.obj,not_applicable,"oracle_vacuous_early_exit: 57.4% coverage, identical entry-point path across 50 seeds",50,50,0
0xbf5e0,FUN_000bf5e0,stubbable,players.obj,inconclusive,"vacuous_output: 0 unique return(s), no scratch or memory variation across 50 seeds",50,50,0
0xbf600,FUN_000bf600,stubbable,players.obj,not_applicable,"oracle_vacuous_early_exit: 63.3% coverage, identical entry-point path across 50 seeds",50,50,0
0xbf640,FUN_000bf640,stubbable,players.obj,not_applicable,"oracle_vacuous_early_exit: 63.3% coverage, identical entry-point path across 50 seeds",50,50,0
0xbf680,FUN_000bf680,stubbable,players.obj,not_applicable,"oracle_vacuous_early_exit: 63.3% coverage, identical entry-point path across 50 seeds",50,50,0
0xbf6c0,FUN_000bf6c0,stubbable,players.obj,not_applicable,"oracle_vacuous_early_exit: 58.6% coverage, identical entry-point path across 50 seeds",50,50,0
0xbf700,FUN_000bf700,stubbable,players.obj,not_applicable,"oracle_vacuous_early_exit: 58.6% coverage, identical entry-point path across 50 seeds",50,50,0
0xbf740,FUN_000bf740,stubbable,players.obj,not_applicable,"oracle_vacuous_early_exit: 62.1% coverage, identical entry-point path across 50 seeds",50,50,0
0xbf790,FUN_000bf790,stubbable,players.obj,not_applicable,"oracle_vacuous_early_exit: 59.4% coverage, identical entry-point path across 50 seeds",50,50,0
0xbf7e0,FUN_000bf7e0,stubbable,players.obj,not_applicable,"oracle_vacuous_early_exit: 59.4% coverage, identical entry-point path across 50 seeds",50,50,0
0xbf830,FUN_000bf830,stubbable,players.obj,not_applicable,"oracle_vacuous_early_exit: 62.0% coverage, identical entry-point path across 50 seeds",50,50,0
0xbf870,FUN_000bf870,stubbable,players.obj,not_applicable,"oracle_vacuous_early_exit: 55.4% coverage, identical entry-point path across 50 seeds",50,50,0
0xbf8b0,FUN_000bf8b0,stubbable,players.obj,not_applicable,"oracle_vacuous_early_exit: 55.4% coverage, identical entry-point path across 50 seeds",50,50,0
0xbf8f0,FUN_000bf8f0,stubbable,players.obj,inconclusive,"vacuous_output: 0 unique return(s), no scratch or memory variation across 50 seeds",50,50,0
0xbf920,FUN_000bf920,stubbable,players.obj,not_applicable,"oracle_vacuous_early_exit: 55.4% coverage, identical entry-point path across 50 seeds",50,50,0
0xbf960,FUN_000bf960,stubbable,players.obj,not_applicable,"oracle_vacuous_early_exit: 55.4% coverage, identical entry-point path across 50 seeds",50,50,0
0xbf9a0,FUN_000bf9a0,stubbable,players.obj,not_applicable,"oracle_vacuous_early_exit: 63.1% coverage, identical entry-point path across 50 seeds",50,50,0
0xbf9f0,FUN_000bf9f0,stubbable,players.obj,not_applicable,"oracle_vacuous_early_exit: 55.4% coverage, identical entry-point path across 50 seeds",50,50,0
0xbfa30,FUN_000bfa30,stubbable,players.obj,not_applicable,"oracle_vacuous_early_exit: 54.4% coverage, identical entry-point path across 50 seeds",50,50,0
0xbfa70,FUN_000bfa70,stubbable,players.obj,not_applicable,"oracle_vacuous_early_exit: 58.6% coverage, identical entry-point path across 50 seeds",50,50,0
0xbfab0,FUN_000bfab0,stubbable,players.obj,not_applicable,"oracle_vacuous_early_exit: 56.9% coverage, identical entry-point path across 50 seeds",50,50,0
0xbfb00,FUN_000bfb00,stubbable,players.obj,not_applicable,"oracle_vacuous_early_exit: 58.6% coverage, identical entry-point path across 50 seeds",50,50,0
0xbfb40,FUN_000bfb40,stubbable,players.obj,not_applicable,"oracle_vacuous_early_exit: 54.4% coverage, identical entry-point path across 50 seeds",50,50,0
0xbfb80,FUN_000bfb80,stubbable,players.obj,not_applicable,"oracle_vacuous_early_exit: 55.7% coverage, identical entry-point path across 50 seeds",50,50,0
0xbfbc0,FUN_000bfbc0,stubbable,players.obj,not_applicable,"oracle_vacuous_early_exit: 54.7% coverage, identical entry-point path across 50 seeds",50,50,0
0xbfc10,FUN_000bfc10,stubbable,players.obj,not_applicable,"oracle_vacuous_early_exit: 51.7% coverage, identical entry-point path across 50 seeds",50,50,0
0xbfc50,FUN_000bfc50,stubbable,players.obj,not_applicable,"oracle_vacuous_early_exit: 55.4% coverage, identical entry-point path across 50 seeds",50,50,0
0xbfc90,FUN_000bfc90,stubbable,players.obj,not_applicable,"oracle_vacuous_early_exit: 55.4% coverage, identical entry-point path across 50 seeds",50,50,0
0xbfcd0,FUN_000bfcd0,stubbable,players.obj,not_applicable,"oracle_vacuous_early_exit: 54.4% coverage, identical entry-point path across 50 seeds",50,50,0
0xbfd10,FUN_000bfd10,stubbable,players.obj,inconclusive,"vacuous_output: 0 unique return(s), no scratch or memory variation across 50 seeds",50,50,0
0xbfd30,FUN_000bfd30,stubbable,players.obj,inconclusive,"vacuous_output: 0 unique return(s), no scratch or memory variation across 50 seeds",50,50,0
0xbfd50,FUN_000bfd50,stubbable,players.obj,inconclusive,"vacuous_output: 0 unique return(s), no scratch or memory variation across 50 seeds",50,50,0
0xbfd70,FUN_000bfd70,stubbable,players.obj,inconclusive,"vacuous_output: 0 unique return(s), no scratch or memory variation across 50 seeds",50,50,0
0xbfd90,FUN_000bfd90,stubbable,players.obj,inconclusive,"vacuous_output: 0 unique return(s), no scratch or memory variation across 50 seeds",50,50,0
0xbfdb0,FUN_000bfdb0,stubbable,players.obj,inconclusive,"vacuous_output: 0 unique return(s), no scratch or memory variation across 50 seeds",50,50,0
0xbfdd0,FUN_000bfdd0,stubbable,players.obj,not_applicable,"oracle_vacuous_early_exit: 58.5% coverage, identical entry-point path across 50 seeds",50,50,0
0xbfe10,FUN_000bfe10,stubbable,players.obj,inconclusive,"vacuous_output: 0 unique return(s), no scratch or memory variation across 50 seeds",50,50,0
0xbfe30,FUN_000bfe30,stubbable,players.obj,not_applicable,"oracle_vacuous_early_exit: 59.6% coverage, identical entry-point path across 50 seeds",50,50,0
0xbfe70,FUN_000bfe70,stubbable,players.obj,not_applicable,"oracle_vacuous_early_exit: 59.6% coverage, identical entry-point path across 50 seeds",50,50,0
0xbfeb0,FUN_000bfeb0,stubbable,players.obj,not_applicable,"oracle_vacuous_early_exit: 59.6% coverage, identical entry-point path across 50 seeds",50,50,0
0xbfef0,FUN_000bfef0,stubbable,players.obj,not_applicable,"oracle_vacuous_early_exit: 62.0% coverage, identical entry-point path across 50 seeds",50,50,0
0xbff30,FUN_000bff30,stubbable,players.obj,not_applicable,"oracle_vacuous_early_exit: 62.0% coverage, identical entry-point path across 50 seeds",50,50,0
0xbff70,FUN_000bff70,stubbable,players.obj,not_applicable,"oracle_vacuous_early_exit: 57.4% coverage, identical entry-point path across 50 seeds",50,50,0
0xbffb0,FUN_000bffb0,stubbable,players.obj,not_applicable,"oracle_vacuous_early_exit: 57.4% coverage, identical entry-point path across 50 seeds",50,50,0
0xbfff0,FUN_000bfff0,stubbable,players.obj,not_applicable,"oracle_vacuous_early_exit: 57.4% coverage, identical entry-point path across 50 seeds",50,50,0
0xc0030,FUN_000c0030,stubbable,players.obj,not_applicable,"oracle_vacuous_early_exit: 62.0% coverage, identical entry-point path across 50 seeds",50,50,0
0xc0070,FUN_000c0070,stubbable,players.obj,not_applicable,"oracle_vacuous_early_exit: 62.0% coverage, identical entry-point path across 50 seeds",50,50,0
0xc00b0,FUN_000c00b0,stubbable,players.obj,not_applicable,"oracle_vacuous_early_exit: 62.0% coverage, identical entry-point path across 50 seeds",50,50,0
0xc00f0,FUN_000c00f0,stubbable,players.obj,not_applicable,"oracle_vacuous_early_exit: 62.0% coverage, identical entry-point path across 50 seeds",50,50,0
0xc0130,FUN_000c0130,stubbable,players.obj,not_applicable,"oracle_vacuous_early_exit: 62.0% coverage, identical entry-point path across 50 seeds",50,50,0
0xc0170,FUN_000c0170,stubbable,players.obj,not_applicable,"oracle_vacuous_early_exit: 62.0% coverage, identical entry-point path across 50 seeds",50,50,0
0xc01b0,FUN_000c01b0,stubbable,players.obj,inconclusive,"vacuous_output: 0 unique return(s), no scratch or memory variation across 50 seeds",50,50,0
0xc01d0,FUN_000c01d0,stubbable,players.obj,not_applicable,"oracle_vacuous_early_exit: 62.0% coverage, identical entry-point path across 50 seeds",50,50,0
0xc0210,FUN_000c0210,stubbable,players.obj,inconclusive,"vacuous_output: 0 unique return(s), no scratch or memory variation across 50 seeds",50,50,0
0xc0230,FUN_000c0230,stubbable,players.obj,not_applicable,"oracle_vacuous_early_exit: 62.0% coverage, identical entry-point path across 50 seeds",50,50,0
0xc0270,FUN_000c0270,stubbable,players.obj,not_applicable,"oracle_vacuous_early_exit: 55.4% coverage, identical entry-point path across 50 seeds",50,50,0
0xc02b0,FUN_000c02b0,stubbable,players.obj,not_applicable,"oracle_vacuous_early_exit: 55.4% coverage, identical entry-point path across 50 seeds",50,50,0
0xc02f0,FUN_000c02f0,stubbable,players.obj,not_applicable,"oracle_vacuous_early_exit: 55.4% coverage, identical entry-point path across 50 seeds",50,50,0
0xc0330,FUN_000c0330,stubbable,players.obj,not_applicable,"oracle_vacuous_early_exit: 57.4% coverage, identical entry-point path across 50 seeds",50,50,0
0xc0370,FUN_000c0370,stubbable,players.obj,not_applicable,"oracle_vacuous_early_exit: 62.0% coverage, identical entry-point path across 50 seeds",50,50,0
0xc03b0,FUN_000c03b0,stubbable,players.obj,not_applicable,"oracle_vacuous_early_exit: 57.4% coverage, identical entry-point path across 50 seeds",50,50,0
0xc03f0,FUN_000c03f0,stubbable,players.obj,not_applicable,"oracle_vacuous_early_exit: 57.4% coverage, identical entry-point path across 50 seeds",50,50,0
0xc0430,FUN_000c0430,stubbable,players.obj,not_applicable,"oracle_vacuous_early_exit: 62.0% coverage, identical entry-point path across 50 seeds",50,50,0
0xc0470,FUN_000c0470,stubbable,players.obj,not_applicable,"oracle_vacuous_early_exit: 62.0% coverage, identical entry-point path across 50 seeds",50,50,0
0xc04b0,FUN_000c04b0,stubbable,players.obj,not_applicable,"oracle_vacuous_early_exit: 62.0% coverage, identical entry-point path across 50 seeds",50,50,0
0xc04f0,FUN_000c04f0,stubbable,players.obj,not_applicable,"oracle_vacuous_early_exit: 62.0% coverage, identical entry-point path across 50 seeds",50,50,0
0xc0530,FUN_000c0530,stubbable,players.obj,not_applicable,"oracle_vacuous_early_exit: 62.0% coverage, identical entry-point path across 50 seeds",50,50,0
0xc0570,FUN_000c0570,stubbable,players.obj,not_applicable,"oracle_vacuous_early_exit: 62.0% coverage, identical entry-point path across 50 seeds",50,50,0
0xc05b0,FUN_000c05b0,stubbable,players.obj,not_applicable,"oracle_vacuous_early_exit: 55.4% coverage, identical entry-point path across 50 seeds",50,50,0
0xc05f0,FUN_000c05f0,stubbable,players.obj,not_applicable,"oracle_vacuous_early_exit: 57.4% coverage, identical entry-point path across 50 seeds",50,50,0
0xc0630,FUN_000c0630,stubbable,players.obj,not_applicable,"oracle_vacuous_early_exit: 53.4% coverage, identical entry-point path across 50 seeds",50,50,0
0xc0670,FUN_000c0670,stubbable,players.obj,not_applicable,"oracle_vacuous_early_exit: 57.4% coverage, identical entry-point path across 50 seeds",50,50,0
0xc06b0,FUN_000c06b0,stubbable,players.obj,not_applicable,"oracle_vacuous_early_exit: 53.4% coverage, identical entry-point path across 50 seeds",50,50,0
0xc06f0,FUN_000c06f0,stubbable,players.obj,not_applicable,"oracle_vacuous_early_exit: 53.4% coverage, identical entry-point path across 50 seeds",50,50,0
0xc0730,FUN_000c0730,stubbable,players.obj,not_applicable,"oracle_vacuous_early_exit: 53.4% coverage, identical entry-point path across 50 seeds",50,50,0
0xc0770,FUN_000c0770,stubbable,players.obj,not_applicable,"oracle_vacuous_early_exit: 53.4% coverage, identical entry-point path across 50 seeds",50,50,0
0xc07b0,FUN_000c07b0,stubbable,players.obj,not_applicable,"oracle_vacuous_early_exit: 62.0% coverage, identical entry-point path across 50 seeds",50,50,0
0xc07f0,FUN_000c07f0,stubbable,players.obj,not_applicable,"oracle_vacuous_early_exit: 55.4% coverage, identical entry-point path across 50 seeds",50,50,0
0xc0830,FUN_000c0830,stubbable,players.obj,not_applicable,"oracle_vacuous_early_exit: 55.4% coverage, identical entry-point path across 50 seeds",50,50,0
0xc0870,FUN_000c0870,stubbable,players.obj,not_applicable,"oracle_vacuous_early_exit: 55.4% coverage, identical entry-point path across 50 seeds",50,50,0
0xc08b0,FUN_000c08b0,stubbable,players.obj,not_applicable,"oracle_vacuous_early_exit: 55.4% coverage, identical entry-point path across 50 seeds",50,50,0
0xc08f0,FUN_000c08f0,stubbable,players.obj,not_applicable,"oracle_vacuous_early_exit: 62.0% coverage, identical entry-point path across 50 seeds",50,50,0
0xc0930,FUN_000c0930,stubbable,players.obj,not_applicable,"oracle_vacuous_early_exit: 62.0% coverage, identical entry-point path across 50 seeds",50,50,0
0xc0970,FUN_000c0970,stubbable,players.obj,not_applicable,"oracle_vacuous_early_exit: 62.0% coverage, identical entry-point path across 50 seeds",50,50,0
0xc09b0,FUN_000c09b0,stubbable,players.obj,not_applicable,"oracle_vacuous_early_exit: 62.0% coverage, identical entry-point path across 50 seeds",50,50,0
0xc09f0,FUN_000c09f0,stubbable,players.obj,not_applicable,"oracle_vacuous_early_exit: 57.4% coverage, identical entry-point path across 50 seeds",50,50,0
0xc0a30,FUN_000c0a30,stubbable,players.obj,not_applicable,"oracle_vacuous_early_exit: 62.0% coverage, identical entry-point path across 50 seeds",50,50,0
0xc0a70,FUN_000c0a70,stubbable,players.obj,not_applicable,"oracle_vacuous_early_exit: 54.4% coverage, identical entry-point path across 50 seeds",50,50,0
0xc0ab0,FUN_000c0ab0,stubbable,players.obj,not_applicable,"oracle_vacuous_early_exit: 54.4% coverage, identical entry-point path across 50 seeds",50,50,0
0xc0af0,FUN_000c0af0,stubbable,players.obj,not_applicable,"oracle_vacuous_early_exit: 62.0% coverage, identical entry-point path across 50 seeds",50,50,0
0xc0b30,FUN_000c0b30,stubbable,players.obj,not_applicable,"oracle_vacuous_early_exit: 62.0% coverage, identical entry-point path across 50 seeds",50,50,0
0xc0b70,FUN_000c0b70,stubbable,players.obj,not_applicable,"oracle_vacuous_early_exit: 55.4% coverage, identical entry-point path across 50 seeds",50,50,0
0xbe370,FUN_000be370,stubbable,players.obj,not_applicable,"oracle_vacuous_early_exit: 55.4% coverage, identical entry-point path across 50 seeds",50,50,0
0x150840,FUN_00150840,stubbable,point_physics.obj,pass,,50,50,0
0x1508b0,FUN_001508b0,stubbable,point_physics.obj,pass,,79,80,0
0x150c80,compute_ground_plane,stubbable,point_physics.obj,pass,,90,90,0
0x152350,physics_compute_unit_collisions,stubbable,point_physics.obj,not_applicable,"oracle_vacuous_early_exit: 14.6% coverage, identical entry-point path across 50 seeds",50,50,0
0x1544d0,FUN_001544d0,leaf,point_physics.obj,pass,,50,50,0
0x1546b0,FUN_001546b0,stubbable,point_physics.obj,fail,divergence,10,50,0
0x154750,FUN_00154750,stubbable,point_physics.obj,pass,,50,50,0
0x1547d0,FUN_001547d0,stubbable,point_physics.obj,pass,,50,50,0
0x154860,point_physics_initialize_for_new_map,data_only,point_physics.obj,inconclusive,"vacuous_output: 0 unique return(s), no scratch or memory variation across 50 seeds",50,50,0
0x154890,point_physics_dispose_from_old_map,leaf,point_physics.obj,pass,,50,50,0
0x1548a0,point_physics_definition_get_mass,leaf,point_physics.obj,pass,,49,50,0
0x154a20,FUN_00154a20,stubbable,point_physics.obj,pass,,50,50,0
0x1bdd80,FUN_001bdd80,stubbable,predicted_resources.obj,pass,,65,65,0
0x1bde10,predicted_resources_precache,stubbable,predicted_resources.obj,pass,,27,50,0
0x1bdd40,FUN_001bdd40,data_only,predicted_resources.obj,inconclusive,"vacuous_output: 1 unique return(s), no scratch or memory variation across 50 seeds",50,50,0
0x1bdd50,FUN_001bdd50,data_only,predicted_resources.obj,inconclusive,"vacuous_output: 1 unique return(s), no scratch or memory variation across 50 seeds",50,50,0
0x1bdd60,FUN_001bdd60,data_only,predicted_resources.obj,inconclusive,"vacuous_output: 1 unique return(s), no scratch or memory variation across 50 seeds",50,50,0
0x1bdd70,FUN_001bdd70,data_only,predicted_resources.obj,inconclusive,"vacuous_output: 1 unique return(s), no scratch or memory variation across 50 seeds",50,50,0
0x1bde90,FUN_001bde90,stubbable,predicted_resources.obj,inconclusive,"vacuous_output: 0 unique return(s), no scratch or memory variation across 50 seeds",50,50,0
0x1bdec0,FUN_001bdec0,stubbable,predicted_resources.obj,inconclusive,"vacuous_output: 0 unique return(s), no scratch or memory variation across 50 seeds",50,50,0
0x8f870,profile_seconds_elapsed,data_only,profile.obj,pass,,50,50,0
0x8f880,profile_lapsed_frames,stubbable,profile.obj,pass,,50,50,0
0x8f8c0,profile_lapsed_msec,data_only,profile.obj,pass,,50,50,0
0x8f8e0,find_profile_section,stubbable,profile.obj,pass,,75,75,0
0x8fa40,profile_enter_private,stubbable,profile.obj,pass,,50,50,0
0x8fac0,profile_exit_private,stubbable,profile.obj,pass,,55,55,0
0x90170,FUN_00090170,leaf,profile.obj,pass,,50,50,0
0x901d0,compare_profile_sections,stubbable,profile.obj,pass,,85,85,0
0x90650,profile_dump_to_file,stubbable,profile.obj,pass,,50,50,0
0x906d0,FUN_000906d0,stubbable,profile.obj,pass,,50,50,0
0x907c0,FUN_000907c0,stubbable,profile.obj,pass,,50,50,0
0x90cd0,profile_find_game_value,stubbable,profile.obj,pass,,50,50,0
0x910b0,profile_frame_iterator_new,stubbable,profile.obj,pass,,60,60,0
0x91110,profile_frame_iterator_next,data_only,profile.obj,pass,,50,50,0
0x91190,profile_frame_get_messages,stubbable,profile.obj,pass,,75,75,0
0x91220,profile_frame_get_stalls,stubbable,profile.obj,pass,,50,50,0
0x91350,FUN_00091350,leaf,profile.obj,fail,divergence,0,50,0
0x913e0,profile_tick_start,stubbable,profile.obj,pass,,50,50,0
0x91470,profile_tick_end,stubbable,profile.obj,pass,,85,85,0
0x91510,profile_render_start,data_only,profile.obj,pass,,50,50,0
0x91540,profile_render_end,data_only,profile.obj,pass,,50,50,0
0x915b0,profile_render_window_start,stubbable,profile.obj,pass,,50,50,0
0x91640,profile_render_window_end,stubbable,profile.obj,pass,,85,85,0
0x916e0,profile_texture_start,data_only,profile.obj,pass,,50,50,0
0x91710,profile_texture_end,data_only,profile.obj,pass,,50,50,0
0x91780,profile_frame_start,stubbable,profile.obj,pass,,50,50,0
0x91800,profile_frame_end,stubbable,profile.obj,pass,,90,90,0
0x91b70,FUN_00091b70,data_only,profile.obj,pass,,50,50,0
0x91c10,FUN_00091c10,stubbable,profile.obj,pass,,50,50,0
0x91c70,FUN_00091c70,stubbable,profile.obj,pass,,50,50,0
0x91cf0,FUN_00091cf0,leaf,profile.obj,pass,,50,50,0
0x91d50,FUN_00091d50,leaf,profile.obj,pass,,50,50,0
0x92050,FUN_00092050,data_only,profile.obj,pass,,50,50,0
0x92090,symbol_table_dispose,stubbable,profile.obj,pass,,50,50,0
0x921c0,FUN_000921c0,stubbable,profile.obj,pass,,27,50,0
0xf7cb0,projectile_kill_tracer,stubbable,projectiles.obj,pass,,50,50,0
0xf7ce0,projectiles_delete_all,stubbable,projectiles.obj,not_applicable,"oracle_vacuous_early_exit: 60.9% coverage, identical entry-point path across 50 seeds",50,50,0
0xf7d30,projectile_set_target_object_index,stubbable,projectiles.obj,pass,,50,50,0
0xf7d50,projectile_make_tracer,stubbable,projectiles.obj,pass,,50,50,0
0xf7d80,projectile_get_ballistic_acceleration,data_only,projectiles.obj,pass,,49,50,0
0xf7da0,projectile_estimate_time_to_target,data_only,projectiles.obj,pass,,50,50,0
0xf7dd0,dangerous_projectiles_near_player,stubbable,projectiles.obj,not_applicable,"oracle_vacuous_early_exit: 65.1% coverage, identical entry-point path across 50 seeds",50,50,0
0xf7e10,projectile_handle_deleted_object,stubbable,projectiles.obj,pass,,50,50,0
0xf7e40,FUN_000f7e40,stubbable,projectiles.obj,pass,,50,50,0
0xf7e60,FUN_000f7e60,stubbable,projectiles.obj,pass,,50,50,0
0xf7ec0,projectile_export_function_values,stubbable,projectiles.obj,pass,,90,90,0
0xf7fa0,FUN_000f7fa0,data_only,projectiles.obj,pass,,50,50,0
0xf8000,projectile_handle_parent_destroyed,stubbable,projectiles.obj,pass,,50,50,0
0xf8070,random_vector_in_cone3d,stubbable,projectiles.obj,pass,,50,50,0
0xf80a0,projectile_aim_ballistic,stubbable,projectiles.obj,error,mem-limit,0,0,0
0xf8410,projectile_aim_linear,stubbable,projectiles.obj,pass,,50,50,0
0xf84d0,projectile_aim,stubbable,projectiles.obj,fail,divergence,0,50,0
0xf8590,FUN_000f8590,stubbable,projectiles.obj,pass,,50,50,0
0xf8640,FUN_000f8640,stubbable,projectiles.obj,pass,,80,80,0
0xf8720,FUN_000f8720,stubbable,projectiles.obj,pass,,70,70,0
0xf8920,FUN_000f8920,stubbable,projectiles.obj,pass,,90,90,0
0xf8d30,projectile_new,stubbable,projectiles.obj,fail,divergence,0,50,0
0xf8ee0,projectile_accelerate,stubbable,projectiles.obj,pass,,50,50,0
0xf90d0,FUN_000f90d0,stubbable,projectiles.obj,pass,,90,90,0
0xf9c40,FUN_000f9c40,stubbable,projectiles.obj,pass,,90,90,0
0xfac20,FUN_000fac20,stubbable,projectiles.obj,pass,,50,50,0
0xface0,FUN_000face0,stubbable,projectiles.obj,pass,,50,50,0
0xfad00,FUN_000fad00,stubbable,projectiles.obj,inconclusive,"vacuous_output: 1 unique return(s), no scratch or memory variation across 50 seeds",50,50,0
0xe1c70,progress_bar_initialize,leaf,progress_bar.obj,pass,,50,50,0
0xe1c80,progress_bar_dispose,leaf,progress_bar.obj,pass,,50,50,0
0xe1c90,progress_bar_begin,stubbable,progress_bar.obj,pass,,50,50,0
0xe1cc0,progress_bar_end,stubbable,progress_bar.obj,inconclusive,"vacuous_output: 0 unique return(s), no scratch or memory variation across 50 seeds",50,50,0
0xe1ce0,ui_automation_is_active,data_only,progress_bar.obj,inconclusive,"vacuous_output: 1 unique return(s), no scratch or memory variation across 50 seeds",50,50,0
0xe1fa0,progress_bar_set_quad_texcoords,stubbable,progress_bar.obj,inconclusive,"vacuous_output: 0 unique return(s), no scratch or memory variation across 50 seeds",50,50,0
0xe1db0,progress_bar_compute_screen_rect,stubbable,progress_bar.obj,pass,,50,50,0
0xe2040,progress_bar_draw_fullscreen_overlay,stubbable,progress_bar.obj,inconclusive,"vacuous_output: 0 unique return(s), no scratch or memory variation across 50 seeds",50,50,0
0xe24e0,progress_bar_decode_texture,stubbable,progress_bar.obj,pass,,41,50,0
0xe2580,progress_bar_generate_gradient_texture,stubbable,progress_bar.obj,fail,divergence,0,50,0
0xe26c0,progress_bar_draw_loading_bar,stubbable,progress_bar.obj,pass,,50,50,0
0xe29a0,progress_bar_screen_initialize,stubbable,progress_bar.obj,error,emulation_error,0,50,0
0xe2e50,progress_bar_render,stubbable,progress_bar.obj,error,emulation_error,0,50,0
0xe3300,progress_bar_display,stubbable,progress_bar.obj,fail,divergence,74,75,0
0xe19c0,tgaLoad,stubbable,progress_bar.obj,inconclusive,"vacuous_output: 0 unique return(s), no scratch or memory variation across 50 seeds",50,50,0
0xe1a10,FUN_000e1a10,stubbable,progress_bar.obj,pass,,50,50,0
0xe1d00,FUN_000e1d00,stubbable,progress_bar.obj,pass,,50,50,0
0xe1f00,FUN_000e1f00,stubbable,progress_bar.obj,pass,,50,50,0
0xe1f20,FUN_000e1f20,stubbable,progress_bar.obj,pass,,50,50,0
0xe2170,FUN_000e2170,data_only,progress_bar.obj,pass,,50,50,0
0xe21b0,FUN_000e21b0,stubbable,progress_bar.obj,pass,,50,50,0
0xe21e0,D3DXMatrixIdentity,leaf,progress_bar.obj,pass,,50,50,1
0xe2220,SetRenderStateSmart,stubbable,progress_bar.obj,inconclusive,"vacuous_output: 0 unique return(s), no scratch or memory variation across 50 seeds",50,50,0
0xe2470,SetTextureStageStateSmart,stubbable,progress_bar.obj,inconclusive,"vacuous_output: 0 unique return(s), no scratch or memory variation across 50 seeds",50,50,0
0xe2650,FUN_000e2650,stubbable,progress_bar.obj,inconclusive,"vacuous_output: 0 unique return(s), no scratch or memory variation across 50 seeds",50,50,0
0xe2680,FUN_000e2680,stubbable,progress_bar.obj,inconclusive,"vacuous_output: 0 unique return(s), no scratch or memory variation across 50 seeds",50,50,0
0xe2820,FUN_000e2820,stubbable,progress_bar.obj,pass,,50,50,0
0xe2880,FUN_000e2880,stubbable,progress_bar.obj,pass,,50,50,0
0xe28e0,progress_bar_eachframe,stubbable,progress_bar.obj,not_applicable,"oracle_vacuous_early_exit: 32.4% coverage, identical entry-point path across 70 seeds",70,70,0
0x10b090,lock_global_random_seed,data_only,random_math.obj,inconclusive,"vacuous_output: 0 unique return(s), no scratch or memory variation across 50 seeds",50,50,0
0x10b0a0,unlock_global_random_seed,stubbable,random_math.obj,not_applicable,"oracle_vacuous_early_exit: 77.8% coverage, identical entry-point path across 50 seeds",50,50,0
0x10b0d0,get_global_random_seed_address,stubbable,random_math.obj,not_applicable,"oracle_vacuous_early_exit: 28.3% coverage, identical entry-point path across 50 seeds",50,50,0
0x10b120,random_math_get_local_seed_address,data_only,random_math.obj,inconclusive,"vacuous_output: 1 unique return(s), no scratch or memory variation across 50 seeds",50,50,0
0x10b130,random_seed_debug_log,leaf,random_math.obj,pass,,50,50,0
0x10b240,random_math_real,data_only,random_math.obj,pass,,50,50,0
0x10b270,random_real_range,data_only,random_math.obj,pass,,50,50,0
0x10b2d0,random_range,leaf,random_math.obj,pass,,50,50,1
0x10b300,random_direction_table_get_element,stubbable,random_math.obj,pass,,65,65,0
0x10b380,random_seed_get_direction3d,stubbable,random_math.obj,fail,divergence,0,50,0
0x10b4c0,random_direction3d,stubbable,random_math.obj,fail,divergence,0,50,0
0x10b2b0,random_seed_step,leaf,random_math.obj,pass,,50,50,1
0x10b910,FUN_0010b910,data_only,random_math.obj,pass,,50,50,0
0x10c510,FUN_0010c510,stubbable,random_math.obj,fail,divergence,8,50,0
0x10c8e0,FUN_0010c8e0,leaf,random_math.obj,fail,divergence,3,50,0
0x10a930,FUN_0010a930,stubbable,random_math.obj,fail,divergence,44,50,0
0x10aa60,FUN_0010aa60,stubbable,random_math.obj,fail,divergence,47,50,0
0x10ad10,periodic_functions_initialize,stubbable,random_math.obj,not_applicable,"oracle_vacuous_early_exit: 78.6% coverage, identical entry-point path across 50 seeds",50,50,0
0x10add0,FUN_0010add0,leaf,random_math.obj,pass,,50,50,1
0x10ae00,FUN_0010ae00,leaf,random_math.obj,pass,,50,50,1
0x10ae30,FUN_0010ae30,stubbable,random_math.obj,fail,divergence,36,50,0
0x10ae80,FUN_0010ae80,stubbable,random_math.obj,pass,,50,50,0
0x10af70,FUN_0010af70,stubbable,random_math.obj,pass,,50,50,0
0x10b110,get_random_seed,data_only,random_math.obj,inconclusive,"vacuous_output: 1 unique return(s), no scratch or memory variation across 50 seeds",50,50,0
0x10b160,random_math_initialize,stubbable,random_math.obj,not_applicable,"oracle_vacuous_early_exit: 38.6% coverage, identical entry-point path across 50 seeds",50,50,0
0x10b220,random_math_dispose,stubbable,random_math.obj,inconclusive,"vacuous_output: 0 unique return(s), no scratch or memory variation across 50 seeds",50,50,0
0x10b3c0,seed_random_orientation,stubbable,random_math.obj,pass,,50,50,0
0x10b9c0,FUN_0010b9c0,leaf,random_math.obj,fail,divergence,49,50,0
0x10ba90,FUN_0010ba90,data_only,random_math.obj,pass,,50,50,0
0x10c290,FUN_0010c290,data_only,random_math.obj,pass,,50,50,0
0x10c2e0,FUN_0010c2e0,data_only,random_math.obj,pass,,50,50,0
0x10c340,FUN_0010c340,leaf,random_math.obj,pass,,50,50,0
0x10c390,FUN_0010c390,data_only,random_math.obj,pass,,50,50,0
0x10c780,FUN_0010c780,stubbable,random_math.obj,fail,divergence,5,50,0
0x10c7d0,FUN_0010c7d0,stubbable,random_math.obj,pass,,50,50,0
0x10c920,FUN_0010c920,data_only,random_math.obj,pass,,50,50,0
0x16de60,FUN_0016de60,stubbable,rasterizer.obj,pass,,50,50,0
0x16de80,FUN_0016de80,stubbable,rasterizer.obj,pass,,50,50,0
0x16dee0,FUN_0016dee0,stubbable,rasterizer.obj,inconclusive,"vacuous_output: 0 unique return(s), no scratch or memory variation across 70 seeds",70,70,0
0x16e2e0,FUN_0016e2e0,stubbable,rasterizer.obj,inconclusive,vacuous_coverage: 7.9% < 10% floor,70,70,0
0x16eef0,FUN_0016eef0,stubbable,rasterizer.obj,pass,,70,70,0
0x16f500,FUN_0016f500,stubbable,rasterizer.obj,pass,,50,50,0
0x16f610,FUN_0016f610,stubbable,rasterizer.obj,pass,,50,50,0
0x16f6c0,FUN_0016f6c0,stubbable,rasterizer.obj,inconclusive,"vacuous_output: 1 unique return(s), no scratch or memory variation across 50 seeds",50,50,0
0x16f730,FUN_0016f730,stubbable,rasterizer.obj,inconclusive,"vacuous_output: 0 unique return(s), no scratch or memory variation across 70 seeds",70,70,0
0x16f880,FUN_0016f880,data_only,rasterizer.obj,inconclusive,"vacuous_output: 0 unique return(s), no scratch or memory variation across 50 seeds",50,50,0
0x16f8a0,FUN_0016f8a0,stubbable,rasterizer.obj,inconclusive,"vacuous_output: 0 unique return(s), no scratch or memory variation across 50 seeds",50,50,0
0x16fb80,rasterizer_initialize,stubbable,rasterizer.obj,pass,,50,50,0
0x16fbd0,FUN_0016fbd0,stubbable,rasterizer.obj,inconclusive,"vacuous_output: 1 unique return(s), no scratch or memory variation across 90 seeds",90,90,0
0x16fcf0,FUN_0016fcf0,stubbable,rasterizer.obj,inconclusive,"vacuous_output: 1 unique return(s), no scratch or memory variation across 90 seeds",90,90,0
0x16fdd0,FUN_0016FDD0,stubbable,rasterizer.obj,inconclusive,"vacuous_output: 0 unique return(s), no scratch or memory variation across 90 seeds",90,90,0
0x16feb0,FUN_0016FEB0,leaf,rasterizer.obj,pass,,50,50,0
0x16fec0,FUN_0016fec0,leaf,rasterizer.obj,pass,,50,50,0
0x1703f0,FUN_001703f0,stubbable,rasterizer.obj,pass,,50,50,0
0x172520,FUN_00172520,stubbable,rasterizer.obj,inconclusive,"vacuous_output: 0 unique return(s), no scratch or memory variation across 50 seeds",50,50,0
0x172640,FUN_00172640,data_only,rasterizer.obj,inconclusive,"vacuous_output: 0 unique return(s), no scratch or memory variation across 50 seeds",50,50,0
0x172650,FUN_00172650,stubbable,rasterizer.obj,pass,,50,50,0
0x1726a0,FUN_001726a0,stubbable,rasterizer.obj,inconclusive,"vacuous_output: 0 unique return(s), no scratch or memory variation across 65 seeds",65,65,0
0x172720,rasterizer_window_get_fog,stubbable,rasterizer.obj,inconclusive,"vacuous_output: 0 unique return(s), no scratch or memory variation across 50 seeds",50,50,0
0x172a30,FUN_00172a30,stubbable,rasterizer.obj,pass,,70,70,0
0x173ae0,FUN_00173ae0,leaf,rasterizer.obj,pass,,50,50,0
0x173af0,FUN_00173af0,stubbable,rasterizer.obj,pass,,50,50,0
0x173b40,FUN_00173b40,stubbable,rasterizer.obj,inconclusive,vacuous_coverage: 7.9% < 10% floor,66,70,0
0x1741d0,FUN_001741d0,stubbable,rasterizer.obj,pass,,70,70,0
0x1744f0,FUN_001744f0,stubbable,rasterizer.obj,inconclusive,"vacuous_output: 1 unique return(s), no scratch or memory variation across 50 seeds",50,50,0
0x174510,FUN_00174510,stubbable,rasterizer.obj,pass,,50,50,0
0x174980,FUN_00174980,stubbable,rasterizer.obj,inconclusive,"vacuous_output: 1 unique return(s), no scratch or memory variation across 50 seeds",50,50,0
0x1749b0,FUN_001749b0,stubbable,rasterizer.obj,inconclusive,vacuous_coverage: 8.0% < 10% floor,75,75,0
0x174b60,FUN_00174b60,leaf,rasterizer.obj,pass,,50,50,1
0x174b90,FUN_00174b90,leaf,rasterizer.obj,pass,,50,50,1
0x174bd0,FUN_00174bd0,stubbable,rasterizer.obj,not_applicable,"oracle_vacuous_early_exit: 53.7% coverage, identical entry-point path across 65 seeds",65,65,0
0x174cc0,FUN_00174cc0,stubbable,rasterizer.obj,inconclusive,"vacuous_output: 0 unique return(s), no scratch or memory variation across 65 seeds",65,65,0
0x174ce0,FUN_00174ce0,stubbable,rasterizer.obj,inconclusive,"vacuous_output: 0 unique return(s), no scratch or memory variation across 80 seeds",80,80,0
0x174d10,rasterizer_transparent_geometry_group_draw,stubbable,rasterizer.obj,inconclusive,vacuous_coverage: 0.7% < 10% floor,75,75,0
0x178820,FUN_00178820,stubbable,rasterizer.obj,pass,,50,50,0
0x1792a0,FUN_001792a0,data_only,rasterizer.obj,pass,,50,50,0
0x1792c0,FUN_001792C0,data_only,rasterizer.obj,pass,,50,50,0
0x1792d0,FUN_001792d0,data_only,rasterizer.obj,inconclusive,"vacuous_output: 1 unique return(s), no scratch or memory variation across 50 seeds",50,50,0
0x179570,FUN_00179570,stubbable,rasterizer.obj,pass,,50,50,0
0x1795c0,FUN_001795c0,stubbable,rasterizer.obj,not_applicable,"oracle_vacuous_early_exit: 2.5% coverage, identical entry-point path across 50 seeds",50,75,0
0x179de0,FUN_00179de0,stubbable,rasterizer.obj,not_applicable,"oracle_vacuous_early_exit: 2.3% coverage, identical entry-point path across 50 seeds",50,75,0
0x17a8a0,FUN_0017a8a0,stubbable,rasterizer.obj,pass,,50,50,0
0x17ad20,FUN_0017ad20,stubbable,rasterizer.obj,pass,,50,50,0
0x17ad40,FUN_0017ad40,stubbable,rasterizer.obj,pass,,50,50,0
0x17ad90,FUN_0017ad90,leaf,rasterizer.obj,pass,,50,50,0
0x17ba10,rasterizer_widget_submit_occlusion_test,stubbable,rasterizer.obj,not_applicable,"oracle_vacuous_early_exit: 9.6% coverage, identical entry-point path across 55 seeds",55,55,0
0x17bca0,FUN_0017bca0,stubbable,rasterizer.obj,pass,,50,50,0
0x17be50,FUN_0017be50,stubbable,rasterizer.obj,inconclusive,"vacuous_output: 1 unique return(s), no scratch or memory variation across 50 seeds",50,50,0
0x17bf20,FUN_0017bf20,stubbable,rasterizer.obj,pass,,50,50,0
0x17c000,FUN_0017c000,stubbable,rasterizer.obj,inconclusive,"vacuous_output: 1 unique return(s), no scratch or memory variation across 50 seeds",50,50,0
0x17c140,FUN_0017c140,stubbable,rasterizer.obj,pass,,50,50,0
0x17c1b0,FUN_0017c1b0,stubbable,rasterizer.obj,pass,,50,50,0
0x17c2f0,FUN_0017c2f0,stubbable,rasterizer.obj,pass,,50,50,0
0x17c790,rasterizer_window_set_fog,stubbable,rasterizer.obj,not_applicable,"oracle_vacuous_early_exit: 87.3% coverage, identical entry-point path across 50 seeds",50,50,0
0x17c7d0,FUN_0017C7D0,stubbable,rasterizer.obj,inconclusive,"vacuous_output: 0 unique return(s), no scratch or memory variation across 50 seeds",50,50,0
0x17c7e0,rasterizer_frame_begin,stubbable,rasterizer.obj,pass,,55,55,0
0x17c8c0,rasterizer_windows_begin,stubbable,rasterizer.obj,inconclusive,"vacuous_output: 0 unique return(s), no scratch or memory variation across 50 seeds",50,50,0
0x17c8d0,rasterizer_window_begin,stubbable,rasterizer.obj,pass,,50,50,0
0x17c8e0,rasterizer_environment_fog_screen_draw,stubbable,rasterizer.obj,pass,,50,50,0
0x17c8f0,rasterizer_environment_fog_screen_end,stubbable,rasterizer.obj,pass,,50,50,0
0x17c900,rasterizer_window_end,stubbable,rasterizer.obj,inconclusive,"vacuous_output: 0 unique return(s), no scratch or memory variation across 50 seeds",50,50,0
0x17c910,rasterizer_windows_end,stubbable,rasterizer.obj,inconclusive,"vacuous_output: 0 unique return(s), no scratch or memory variation across 50 seeds",50,50,0
0x17c920,rasterizer_frame_end,stubbable,rasterizer.obj,inconclusive,"vacuous_output: 0 unique return(s), no scratch or memory variation across 50 seeds",50,50,0
0x17c930,rasterizer_dynamic_lit_geometry_draw,stubbable,rasterizer.obj,pass,,50,50,0
0x17c940,rasterizer_dynamic_screen_geometry_draw,stubbable,rasterizer.obj,inconclusive,"vacuous_output: 0 unique return(s), no scratch or memory variation across 50 seeds",50,50,0
0x17c950,rasterizer_set_vblank_callback,stubbable,rasterizer.obj,pass,,50,50,0
0x17c960,rasterizer_psuedo_dynamic_screen_quad_draw,stubbable,rasterizer.obj,fail,divergence,5,50,0
0x17c970,rasterizer_widget_submit,stubbable,rasterizer.obj,inconclusive,"vacuous_output: 1 unique return(s), no scratch or memory variation across 50 seeds",50,50,0
0x17c980,rasterizer_widget_begin,stubbable,rasterizer.obj,inconclusive,"vacuous_output: 1 unique return(s), no scratch or memory variation across 50 seeds",50,50,0
0x17c990,rasterizer_widget_set_texture,stubbable,rasterizer.obj,inconclusive,"vacuous_output: 0 unique return(s), no scratch or memory variation across 50 seeds",50,50,0
0x17c9a0,rasterizer_widget_set_tint_factor,stubbable,rasterizer.obj,inconclusive,"vacuous_output: 0 unique return(s), no scratch or memory variation across 50 seeds",50,50,0
0x17c9b0,rasterizer_widget_set_zbuffer_enable,stubbable,rasterizer.obj,inconclusive,"vacuous_output: 1 unique return(s), no scratch or memory variation across 50 seeds",50,50,0
0x17c9c0,rasterizer_widget_draw_sprite2d,stubbable,rasterizer.obj,inconclusive,"vacuous_output: 1 unique return(s), no scratch or memory variation across 50 seeds",50,50,0
0x17c9d0,rasterizer_widget_draw_sprite3d,stubbable,rasterizer.obj,inconclusive,"vacuous_output: 1 unique return(s), no scratch or memory variation across 50 seeds",50,50,0
0x17c9e0,rasterizer_widget_end,stubbable,rasterizer.obj,inconclusive,"vacuous_output: 0 unique return(s), no scratch or memory variation across 50 seeds",50,50,0
0x17c9f0,FUN_0017c9f0,stubbable,rasterizer.obj,inconclusive,"vacuous_output: 0 unique return(s), no scratch or memory variation across 50 seeds",50,50,0
0x17ca00,FUN_0017ca00,stubbable,rasterizer.obj,inconclusive,"vacuous_output: 0 unique return(s), no scratch or memory variation across 50 seeds",50,50,0
0x17ca10,rasterizer_hud_motion_sensor_blip_begin,stubbable,rasterizer.obj,pass,,50,50,0
0x17ca20,rasterizer_hud_motion_sensor_blip_draw,stubbable,rasterizer.obj,pass,,50,50,0
0x17ca30,rasterizer_hud_motion_sensor_blip_end,stubbable,rasterizer.obj,inconclusive,"vacuous_output: 0 unique return(s), no scratch or memory variation across 50 seeds",50,50,0
0x17ca40,FUN_0017ca40,stubbable,rasterizer.obj,inconclusive,"vacuous_output: 0 unique return(s), no scratch or memory variation across 50 seeds",50,50,0
0x178850,rasterizer_vertex_shaders_initialize,stubbable,rasterizer_xbox_vertex_shaders_initialize.obj,not_applicable,"oracle_vacuous_early_exit: 84.2% coverage, identical entry-point path across 50 seeds",50,50,0
0x178ab0,rasterizer_vertex_shaders_dispose,stubbable,rasterizer_xbox_vertex_shaders_initialize.obj,not_applicable,"oracle_vacuous_early_exit: 59.0% coverage, identical entry-point path across 50 seeds",50,50,0
0x178b40,FUN_00178b40,stubbable,rasterizer_xbox_vertex_shaders_runtime.obj,pass,,50,50,0
0x155090,rasterizer_frame_update,data_only,rasterizer_common.obj,pass,,50,50,0
0x154fc0,rasterizer_initialize_for_new_map,stubbable,rasterizer_common.obj,not_applicable,"oracle_vacuous_early_exit: 22.4% coverage, identical entry-point path across 50 seeds",50,50,0
0x155070,rasterizer_dispose_from_old_map,stubbable,rasterizer_common.obj,inconclusive,"vacuous_output: 0 unique return(s), no scratch or memory variation across 50 seeds",50,50,0
0x1550c0,FUN_001550c0,stubbable,rasterizer_common.obj,inconclusive,"vacuous_output: 0 unique return(s), no scratch or memory variation across 50 seeds",50,50,0
0x155110,FUN_00155110,data_only,rasterizer_common.obj,pass,,50,50,0
0x157e40,rasterizer_present,stubbable,rasterizer_decals.obj,pass,,70,70,0
0x1580b0,FUN_001580b0,stubbable,rasterizer_decals.obj,pass,,50,50,0
0x158140,FUN_00158140,stubbable,rasterizer_decals.obj,pass,,90,90,0
0x1584f0,FUN_001584f0,stubbable,rasterizer_decals.obj,pass,,90,90,0
0x158800,FUN_00158800,stubbable,rasterizer_decals.obj,inconclusive,vacuous_coverage: 9.6% < 10% floor,75,75,0
0x158ae0,FUN_00158ae0,stubbable,rasterizer_decals.obj,pass,,70,70,0
0x158df0,FUN_00158df0,stubbable,rasterizer_decals.obj,pass,,75,75,0
0x158f90,FUN_00158f90,stubbable,rasterizer_decals.obj,inconclusive,"vacuous_output: 0 unique return(s), no scratch or memory variation across 70 seeds",70,70,0
0x159070,FUN_00159070,stubbable,rasterizer_decals.obj,pass,,50,50,0
0x1592e0,FUN_001592e0,data_only,rasterizer_decals.obj,pass,,50,50,0
0x1595c0,FUN_001595c0,stubbable,rasterizer_decals.obj,inconclusive,vacuous_coverage: 8.6% < 10% floor,70,70,0
0x159900,FUN_00159900,stubbable,rasterizer_decals.obj,inconclusive,vacuous_coverage: 8.0% < 10% floor,80,80,0
0x15a290,FUN_0015a290,leaf,rasterizer_decals.obj,pass,,50,50,0
0x15a4c0,FUN_0015a4c0,leaf,rasterizer_decals.obj,pass,,50,50,0
0x15a4e0,FUN_0015a4e0,leaf,rasterizer_decals.obj,pass,,50,50,0
0x15a4f0,FUN_0015a4f0,stubbable,rasterizer_decals.obj,pass,,50,50,0
0x15a560,FUN_0015a560,stubbable,rasterizer_decals.obj,pass,,70,70,0
0x15a700,FUN_0015a700,stubbable,rasterizer_decals.obj,inconclusive,"vacuous_output: 0 unique return(s), no scratch or memory variation across 65 seeds",65,65,0
0x15a7f0,FUN_0015a7f0,stubbable,rasterizer_decals.obj,pass,,80,80,0
0x15a8f0,FUN_0015a8f0,stubbable,rasterizer_decals.obj,pass,,85,85,0
0x15aa40,FUN_0015aa40,stubbable,rasterizer_decals.obj,inconclusive,"vacuous_output: 0 unique return(s), no scratch or memory variation across 70 seeds",70,70,0
0x15abe0,FUN_0015abe0,stubbable,rasterizer_decals.obj,pass,,80,80,0
0x15acc0,FUN_0015acc0,stubbable,rasterizer_decals.obj,pass,,70,70,0
0x15afa0,FUN_0015afa0,stubbable,rasterizer_decals.obj,not_applicable,"oracle_vacuous_early_exit: 16.5% coverage, identical entry-point path across 65 seeds",65,65,0
0x15b0c0,FUN_0015b0c0,stubbable,rasterizer_decals.obj,pass,,50,50,0
0x15b150,FUN_0015b150,stubbable,rasterizer_decals.obj,inconclusive,"vacuous_output: 0 unique return(s), no scratch or memory variation across 65 seeds",65,65,0
0x15b190,rasterizer_decals_initialize_for_new_map,leaf,rasterizer_decals.obj,pass,,50,50,0
0x15b1a0,rasterizer_decals_dispose_from_old_map,stubbable,rasterizer_decals.obj,not_applicable,"oracle_vacuous_early_exit: 60.3% coverage, identical entry-point path across 50 seeds",50,50,0
0x15b1e0,FUN_0015b1e0,stubbable,rasterizer_decals.obj,not_applicable,"oracle_vacuous_early_exit: 60.3% coverage, identical entry-point path across 50 seeds",50,50,0
0x15b220,FUN_0015b220,stubbable,rasterizer_decals.obj,inconclusive,"vacuous_output: 0 unique return(s), no scratch or memory variation across 50 seeds",50,50,0
0x15b460,FUN_0015b460,stubbable,rasterizer_decals.obj,pass,,50,50,0
0x15b530,FUN_0015b530,stubbable,rasterizer_decals.obj,pass,,50,50,0
0x15b5a0,FUN_0015b5a0,stubbable,rasterizer_decals.obj,inconclusive,"vacuous_output: 1 unique return(s), no scratch or memory variation across 50 seeds",50,50,0
0x15b5e0,FUN_0015b5e0,stubbable,rasterizer_decals.obj,not_applicable,"oracle_vacuous_early_exit: 83.7% coverage, identical entry-point path across 50 seeds",50,50,0
0x15b650,FUN_0015b650,stubbable,rasterizer_decals.obj,inconclusive,"vacuous_output: 1 unique return(s), no scratch or memory variation across 50 seeds",50,50,0
0x15b6a0,FUN_0015b6a0,stubbable,rasterizer_decals.obj,inconclusive,"vacuous_output: 1 unique return(s), no scratch or memory variation across 50 seeds",50,50,0
0x15b6d0,rasterizer_decals_initialize,stubbable,rasterizer_decals.obj,inconclusive,"vacuous_output: 0 unique return(s), no scratch or memory variation across 65 seeds",65,65,0
0x15b7e0,rasterizer_decals_dispose,stubbable,rasterizer_decals.obj,inconclusive,"vacuous_output: 0 unique return(s), no scratch or memory variation across 65 seeds",65,65,0
0x15b890,FUN_0015b890,stubbable,rasterizer_decals.obj,pass,,70,70,0
0x15b960,FUN_0015b960,leaf,rasterizer_decals.obj,pass,,50,50,0
0x15b970,FUN_0015b970,stubbable,rasterizer_decals.obj,pass,,62,70,0
0x15bc40,FUN_0015bc40,stubbable,rasterizer_decals.obj,not_applicable,"oracle_vacuous_early_exit: 5.2% coverage, identical entry-point path across 50 seeds",50,70,0
0x15c190,FUN_0015c190,stubbable,rasterizer_decals.obj,pass,,50,50,0
0x15c2b0,FUN_0015c2b0,stubbable,rasterizer_decals.obj,inconclusive,"vacuous_output: 1 unique return(s), no scratch or memory variation across 50 seeds",50,50,0
0x15c2d0,FUN_0015c2d0,stubbable,rasterizer_decals.obj,pass,,65,65,0
0x15c5f0,FUN_0015c5f0,stubbable,rasterizer_decals.obj,inconclusive,"vacuous_output: 0 unique return(s), no scratch or memory variation across 50 seeds",50,50,0
0x15c600,FUN_0015c600,stubbable,rasterizer_decals.obj,pass,,50,50,0
0x15c650,FUN_0015c650,stubbable,rasterizer_decals.obj,inconclusive,"vacuous_output: 1 unique return(s), no scratch or memory variation across 50 seeds",50,50,0
0x15c680,FUN_0015c680,stubbable,rasterizer_decals.obj,inconclusive,"vacuous_output: 0 unique return(s), no scratch or memory variation across 65 seeds",65,65,0
0x15c6f0,FUN_0015c6f0,stubbable,rasterizer_decals.obj,inconclusive,"vacuous_output: 0 unique return(s), no scratch or memory variation across 75 seeds",75,75,0
0x15c980,FUN_0015c980,stubbable,rasterizer_decals.obj,pass,,85,85,0
0x15cbb0,FUN_0015cbb0,stubbable,rasterizer_decals.obj,pass,,80,80,0
0x15d020,FUN_0015d020,stubbable,rasterizer_decals.obj,inconclusive,"vacuous_output: 1 unique return(s), no scratch or memory variation across 50 seeds",50,50,0
0x15d040,FUN_0015d040,stubbable,rasterizer_decals.obj,error,emulation_error,0,50,0
0x15d060,FUN_0015d060,stubbable,rasterizer_decals.obj,inconclusive,"vacuous_output: 0 unique return(s), no scratch or memory variation across 65 seeds",65,65,0
0x15d160,FUN_0015d160,leaf,rasterizer_decals.obj,pass,,50,50,0
0x15d170,FUN_0015d170,stubbable,rasterizer_decals.obj,pass,,70,70,0
0x15d2a0,FUN_0015d2a0,stubbable,rasterizer_decals.obj,inconclusive,"vacuous_output: 1 unique return(s), no scratch or memory variation across 50 seeds",50,50,0
0x15d2d0,FUN_0015d2d0,stubbable,rasterizer_decals.obj,error,emulation_error,0,50,0
0x15d310,FUN_0015d310,stubbable,rasterizer_decals.obj,pass,,90,90,0
0x15d480,FUN_0015d480,stubbable,rasterizer_decals.obj,pass,,70,70,0
0x15d5b0,rasterizer_draw_dynamic_vertices,stubbable,rasterizer_decals.obj,inconclusive,"vacuous_output: 0 unique return(s), no scratch or memory variation across 70 seeds",70,70,0
0x155350,FUN_00155350,stubbable,rasterizer_xbox.obj,inconclusive,"vacuous_output: 1 unique return(s), no scratch or memory variation across 50 seeds",50,50,0
0x155380,FUN_00155380,stubbable,rasterizer_xbox.obj,inconclusive,"vacuous_output: 0 unique return(s), no scratch or memory variation across 50 seeds",50,50,0
0x1553a0,FUN_001553a0,stubbable,rasterizer_xbox.obj,inconclusive,"vacuous_output: 0 unique return(s), no scratch or memory variation across 50 seeds",50,50,0
0x1553d0,FUN_001553d0,stubbable,rasterizer_xbox.obj,inconclusive,"vacuous_output: 0 unique return(s), no scratch or memory variation across 50 seeds",50,50,0
0x1553f0,rasterizer_preinitialize,stubbable,rasterizer_xbox.obj,not_applicable,"oracle_vacuous_early_exit: 23.3% coverage, identical entry-point path across 50 seeds",50,50,0
0x155560,FUN_00155560,stubbable,rasterizer_xbox.obj,inconclusive,"vacuous_output: 1 unique return(s), no scratch or memory variation across 50 seeds",50,50,0
0x155580,rasterizer_get_default_hardware_format,stubbable,rasterizer_xbox.obj,pass,,50,50,0
0x155620,FUN_00155620,stubbable,rasterizer_xbox.obj,inconclusive,"vacuous_output: 1 unique return(s), no scratch or memory variation across 50 seeds",50,50,0
0x155630,FUN_00155630,stubbable,rasterizer_xbox.obj,inconclusive,"vacuous_output: 1 unique return(s), no scratch or memory variation across 50 seeds",50,50,0
0x155850,FUN_00155850,data_only,rasterizer_xbox.obj,pass,,49,50,0
0x155860,FUN_00155860,stubbable,rasterizer_xbox.obj,inconclusive,"vacuous_output: 1 unique return(s), no scratch or memory variation across 50 seeds",50,50,0
0x155870,FUN_00155870,stubbable,rasterizer_xbox.obj,inconclusive,"vacuous_output: 1 unique return(s), no scratch or memory variation across 50 seeds",50,50,0
0x155880,FUN_00155880,data_only,rasterizer_xbox.obj,pass,,49,50,0
0x1559a0,_rasterizer_reset_state,leaf,rasterizer_xbox.obj,pass,,50,50,0
0x1559b0,rasterizer_spin_begin,leaf,rasterizer_xbox.obj,pass,,50,50,0
0x1559c0,rasterizer_spin_end,leaf,rasterizer_xbox.obj,pass,,50,50,0
0x1559d0,_rasterizer_windows_begin,stubbable,rasterizer_xbox.obj,not_applicable,"oracle_vacuous_early_exit: 90.5% coverage, identical entry-point path across 50 seeds",50,50,0
0x155a00,_rasterizer_window_get_fog,stubbable,rasterizer_xbox.obj,pass,,50,50,0
0x155a40,_rasterizer_windows_end,stubbable,rasterizer_xbox.obj,not_applicable,"oracle_vacuous_early_exit: 90.5% coverage, identical entry-point path across 50 seeds",50,50,0
0x155a70,_rasterizer_frame_end,stubbable,rasterizer_xbox.obj,inconclusive,"vacuous_output: 0 unique return(s), no scratch or memory variation across 65 seeds",65,65,0
0x155b60,FUN_00155b60,stubbable,rasterizer_xbox.obj,inconclusive,"vacuous_output: 1 unique return(s), no scratch or memory variation across 50 seeds",50,50,0
0x155b90,_rasterizer_dispose,stubbable,rasterizer_xbox.obj,not_applicable,"oracle_vacuous_early_exit: 76.0% coverage, identical entry-point path across 50 seeds",50,50,0
0x155c10,FUN_00155c10,stubbable,rasterizer_xbox.obj,pass,,50,50,0
0x155c20,rasterizer_set_texture_bitmap_data,stubbable,rasterizer_xbox.obj,pass,,50,50,0
0x155cc0,FUN_00155cc0,stubbable,rasterizer_xbox.obj,inconclusive,"vacuous_output: 1 unique return(s), no scratch or memory variation across 50 seeds",50,50,0
0x155cf0,rasterizer_set_texture_direct,stubbable,rasterizer_xbox.obj,pass,,50,50,0
0x155da0,rasterizer_set_texture_direct_non_blocking,stubbable,rasterizer_xbox.obj,pass,,50,50,0
0x155e80,rasterizer_set_texture,stubbable,rasterizer_xbox.obj,pass,,90,90,0
0x156070,FUN_00156070,stubbable,rasterizer_xbox.obj,inconclusive,"vacuous_output: 1 unique return(s), no scratch or memory variation across 50 seeds",50,50,0
0x1560a0,rasterizer_set_texture_non_blocking,stubbable,rasterizer_xbox.obj,pass,,88,90,0
0x156250,rasterizer_get_target,stubbable,rasterizer_xbox.obj,pass,,60,60,0
0x156440,rasterizer_set_vertex_shader,stubbable,rasterizer_xbox.obj,pass,,50,50,0
0x156510,rasterizer_set_pixel_shader,stubbable,rasterizer_xbox.obj,pass,,50,50,0
0x156710,rasterizer_set_model_skinning,stubbable,rasterizer_xbox.obj,pass,,50,50,0
0x156850,rasterizer_set_model_lighting_point_light,stubbable,rasterizer_xbox.obj,pass,,50,50,0
0x1569f0,FUN_001569f0,stubbable,rasterizer_xbox.obj,pass,,50,50,0
0x156a90,FUN_00156a90,stubbable,rasterizer_xbox.obj,inconclusive,"vacuous_output: 1 unique return(s), no scratch or memory variation across 50 seeds",50,50,0
0x156ab0,rasterizer_set_model_lighting,stubbable,rasterizer_xbox.obj,fail,divergence,41,50,0
0x156c30,rasterizer_set_frustum_z,stubbable,rasterizer_xbox.obj,inconclusive,"vacuous_output: 0 unique return(s), no scratch or memory variation across 70 seeds",70,70,0
0x156d80,SetupSmartStates,data_only,rasterizer_xbox.obj,not_applicable,"oracle_vacuous_early_exit: 93.8% coverage, identical entry-point path across 50 seeds",50,50,0
0x156e00,rasterizer_filthy_bitmap_default_initialize,stubbable,rasterizer_xbox.obj,inconclusive,"vacuous_output: 0 unique return(s), no scratch or memory variation across 70 seeds",70,70,0
0x157010,FUN_00157010,stubbable,rasterizer_xbox.obj,inconclusive,vacuous_coverage: 6.8% < 10% floor,70,70,0
0x157940,FUN_00157940,stubbable,rasterizer_xbox.obj,pass,,70,70,0
0x13010,normalize3d,data_only,vector_math.obj,fail,divergence,47,50,0
0x130d0,FUN_000130d0,stubbable,vector_math.obj,pass,,50,50,0
0x12f10,magnitude3d,data_only,vector_math.obj,pass,,50,50,0
0x28610,valid_real_normal2d,data_only,vector_math.obj,pass,,50,50,0
0x12f80,vector3d_scale_add,leaf,vector_math.obj,pass,,50,50,1
0x213c0,vector3d_add,leaf,vector_math.obj,pass,,50,50,1
0x21fb0,valid_real_normal3d,data_only,vector_math.obj,pass,,50,50,0
0x12170,FUN_00012170,leaf,vector_math.obj,pass,,50,50,0
0x121a0,distance_squared3d,leaf,vector_math.obj,pass,,50,50,0
0x121e0,FUN_000121e0,stubbable,vector_math.obj,inconclusive,"vacuous_output: 1 unique return(s), no scratch or memory variation across 50 seeds",50,50,0
0x12140,FUN_00012140,leaf,vector_math.obj,pass,,50,50,1
0x13070,FUN_00013070,leaf,vector_math.obj,pass,,50,50,0
0x12090,FUN_00012090,stubbable,vector_math.obj,pass,,50,50,0
0x12110,FUN_00012110,stubbable,vector_math.obj,pass,,50,50,0
0x12660,action_alert_perform,stubbable,vector_math.obj,pass,,70,70,0
0x128c0,action_avoid_setup,stubbable,vector_math.obj,pass,,50,50,0
0x12920,action_avoid_perform,stubbable,vector_math.obj,pass,,60,60,0
0x129f0,action_avoid_control,stubbable,vector_math.obj,pass,,50,50,0
0x12a80,FUN_00012a80,stubbable,vector_math.obj,pass,,65,65,0
0x12be0,FUN_00012be0,stubbable,vector_math.obj,pass,,70,70,0
0x12c30,FUN_00012c30,stubbable,vector_math.obj,pass,,90,90,0
0x12e50,FUN_00012e50,stubbable,vector_math.obj,pass,,50,50,0
0x12ea0,FUN_00012ea0,leaf,vector_math.obj,inconclusive,"vacuous_output: 1 unique return(s), no scratch or memory variation across 50 seeds",50,50,1
0x12eb0,FUN_00012eb0,leaf,vector_math.obj,pass,,50,50,1
0x12ed0,FUN_00012ed0,leaf,vector_math.obj,pass,,50,50,0
0x12ef0,FUN_00012ef0,leaf,vector_math.obj,pass,,50,50,0
0x12f60,FUN_00012f60,leaf,vector_math.obj,pass,,50,50,0
0x12fb0,FUN_00012fb0,leaf,vector_math.obj,pass,,50,50,1
0x12fe0,FUN_00012fe0,leaf,vector_math.obj,pass,,50,50,0
0x13090,FUN_00013090,leaf,vector_math.obj,pass,,50,50,1
0x21370,FUN_00021370,leaf,vector_math.obj,inconclusive,"vacuous_output: 1 unique return(s), no scratch or memory variation across 50 seeds",50,50,0
0x21380,FUN_00021380,leaf,vector_math.obj,inconclusive,"vacuous_output: 1 unique return(s), no scratch or memory variation across 50 seeds",50,50,0
0x21390,FUN_00021390,leaf,vector_math.obj,fail,divergence,45,50,0
0x213a0,FUN_000213a0,leaf,vector_math.obj,pass,,50,50,0
0x21410,FUN_00021410,leaf,vector_math.obj,fail,divergence,28,50,0
0x21e50,FUN_00021e50,stubbable,vector_math.obj,pass,,90,90,0
0x21f70,FUN_00021f70,data_only,vector_math.obj,pass,,50,50,0
0x1acb0,FUN_0001acb0,leaf,real_math.obj,pass,,50,50,1
0x1ace0,FUN_0001ace0,leaf,real_math.obj,pass,,50,50,0
0x1ad10,FUN_0001ad10,leaf,real_math.obj,pass,,50,50,0
0x1ad40,FUN_0001ad40,leaf,real_math.obj,pass,,50,50,1
0x1ad60,FUN_0001ad60,leaf,real_math.obj,pass,,50,50,0
0x109010,FUN_00109010,leaf,real_math.obj,pass,,50,50,0
0x1090e0,FUN_001090e0,leaf,real_math.obj,pass,,50,50,1
0x109120,FUN_00109120,leaf,real_math.obj,pass,,50,50,1
0x109150,matrix_inverse,stubbable,real_math.obj,pass,,50,50,0
0x109240,FUN_00109240,leaf,real_math.obj,pass,,50,50,1
0x109280,matrix4x3_identity_with_position,leaf,real_math.obj,pass,,50,50,1
0x1092d0,FUN_001092d0,data_only,real_math.obj,fail,divergence,48,50,0
0x1093b0,FUN_001093b0,data_only,real_math.obj,pass,,50,50,0
0x1094d0,component_vectors_from_normal3d,stubbable,real_math.obj,pass,,50,50,0
0x109500,FUN_00109500,stubbable,real_math.obj,pass,,50,50,0
0x109540,matrix4x3_decompose,leaf,real_math.obj,pass,,50,50,1
0x109590,matrix_transform_point,leaf,real_math.obj,pass,,50,50,0
0x109610,matrix_scale_transform_vector,leaf,real_math.obj,pass,,50,50,0
0x109680,matrix_transform_vector,leaf,real_math.obj,pass,,50,50,0
0x1096e0,real_matrix3x3_transform_point,data_only,real_math.obj,pass,,50,50,0
0x109780,real_matrix3x3_transform_vector,data_only,real_math.obj,pass,,50,50,0
0x1097f0,real_matrix4x3_transform_point,leaf,real_math.obj,pass,,50,50,0
0x109850,matrix4x3_multiply,leaf,real_math.obj,pass,,50,50,0
0x1099a0,FUN_001099a0,leaf,real_math.obj,error,mem-limit,0,0,0
0x1099f0,FUN_001099f0,leaf,real_math.obj,pass,,50,50,0
0x109a60,FUN_00109a60,stubbable,real_math.obj,pass,,50,50,0
0x109ba0,FUN_00109ba0,data_only,real_math.obj,fail,divergence,48,50,0
0x109c70,FUN_00109c70,leaf,real_math.obj,pass,,50,50,0
0x109d90,FUN_00109d90,leaf,real_math.obj,pass,,50,50,0
0x109e10,matrix_from_forward_and_up,leaf,real_math.obj,pass,,50,50,0
0x109e90,FUN_00109e90,leaf,real_math.obj,fail,divergence,49,50,0
0x109f40,FUN_00109f40,stubbable,real_math.obj,fail,divergence,0,50,0
0x109fc0,FUN_00109fc0,data_only,real_math.obj,pass,,50,50,0
0x10a110,matrix4x3_from_forward_up_position,stubbable,real_math.obj,fail,divergence,0,50,0
0x10a150,quaternion_to_angle_and_vector,stubbable,real_math.obj,fail,divergence,45,50,0
0x10a1c0,FUN_0010a1c0,leaf,real_math.obj,pass,,50,50,0
0x10a240,FUN_0010a240,stubbable,real_math.obj,pass,,49,50,0
0x10a2c0,FUN_0010a2c0,leaf,real_math.obj,pass,,50,50,0
0x10a330,FUN_0010a330,data_only,real_math.obj,pass,,50,50,0
0x10a480,FUN_0010a480,stubbable,real_math.obj,not_applicable,"oracle_vacuous_early_exit: 46.7% coverage, identical entry-point path across 50 seeds",50,50,0
0x10a4c0,FUN_0010a4c0,stubbable,real_math.obj,pass,,50,50,0
0x10a570,FUN_0010a570,stubbable,real_math.obj,inconclusive,"vacuous_output: 0 unique return(s), no scratch or memory variation across 65 seeds",65,65,0
0x10a5e0,FUN_0010a5e0,stubbable,real_math.obj,inconclusive,"vacuous_output: 1 unique return(s), no scratch or memory variation across 80 seeds",80,80,0
0x10a710,transition_function_evaluate,stubbable,real_math.obj,pass,,70,70,0
0x10a830,FUN_0010a830,stubbable,real_math.obj,inconclusive,"vacuous_output: 0 unique return(s), no scratch or memory variation across 50 seeds",50,50,0
0x10b5c0,real_math_initialize,stubbable,real_math.obj,inconclusive,"vacuous_output: 0 unique return(s), no scratch or memory variation across 50 seeds",50,50,0
0x10b5d0,real_math_dispose,stubbable,real_math.obj,inconclusive,"vacuous_output: 0 unique return(s), no scratch or memory variation across 50 seeds",50,50,0
0x10b5e0,real_math_reset_precision,stubbable,real_math.obj,inconclusive,"vacuous_output: 0 unique return(s), no scratch or memory variation across 50 seeds",50,50,0
0x10b600,perpendicular2d,leaf,real_math.obj,pass,,50,50,0
0x10b620,perpendicular3d,leaf,real_math.obj,pass,,50,50,0
0x10b6b0,perpendicular4d,leaf,real_math.obj,pass,,50,50,0
0x10b6e0,rotate_vector3d_by_sincos,data_only,real_math.obj,pass,,50,50,0
0x10b780,vectors_interpolate,data_only,real_math.obj,pass,,50,50,0
0x10b7d0,points_interpolate,data_only,real_math.obj,pass,,50,50,0
0x10b820,scalars_interpolate,data_only,real_math.obj,pass,,50,50,0
0x10b840,scalars_interpolate_and_clamp_0_to_1,data_only,real_math.obj,pass,,50,50,0
0x10b8a0,FUN_0010b8a0,leaf,real_math.obj,pass,,50,50,0
0x10bb20,quaternion_transform_point,data_only,real_math.obj,fail,divergence,45,50,0
0x10bbc0,vectors3d_from_euler_angles3d,stubbable,real_math.obj,pass,,50,50,0
0x10bc70,fast_vector_intersects_sphere,data_only,real_math.obj,pass,,50,50,0
0x10bd70,point_in_rectangle2d,leaf,real_math.obj,pass,,50,50,0
0x10bdc0,point_in_rectangle3d,leaf,real_math.obj,pass,,50,50,0
0x10be20,vector_intersects_rectangle2d,data_only,real_math.obj,pass,,50,50,0
0x10bff0,FUN_0010bff0,data_only,real_math.obj,pass,,50,50,0
0x10c600,angle_between_normals3d,stubbable,real_math.obj,pass,,50,50,0
0x10c690,yaw_vectors,leaf,real_math.obj,pass,,50,50,0
0x10c700,FUN_0010c700,leaf,real_math.obj,pass,,50,50,0
0x10ca30,sphere_intersects_rectangle3d,data_only,real_math.obj,pass,,50,50,0
0x10cab0,quaternion_from_angle_and_vector,data_only,real_math.obj,pass,,50,50,0
0x10caf0,FUN_0010caf0,stubbable,real_math.obj,pass,,50,50,0
0x10cb60,quaternions_interpolate_and_normalize,stubbable,real_math.obj,fail,divergence,0,50,0
0x10cb90,orientations_interpolate,stubbable,real_math.obj,fail,divergence,0,50,0
0x10cc00,vector_to_angles,leaf,real_math.obj,pass,,50,50,0
0x10cc40,angles_to_vector,leaf,real_math.obj,pass,,50,50,0
0x10cc70,vector3d_from_angle,leaf,real_math.obj,pass,,50,50,0
0x10cc90,point_in_pill2d,data_only,real_math.obj,pass,,50,50,0
0x10cd40,point_to_line_distance_squared3d,data_only,real_math.obj,fail,divergence,46,50,0
0x10d380,sphere_test_vector3d,stubbable,real_math.obj,pass,,50,50,0
0x10d4c0,pill_test_vector3d,stubbable,real_math.obj,pass,,50,50,0
0x10d680,fast_vector_intersection_with_sphere,data_only,real_math.obj,fail,divergence,46,50,0
0x10d770,point_in_triangle2d,data_only,real_math.obj,pass,,50,50,0
0x10d830,point_in_triangle3d,stubbable,real_math.obj,pass,,50,50,0
0x10d9e0,point_in_cone2d,stubbable,real_math.obj,pass,,50,50,0
0x10da90,point_in_cone3d,stubbable,real_math.obj,pass,,50,50,0
0x10db50,point_in_sector2d,stubbable,real_math.obj,pass,,50,50,0
0x10dbf0,point_in_sector3d,stubbable,real_math.obj,pass,,50,50,0
0x10dcb0,vector_intersects_pill2d,stubbable,real_math.obj,pass,,50,50,0
0x10e040,vector_intersects_pill3d,stubbable,real_math.obj,fail,divergence,47,50,0
0x10e4d0,vector_intersects_triangle2d,data_only,real_math.obj,pass,,50,50,0
0x10e6f0,vector_intersects_triangle3d,stubbable,real_math.obj,pass,,50,50,0
0x10e8a0,circle_intersects_rectangle2d,data_only,real_math.obj,pass,,50,50,0
0x10e930,FUN_0010e930,data_only,real_math.obj,fail,divergence,43,50,0
0x10e9f0,circle_intersects_triangle2d,stubbable,real_math.obj,pass,,50,50,0
0x10eb10,sphere_intersects_triangle3d,stubbable,real_math.obj,pass,,50,50,0
0x10ed70,pill_intersects_rectangle2d,stubbable,real_math.obj,pass,,50,50,0
0x10eeb0,pill_intersects_triangle2d,stubbable,real_math.obj,pass,,50,50,0
0x10efd0,pill_intersects_triangle3d,stubbable,real_math.obj,pass,,50,50,0
0x10f310,point_from_planes3d,data_only,real_math.obj,pass,,50,50,0
0x10f480,line_from_planes3d,data_only,real_math.obj,pass,,50,50,0
0x10f5b0,accelerate_to_position,data_only,real_math.obj,fail,divergence,48,50,0
0x10f770,angular_accelerate_to_position,stubbable,real_math.obj,fail,divergence,20,50,0
0x10f9b0,accelerate_to_velocity3d,stubbable,real_math.obj,pass,,50,50,0
0x10fa30,accerate_to_position3d,stubbable,real_math.obj,fail,divergence,0,50,0
0x10fb20,quantize_real_to_byte_lower_bound,stubbable,real_math.obj,pass,,50,50,0
0x10fc60,quantize_real_to_byte_upper_bound,stubbable,real_math.obj,pass,,50,50,0
0x10fd90,quantize_real_to_byte_rectangle3d,stubbable,real_math.obj,pass,,50,50,0
0x10fe80,valid_real_sine_cosine,data_only,real_math.obj,inconclusive,"vacuous_output: 1 unique return(s), no scratch or memory variation across 50 seeds",50,50,0
0x10fed0,pin_normal_to_cone3d,stubbable,real_math.obj,pass,,50,50,0
0x1100c0,FUN_001100c0,stubbable,real_math.obj,pass,,50,50,0
0x110210,FUN_00110210,stubbable,real_math.obj,pass,,50,50,0
0x110380,FUN_00110380,stubbable,real_math.obj,pass,,50,50,0
0x1104e0,FUN_001104e0,stubbable,real_math.obj,pass,,50,50,0
0x110650,FUN_00110650,stubbable,real_math.obj,fail,divergence,19,50,0
0x110730,FUN_00110730,stubbable,real_math.obj,pass,,50,50,0
0x110800,FUN_00110800,stubbable,real_math.obj,inconclusive,"vacuous_output: 0 unique return(s), no scratch or memory variation across 50 seeds",50,50,0
0x110820,FUN_00110820,leaf,real_math.obj,fail,divergence,7,50,0
0x1108b0,FUN_001108b0,stubbable,real_math.obj,pass,,6,50,0
0x110a10,FUN_00110a10,leaf,real_math.obj,pass,,27,50,0
0x110b40,FUN_00110b40,stubbable,real_math.obj,pass,,50,50,0
0x110be0,FUN_00110be0,stubbable,real_math.obj,pass,,50,50,0
0x110c10,FUN_00110c10,data_only,real_math.obj,pass,,26,50,0
0x110d40,FUN_00110d40,stubbable,real_math.obj,inconclusive,"vacuous_output: 1 unique return(s), no scratch or memory variation across 89 seeds",89,90,0
0x110e40,FUN_00110e40,leaf,real_math.obj,pass,,49,50,0
0x110e70,FUN_00110e70,stubbable,real_math.obj,not_applicable,"oracle_vacuous_early_exit: 25.3% coverage, identical entry-point path across 89 seeds",89,90,0
0x110ed0,FUN_00110ed0,stubbable,real_math.obj,error,mem-limit,0,0,0
0x111170,FUN_00111170,leaf,real_math.obj,inconclusive,"vacuous_output: 1 unique return(s), no scratch or memory variation across 49 seeds",49,50,0
0x111220,FUN_00111220,stubbable,real_math.obj,inconclusive,"vacuous_output: 1 unique return(s), no scratch or memory variation across 89 seeds",89,90,0
0x1113c0,FUN_001113c0,stubbable,real_math.obj,pass,,89,90,0
0x111420,FUN_00111420,stubbable,real_math.obj,error,emulation_error,0,50,0
0x1114a0,FUN_001114a0,stubbable,real_math.obj,pass,,49,50,0
0x1116b0,FUN_001116b0,stubbable,real_math.obj,error,mem-limit,0,0,0
0x111770,FUN_00111770,stubbable,real_math.obj,not_applicable,"oracle_vacuous_early_exit: 17.4% coverage, identical entry-point path across 89 seeds",89,90,0
0x111910,FUN_00111910,stubbable,real_math.obj,pass,,48,50,0
0x111ba0,FUN_00111ba0,stubbable,real_math.obj,pass,,15,60,0
0x111ea0,FUN_00111ea0,stubbable,real_math.obj,pass,,17,50,0
0x112260,FUN_00112260,stubbable,real_math.obj,inconclusive,"vacuous_output: 1 unique return(s), no scratch or memory variation across 89 seeds",89,90,0
0x1122e0,FUN_001122e0,stubbable,real_math.obj,pass,,70,70,0
0x112590,FUN_00112590,stubbable,real_math.obj,not_applicable,"oracle_vacuous_early_exit: 9.4% coverage, identical entry-point path across 60 seeds",60,60,0
0x1127b0,FUN_001127b0,stubbable,real_math.obj,pass,,50,50,0
0x1127e0,FUN_001127e0,stubbable,real_math.obj,pass,,50,50,0
0x112850,FUN_00112850,stubbable,real_math.obj,pass,,49,50,0
0x112cd0,FUN_00112cd0,stubbable,real_math.obj,pass,,89,90,0
0x112db0,FUN_00112db0,stubbable,real_math.obj,pass,,49,50,0
0x112e50,FUN_00112e50,stubbable,real_math.obj,pass,,50,50,0
0x112eb0,FUN_00112eb0,stubbable,real_math.obj,pass,,50,50,0
0x112ee0,FUN_00112ee0,stubbable,real_math.obj,fail,divergence,49,50,0
0x112f00,FUN_00112f00,stubbable,real_math.obj,inconclusive,"vacuous_output: 1 unique return(s), no scratch or memory variation across 89 seeds",89,90,0
0x112fc0,FUN_00112fc0,stubbable,real_math.obj,inconclusive,"vacuous_output: 1 unique return(s), no scratch or memory variation across 49 seeds",49,50,0
0x113000,FUN_00113000,stubbable,real_math.obj,pass,,50,50,0
0x113080,FUN_00113080,leaf,real_math.obj,inconclusive,"vacuous_output: 1 unique return(s), no scratch or memory variation across 49 seeds",49,50,0
0x1130a0,FUN_001130a0,stubbable,real_math.obj,pass,,50,50,0
0x1130d0,D3DX_getLong,stubbable,real_math.obj,fail,divergence,0,50,0
0x113110,FUN_00113110,stubbable,real_math.obj,pass,,89,90,0
0x113160,FUN_00113160,stubbable,real_math.obj,pass,,89,90,0
0x113480,FUN_00113480,stubbable,real_math.obj,pass,,50,50,0
0x1134a0,FUN_001134a0,stubbable,real_math.obj,fail,divergence,13,50,0
0x1134e0,FUN_001134e0,stubbable,real_math.obj,pass,,49,50,0
0x113710,FUN_00113710,stubbable,real_math.obj,pass,,50,50,0
0x113740,FUN_00113740,stubbable,real_math.obj,pass,,50,50,0
0x1137a0,FUN_001137a0,stubbable,real_math.obj,pass,,49,50,0
0x113910,FUN_00113910,stubbable,real_math.obj,pass,,50,50,0
0x113930,FUN_00113930,stubbable,real_math.obj,pass,,89,90,0
0x1139d0,FUN_001139d0,stubbable,real_math.obj,error,emulation_error,0,50,0
0x113a90,inflate_blocks,stubbable,real_math.obj,fail,divergence,24,90,0
0x94020,FUN_00094020,stubbable,recorded_animations.obj,pass,,49,50,0
0x94060,FUN_00094060,leaf,recorded_animations.obj,pass,,49,50,0
0x940a0,FUN_000940a0,stubbable,recorded_animations.obj,pass,,26,50,0
0x942a0,FUN_000942a0,stubbable,recorded_animations.obj,pass,,50,50,0
0x94350,FUN_00094350,stubbable,recorded_animations.obj,pass,,50,50,0
0x94400,FUN_00094400,stubbable,recorded_animations.obj,pass,,50,50,0
0x944b0,FUN_000944b0,stubbable,recorded_animations.obj,pass,,50,50,0
0x94560,FUN_00094560,stubbable,recorded_animations.obj,pass,,50,50,0
0x94620,apply_facing_vector,stubbable,recorded_animations.obj,pass,,50,50,0
0x946e0,apply_aiming_vector,stubbable,recorded_animations.obj,pass,,50,50,0
0x947a0,apply_looking_vector,stubbable,recorded_animations.obj,pass,,50,50,0
0x94860,apply_angle_vector,stubbable,recorded_animations.obj,pass,,50,50,0
0x94970,apply_multi_vector,stubbable,recorded_animations.obj,pass,,50,50,0
0x94a70,FUN_00094a70,stubbable,recorded_animations.obj,pass,,50,50,0
0x94a90,recorded_animation_apply_event_stream_v1,stubbable,recorded_animations.obj,pass,,25,50,0
0x94bb0,recorded_animations_initialize,stubbable,recorded_animations.obj,not_applicable,"oracle_vacuous_early_exit: 44.8% coverage, identical entry-point path across 50 seeds",50,50,0
0x94c30,recorded_animations_dispose,stubbable,recorded_animations.obj,inconclusive,"vacuous_output: 0 unique return(s), no scratch or memory variation across 65 seeds",65,65,0
0x94c60,recorded_animations_dispose_from_old_map,stubbable,recorded_animations.obj,inconclusive,"vacuous_output: 0 unique return(s), no scratch or memory variation across 50 seeds",50,50,0
0x94c70,recorded_animations_clear_debug_storage,stubbable,recorded_animations.obj,not_applicable,"oracle_vacuous_early_exit: 60.3% coverage, identical entry-point path across 50 seeds",50,50,0
0x94cb0,recorded_animations_update,stubbable,recorded_animations.obj,not_applicable,"oracle_vacuous_early_exit: 8.8% coverage, identical entry-point path across 65 seeds",65,65,0
0x94ee0,recorded_animation_verify,stubbable,recorded_animations.obj,error,emulation_error,0,50,0
0x95050,FUN_00095050,stubbable,recorded_animations.obj,pass,,50,50,0
0x950b0,render_debug_recording,stubbable,recorded_animations.obj,inconclusive,"vacuous_output: 0 unique return(s), no scratch or memory variation across 65 seeds",65,65,0
0x95280,recorded_animations_initialize_for_new_map,stubbable,recorded_animations.obj,not_applicable,"oracle_vacuous_early_exit: 66.7% coverage, identical entry-point path across 50 seeds",50,50,0
0x952d0,recorded_animation_kill,stubbable,recorded_animations.obj,not_applicable,"oracle_vacuous_early_exit: 47.1% coverage, identical entry-point path across 65 seeds",65,65,0
0x95640,recorded_animation_play,stubbable,recorded_animations.obj,inconclusive,"vacuous_output: 1 unique return(s), no scratch or memory variation across 50 seeds",50,50,0
0x95660,recorded_animation_play_and_delete,stubbable,recorded_animations.obj,inconclusive,"vacuous_output: 1 unique return(s), no scratch or memory variation across 50 seeds",50,50,0
0x95680,FUN_00095680,stubbable,recorded_animations.obj,inconclusive,"vacuous_output: 1 unique return(s), no scratch or memory variation across 50 seeds",50,50,0
0x956e0,FUN_000956e0,stubbable,recorded_animations.obj,pass,,50,50,0
0x95750,FUN_00095750,stubbable,recorded_animations.obj,pass,,50,50,0
0x95790,FUN_00095790,stubbable,recorded_animations.obj,pass,,50,50,0
0x957c0,control_toggle,stubbable,recorded_animations.obj,pass,,50,50,0
0x958f0,FUN_000958f0,stubbable,recorded_animations.obj,pass,,50,50,0
0x95930,FUN_00095930,stubbable,recorded_animations.obj,pass,,50,50,0
0x959b0,FUN_000959b0,stubbable,recorded_animations.obj,pass,,50,50,0
0x95a20,FUN_00095a20,stubbable,recorded_animations.obj,pass,,50,50,0
0x95a60,FUN_00095a60,stubbable,recorded_animations.obj,pass,,50,50,0
0x95ad0,FUN_00095ad0,stubbable,recorded_animations.obj,pass,,50,50,0
0x95b50,FUN_00095b50,stubbable,recorded_animations.obj,pass,,50,50,0
0x95be0,FUN_00095be0,stubbable,recorded_animations.obj,pass,,50,50,0
0x95c10,FUN_00095c10,stubbable,recorded_animations.obj,pass,,50,50,0
0x184b80,render_initialize,stubbable,render.obj,inconclusive,"vacuous_output: 0 unique return(s), no scratch or memory variation across 50 seeds",50,50,0
0x184b90,render_initialize_for_new_map,stubbable,render.obj,inconclusive,"vacuous_output: 0 unique return(s), no scratch or memory variation across 50 seeds",50,50,0
0x184ba0,j__render_dispose_from_old_map,stubbable,render.obj,inconclusive,"vacuous_output: 0 unique return(s), no scratch or memory variation across 50 seeds",50,50,0
0x184bb0,render_dispose,stubbable,render.obj,inconclusive,"vacuous_output: 0 unique return(s), no scratch or memory variation across 50 seeds",50,50,0
0x184bc0,render_window_pregame,stubbable,render.obj,pass,,50,50,0
0x184cd0,render_frame_pregame,stubbable,render.obj,pass,,50,50,0
0x184dc0,render_frame_present,stubbable,render.obj,pass,,50,50,0
0x185290,render_window,stubbable,render.obj,pass,,90,90,0
0x185680,render_frame,stubbable,render.obj,pass,,49,50,0
0x184570,FUN_00184570,stubbable,render.obj,pass,,50,50,0
0x1845b0,FUN_001845b0,stubbable,render.obj,pass,,50,50,0
0x184610,FUN_00184610,stubbable,render.obj,pass,,89,90,0
0x184710,rasterizer_transparent_geometry_stop,stubbable,render.obj,inconclusive,"vacuous_output: 0 unique return(s), no scratch or memory variation across 50 seeds",50,50,0
0x184980,FUN_00184980,stubbable,render.obj,pass,,69,70,0
0x184e50,rendered_cluster_get,stubbable,render.obj,inconclusive,"vacuous_output: 1 unique return(s), no scratch or memory variation across 50 seeds",50,50,0
0x185770,render_camera_check_warning_condition,stubbable,render_cameras.obj,fail,divergence,40,50,0
0x186460,render_camera_get_adjusted_field_of_view_tangent,data_only,render_cameras.obj,inconclusive,"vacuous_output: 1 unique return(s), no scratch or memory variation across 50 seeds",50,50,0
0x187250,render_camera_build_frustum,stubbable,render_cameras.obj,pass,,50,50,0
0x188890,FUN_00188890,stubbable,render_debug.obj,pass,,50,50,0
0x188970,FUN_00188970,stubbable,render_debug.obj,pass,,50,50,0
0x188a90,FUN_00188a90,stubbable,render_debug.obj,pass,,50,50,0
0x188b20,FUN_00188b20,stubbable,render_debug.obj,pass,,80,80,0
0x188bf0,FUN_00188bf0,data_only,render_debug.obj,pass,,50,50,0
0x188c60,FUN_00188c60,stubbable,render_debug.obj,pass,,50,50,0
0x188d00,FUN_00188d00,stubbable,render_debug.obj,fail,divergence,1,50,0
0x189150,FUN_00189150,stubbable,render_debug.obj,pass,,50,50,0
0x189270,FUN_00189270,stubbable,render_debug.obj,pass,,50,50,0
0x189320,FUN_00189320,stubbable,render_debug.obj,pass,,50,50,0
0x1893e0,FUN_001893e0,stubbable,render_debug.obj,pass,,50,50,0
0x189450,FUN_00189450,stubbable,render_debug.obj,pass,,50,50,0
0x1894d0,FUN_001894d0,stubbable,render_debug.obj,pass,,50,50,0
0x189540,FUN_00189540,stubbable,render_debug.obj,pass,,50,50,0
0x1896d0,FUN_001896d0,stubbable,render_debug.obj,pass,,50,50,0
0x189860,FUN_00189860,stubbable,render_debug.obj,pass,,50,50,0
0x189a20,FUN_00189a20,stubbable,render_debug.obj,pass,,50,50,0
0x189ba0,FUN_00189ba0,stubbable,render_debug.obj,pass,,50,50,0
0x189c40,FUN_00189c40,stubbable,render_debug.obj,pass,,50,50,0
0x189cb0,FUN_00189cb0,stubbable,render_debug.obj,pass,,50,50,0
0x189de0,FUN_00189de0,stubbable,render_debug.obj,not_applicable,"oracle_vacuous_early_exit: 4.8% coverage, identical entry-point path across 50 seeds",50,50,0
0x18a000,FUN_0018a000,stubbable,render_debug.obj,not_applicable,"oracle_vacuous_early_exit: 9.8% coverage, identical entry-point path across 50 seeds",50,50,0
0x18a110,FUN_0018a110,stubbable,render_debug.obj,not_applicable,"oracle_vacuous_early_exit: 15.0% coverage, identical entry-point path across 50 seeds",50,50,0
0x18a190,FUN_0018a190,stubbable,render_debug.obj,not_applicable,"oracle_vacuous_early_exit: 5.5% coverage, identical entry-point path across 50 seeds",50,50,0
0x18a370,FUN_0018a370,stubbable,render_debug.obj,not_applicable,"oracle_vacuous_early_exit: 20.4% coverage, identical entry-point path across 50 seeds",50,50,0
0x18a3e0,FUN_0018a3e0,stubbable,render_debug.obj,not_applicable,"oracle_vacuous_early_exit: 5.6% coverage, identical entry-point path across 50 seeds",50,50,0
0x18a580,FUN_0018a580,stubbable,render_debug.obj,pass,,90,90,0
0x18a650,FUN_0018a650,stubbable,render_debug.obj,pass,,90,90,0
0x18a770,FUN_0018a770,stubbable,render_debug.obj,pass,,50,50,0
0x18a860,FUN_0018a860,stubbable,render_debug.obj,pass,,50,50,0
0x18a990,FUN_0018a990,stubbable,render_debug.obj,pass,,50,50,0
0x18a9d0,FUN_0018a9d0,stubbable,render_debug.obj,pass,,50,50,0
0x18aa00,FUN_0018aa00,stubbable,render_debug.obj,pass,,50,50,0
0x18ab30,FUN_0018ab30,stubbable,render_debug.obj,pass,,50,50,0
0x18ac50,FUN_0018ac50,stubbable,render_debug.obj,inconclusive,"vacuous_output: 0 unique return(s), no scratch or memory variation across 70 seeds",70,75,0
0x1c1b00,player_profile_write,stubbable,saved_game_files.obj,pass,,50,70,0
0x1c1ba0,player_profiles_initialize,stubbable,saved_game_files.obj,inconclusive,"vacuous_output: 0 unique return(s), no scratch or memory variation across 50 seeds",50,50,0
0x1c1bc0,player_profile_get_from_path,stubbable,saved_game_files.obj,pass,,50,50,0
0x1c1c00,FUN_001c1c00,stubbable,saved_game_files.obj,inconclusive,"vacuous_output: 0 unique return(s), no scratch or memory variation across 50 seeds",50,50,0
0x1c1cc0,FUN_001c1cc0,stubbable,saved_game_files.obj,inconclusive,"vacuous_output: 0 unique return(s), no scratch or memory variation across 50 seeds",50,50,0
0x1c1da0,FUN_001c1da0,stubbable,saved_game_files.obj,inconclusive,"vacuous_output: 0 unique return(s), no scratch or memory variation across 50 seeds",50,50,0
0x1c1dc0,playlist_profiles_dispose,stubbable,saved_game_files.obj,not_applicable,"oracle_vacuous_early_exit: 29.0% coverage, identical entry-point path across 50 seeds",50,65,0
0x1c1f70,FUN_001c1f70,stubbable,saved_game_files.obj,inconclusive,"vacuous_output: 0 unique return(s), no scratch or memory variation across 50 seeds",50,50,0
0x1c1fa0,playlist_profile_get,stubbable,saved_game_files.obj,pass,,50,50,0
0x1c20d0,FUN_001c20d0,stubbable,saved_game_files.obj,pass,,50,50,0
0x1c2110,playlist_profile_number_of_default_profiles_on_disk,data_only,saved_game_files.obj,inconclusive,"vacuous_output: 1 unique return(s), no scratch or memory variation across 50 seeds",50,50,0
0x1c2120,FUN_001c2120,stubbable,saved_game_files.obj,fail,divergence,0,50,0
0x1c26b0,FUN_001c26b0,stubbable,saved_game_files.obj,pass,,50,50,0
0x1c26f0,playlist_profile_delete,stubbable,saved_game_files.obj,fail,divergence,48,50,0
0x1c2750,playlist_profile_read,stubbable,saved_game_files.obj,pass,,50,70,0
0x1c27f0,playlist_profile_get_display_name,stubbable,saved_game_files.obj,pass,,50,50,0
0x1c2840,saved_game_files_dispose,stubbable,saved_game_files.obj,pass,,80,80,0
0x1c2890,saved_game_file_close,stubbable,saved_game_files.obj,pass,,50,50,0
0x1c29a0,saved_game_file_get_type,leaf,saved_game_files.obj,pass,,50,50,1
0x1c29b0,saved_game_files_notify_memory_units_changed,data_only,saved_game_files.obj,inconclusive,"vacuous_output: 0 unique return(s), no scratch or memory variation across 50 seeds",50,50,0
0x1c29c0,saved_game_file_get_useable_untitled_profile_name,stubbable,saved_game_files.obj,fail,divergence,0,50,0
0x1c2af0,saved_game_files_take_mutex,stubbable,saved_game_files.obj,inconclusive,"vacuous_output: 0 unique return(s), no scratch or memory variation across 50 seeds",50,50,0
0x1c2b10,saved_game_files_release_mutex,stubbable,saved_game_files.obj,inconclusive,"vacuous_output: 0 unique return(s), no scratch or memory variation across 50 seeds",50,50,0
0x1c2b20,saved_game_perform_file_system_checks,stubbable,saved_game_files.obj,not_applicable,"oracle_vacuous_early_exit: 80.6% coverage, identical entry-point path across 50 seeds",50,50,0
0x1c2bf0,saved_game_file_name_unique,stubbable,saved_game_files.obj,pass,,50,50,0
0x1c2c50,saved_game_file_remember_player1_last_used_profile_directory,stubbable,saved_game_files.obj,pass,,50,50,0
0x1c2d20,saved_game_file_retrieve_player1_last_used_profile_directory,stubbable,saved_game_files.obj,pass,,50,50,0
0x1c2e00,saved_game_file_remember_last_used_multiplayer_variant_directory,stubbable,saved_game_files.obj,pass,,50,50,0
0x1c2ed0,saved_game_file_retrieve_last_used_multiplayer_variant_directory,stubbable,saved_game_files.obj,pass,,50,50,0
0x1c2fb0,saved_game_file_remember_last_used_multiplayer_map,stubbable,saved_game_files.obj,pass,,50,50,0
0x1c3080,saved_game_file_retrieve_last_used_multiplayer_map,stubbable,saved_game_files.obj,pass,,50,50,0
0x1c3160,saved_game_file_generate_checksum,stubbable,saved_game_files.obj,pass,,50,50,0
0x1c3250,enumerate_saved_game_files_start,stubbable,saved_game_files.obj,inconclusive,"vacuous_output: 0 unique return(s), no scratch or memory variation across 70 seeds",70,70,0
0x1c3320,enumerate_saved_game_files_end,stubbable,saved_game_files.obj,pass,,65,65,0
0x1c3430,enumerate_mapfile_start,stubbable,saved_game_files.obj,inconclusive,"vacuous_output: 1 unique return(s), no scratch or memory variation across 70 seeds",70,70,0
0x1c3500,enumerate_mapfile_end,stubbable,saved_game_files.obj,pass,,75,75,0
0x1c35a0,enumerate_saved_game_file_from_mapfile,stubbable,saved_game_files.obj,pass,,65,65,0
0x1c3610,count_enumerated_profiles_in_mapfile,stubbable,saved_game_files.obj,inconclusive,"vacuous_output: 1 unique return(s), no scratch or memory variation across 80 seeds",80,80,0
0x1c3710,build_saved_game_file_index,leaf,saved_game_files.obj,pass,,50,50,0
0x1c3750,saved_game_files_initialize,stubbable,saved_game_files.obj,not_applicable,"oracle_vacuous_early_exit: 87.7% coverage, identical entry-point path across 50 seeds",50,50,0
0x1c38d0,saved_game_file_find_profile_index_for_directory_path,stubbable,saved_game_files.obj,pass,,70,70,0
0x1c3c40,enumerate_default_player_profiles,stubbable,saved_game_files.obj,not_applicable,"oracle_vacuous_early_exit: 27.1% coverage, identical entry-point path across 50 seeds",50,50,0
0x1c4030,set_nth_entry_in_mapfile,stubbable,saved_game_files.obj,pass,,90,90,0
0x1c4210,append_entry_to_mapfile,stubbable,saved_game_files.obj,pass,,90,90,0
0x1c4600,saved_game_file_get_display_name,stubbable,saved_game_files.obj,pass,,50,50,0
0x18e280,scenario_initialize,stubbable,scenario.obj,inconclusive,"vacuous_output: 0 unique return(s), no scratch or memory variation across 50 seeds",50,50,0
0x18e2a0,scenario_initialize_for_new_map,stubbable,scenario.obj,inconclusive,"vacuous_output: 0 unique return(s), no scratch or memory variation across 50 seeds",50,50,0
0x18e2f0,scenario_dispose_from_old_map,stubbable,scenario.obj,inconclusive,"vacuous_output: 0 unique return(s), no scratch or memory variation across 50 seeds",50,50,0
0x18e300,scenario_frame_update,stubbable,scenario.obj,inconclusive,"vacuous_output: 0 unique return(s), no scratch or memory variation across 50 seeds",50,50,0
0x18e310,scenario_unload,stubbable,scenario.obj,not_applicable,"oracle_vacuous_early_exit: 68.9% coverage, identical entry-point path across 50 seeds",50,50,0
0x18e380,global_scenario_get,stubbable,scenario.obj,not_applicable,"oracle_vacuous_early_exit: 80.9% coverage, identical entry-point path across 50 seeds",50,50,0
0x18e3c0,scenario_get,stubbable,scenario.obj,not_applicable,"oracle_vacuous_early_exit: 80.9% coverage, identical entry-point path across 50 seeds",50,50,0
0x18e3f0,global_collision_bsp_get,stubbable,scenario.obj,not_applicable,"oracle_vacuous_early_exit: 80.9% coverage, identical entry-point path across 50 seeds",50,50,0
0x18e450,game_globals_get,stubbable,scenario.obj,not_applicable,"oracle_vacuous_early_exit: 80.9% coverage, identical entry-point path across 50 seeds",50,50,0
0x18e4d0,scenario_location_reset,leaf,scenario.obj,pass,,50,50,1
0x18e500,FUN_0018e500,stubbable,scenario.obj,not_applicable,"oracle_vacuous_early_exit: 22.4% coverage, identical entry-point path across 50 seeds",50,50,0
0x18e910,scenario_location_potentially_visible_local,stubbable,scenario.obj,pass,,50,50,0
0x18eab0,scenario_get_structure_reference_index_from_tag_index,stubbable,scenario.obj,not_applicable,"oracle_vacuous_early_exit: 31.5% coverage, identical entry-point path across 50 seeds",50,50,0
0x18eb40,scenario_switch_structure_bsp,stubbable,scenario.obj,inconclusive,"vacuous_output: 1 unique return(s), no scratch or memory variation across 55 seeds",55,55,0
0x18f080,global_structure_bsp_index_get,data_only,scenario.obj,inconclusive,"vacuous_output: 1 unique return(s), no scratch or memory variation across 50 seeds",50,50,0
0x18f090,scenario_load,stubbable,scenario.obj,pass,,75,75,0
0x18f180,scenario_location_from_point,stubbable,scenario.obj,pass,,50,50,0
0x18f2d0,FUN_0018f2d0,stubbable,scenario.obj,pass,,50,50,0
0x18f510,FUN_0018f510,stubbable,scenario.obj,pass,,50,50,0
0x18e720,FUN_0018e720,stubbable,scenario.obj,not_applicable,"oracle_vacuous_early_exit: 61.2% coverage, identical entry-point path across 50 seeds",50,50,0
0x190240,FUN_00190240,stubbable,shaders.obj,pass,,60,60,0
0x190550,FUN_00190550,stubbable,shaders.obj,pass,,50,50,0
0x190670,FUN_00190670,stubbable,shaders.obj,pass,,50,50,0
0x190690,FUN_00190690,stubbable,shaders.obj,pass,,50,50,0
0x1906b0,FUN_001906b0,stubbable,shaders.obj,pass,,50,50,0
0x190710,shader_get_vertex_shader_permutation,stubbable,shaders.obj,fail,divergence,11,50,0
0x190830,shader_is_mirror,stubbable,shaders.obj,pass,,50,50,0
0x1908a0,shader_is_decal,stubbable,shaders.obj,pass,,50,50,0
0x190930,shader_is_water_decal,stubbable,shaders.obj,pass,,50,50,0
0x190980,shader_ignores_effect,stubbable,shaders.obj,pass,,50,50,0
0x1909d0,shader_type_is_transparent,leaf,shaders.obj,pass,,50,50,0
0x1909f0,shader_type_is_lightmapped,leaf,shaders.obj,fail,divergence,49,50,0
0x190a10,shader_type_is_vertex_lit,leaf,shaders.obj,pass,,50,50,0
0x190a30,shader_type_is_valid_for_environment,leaf,shaders.obj,pass,,50,50,0
0x190a50,shader_type_is_valid_for_model,leaf,shaders.obj,pass,,50,50,0
0x190a70,shader_type_is_valid_for_modifier,leaf,shaders.obj,pass,,50,50,0
0x190be0,numeric_countdown_timer_set,data_only,shaders.obj,pass,,50,50,0
0x190c00,numeric_countdown_timer_get,data_only,shaders.obj,pass,,50,50,0
0x190d90,numeric_countdown_timer_stop,data_only,shaders.obj,inconclusive,"vacuous_output: 0 unique return(s), no scratch or memory variation across 50 seeds",50,50,0
0x190da0,numeric_countdown_timer_restart,data_only,shaders.obj,inconclusive,"vacuous_output: 0 unique return(s), no scratch or memory variation across 50 seeds",50,50,0
0x190db0,numeric_countdown_timer_update,stubbable,shaders.obj,inconclusive,"vacuous_output: 0 unique return(s), no scratch or memory variation across 65 seeds",65,65,0
0x1910f0,shell_initialize,stubbable,shell.obj,error,emulation_error,0,50,0
0x191140,shell_dispose,stubbable,shell.obj,inconclusive,"vacuous_output: 0 unique return(s), no scratch or memory variation across 50 seeds",50,50,0
0x191170,shell_application_is_paused,data_only,shell.obj,inconclusive,"vacuous_output: 1 unique return(s), no scratch or memory variation across 50 seeds",50,50,0
0x191240,shell_get_command_line,data_only,shell.obj,inconclusive,"vacuous_output: 1 unique return(s), no scratch or memory variation across 50 seeds",50,50,0
0x191180,FUN_00191180,stubbable,shell.obj,pass,,50,50,0
0x1911b0,FUN_001911b0,stubbable,shell.obj,error,emulation_error,0,50,0
0x191210,FUN_00191210,stubbable,shell.obj,inconclusive,"vacuous_output: 0 unique return(s), no scratch or memory variation across 50 seeds",50,50,0
0x191220,FUN_00191220,leaf,shell.obj,pass,,50,50,0
0x191230,FUN_00191230,leaf,shell.obj,pass,,50,50,0
0x191250,shell_idle,leaf,shell_xbox.obj,pass,,50,50,0
0x191260,update_loaded_module_section_attributes,stubbable,shell_xbox.obj,error,emulation_error,0,50,0
0x191330,main,stubbable,shell_xbox.obj,pass,,50,50,0
0x18aef0,FUN_0018aef0,stubbable,scenario.obj,pass,,80,80,0
0x18af90,FUN_0018AF90,stubbable,scenario.obj,not_applicable,"oracle_vacuous_early_exit: 93.5% coverage, identical entry-point path across 50 seeds",50,50,0
0x18afd0,FUN_0018afd0,stubbable,scenario.obj,inconclusive,"vacuous_output: 0 unique return(s), no scratch or memory variation across 50 seeds",50,50,0
0x18afe0,FUN_0018afe0,stubbable,scenario.obj,not_applicable,"oracle_vacuous_early_exit: 41.7% coverage, identical entry-point path across 50 seeds",50,50,0
0x18b000,FUN_0018B000,data_only,scenario.obj,inconclusive,"vacuous_output: 0 unique return(s), no scratch or memory variation across 50 seeds",50,50,0
0x18b010,FUN_0018b010,stubbable,scenario.obj,pass,,50,50,0
0x18b080,FUN_0018b080,stubbable,scenario.obj,not_applicable,"oracle_vacuous_early_exit: 81.1% coverage, identical entry-point path across 50 seeds",50,50,0
0x18b130,FUN_0018b130,stubbable,scenario.obj,not_applicable,"oracle_vacuous_early_exit: 62.8% coverage, identical entry-point path across 50 seeds",50,50,0
0x18b190,FUN_0018b190,stubbable,scenario.obj,error,timeout,0,0,0
0x18b610,FUN_0018b610,leaf,scenario.obj,pass,,50,50,0
0x18b6b0,FUN_0018b6b0,leaf,scenario.obj,pass,,50,50,0
0x18b780,FUN_0018b780,stubbable,scenario.obj,pass,,50,50,0
0x18b830,FUN_0018b830,stubbable,scenario.obj,pass,,49,50,0
0x18b930,FUN_0018b930,leaf,scenario.obj,pass,,50,50,0
0x18b990,FUN_0018b990,stubbable,scenario.obj,pass,,50,50,0
0x18bc60,FUN_0018bc60,stubbable,scenario.obj,pass,,50,50,0
0x18bf80,FUN_0018bf80,stubbable,scenario.obj,pass,,50,50,0
0x18c0b0,scenario_leaf_index_from_point,stubbable,scenario.obj,not_applicable,"oracle_vacuous_early_exit: 58.8% coverage, identical entry-point path across 50 seeds",50,50,0
0x18c100,FUN_0018c100,stubbable,scenario.obj,fail,divergence,0,50,0
0x18c370,FUN_0018c370,stubbable,scenario.obj,pass,,70,75,0
0x18c3a0,scenario_test_pvs,stubbable,scenario.obj,inconclusive,"vacuous_output: 0 unique return(s), no scratch or memory variation across 85 seeds",85,85,0
0x18c460,scenario_test_pas,stubbable,scenario.obj,inconclusive,"vacuous_output: 0 unique return(s), no scratch or memory variation across 70 seeds",70,70,0
0x18c4d0,FUN_0018c4d0,stubbable,scenario.obj,not_applicable,"oracle_vacuous_early_exit: 21.7% coverage, identical entry-point path across 50 seeds",50,50,0
0x18c580,FUN_0018c580,leaf,scenario.obj,inconclusive,"vacuous_output: 1 unique return(s), no scratch or memory variation across 49 seeds",49,50,0
0x18c5b0,FUN_0018c5b0,stubbable,scenario.obj,error,timeout,0,0,0
0x18ca40,render_sky,stubbable,scenario.obj,not_applicable,"oracle_vacuous_early_exit: 2.4% coverage, identical entry-point path across 50 seeds",50,50,0
0x18cf10,FUN_0018cf10,stubbable,scenario.obj,pass,,50,50,0
0x18d040,FUN_0018d040,data_only,scenario.obj,fail,divergence,46,50,0
0x18d0b0,scenario_fog_region_get_fog_index,stubbable,scenario.obj,not_applicable,"oracle_vacuous_early_exit: 61.7% coverage, identical entry-point path across 50 seeds",50,50,0
0x18d140,FUN_0018d140,stubbable,scenario.obj,pass,,90,90,0
0x18d2c0,build_sprites_begin,stubbable,scenario.obj,pass,,50,50,0
0x18d360,FUN_0018d360,stubbable,scenario.obj,fail,divergence,42,50,0
0x18d490,FUN_0018d490,stubbable,scenario.obj,pass,,50,50,0
0x18d670,FUN_0018d670,data_only,scenario.obj,pass,,50,50,0
0x18d6e0,FUN_0018d6e0,stubbable,scenario.obj,inconclusive,vacuous_coverage: 9.2% < 10% floor,50,50,0
0x18dcf0,FUN_0018dcf0,stubbable,scenario.obj,pass,,50,50,0
0x18df70,FUN_0018df70,stubbable,scenario.obj,pass,,50,50,0
0x18dfe0,triangle_strip_iterator_next,stubbable,scenario.obj,pass,,50,50,0
0x18e140,FUN_0018e140,stubbable,scenario.obj,pass,,90,90,0
0x18e1d0,scenario_debug_to_file,stubbable,scenario.obj,pass,,49,50,0
0x18e3b0,FUN_0018e3b0,data_only,scenario.obj,inconclusive,"vacuous_output: 1 unique return(s), no scratch or memory variation across 50 seeds",50,50,0
0x18e5c0,FUN_0018e5c0,stubbable,scenario.obj,not_applicable,"oracle_vacuous_early_exit: 20.2% coverage, identical entry-point path across 50 seeds",50,50,0
0x18e690,FUN_0018e690,data_only,scenario.obj,inconclusive,"vacuous_output: 1 unique return(s), no scratch or memory variation across 50 seeds",50,50,0
0x18e6a0,FUN_0018e6a0,data_only,scenario.obj,pass,,50,50,0
0x18e770,FUN_0018e770,stubbable,scenario.obj,not_applicable,"oracle_vacuous_early_exit: 44.1% coverage, identical entry-point path across 50 seeds",50,50,0
0x18e7d0,FUN_0018e7d0,stubbable,scenario.obj,fail,divergence,0,50,0
0x18e800,scenario_ensure_point_within_world,stubbable,scenario.obj,not_applicable,"oracle_vacuous_early_exit: 26.3% coverage, identical entry-point path across 50 seeds",50,50,0
0x18e8a0,scenario_get_fog_region_index,stubbable,scenario.obj,not_applicable,"oracle_vacuous_early_exit: 41.0% coverage, identical entry-point path across 50 seeds",50,50,0
0x18e9b0,scenario_location_potentially_visible,stubbable,scenario.obj,pass,,50,50,0
0x18ea50,FUN_0018ea50,stubbable,scenario.obj,pass,,50,50,0
0x18ecd0,FUN_0018ecd0,stubbable,scenario.obj,inconclusive,"vacuous_output: 0 unique return(s), no scratch or memory variation across 50 seeds",50,50,0
0x18ed20,FUN_0018ed20,stubbable,scenario.obj,not_applicable,"oracle_vacuous_early_exit: 49.0% coverage, identical entry-point path across 88 seeds",88,90,0
0x18ed90,FUN_0018ed90,stubbable,scenario.obj,pass,,50,50,0
0x18ef00,FUN_0018ef00,stubbable,scenario.obj,pass,,50,50,0
0x18ef30,FUN_0018ef30,stubbable,scenario.obj,pass,,60,60,0
0x18f230,FUN_0018f230,stubbable,scenario.obj,pass,,50,50,0
0x18f250,scenario_location_underwater,stubbable,scenario.obj,pass,,50,50,0
0x18f3e0,FUN_0018f3e0,stubbable,scenario.obj,pass,,50,50,0
0x18f600,scenario_get_sound_environment,stubbable,scenario.obj,not_applicable,"oracle_vacuous_early_exit: 8.3% coverage, identical entry-point path across 50 seeds",50,50,0
0x18fb20,FUN_0018fb20,leaf,scenario.obj,pass,,50,50,0
0x18fbc0,FUN_0018fbc0,stubbable,scenario.obj,not_applicable,"oracle_vacuous_early_exit: 5.5% coverage, identical entry-point path across 50 seeds",50,50,0
0x18fef0,FUN_0018fef0,data_only,scenario.obj,inconclusive,"vacuous_output: 0 unique return(s), no scratch or memory variation across 50 seeds",50,50,0
0x1c8990,sound_classes_initialize,stubbable,sound_classes.obj,inconclusive,"vacuous_output: 0 unique return(s), no scratch or memory variation across 50 seeds",50,50,0
0x1c89b0,sound_classes_dispose_from_old_map,leaf,sound_classes.obj,pass,,50,50,0
0x1c89c0,sound_classes_dispose,data_only,sound_classes.obj,inconclusive,"vacuous_output: 0 unique return(s), no scratch or memory variation across 50 seeds",50,50,0
0x1c89d0,sound_class_get,stubbable,sound_classes.obj,pass,,50,50,0
0x1c8b70,sound_classes_initialize_for_new_map,stubbable,sound_classes.obj,not_applicable,"oracle_vacuous_early_exit: 42.6% coverage, identical entry-point path across 50 seeds",50,50,0
0x1c8c60,sound_class_get_gain,stubbable,sound_classes.obj,fail,divergence,0,50,0
0x1c8a40,debug_sound_classes_enable,stubbable,sound_classes.obj,pass,,50,50,0
0x1c8a90,debug_sound_classes_set_distances,stubbable,sound_classes.obj,pass,,50,50,0
0x1c8ae0,debug_sound_classes_set_wet,stubbable,sound_classes.obj,pass,,50,50,0
0x1c8c00,sound_classes_update,stubbable,sound_classes.obj,fail,divergence,16,50,0
0x1c90e0,sound_dsound_get_sample_rate,stubbable,sound_dsound_xbox.obj,pass,,50,50,0
0x1c9130,sound_dsound_gain_to_volume,stubbable,sound_dsound_xbox.obj,pass,,50,50,0
0x1c91c0,sound_dsound_pitch_to_frequency,stubbable,sound_dsound_xbox.obj,pass,,50,50,0
0x1c9290,sound_dsound_channel_get,stubbable,sound_dsound_xbox.obj,pass,,70,70,0
0x1c92f0,sound_dsound_vchannel_get,stubbable,sound_dsound_xbox.obj,pass,,70,70,0
0x1c94d0,sound_dsound_channel_update_3d,stubbable,sound_dsound_xbox.obj,fail,divergence,0,50,0
0x1c9600,sound_dsound_channel_stop_check,stubbable,sound_dsound_xbox.obj,not_applicable,"oracle_vacuous_early_exit: 54.0% coverage, identical entry-point path across 50 seeds",50,50,0
0x1c98f0,sound_dsound_log_error,stubbable,sound_dsound_xbox.obj,pass,,50,50,0
0x1c99a0,sound_dsound_channel_try_resolve,stubbable,sound_dsound_xbox.obj,not_applicable,"oracle_vacuous_early_exit: 12.3% coverage, identical entry-point path across 50 seeds",50,50,0
0x1c9b40,sound_dsound_channel_resolve,stubbable,sound_dsound_xbox.obj,inconclusive,"vacuous_output: 1 unique return(s), no scratch or memory variation across 70 seeds",70,70,0
0x1ca5e0,sound_dsound_update_channel_properties,stubbable,sound_dsound_xbox.obj,pass,,50,50,0
0x1caa80,sound_dsound_set_channel_properties,stubbable,sound_dsound_xbox.obj,pass,,50,50,0
0x1c9230,dsound_angle_from_angle,stubbable,sound_dsound_xbox.obj,fail,divergence,46,50,0
0x1c9250,dsound_occlusion_from_occlusion,stubbable,sound_dsound_xbox.obj,fail,divergence,5,50,0
0x1c9270,dsound_obstruction_from_obstruction,stubbable,sound_dsound_xbox.obj,fail,divergence,5,50,0
0x1c9350,sound_dsound_set_last_error,stubbable,sound_dsound_xbox.obj,pass,,50,50,0
0x1c9bf0,sound_dsound_channel_release,stubbable,sound_dsound_xbox.obj,fail,divergence,46,50,0
0x1c9e20,FUN_001c9e20,stubbable,sound_dsound_xbox.obj,inconclusive,"vacuous_output: 0 unique return(s), no scratch or memory variation across 80 seeds",80,80,0
0x1ca130,FUN_001ca130,stubbable,sound_dsound_xbox.obj,inconclusive,"vacuous_output: 0 unique return(s), no scratch or memory variation across 70 seeds",70,70,0
0x1ca2b0,FUN_001ca2b0,stubbable,sound_dsound_xbox.obj,fail,divergence,48,50,0
0x1caab0,FUN_001caab0,stubbable,sound_dsound_xbox.obj,pass,,70,70,0
0x1cb0c0,FUN_001cb0c0,stubbable,sound_dsound_xbox.obj,fail,divergence,0,50,0
0x1ac2f0,sound_object_apply_pitch_delta,stubbable,sound_manager.obj,pass,,50,50,0
0x1be090,sound_cache_sound_finished,stubbable,sound_manager.obj,not_applicable,"oracle_vacuous_early_exit: 68.9% coverage, identical entry-point path across 49 seeds",49,50,0
0x1c7b00,sound_pitch_push_sample,stubbable,sound_manager.obj,not_applicable,"oracle_vacuous_early_exit: 34.0% coverage, identical entry-point path across 50 seeds",50,50,0
0x1c88c0,sound_class_get_definition,stubbable,sound_manager.obj,pass,,50,50,0
0x1c8d10,sound_get_default_priority,stubbable,sound_manager.obj,pass,,50,50,0
0x1c8d50,sound_class_get_min_distance,stubbable,sound_manager.obj,pass,,50,50,0
0x1c8de0,sound_select_pitch_range,stubbable,sound_manager.obj,pass,,26,50,0
0x1c8f20,sound_get_permutation_pitch,stubbable,sound_manager.obj,not_applicable,"oracle_vacuous_early_exit: 43.0% coverage, identical entry-point path across 89 seeds",89,90,0
0x1c8f80,sound_select_permutation,stubbable,sound_manager.obj,pass,,90,90,0
0x1cb790,sound_valid_for_channel,leaf,sound_manager.obj,pass,,50,50,0
0x1cb810,sound_initialize_for_new_map,leaf,sound_manager.obj,pass,,50,50,0
0x1cb8a0,sound_set_music_enabled,stubbable,sound_manager.obj,not_applicable,"oracle_vacuous_early_exit: 37.3% coverage, identical entry-point path across 6 seeds",6,70,0
0x1cb8e0,sound_render_time,data_only,sound_manager.obj,inconclusive,"vacuous_output: 1 unique return(s), no scratch or memory variation across 50 seeds",50,50,0
0x1cba20,sound_can_play,stubbable,sound_manager.obj,pass,,80,80,0
0x1cba80,sound_channel_get,stubbable,sound_manager.obj,pass,,50,50,0
0x1cbac0,sound_listener_get,stubbable,sound_manager.obj,pass,,50,50,0
0x1cbb00,sound_check_promotion,stubbable,sound_manager.obj,pass,,70,70,0
0x1cbd30,sound_collect_like_sounds,stubbable,sound_manager.obj,fail,divergence,0,50,0
0x1cbf30,sound_channel_start_new,stubbable,sound_manager.obj,inconclusive,"vacuous_output: 0 unique return(s), no scratch or memory variation across 47 seeds",47,70,0
0x1cbfb0,sound_channel_set_properties,stubbable,sound_manager.obj,pass,,35,50,0
0x1cc050,sound_channel_update_status,stubbable,sound_manager.obj,inconclusive,"vacuous_output: 1 unique return(s), no scratch or memory variation across 48 seeds",48,70,0
0x1cc140,sound_channel_stop,stubbable,sound_manager.obj,inconclusive,"vacuous_output: 0 unique return(s), no scratch or memory variation across 48 seeds",48,70,0
0x1cc490,sound_volume_crossfade,data_only,sound_manager.obj,pass,,50,50,0
0x1cc8c0,sound_compute_random_scale,stubbable,sound_manager.obj,inconclusive,"vacuous_output: 1 unique return(s), no scratch or memory variation across 50 seeds",50,50,0
0x1cc8f0,sound_start_fade,stubbable,sound_manager.obj,pass,,50,50,0
0x1cca60,sound_stop_channel,stubbable,sound_manager.obj,pass,,90,90,0
0x1ccd70,sound_find_oldest_channel,stubbable,sound_manager.obj,pass,,50,50,0
0x1ccf80,sound_update_channel,stubbable,sound_manager.obj,inconclusive,"vacuous_output: 0 unique return(s), no scratch or memory variation across 41 seeds",41,70,0
0x1cd2c0,sound_start_next_looping_permutation,stubbable,sound_manager.obj,pass,,50,50,0
0x1cd450,sound_stop_impulse,stubbable,sound_manager.obj,not_applicable,"oracle_vacuous_early_exit: 23.2% coverage, identical entry-point path across 50 seeds",50,50,0
0x1cd5a0,sound_allocate_channel,stubbable,sound_manager.obj,pass,,50,50,0
0x1cda50,sound_create_looping_entry,stubbable,sound_manager.obj,fail,divergence,0,50,0
0x1cdc30,sound_update_music_channel,stubbable,sound_manager.obj,pass,,90,90,0
0x1ce180,sound_start,stubbable,sound_manager.obj,pass,,90,90,0
0x1ceda0,sound_update_music,stubbable,sound_manager.obj,not_applicable,"oracle_vacuous_early_exit: 22.7% coverage, identical entry-point path across 50 seeds",50,65,0
0x1cf2f0,sound_idle,stubbable,sound_manager.obj,inconclusive,"vacuous_output: 0 unique return(s), no scratch or memory variation across 65 seeds",65,65,0
0x1cf640,sound_dispose_from_old_map,stubbable,sound_manager.obj,inconclusive,"vacuous_output: 0 unique return(s), no scratch or memory variation across 75 seeds",75,90,0
0x1cf730,sound_render,stubbable,sound_manager.obj,inconclusive,"vacuous_output: 0 unique return(s), no scratch or memory variation across 90 seeds",90,90,0
0x1ac030,FUN_001ac030,stubbable,sound_manager.obj,pass,,50,50,0
0x1ac070,FUN_001ac070,stubbable,sound_manager.obj,pass,,50,50,0
0x1ac0a0,FUN_001ac0a0,stubbable,sound_manager.obj,pass,,50,50,0
0x1ac0e0,FUN_001AC0E0,stubbable,sound_manager.obj,pass,,50,50,0
0x1ac150,FUN_001ac150,stubbable,sound_manager.obj,pass,,50,50,0
0x1ac350,unit_find_weapon_to_ready,stubbable,sound_manager.obj,not_applicable,lifted_extract_failed,0,0,0
0x1ac3b0,FUN_001ac3b0,stubbable,sound_manager.obj,pass,,50,50,0
0x1be100,FUN_001be100,stubbable,sound_manager.obj,not_applicable,"oracle_vacuous_early_exit: 81.6% coverage, identical entry-point path across 49 seeds",49,50,0
0x1be140,FUN_001be140,stubbable,sound_manager.obj,not_applicable,"oracle_vacuous_early_exit: 85.4% coverage, identical entry-point path across 49 seeds",49,50,0
0x1be170,FUN_001be170,stubbable,sound_manager.obj,pass,,50,50,0
0x1be1b0,FUN_001be1b0,stubbable,sound_manager.obj,pass,,50,50,0
0x1be270,FUN_001be270,stubbable,sound_manager.obj,fail,divergence,0,50,0
0x1be2b0,FUN_001be2b0,stubbable,sound_manager.obj,pass,,90,90,0
0x1c7b40,FUN_001c7b40,stubbable,sound_manager.obj,not_applicable,"oracle_vacuous_early_exit: 51.7% coverage, identical entry-point path across 50 seeds",50,50,0
0x1c88a0,sound_is_active,stubbable,sound_manager.obj,pass,,50,50,0
0x1c8ee0,FUN_001c8ee0,leaf,sound_manager.obj,pass,,50,50,1
0x1cb820,FUN_001cb820,stubbable,sound_manager.obj,inconclusive,"vacuous_output: 0 unique return(s), no scratch or memory variation across 70 seeds",70,85,0
0x1cb8f0,sound_reconnect_to_structure_bsp,stubbable,sound_manager.obj,inconclusive,"vacuous_output: 0 unique return(s), no scratch or memory variation across 65 seeds",65,65,0
0x1cb960,sound_try_and_get,stubbable,sound_manager.obj,inconclusive,"vacuous_output: 1 unique return(s), no scratch or memory variation across 50 seeds",50,50,0
0x1cb980,sound_enable,data_only,sound_manager.obj,pass,,50,50,0
0x1cb990,sound_scripted_dialog_is_playing,stubbable,sound_manager.obj,inconclusive,"vacuous_output: 1 unique return(s), no scratch or memory variation across 50 seeds",50,50,0
0x1cb9b0,sound_manager_set_sound_environment,data_only,sound_manager.obj,pass,,50,50,0
0x1cbc40,FUN_001cbc40,stubbable,sound_manager.obj,pass,,90,90,0
0x1cc1c0,FUN_001cc1c0,stubbable,sound_manager.obj,pass,,65,65,0
0x1cc2f0,FUN_001cc2f0,stubbable,sound_manager.obj,pass,,50,50,0
0x1cc440,FUN_001cc440,stubbable,sound_manager.obj,error,timeout,0,0,0
0x1cc4f0,FUN_001cc4f0,stubbable,sound_manager.obj,inconclusive,"vacuous_output: 0 unique return(s), no scratch or memory variation across 65 seeds",65,65,0
0x1cc710,sound_initialize,stubbable,sound_manager.obj,pass,,70,70,0
0x1cce80,sound_update_time,stubbable,sound_manager.obj,pass,,50,50,0
0x1cd4d0,sound_stop_impulse_by_source_and_definition,stubbable,sound_manager.obj,error,timeout,0,0,0
0x1cd540,sound_stop_all,stubbable,sound_manager.obj,not_applicable,"oracle_vacuous_early_exit: 20.8% coverage, identical entry-point path across 50 seeds",50,65,0
0x1cf820,FUN_001cf820,data_only,sound_manager.obj,pass,,50,50,0
0x92d60,stack_walk,stubbable,stack_walk_windows.obj,inconclusive,"vacuous_output: 1 unique return(s), no scratch or memory variation across 50 seeds",50,50,0
0x92370,FUN_00092370,data_only,stack_walk_windows.obj,fail,divergence,23,50,0
0x92440,stack_walk_dispose,stubbable,stack_walk_windows.obj,inconclusive,"vacuous_output: 0 unique return(s), no scratch or memory variation across 50 seeds",50,50,0
0x92460,stack_walk_with_context,stubbable,stack_walk_windows.obj,fail,divergence,0,50,0
0x92710,load_symbol_table,stubbable,stack_walk_windows.obj,fail,divergence,0,50,0
0x92d30,stack_walk_initialize,stubbable,stack_walk_windows.obj,inconclusive,"vacuous_output: 0 unique return(s), no scratch or memory variation across 50 seeds",50,50,0
0x19b0d0,tag_name_strip_path,stubbable,tag_groups.obj,pass,,50,50,0
0x1b9a90,tag_block_resize,stubbable,tag_groups.obj,pass,,50,50,0
0x1b9ab0,tag_data_resize,stubbable,tag_groups.obj,pass,,50,50,0
0x1b9ad0,tag_block_add_element,stubbable,tag_groups.obj,pass,,50,50,0
0x19b1a0,tag_data_get_pointer,stubbable,tag_groups.obj,pass,,50,50,0
0x19b210,tag_block_get_element,stubbable,tag_groups.obj,pass,,50,50,0
0x19b120,verify_tag_reference,stubbable,tag_groups.obj,pass,,50,50,0
0x19b320,FUN_0019b320,leaf,tag_groups.obj,pass,,50,50,0
0x19b330,FUN_0019B330,stubbable,tag_groups.obj,not_applicable,"oracle_vacuous_early_exit: 85.0% coverage, identical entry-point path across 50 seeds",50,50,0
0x19b3a0,FUN_0019b3a0,data_only,tag_groups.obj,inconclusive,"vacuous_output: 0 unique return(s), no scratch or memory variation across 50 seeds",50,50,0
0x19b3b0,FUN_0019b3b0,leaf,tag_groups.obj,pass,,50,50,0
0x1b9b00,FUN_001b9b00,stubbable,tag_groups.obj,pass,,50,50,0
0x1b9b30,tag_file_get_path,stubbable,tag_groups.obj,pass,,50,50,0
0x1b9b50,FUN_001b9b50,stubbable,tag_groups.obj,pass,,50,50,0
0x1b9b60,FUN_001b9b60,leaf,tag_groups.obj,pass,,49,50,0
0x1b9b80,FUN_001b9b80,data_only,tag_groups.obj,not_applicable,"oracle_vacuous_early_exit: 29.4% coverage, identical entry-point path across 89 seeds",89,90,0
0x1b9930,tag_loaded,stubbable,tags.obj,pass,,70,70,0
0x1b9fa0,FUN_001b9fa0,stubbable,tags.obj,error,emulation_error,0,50,0
0x1ba0c0,FUN_001ba0c0,stubbable,tags.obj,pass,,70,70,0
0x1ba140,tag_get,stubbable,tags.obj,pass,,50,50,0
0x1ba1f0,tag_get_name,stubbable,tags.obj,inconclusive,"vacuous_output: 1 unique return(s), no scratch or memory variation across 50 seeds",50,50,0
0x1ba210,tag_get_group_tag,stubbable,tags.obj,inconclusive,"vacuous_output: 1 unique return(s), no scratch or memory variation across 50 seeds",50,50,0
0x1ba250,FUN_001ba250,stubbable,tags.obj,pass,,50,50,0
0x1ba290,FUN_001ba290,stubbable,tags.obj,pass,,50,50,0
0x1ba2f0,FUN_001ba2f0,stubbable,tags.obj,pass,,70,70,0
0x1ba5d0,FUN_001ba5d0,stubbable,tags.obj,not_applicable,"oracle_vacuous_early_exit: 57.1% coverage, identical entry-point path across 65 seeds",65,65,0
0x1ba660,cache_copy_compressed_alloc,stubbable,tags.obj,pass,,50,50,0
0x1ba6c0,cache_copy_compressed_free,stubbable,tags.obj,pass,,50,50,0
0x1ba710,FUN_001ba710,stubbable,tags.obj,error,emulation_error,0,50,0
0x1ba7c0,cache_copy_initialize_and_fill_with_garbage,stubbable,tags.obj,pass,,50,50,0
0x1ba8b0,FUN_001ba8b0,stubbable,tags.obj,pass,,50,50,0
0x1ba930,FUN_001ba930,stubbable,tags.obj,pass,,50,50,0
0x1ba9d0,FUN_001ba9d0,stubbable,tags.obj,pass,,50,50,0
0x1bab60,get_write_buffer_size,stubbable,tags.obj,pass,,50,50,0
0x1bac00,FUN_001bac00,data_only,tags.obj,pass,,50,50,0
0x1bac70,FUN_001bac70,stubbable,tags.obj,pass,,50,50,0
0x1baca0,FUN_001baca0,stubbable,tags.obj,inconclusive,"vacuous_output: 0 unique return(s), no scratch or memory variation across 50 seeds",50,50,0
0x1baf50,FUN_001baf50,stubbable,tags.obj,inconclusive,"vacuous_output: 0 unique return(s), no scratch or memory variation across 85 seeds",85,85,0
0x193340,FUN_00193340,stubbable,structure_bsp_definitions.obj,fail,divergence,0,50,0
0x193550,structure_bsp_get_cluster_sound_data,stubbable,structure_bsp_definitions.obj,pass,,50,50,0
0x1935f0,structure_bsp_find_material_for_surface,stubbable,structure_bsp_definitions.obj,pass,,50,50,0
0x1937d0,structure_bsp_get_cluster_encoded_sound_data,stubbable,structure_bsp_definitions.obj,pass,,50,50,0
0x193870,structure_bsp_cluster_sound_encoding,stubbable,structure_bsp_definitions.obj,pass,,50,50,0
0x61ca0,FUN_00061ca0,stubbable,structures.obj,inconclusive,"vacuous_output: 0 unique return(s), no scratch or memory variation across 65 seeds",65,65,0
0x61d80,FUN_00061d80,leaf,structures.obj,pass,,50,50,1
0x61da0,FUN_00061da0,leaf,structures.obj,pass,,50,50,1
0x61dc0,FUN_00061dc0,leaf,structures.obj,pass,,50,50,0
0x61df0,FUN_00061df0,stubbable,structures.obj,pass,,50,50,0
0x61e80,FUN_00061e80,leaf,structures.obj,pass,,50,50,0
0x61ec0,FUN_00061ec0,leaf,structures.obj,pass,,50,50,0
0x61f10,FUN_00061f10,data_only,structures.obj,pass,,50,50,0
0x61fa0,FUN_00061fa0,data_only,structures.obj,fail,divergence,47,50,0
0x62020,FUN_00062020,stubbable,structures.obj,pass,,50,50,0
0x620f0,obstacles_get_discs_in_sphere,stubbable,structures.obj,pass,,50,50,0
0x62410,FUN_00062410,stubbable,structures.obj,pass,,50,50,0
0x624b0,FUN_000624b0,stubbable,structures.obj,pass,,50,50,0
0x625a0,FUN_000625a0,stubbable,structures.obj,pass,,50,50,0
0x62680,FUN_00062680,stubbable,structures.obj,pass,,50,50,0
0x628b0,FUN_000628b0,stubbable,structures.obj,pass,,28,50,0
0x99070,FUN_00099070,stubbable,structures.obj,not_applicable,"oracle_vacuous_early_exit: 5.4% coverage, identical entry-point path across 50 seeds",50,50,0
0x99220,FUN_00099220,leaf,structures.obj,pass,,50,50,0
0x99270,FUN_00099270,stubbable,structures.obj,pass,,50,50,0
0x1049d0,FUN_001049d0,stubbable,structures.obj,not_applicable,"oracle_vacuous_early_exit: 8.2% coverage, identical entry-point path across 50 seeds",50,50,0
0x104bd0,FUN_00104bd0,stubbable,structures.obj,pass,,50,50,0
0x104d40,FUN_00104d40,stubbable,structures.obj,not_applicable,"oracle_vacuous_early_exit: 9.4% coverage, identical entry-point path across 50 seeds",50,50,0
0x104fa0,FUN_00104fa0,stubbable,structures.obj,pass,,50,50,0
0x105160,FUN_00105160,stubbable,structures.obj,pass,,50,50,0
0x105550,FUN_00105550,stubbable,structures.obj,pass,,50,50,0
0x105610,FUN_00105610,stubbable,structures.obj,pass,,50,50,0
0x1056e0,FUN_001056e0,stubbable,structures.obj,pass,,50,50,0
0x1057a0,FUN_001057a0,leaf,structures.obj,pass,,50,50,0
0x1057c0,FUN_001057c0,leaf,structures.obj,fail,divergence,47,50,0
0x1057f0,FUN_001057f0,leaf,structures.obj,fail,divergence,46,50,0
0x105830,calculate_vertex,stubbable,structures.obj,pass,,50,50,0
0x105980,FUN_00105980,stubbable,structures.obj,fail,divergence,41,50,0
0x105c80,shell_update,stubbable,structures.obj,pass,,50,50,0
0x105d20,convex_hull2d_reduce,stubbable,structures.obj,not_applicable,"oracle_vacuous_early_exit: 7.0% coverage, identical entry-point path across 50 seeds",50,50,0
0x106030,FUN_00106030,stubbable,structures.obj,pass,,45,50,0
0x106130,FUN_00106130,data_only,structures.obj,pass,,49,50,0
0x106200,FUN_00106200,leaf,structures.obj,pass,,50,50,0
0x106290,FUN_00106290,leaf,structures.obj,fail,divergence,26,50,0
0x106330,FUN_00106330,data_only,structures.obj,pass,,50,50,0
0x18e420,FUN_0018e420,stubbable,structures.obj,not_applicable,"oracle_vacuous_early_exit: 80.9% coverage, identical entry-point path across 50 seeds",50,50,0
0x1913c0,reference_list_remove,stubbable,structures.obj,error,timeout,0,0,0
0x191440,reference_list_copy,stubbable,structures.obj,pass,,80,80,0
0x191500,cluster_partition_globals_new,stubbable,structures.obj,fail,divergence,0,50,0
0x1915d0,cluster_partition_clear,stubbable,structures.obj,pass,,49,50,0
0x191600,cluster_partition_dispose,stubbable,structures.obj,pass,,48,50,0
0x191630,cluster_partition_null_references,leaf,structures.obj,pass,,50,50,1
0x191660,cluster_partition_iter_next,stubbable,structures.obj,pass,,49,50,0
0x191690,FUN_00191690,stubbable,structures.obj,pass,,49,50,0
0x1916d0,FUN_001916d0,stubbable,structures.obj,pass,,49,50,0
0x191700,cluster_partition_copy,stubbable,structures.obj,pass,,50,50,0
0x191750,FUN_00191750,stubbable,structures.obj,pass,,50,50,0
0x1917a0,cluster_partition_add_object,stubbable,structures.obj,pass,,50,50,0
0x1919a0,cluster_partition_remove_object,stubbable,structures.obj,pass,,50,50,0
0x191a50,cluster_partition_iter_first,stubbable,structures.obj,pass,,50,50,0
0x191ad0,leaf_map_node_stack_push,stubbable,structures.obj,pass,,65,65,0
0x191b20,leaf_map_node_stack_pop,stubbable,structures.obj,pass,,65,65,0
0x191b60,leaf_map_node_stack_peek,stubbable,structures.obj,inconclusive,"vacuous_output: 1 unique return(s), no scratch or memory variation across 50 seeds",50,50,0
0x191ba0,FUN_00191ba0,stubbable,structures.obj,pass,,50,50,0
0x191bd0,FUN_00191bd0,stubbable,structures.obj,pass,,70,70,0
0x191c70,FUN_00191c70,stubbable,structures.obj,pass,,27,50,0
0x191cb0,leaf_map_mark_portal_designators,stubbable,structures.obj,pass,,50,50,0
0x191d80,FUN_00191d80,stubbable,structures.obj,pass,,50,50,0
0x191de0,FUN_00191de0,stubbable,structures.obj,pass,,50,50,0
0x191e90,FUN_00191e90,stubbable,structures.obj,pass,,50,50,0
0x191ff0,FUN_00191ff0,stubbable,structures.obj,pass,,50,50,0
0x192050,leaf_map_build_portal_from_leaves,stubbable,structures.obj,fail,divergence,0,50,0
0x192390,FUN_00192390,stubbable,structures.obj,pass,,70,70,0
0x1926a0,FUN_001926a0,stubbable,structures.obj,pass,,89,90,0
0x192710,FUN_00192710,stubbable,structures.obj,error,mem-limit,0,0,0
0x193970,structure_detail_objects_initialize,stubbable,structures.obj,inconclusive,"vacuous_output: 0 unique return(s), no scratch or memory variation across 50 seeds",50,50,0
0x193bb0,structure_detail_objects_initialize_for_new_map,stubbable,structures.obj,pass,,65,65,0
0x194070,FUN_00194070,stubbable,structures.obj,not_applicable,"oracle_vacuous_early_exit: 3.4% coverage, identical entry-point path across 50 seeds",50,50,0
0x194360,FUN_00194360,leaf,structures.obj,inconclusive,"vacuous_output: 1 unique return(s), no scratch or memory variation across 49 seeds",49,50,0
0x194380,FUN_00194380,stubbable,structures.obj,pass,,50,50,0
0x1943e0,build_structure_lens_flares,stubbable,structures.obj,not_applicable,"oracle_vacuous_early_exit: 2.1% coverage, identical entry-point path across 50 seeds",50,50,0
0x1954d0,FUN_001954d0,stubbable,structures.obj,inconclusive,"vacuous_output: 0 unique return(s), no scratch or memory variation across 50 seeds",50,50,0
0x195530,FUN_00195530,leaf,structures.obj,pass,,50,50,0
0x195550,FUN_00195550,stubbable,structures.obj,pass,,50,50,0
0x195650,FUN_00195650,stubbable,structures.obj,pass,,50,50,0
0x1956d0,FUN_001956d0,stubbable,structures.obj,pass,,50,50,0
0x195790,FUN_00195790,stubbable,structures.obj,pass,,50,50,0
0x1959f0,FUN_001959f0,stubbable,structures.obj,inconclusive,"vacuous_output: 0 unique return(s), no scratch or memory variation across 90 seeds",90,90,0
0x195b10,FUN_00195b10,stubbable,structures.obj,inconclusive,"vacuous_output: 0 unique return(s), no scratch or memory variation across 80 seeds",80,80,0
0x195bc0,FUN_00195bc0,stubbable,structures.obj,inconclusive,"vacuous_output: 0 unique return(s), no scratch or memory variation across 80 seeds",80,80,0
0x195c40,FUN_00195c40,stubbable,structures.obj,inconclusive,"vacuous_output: 0 unique return(s), no scratch or memory variation across 65 seeds",65,65,0
0x195cb0,FUN_00195cb0,stubbable,structures.obj,inconclusive,"vacuous_output: 0 unique return(s), no scratch or memory variation across 65 seeds",65,65,0
0x195d00,FUN_00195d00,stubbable,structures.obj,inconclusive,"vacuous_output: 0 unique return(s), no scratch or memory variation across 65 seeds",65,65,0
0x195d40,FUN_00195d40,stubbable,structures.obj,inconclusive,"vacuous_output: 0 unique return(s), no scratch or memory variation across 80 seeds",80,80,0
0x195dc0,FUN_00195dc0,stubbable,structures.obj,inconclusive,"vacuous_output: 0 unique return(s), no scratch or memory variation across 80 seeds",80,80,0
0x195e40,FUN_00195e40,stubbable,structures.obj,inconclusive,"vacuous_output: 0 unique return(s), no scratch or memory variation across 80 seeds",80,80,0
0x195ec0,FUN_00195ec0,stubbable,structures.obj,inconclusive,"vacuous_output: 0 unique return(s), no scratch or memory variation across 65 seeds",65,65,0
0x195f30,FUN_00195f30,stubbable,structures.obj,pass,,50,50,0
0x196060,FUN_00196060,stubbable,structures.obj,pass,,50,50,0
0x196190,render_structure_shadows,stubbable,structures.obj,pass,,50,50,0
0x196290,structure_runtime_decals_initialize,stubbable,structures.obj,not_applicable,"oracle_vacuous_early_exit: 92.9% coverage, identical entry-point path across 50 seeds",50,50,0
0x1962d0,structure_runtime_decals_initialize_for_new_map,stubbable,structures.obj,not_applicable,"oracle_vacuous_early_exit: 74.5% coverage, identical entry-point path across 50 seeds",50,50,0
0x196330,FUN_00196330,stubbable,structures.obj,not_applicable,"oracle_vacuous_early_exit: 23.5% coverage, identical entry-point path across 50 seeds",50,50,0
0x1963a0,structure_runtime_decals_dispose_from_old_map,leaf,structures.obj,pass,,50,50,0
0x1963b0,structure_runtime_decals_dispose,leaf,structures.obj,pass,,50,50,0
0x196fd0,FUN_00196fd0,stubbable,structures.obj,pass,,90,90,0
0x197130,FUN_00197130,stubbable,structures.obj,pass,,50,50,0
0x197310,FUN_00197310,stubbable,structures.obj,pass,,50,50,0
0x1974f0,FUN_001974f0,stubbable,structures.obj,pass,,50,50,0
0x197570,FUN_00197570,data_only,structures.obj,pass,,50,50,0
0x1975e0,FUN_001975e0,stubbable,structures.obj,pass,,50,50,0
0x1978a0,FUN_001978a0,stubbable,structures.obj,pass,,47,50,0
0x197e90,FUN_00197e90,stubbable,structures.obj,pass,,55,55,0
0x198070,FUN_00198070,stubbable,structures.obj,not_applicable,"oracle_vacuous_early_exit: 68.5% coverage, identical entry-point path across 50 seeds",50,50,0
0x198180,render_structure_visibility,stubbable,structures.obj,pass,,80,80,0
0x1983c0,structures_initialize,stubbable,structures.obj,inconclusive,"vacuous_output: 0 unique return(s), no scratch or memory variation across 50 seeds",50,50,0
0x1983d0,structures_initialize_for_new_map,stubbable,structures.obj,inconclusive,"vacuous_output: 0 unique return(s), no scratch or memory variation across 50 seeds",50,50,0
0x1983e0,structures_dispose_from_old_map,stubbable,structures.obj,inconclusive,"vacuous_output: 0 unique return(s), no scratch or memory variation across 50 seeds",50,50,0
0x1983f0,structures_dispose,stubbable,structures.obj,inconclusive,"vacuous_output: 0 unique return(s), no scratch or memory variation across 50 seeds",50,50,0
0x198400,structures_cluster_marker_begin,stubbable,structures.obj,pass,,80,80,0
0x198440,structure_cluster_unmarked,stubbable,structures.obj,inconclusive,"vacuous_output: 1 unique return(s), no scratch or memory variation across 65 seeds",65,65,0
0x1984c0,structure_cluster_mark,stubbable,structures.obj,inconclusive,"vacuous_output: 1 unique return(s), no scratch or memory variation across 65 seeds",65,65,0
0x198540,structures_cluster_marker_end,stubbable,structures.obj,not_applicable,"oracle_vacuous_early_exit: 77.6% coverage, identical entry-point path across 50 seeds",50,50,0
0x198580,structure_render_surface_from_point_and_leaf,stubbable,structures.obj,pass,,50,50,0
0x198730,structure_get_planar_fog_definition_index,stubbable,structures.obj,pass,,50,50,0
0x198800,structure_get_planar_fog,stubbable,structures.obj,fail,divergence,43,50,0
0x1989b0,FUN_001989b0,stubbable,structures.obj,fail,divergence,0,50,0
0x198ad0,structure_clusters_in_cone,stubbable,structures.obj,fail,divergence,36,70,0
0x198cb0,structure_test_vector,stubbable,structures.obj,pass,,75,75,0
0x198f10,FUN_00198f10,stubbable,structures.obj,fail,divergence,0,50,0
0x1990d0,render_debug_fog_planes,stubbable,structures.obj,not_applicable,"oracle_vacuous_early_exit: 6.6% coverage, identical entry-point path across 50 seeds",50,50,0
0x199230,structure_find_in_cluster,stubbable,structures.obj,fail,divergence,33,50,0
0x199360,set_file_location_volume_name,stubbable,structures.obj,pass,,50,50,0
0x1954e0,FUN_001954e0,stubbable,structure_render.obj,pass,,50,50,0
0x193910,FUN_00193910,data_only,structure_detail_objects.obj,inconclusive,"vacuous_output: 1 unique return(s), no scratch or memory variation across 50 seeds",50,50,0
0x1939c0,structure_detail_objects_dispose_from_old_map,leaf,structure_detail_objects.obj,pass,,50,50,0
0x1939d0,structure_detail_objects_dispose,leaf,structure_detail_objects.obj,pass,,50,50,0
0x1939f0,FUN_001939f0,data_only,structure_detail_objects.obj,pass,,50,50,0
0x193b80,FUN_00193b80,leaf,structure_detail_objects.obj,pass,,50,50,0
0x193a80,FUN_00193a80,leaf,structure_detail_objects.obj,pass,,50,50,0
0x193b00,FUN_00193b00,leaf,structure_detail_objects.obj,pass,,50,50,0
0x193c00,FUN_00193c00,stubbable,structure_detail_objects.obj,not_applicable,"oracle_vacuous_early_exit: 2.5% coverage, identical entry-point path across 50 seeds",50,50,0
0x1963c0,structure_decals_update,stubbable,structure_runtime_decals.obj,pass,,70,70,0
0x1965d0,debug_pvs,data_only,structure_visibility.obj,pass,,50,50,0
0x1965f0,structure_visibility_find_camera,stubbable,structure_visibility.obj,pass,,50,50,0
0x1966b0,FUN_001966b0,stubbable,structure_visibility.obj,inconclusive,"vacuous_output: 0 unique return(s), no scratch or memory variation across 65 seeds",65,65,0
0x196850,FUN_00196850,stubbable,structure_visibility.obj,inconclusive,"vacuous_output: 0 unique return(s), no scratch or memory variation across 65 seeds",65,65,0
0x197b00,FUN_00197b00,stubbable,structure_visibility.obj,pass,,90,90,0
0x130980,telnet_console_initialize,stubbable,telnet_console.obj,not_applicable,"oracle_vacuous_early_exit: 30.5% coverage, identical entry-point path across 50 seeds",50,50,0
0x130a60,telnet_console_dispose,stubbable,telnet_console.obj,inconclusive,"vacuous_output: 0 unique return(s), no scratch or memory variation across 70 seeds",70,70,0
0x130d60,telnet_console_process,stubbable,telnet_console.obj,inconclusive,"vacuous_output: 0 unique return(s), no scratch or memory variation across 65 seeds",65,65,0
0x130ec0,antenna_debug_data_new,stubbable,telnet_console.obj,inconclusive,"vacuous_output: 0 unique return(s), no scratch or memory variation across 50 seeds",50,50,0
0x130ef0,antenna_debug_data_dispose,stubbable,telnet_console.obj,inconclusive,"vacuous_output: 0 unique return(s), no scratch or memory variation across 50 seeds",50,50,0
0x130f00,antenna_debug_data_invalidate,stubbable,telnet_console.obj,inconclusive,"vacuous_output: 0 unique return(s), no scratch or memory variation across 50 seeds",50,50,0
0x130f10,antenna_debug_data_clear,data_only,telnet_console.obj,not_applicable,"oracle_vacuous_early_exit: 50.0% coverage, identical entry-point path across 50 seeds",50,50,0
0x130f30,antenna_debug_data_add,stubbable,telnet_console.obj,pass,,70,70,0
0x131130,antenna_debug_data_remove,stubbable,telnet_console.obj,inconclusive,"vacuous_output: 0 unique return(s), no scratch or memory variation across 50 seeds",50,50,0
0x131150,antenna_debug_data_relocate_marker,stubbable,telnet_console.obj,pass,,33,50,0
0x131280,antenna_debug_data_draw_beams,stubbable,telnet_console.obj,pass,,30,50,0
0x131700,antenna_debug_data_set_object,stubbable,telnet_console.obj,pass,,50,50,0
0x131790,antenna_debug_data_update_all,stubbable,telnet_console.obj,error,timeout,0,0,0
0x131840,FUN_00131840,stubbable,telnet_console.obj,pass,,50,50,0
0x1318f0,telnet_console_print,stubbable,telnet_console.obj,pass,,50,50,0
0x1319b0,FUN_001319b0,stubbable,telnet_console.obj,inconclusive,"vacuous_output: 0 unique return(s), no scratch or memory variation across 50 seeds",50,50,0
0x1319e0,FUN_001319e0,stubbable,telnet_console.obj,inconclusive,"vacuous_output: 0 unique return(s), no scratch or memory variation across 50 seeds",50,50,0
0x1319f0,FUN_001319f0,stubbable,telnet_console.obj,inconclusive,"vacuous_output: 0 unique return(s), no scratch or memory variation across 50 seeds",50,50,0
0x131a00,FUN_00131a00,data_only,telnet_console.obj,not_applicable,"oracle_vacuous_early_exit: 50.0% coverage, identical entry-point path across 50 seeds",50,50,0
0x131b40,FUN_00131b40,stubbable,telnet_console.obj,inconclusive,"vacuous_output: 0 unique return(s), no scratch or memory variation across 50 seeds",50,50,0
0x131ed0,FUN_00131ed0,stubbable,telnet_console.obj,pass,,50,50,0
0x132ca0,FUN_00132ca0,stubbable,telnet_console.obj,pass,,90,90,0
0x132e20,FUN_00132e20,stubbable,telnet_console.obj,pass,,50,50,0
0x132ea0,FUN_00132ea0,stubbable,telnet_console.obj,error,timeout,0,0,0
0xe33a0,FUN_000e33a0,stubbable,terminal.obj,inconclusive,"vacuous_output: 0 unique return(s), no scratch or memory variation across 50 seeds",50,50,0
0xe33e0,FUN_000e33e0,stubbable,terminal.obj,inconclusive,"vacuous_output: 0 unique return(s), no scratch or memory variation across 65 seeds",65,65,0
0xe3410,terminal_remove_line,stubbable,terminal.obj,pass,,50,50,0
0xe34a0,terminal_show,stubbable,terminal.obj,inconclusive,"vacuous_output: 0 unique return(s), no scratch or memory variation across 65 seeds",65,65,0
0xe34e0,terminal_open,stubbable,terminal.obj,pass,,50,50,0
0xe3560,terminal_dispose,data_only,terminal.obj,pass,,50,50,0
0xe3580,terminal_process_input,stubbable,terminal.obj,pass,,70,70,0
0xe3640,terminal_age_lines,stubbable,terminal.obj,error,timeout,0,0,0
0xe3690,terminal_draw,stubbable,terminal.obj,inconclusive,"vacuous_output: 0 unique return(s), no scratch or memory variation across 65 seeds",65,65,0
0xe3940,terminal_get_line,stubbable,terminal.obj,not_applicable,"oracle_vacuous_early_exit: 67.1% coverage, identical entry-point path across 50 seeds",50,50,0
0xe39e0,terminal_update,stubbable,terminal.obj,inconclusive,"vacuous_output: 1 unique return(s), no scratch or memory variation across 65 seeds",65,65,0
0xe3a10,terminal_output,stubbable,terminal.obj,pass,,65,65,0
0x7f570,tiff_get_bounds,stubbable,tiff_file.obj,pass,,50,50,0
0x7f5e0,tiff_export,stubbable,tiff_file.obj,pass,,50,50,0
0x7fa00,tiff_import,stubbable,tiff_file.obj,not_applicable,"oracle_vacuous_early_exit: 7.1% coverage, identical entry-point path across 50 seeds",50,50,0
0x81630,thread_new,stubbable,thread_win32.obj,pass,,80,80,0
0x81720,thread_is_done,stubbable,thread_win32.obj,pass,,50,50,0
0x81770,thread_close,stubbable,thread_win32.obj,pass,,50,50,0
0x81870,take_mutex,stubbable,thread_win32.obj,pass,,50,50,0
0x818d0,release_mutex,stubbable,thread_win32.obj,pass,,50,50,0
0x81170,FUN_00081170,stubbable,thread_win32.obj,error,emulation_error,0,50,0
0x81250,FUN_00081250,stubbable,thread_win32.obj,pass,,50,50,0
0x81300,FUN_00081300,stubbable,thread_win32.obj,pass,,50,50,0
0x81410,FUN_00081410,stubbable,thread_win32.obj,pass,,50,50,0
0x81480,FUN_00081480,stubbable,thread_win32.obj,pass,,50,50,0
0x815f0,FUN_000815f0,data_only,thread_win32.obj,not_applicable,"oracle_vacuous_early_exit: 78.0% coverage, identical entry-point path across 50 seeds",50,50,0
0x817e0,create_mutex,stubbable,thread_win32.obj,pass,,50,50,0
0x81910,FUN_00081910,stubbable,thread_win32.obj,pass,,50,50,0
0x81980,FUN_00081980,stubbable,thread_win32.obj,pass,,50,50,0
0x81a20,FUN_00081a20,stubbable,thread_win32.obj,pass,,55,55,0
0x81e00,FUN_00081e00,stubbable,transport_endpoint_set_winsock.obj,pass,,50,50,0
0x82130,transport_initialize,stubbable,transport_endpoint_set_winsock.obj,not_applicable,"oracle_vacuous_early_exit: 8.9% coverage, identical entry-point path across 55 seeds",55,55,0
0x822d0,transport_dispose,stubbable,transport_endpoint_set_winsock.obj,not_applicable,"oracle_vacuous_early_exit: 82.9% coverage, identical entry-point path across 50 seeds",50,50,0
0x82300,transport_network_available,stubbable,transport_endpoint_set_winsock.obj,inconclusive,"vacuous_output: 1 unique return(s), no scratch or memory variation across 50 seeds",50,50,0
0x82850,remove_endpoint_from_set,stubbable,transport_endpoint_set_winsock.obj,pass,,60,60,0
0x82b30,FUN_00082b30,stubbable,transport_endpoint_set_winsock.obj,pass,,65,65,0
0x82d30,endpoint_pool_cleanup,stubbable,transport_endpoint_set_winsock.obj,not_applicable,"oracle_vacuous_early_exit: 62.7% coverage, identical entry-point path across 50 seeds",50,50,0
0x82e50,recv_endpoint,stubbable,transport_endpoint_set_winsock.obj,pass,,55,55,0
0x82f50,send_endpoint,stubbable,transport_endpoint_set_winsock.obj,pass,,55,55,0
0x831a0,FUN_000831a0,stubbable,transport_endpoint_set_winsock.obj,inconclusive,"vacuous_output: 1 unique return(s), no scratch or memory variation across 49 seeds",49,50,0
0x83310,winsock_error_report,stubbable,transport_endpoint_set_winsock.obj,pass,,81,85,0
0x83a60,FUN_00083a60,stubbable,transport_endpoint_set_winsock.obj,pass,,65,65,0
0x83ce0,FUN_00083ce0,stubbable,transport_endpoint_set_winsock.obj,pass,,65,65,0
0x84000,close_endpoint,stubbable,transport_endpoint_set_winsock.obj,pass,,60,60,0
0x84300,transport_server_terminate,stubbable,transport_endpoint_set_winsock.obj,pass,,50,50,0
0x848c0,destroy_endpoint,stubbable,transport_endpoint_set_winsock.obj,fail,divergence,0,50,0
0x81ec0,transport_get_nonce,stubbable,transport_endpoint_set_winsock.obj,pass,,50,50,0
0x81f30,transport_nonce_is_equal,stubbable,transport_endpoint_set_winsock.obj,pass,,50,50,0
0x81fa0,transport_nonce_is_equal_to_global,stubbable,transport_endpoint_set_winsock.obj,pass,,50,50,0
0x82060,transport_get_xnaddr,data_only,transport_endpoint_set_winsock.obj,pass,,50,50,0
0x82090,transport_get_key_id,stubbable,transport_endpoint_set_winsock.obj,inconclusive,"vacuous_output: 1 unique return(s), no scratch or memory variation across 55 seeds",55,55,0
0x820d0,transport_get_key,stubbable,transport_endpoint_set_winsock.obj,pass,,50,50,0
0x82310,create_endpoint_set,stubbable,transport_endpoint_set_winsock.obj,pass,,50,50,0
0x82410,delete_endpoint_set,stubbable,transport_endpoint_set_winsock.obj,inconclusive,"vacuous_output: 0 unique return(s), no scratch or memory variation across 89 seeds",89,90,0
0x824a0,FUN_000824a0,leaf,transport_endpoint_set_winsock.obj,pass,,50,50,0
0x824d0,poll_endpoint_set,stubbable,transport_endpoint_set_winsock.obj,pass,,68,90,0
0x82940,rewind_endpoint_set,stubbable,transport_endpoint_set_winsock.obj,pass,,49,50,0
0x829b0,FUN_000829b0,stubbable,transport_endpoint_set_winsock.obj,pass,,49,50,0
0x82a30,FUN_00082a30,stubbable,transport_endpoint_set_winsock.obj,pass,,49,50,0
0x82a90,FUN_00082a90,stubbable,transport_endpoint_set_winsock.obj,inconclusive,"vacuous_output: 0 unique return(s), no scratch or memory variation across 60 seeds",60,60,0
0x82bd0,FUN_00082bd0,stubbable,transport_endpoint_set_winsock.obj,pass,,50,50,0
0x82df0,count_endpoints_in_set,stubbable,transport_endpoint_set_winsock.obj,pass,,60,60,0
0x83040,FUN_00083040,stubbable,transport_endpoint_set_winsock.obj,inconclusive,"vacuous_output: 1 unique return(s), no scratch or memory variation across 49 seeds",49,50,0
0x83100,transport_server_initialize,stubbable,transport_endpoint_set_winsock.obj,pass,,50,50,0
0x831e0,FUN_000831e0,stubbable,transport_endpoint_set_winsock.obj,pass,,50,50,0
0x83220,FUN_00083220,stubbable,transport_endpoint_set_winsock.obj,pass,,50,50,0
0x83260,FUN_00083260,stubbable,transport_endpoint_set_winsock.obj,pass,,50,50,0
0x832a0,FUN_000832a0,stubbable,transport_endpoint_set_winsock.obj,pass,,50,50,0
0x83bd0,FUN_00083bd0,stubbable,transport_endpoint_set_winsock.obj,pass,,89,90,0
0x84080,FUN_00084080,stubbable,transport_endpoint_set_winsock.obj,pass,,54,55,0
0x84450,FUN_00084450,stubbable,transport_endpoint_set_winsock.obj,pass,,89,90,0
0x84940,FUN_00084940,stubbable,transport_endpoint_set_winsock.obj,not_applicable,"oracle_vacuous_early_exit: 72.7% coverage, identical entry-point path across 50 seeds",50,50,0
0x84970,FUN_00084970,stubbable,transport_endpoint_set_winsock.obj,pass,,50,50,0
0xe3b80,event_controller_index_compatible_with_widget,leaf,ui_widget.obj,pass,,50,50,0
0xe3bb0,set_ui_plasma_effect_color,data_only,ui_widget.obj,pass,,50,50,0
0xe3be0,ui_widgets_initialize,stubbable,ui_widget.obj,not_applicable,"oracle_vacuous_early_exit: 98.7% coverage, identical entry-point path across 50 seeds",50,50,0
0xe3c80,ui_widgets_safe_to_load,leaf,ui_widget.obj,pass,,50,50,0
0xe3c90,ui_widgets_set_fade_value,data_only,ui_widget.obj,pass,,50,50,0
0xe3ca0,ui_widget_debug_show_path,data_only,ui_widget.obj,pass,,50,50,0
0xe3cb0,widget_instance_count_children,leaf,ui_widget.obj,pass,,49,50,1
0xe3cd0,widget_instance_get_nth_child,stubbable,ui_widget.obj,pass,,90,90,0
0xe3d20,ui_widget_realloc,stubbable,ui_widget.obj,pass,,50,50,0
0xe3d50,widget_free,stubbable,ui_widget.obj,pass,,50,50,0
0xe3d70,ui_widgets_active,data_only,ui_widget.obj,pass,,65,65,0
0xe3e10,ui_widget_set_events_suppressed,stubbable,ui_widget.obj,not_applicable,"oracle_vacuous_early_exit: 63.1% coverage, identical entry-point path across 50 seeds",50,50,0
0xe4310,ui_widget_get_last_child,leaf,ui_widget.obj,pass,,49,50,0
0xe4370,widget_instance_set_visibility_recursive,stubbable,ui_widget.obj,pass,,49,50,0
0xe43d0,main_menu_active,data_only,ui_widget.obj,pass,,50,50,0
0xe43e0,main_menu_is_active,data_only,ui_widget.obj,inconclusive,"vacuous_output: 1 unique return(s), no scratch or memory variation across 50 seeds",50,50,0
0xe43f0,ui_widget_is_main_menu_loaded,stubbable,ui_widget.obj,pass,,70,70,0
0xe4470,ui_widget_load_progress_widget,stubbable,ui_widget.obj,inconclusive,"vacuous_output: 0 unique return(s), no scratch or memory variation across 50 seeds",50,50,0
0xe4480,ui_widget_initialization_in_progress,data_only,ui_widget.obj,inconclusive,"vacuous_output: 1 unique return(s), no scratch or memory variation across 50 seeds",50,50,0
0xe44d0,display_error_when_main_menu_loaded,stubbable,ui_widget.obj,not_applicable,"oracle_vacuous_early_exit: 71.4% coverage, identical entry-point path across 50 seeds",50,50,0
0xe4500,display_error_deferred,stubbable,ui_widget.obj,inconclusive,"vacuous_output: 0 unique return(s), no scratch or memory variation across 50 seeds",50,50,0
0xe4590,display_error_abort_to_dashboard_deferred,stubbable,ui_widget.obj,not_applicable,"oracle_vacuous_early_exit: 58.8% coverage, identical entry-point path across 65 seeds",65,65,0
0xe45d0,ui_widget_start_title_music,stubbable,ui_widget.obj,not_applicable,"oracle_vacuous_early_exit: 82.7% coverage, identical entry-point path across 50 seeds",50,50,0
0xe4640,ui_widget_stop_attract_mode,stubbable,ui_widget.obj,inconclusive,"vacuous_output: 0 unique return(s), no scratch or memory variation across 65 seeds",65,65,0
0xe46a0,ui_widget_get_attract_mode_flag,data_only,ui_widget.obj,inconclusive,"vacuous_output: 1 unique return(s), no scratch or memory variation across 50 seeds",50,50,0
0xe46b0,ui_widgets_disable_pause_game,stubbable,ui_widget.obj,pass,,50,50,0
0xe4800,ui_widget_add_child,stubbable,ui_widget.obj,pass,,50,50,0
0xe4890,ui_widget_close_children,stubbable,ui_widget.obj,pass,,49,50,0
0xe4910,ui_widget_find_by_tag,leaf,ui_widget.obj,pass,,3,50,1
0xe4980,FUN_000e4980,stubbable,ui_widget.obj,pass,,50,50,0
0xe4a40,widget_instance_text_box_is_focused,leaf,ui_widget.obj,pass,,49,50,0
0xe4a80,FUN_000e4a80,stubbable,ui_widget.obj,pass,,50,50,0
0xe4c70,FUN_000e4c70,stubbable,ui_widget.obj,pass,,50,50,0
0xe4d40,FUN_000e4d40,stubbable,ui_widget.obj,inconclusive,"vacuous_output: 1 unique return(s), no scratch or memory variation across 50 seeds",50,50,0
0xe4f20,ui_widget_apply_focus,stubbable,ui_widget.obj,pass,,89,90,0
0xe5530,get_ui_argb_white,data_only,ui_widget.obj,pass,,50,50,0
0xe5590,FUN_000e5590,stubbable,ui_widget.obj,inconclusive,"vacuous_output: 0 unique return(s), no scratch or memory variation across 50 seeds",50,50,0
0xe55e0,modulate_pixel32_by_real_alpha,data_only,ui_widget.obj,pass,,50,50,0
0xe5620,ui_widget_close,stubbable,ui_widget.obj,pass,,70,70,0
0xe58c0,ui_widgets_close_all,stubbable,ui_widget.obj,not_applicable,"oracle_vacuous_early_exit: 55.4% coverage, identical entry-point path across 90 seeds",90,90,0
0xe5910,ui_widgets_close_for_local_player,stubbable,ui_widget.obj,inconclusive,"vacuous_output: 0 unique return(s), no scratch or memory variation across 50 seeds",50,50,0
0xe59e0,ui_widgets_pop_stack,stubbable,ui_widget.obj,inconclusive,"vacuous_output: 0 unique return(s), no scratch or memory variation across 50 seeds",50,50,0
0xe5a40,main_screen_shell_begin_fade,stubbable,ui_widget.obj,pass,,50,50,0
0xe5ab0,ui_play_audio_feedback_sound,stubbable,ui_widget.obj,inconclusive,"vacuous_output: 0 unique return(s), no scratch or memory variation across 50 seeds",50,50,0
0xe6140,render_text_box_widget,stubbable,ui_widget.obj,fail,divergence,2,50,0
0xe6890,ui_widget_set_focus,stubbable,ui_widget.obj,pass,,49,50,0
0xe6980,ui_widget_begin_filesystem_checks,stubbable,ui_widget.obj,inconclusive,"vacuous_output: 0 unique return(s), no scratch or memory variation across 80 seeds",80,80,0
0xe6a60,ui_widgets_dispose,stubbable,ui_widget.obj,not_applicable,"oracle_vacuous_early_exit: 79.2% coverage, identical entry-point path across 50 seeds",50,50,0
0xe76b0,FUN_000e76b0,stubbable,ui_widget.obj,pass,,89,90,0
0xe78e0,render_ui_widgets,stubbable,ui_widget.obj,pass,,50,50,0
0xe7d00,ui_widget_process_event,stubbable,ui_widget.obj,fail,divergence,69,90,0
0xe84e0,ui_widget_load_by_name_or_tag,stubbable,ui_widget.obj,pass,,65,65,0
0xe8700,main_screen_shell_load,stubbable,ui_widget.obj,inconclusive,"vacuous_output: 0 unique return(s), no scratch or memory variation across 65 seeds",65,65,0
0xe8910,ui_widget_display_error,stubbable,ui_widget.obj,inconclusive,"vacuous_output: 0 unique return(s), no scratch or memory variation across 17 seeds",17,90,0
0xe8c90,ui_widget_load_error_screen,stubbable,ui_widget.obj,inconclusive,"vacuous_output: 0 unique return(s), no scratch or memory variation across 50 seeds",50,50,0
0xe9080,ui_widgets_process_pause,stubbable,ui_widget.obj,not_applicable,"oracle_vacuous_early_exit: 9.0% coverage, identical entry-point path across 70 seeds",70,70,0
0xe9320,ui_widget_spawn_from_event_handler,stubbable,ui_widget.obj,pass,,49,50,0
0xe9450,process_ui_widgets,stubbable,ui_widget.obj,inconclusive,"vacuous_output: 0 unique return(s), no scratch or memory variation across 65 seeds",65,65,0
0xe98b0,ui_widget_clear_last_error_index,data_only,ui_widget.obj,inconclusive,"vacuous_output: 0 unique return(s), no scratch or memory variation across 50 seeds",50,50,0
0xe98c0,ui_widget_initialize_single_player_level_list,stubbable,ui_widget.obj,pass,,50,50,0
0xe9a60,ui_widget_dispose_single_player_level_list,stubbable,ui_widget.obj,pass,,50,50,0
0xe9cb0,ui_widget_join_controller_to_multiplayer_game,stubbable,ui_widget.obj,pass,,50,50,0
0xe9d40,FUN_000E9D40,stubbable,ui_widget.obj,pass,,50,50,0
0xe9dd0,FUN_000e9dd0,stubbable,ui_widget.obj,pass,,90,90,0
0xe9fd0,ui_widget_dispose_network_game_server_list,leaf,ui_widget.obj,pass,,50,50,1
0xea010,FUN_000ea010,stubbable,ui_widget.obj,not_applicable,"oracle_vacuous_early_exit: 68.8% coverage, identical entry-point path across 50 seeds",50,50,0
0xea100,ui_widget_multiplayer_level_list_initialize,stubbable,ui_widget.obj,pass,,60,60,0
0xea1f0,ui_widget_multiplayer_level_list_dispose,leaf,ui_widget.obj,pass,,50,50,1
0xea210,ui_widget_multiplayer_level_select,stubbable,ui_widget.obj,pass,,60,60,0
0xea3e0,ui_widget_multiplayer_profiles_list_initialize,stubbable,ui_widget.obj,pass,,60,60,0
0xea540,FUN_000ea540,stubbable,ui_widget.obj,pass,,50,50,0
0xea900,FUN_000ea900,stubbable,ui_widget.obj,pass,,50,50,0
0xeab70,FUN_000eab70,stubbable,ui_widget.obj,pass,,50,50,0
0xeb020,FUN_000eb020,stubbable,ui_widget.obj,pass,,90,90,0
0xecd50,ui_widget_game_data_select_game_engine_item,stubbable,ui_widget.obj,pass,,50,50,0
0xece10,ui_widget_multiplayer_profile_init_name,stubbable,ui_widget.obj,pass,,50,50,0
0xe9810,ui_widget_event_handler_dispatch,stubbable,ui_widget_event_handler_functions.obj,pass,,41,50,0
0xeea10,ui_widget_multiplayer_profile_save_changes,stubbable,ui_widget_game_data_input_functions.obj,pass,,50,50,0
0xeebe0,ui_widget_color_picker_menu_dispose,stubbable,ui_widget_game_data_input_functions.obj,pass,,50,50,0
0xeec10,player_profile_color_picker_select_color,stubbable,ui_widget_game_data_input_functions.obj,pass,,90,90,0
0xeed10,FUN_000eed10,stubbable,ui_widget_game_data_input_functions.obj,pass,,60,60,0
0xeeeb0,FUN_000eeeb0,stubbable,ui_widget_game_data_input_functions.obj,pass,,50,50,0
0xef3f0,player_profile_change_controller_settings,stubbable,ui_widget_game_data_input_functions.obj,pass,,50,50,0
0xef900,ui_widget_remove_local_player_from_network_game,stubbable,ui_widget_game_data_input_functions.obj,pass,,50,50,0
0xef970,FUN_000ef970,stubbable,ui_widget_game_data_input_functions.obj,pass,,75,75,0
0xefde0,FUN_000efde0,stubbable,ui_widget_game_data_input_functions.obj,pass,,50,50,0
0xefed0,FUN_000efed0,stubbable,ui_widget_game_data_input_functions.obj,pass,,50,50,0
0xeff70,FUN_000eff70,stubbable,ui_widget_game_data_input_functions.obj,pass,,50,50,0
0xf0070,ui_widget_disable_if_no_xdemos,stubbable,ui_widget_game_data_input_functions.obj,pass,,50,50,0
0xf00b0,FUN_000f00b0,stubbable,ui_widget_game_data_input_functions.obj,pass,,50,50,0
0xf0100,FUN_000f0100,stubbable,ui_widget_game_data_input_functions.obj,pass,,50,50,0
0xf0170,FUN_000f0170,stubbable,ui_widget_game_data_input_functions.obj,pass,,50,50,0
0xf01d0,ui_widget_start_server_if_none_advertised,stubbable,ui_widget_game_data_input_functions.obj,pass,,50,50,0
0xf0250,ui_widget_network_game_unjoin_player,stubbable,ui_widget_game_data_input_functions.obj,not_applicable,"oracle_vacuous_early_exit: 9.5% coverage, identical entry-point path across 50 seeds",50,50,0
0xf03d0,FUN_000f03d0,stubbable,ui_widget_game_data_input_functions.obj,pass,,50,50,0
0xf0430,ui_widget_new_campaign_chosen,stubbable,ui_widget_game_data_input_functions.obj,pass,,50,50,0
0xf04c0,FUN_000f04c0,stubbable,ui_widget_game_data_input_functions.obj,inconclusive,"vacuous_output: 0 unique return(s), no scratch or memory variation across 60 seeds",60,60,0
0xf0620,ui_widget_pop_history_stack_once,stubbable,ui_widget_game_data_input_functions.obj,pass,,50,50,0
0xf0640,ui_widget_game_data_select_difficulty_item,stubbable,ui_widget_game_data_input_functions.obj,pass,,50,50,0
0xf0740,new_campaign_if_no_custom_player_profiles_exist,stubbable,ui_widget_game_data_input_functions.obj,pass,,50,50,0
0xf0a30,ui_widget_game_data_function_invoke,stubbable,ui_widget_game_data_input_functions.obj,pass,,43,50,0
0xf0aa0,FUN_000f0aa0,stubbable,ui_widget_game_data_input_functions.obj,pass,,54,55,0
0xf0bb0,FUN_000f0bb0,stubbable,ui_widget_game_data_input_functions.obj,pass,,49,50,0
0xf0c60,FUN_000f0c60,stubbable,ui_widget_game_data_input_functions.obj,pass,,49,50,0
0xf0d10,playlist_settings_menu_update_extended_description,stubbable,ui_widget_game_data_input_functions.obj,pass,,89,90,0
0xf0d90,FUN_000f0d90,stubbable,ui_widget_game_data_input_functions.obj,pass,,54,55,0
0xf0ea0,ui_widget_game_data_build_version,stubbable,ui_widget_game_data_input_functions.obj,pass,,49,50,0
0xf2390,netgame_prejoin_players,stubbable,ui_widget_game_data_input_functions.obj,not_applicable,"oracle_vacuous_early_exit: 9.6% coverage, identical entry-point path across 50 seeds",50,50,0
0xf2560,player_profile_3wide_list_update,stubbable,ui_widget_game_data_input_functions.obj,pass,,50,50,0
0xf2690,FUN_000f2690,stubbable,ui_widget_game_data_input_functions.obj,pass,,50,50,0
0xf2720,FUN_000f2720,stubbable,ui_widget_game_data_input_functions.obj,pass,,50,50,0
0xf2850,main_menu_animation_fakery,stubbable,ui_widget_game_data_input_functions.obj,pass,,50,50,0
0xf28e0,FUN_000f28e0,stubbable,ui_widget_game_data_input_functions.obj,pass,,50,50,0
0xf2b00,get_active_player_profile_color_index,stubbable,ui_widget_game_data_input_functions.obj,pass,,50,50,0
0xf2b90,FUN_000f2b90,stubbable,ui_widget_game_data_input_functions.obj,not_applicable,"oracle_vacuous_early_exit: 9.8% coverage, identical entry-point path across 50 seeds",50,50,0
0xf2e60,FUN_000f2e60,stubbable,ui_widget_game_data_input_functions.obj,pass,,50,50,0
0xf2ed0,multiplayer_game_set_text_box_for_score_limit,stubbable,ui_widget_game_data_input_functions.obj,pass,,50,50,0
0xf2f60,FUN_000f2f60,stubbable,ui_widget_game_data_input_functions.obj,pass,,50,50,0
0xf3010,solo_game_objective_text,stubbable,ui_widget_game_data_input_functions.obj,pass,,50,50,0
0xf3280,FUN_000f3280,stubbable,ui_widget_game_data_input_functions.obj,pass,,50,50,0
0xf3320,multiplayer_edit_profile_set_ruleset_textbox_string_index,stubbable,ui_widget_game_data_input_functions.obj,pass,,50,50,0
0xf3590,get_editable_player_profile_display_name,stubbable,ui_widget_game_data_input_functions.obj,pass,,90,90,0
0xf3640,get_editable_playlist_profile_display_name,stubbable,ui_widget_game_data_input_functions.obj,pass,,50,50,0
0xf46e0,FUN_000f46e0,stubbable,ui_widget_game_data_input_functions.obj,inconclusive,vacuous_coverage: 9.2% < 10% floor,60,60,0
0xf5290,ui_widget_text_search_and_replace_function_invoke,stubbable,ui_widget_text_search_and_replace_functions.obj,pass,,44,50,0
0x19dc90,ustrncpy,stubbable,unicode.obj,pass,,50,50,0
0x19e9f0,unicode_sprintf,stubbable,unicode.obj,pass,,50,50,0
0x19f3a0,wide_to_ascii,stubbable,unicode.obj,pass,,50,50,0
0x19f450,ascii_to_wide,stubbable,unicode.obj,pass,,50,50,0
0x19d810,ustrcmp,stubbable,unicode.obj,pass,,50,50,0
0x19d8c0,ustrlen,stubbable,unicode.obj,pass,,50,50,0
0x19d930,ustrnlen,stubbable,unicode.obj,pass,,50,50,0
0x19d9b0,ustrchr,stubbable,unicode.obj,pass,,50,50,0
0x19da20,ustrcoll,stubbable,unicode.obj,pass,,50,50,0
0x19dad0,ustrcspn,stubbable,unicode.obj,pass,,50,50,0
0x19db80,ustrncat,stubbable,unicode.obj,pass,,50,50,0
0x19dc20,ustrncmp,stubbable,unicode.obj,pass,,50,50,0
0x19dd00,ustrpbrk,stubbable,unicode.obj,pass,,50,50,0
0x19ddb0,ustrrchr,stubbable,unicode.obj,pass,,50,50,0
0x19de20,ustrspn,stubbable,unicode.obj,pass,,50,50,0
0x19ded0,ustrstr,stubbable,unicode.obj,pass,,50,50,0
0x19df80,ustrtok,stubbable,unicode.obj,pass,,50,50,0
0x19dff0,ustrxfrm,stubbable,unicode.obj,pass,,50,50,0
0x19e0c0,ustrlwr,stubbable,unicode.obj,pass,,50,50,0
0x19e130,ustrupr,stubbable,unicode.obj,pass,,50,50,0
0x19e1a0,ustrnlwr,stubbable,unicode.obj,pass,,50,50,0
0x19e250,ustrnupr,stubbable,unicode.obj,pass,,50,50,0
0x19e300,ustrcasecmp,stubbable,unicode.obj,pass,,50,50,0
0x19e3b0,ustrncasecmp,stubbable,unicode.obj,pass,,50,50,0
0x19e460,uisalpha,stubbable,unicode.obj,inconclusive,"vacuous_output: 1 unique return(s), no scratch or memory variation across 50 seeds",50,50,0
0x19e480,uisupper,stubbable,unicode.obj,inconclusive,"vacuous_output: 1 unique return(s), no scratch or memory variation across 50 seeds",50,50,0
0x19e4a0,uislower,stubbable,unicode.obj,inconclusive,"vacuous_output: 1 unique return(s), no scratch or memory variation across 50 seeds",50,50,0
0x19e4c0,uisdigit,stubbable,unicode.obj,inconclusive,"vacuous_output: 1 unique return(s), no scratch or memory variation across 50 seeds",50,50,0
0x19e4e0,uisxdigit,stubbable,unicode.obj,inconclusive,"vacuous_output: 1 unique return(s), no scratch or memory variation across 50 seeds",50,50,0
0x19e500,uisspace,stubbable,unicode.obj,inconclusive,"vacuous_output: 1 unique return(s), no scratch or memory variation across 50 seeds",50,50,0
0x19e520,uispunct,stubbable,unicode.obj,inconclusive,"vacuous_output: 1 unique return(s), no scratch or memory variation across 50 seeds",50,50,0
0x19e540,uisalnum,stubbable,unicode.obj,inconclusive,"vacuous_output: 1 unique return(s), no scratch or memory variation across 50 seeds",50,50,0
0x19e560,uisprint,stubbable,unicode.obj,inconclusive,"vacuous_output: 1 unique return(s), no scratch or memory variation across 50 seeds",50,50,0
0x19e580,uisgraph,stubbable,unicode.obj,inconclusive,"vacuous_output: 1 unique return(s), no scratch or memory variation across 50 seeds",50,50,0
0x19e5a0,uiscntrl,stubbable,unicode.obj,inconclusive,"vacuous_output: 1 unique return(s), no scratch or memory variation across 50 seeds",50,50,0
0x19e5c0,utoupper,stubbable,unicode.obj,inconclusive,"vacuous_output: 1 unique return(s), no scratch or memory variation across 50 seeds",50,50,0
0x19e5e0,utolower,stubbable,unicode.obj,inconclusive,"vacuous_output: 1 unique return(s), no scratch or memory variation across 50 seeds",50,50,0
0x19e600,ufgetc,stubbable,unicode.obj,pass,,50,50,0
0x19e640,ufputc,stubbable,unicode.obj,pass,,50,50,0
0x19e680,uungetc,stubbable,unicode.obj,pass,,50,50,0
0x19e6c0,ufgets,stubbable,unicode.obj,pass,,50,50,0
0x19e760,ufputs,stubbable,unicode.obj,pass,,50,50,0
0x19e800,ugets,stubbable,unicode.obj,pass,,50,50,0
0x19e870,uputs,stubbable,unicode.obj,pass,,50,50,0
0x19e8e0,ufprintf,stubbable,unicode.obj,pass,,50,50,0
0x19e980,uprintf,stubbable,unicode.obj,pass,,50,50,0
0x19eaa0,usprintf,stubbable,unicode.obj,pass,,50,50,0
0x19eb50,uvfprintf,stubbable,unicode.obj,pass,,50,50,0
0x19ebd0,uvprintf,stubbable,unicode.obj,pass,,50,50,0
0x19ec40,uvsnprintf,stubbable,unicode.obj,pass,,50,50,0
0x19ecf0,uvsprintf,stubbable,unicode.obj,pass,,50,50,0
0x19eda0,ufdopen,stubbable,unicode.obj,pass,,50,50,0
0x19ee40,ufopen,stubbable,unicode.obj,pass,,50,50,0
0x19eee0,ufclose,stubbable,unicode.obj,pass,,50,50,0
0x19ef20,ufreopen,stubbable,unicode.obj,pass,,50,50,0
0x19efd0,uperror,stubbable,unicode.obj,pass,,50,50,0
0x19f040,upopen,stubbable,unicode.obj,pass,,50,50,0
0x19f0e0,uremove,stubbable,unicode.obj,pass,,50,50,0
0x19f160,ustrtol,stubbable,unicode.obj,pass,,50,50,0
0x19f1d0,ustrtoul,stubbable,unicode.obj,pass,,50,50,0
0x19f240,ustrtod,stubbable,unicode.obj,pass,,50,50,0
0x19f2b0,uatoi,stubbable,unicode.obj,pass,,50,50,0
0x19f320,uctime,stubbable,unicode.obj,pass,,50,50,0
0x19f360,uasctime,stubbable,unicode.obj,pass,,50,50,0
0x19f4f0,FUN_0019f4f0,stubbable,unicode.obj,inconclusive,"vacuous_output: 1 unique return(s), no scratch or memory variation across 50 seeds",50,50,0
0x19f530,FUN_0019f530,leaf,unicode.obj,inconclusive,"vacuous_output: 1 unique return(s), no scratch or memory variation across 50 seeds",50,50,1
0x1a01d0,FUN_001a01d0,stubbable,bipeds.obj,pass,,50,50,0
0x1a03c0,FUN_001a03c0,stubbable,bipeds.obj,pass,,85,85,0
0x1a0680,FUN_001a0680,stubbable,bipeds.obj,pass,,70,70,0
0x1a07c0,biped_place,stubbable,bipeds.obj,pass,,50,50,0
0x1a0800,biped_reset,stubbable,bipeds.obj,pass,,50,50,0
0x1a0860,biped_disconnect_from_structure_bsp,stubbable,bipeds.obj,pass,,50,50,0
0x1a0890,biped_get_camera_height_and_offset,stubbable,bipeds.obj,pass,,50,50,0
0x1a0950,biped_stop_melee_attack,stubbable,bipeds.obj,not_applicable,"oracle_vacuous_early_exit: 76.7% coverage, identical entry-point path across 50 seeds",50,50,0
0x1a0970,biped_start_limp_body_physics,stubbable,bipeds.obj,pass,,90,90,0
0x1a09f0,biped_stop_limp_body_physics,stubbable,bipeds.obj,pass,,50,50,0
0x1a0a40,FUN_001a0a40,stubbable,bipeds.obj,pass,,50,50,0
0x1a0be0,FUN_001a0be0,stubbable,bipeds.obj,pass,,50,50,0
0x1a0db0,biped_flying_through_air,stubbable,bipeds.obj,pass,,50,50,0
0x1a0e00,FUN_001a0e00,stubbable,bipeds.obj,pass,,50,50,0
0x1a0f10,FUN_001a0f10,stubbable,bipeds.obj,pass,,90,90,0
0x1a1020,biped_adjust_placement,stubbable,bipeds.obj,pass,,80,80,0
0x1a1080,biped_export_function_values,stubbable,bipeds.obj,pass,,90,90,0
0x1a1140,biped_estimate_position,stubbable,bipeds.obj,pass,,50,50,0
0x1a12e0,biped_get_autoaim_pill,stubbable,bipeds.obj,pass,,90,90,0
0x1a1430,biped_fix_position,stubbable,bipeds.obj,fail,divergence,6,50,0
0x1a1900,biped_render_debug,stubbable,bipeds.obj,not_applicable,"oracle_vacuous_early_exit: 12.2% coverage, identical entry-point path across 50 seeds",50,50,0
0x1a1a10,FUN_001a1a10,stubbable,bipeds.obj,error,mem-limit,0,0,0
0x1a1bc0,biped_find_pathfinding_surface_index,stubbable,bipeds.obj,pass,,80,80,0
0x1a1d80,biped_exit_seat_end,stubbable,bipeds.obj,pass,,50,50,0
0x1a1fb0,FUN_001a1fb0,stubbable,bipeds.obj,pass,,90,90,0
0x1a2290,FUN_001a2290,stubbable,bipeds.obj,pass,,50,50,0
0x1a2440,FUN_001a2440,stubbable,bipeds.obj,pass,,50,50,0
0x1a2800,FUN_001a2800,stubbable,bipeds.obj,pass,,50,50,0
0x1a2900,FUN_001a2900,stubbable,bipeds.obj,fail,divergence,0,50,0
0x1a2a60,FUN_001a2a60,stubbable,bipeds.obj,pass,,50,50,0
0x1a2b90,FUN_001a2b90,stubbable,bipeds.obj,pass,,50,50,0
0x1a2d90,biped_build_flying_axes,stubbable,bipeds.obj,pass,,50,50,0
0x1a4990,FUN_001a4990,stubbable,bipeds.obj,pass,,50,50,0
0x1a4a50,FUN_001a4a50,stubbable,bipeds.obj,inconclusive,"vacuous_output: 0 unique return(s), no scratch or memory variation across 50 seeds",50,50,0
0x8dc30,FUN_0008dc30,stubbable,units.obj,pass,,50,50,0
0x122a50,FUN_00122a50,stubbable,units.obj,inconclusive,"vacuous_output: 0 unique return(s), no scratch or memory variation across 89 seeds",89,90,0
0x122e50,FUN_00122e50,stubbable,units.obj,not_applicable,"oracle_vacuous_early_exit: 3.9% coverage, identical entry-point path across 89 seeds",89,90,0
0x123470,FUN_00123470,stubbable,units.obj,pass,,50,50,0
0x1234b0,FUN_001234b0,stubbable,units.obj,pass,,50,50,0
0x123560,FUN_00123560,stubbable,units.obj,pass,,87,90,0
0x1a6280,FUN_001a6280,stubbable,units.obj,pass,,50,50,0
0x1a6350,FUN_001a6350,stubbable,units.obj,pass,,90,90,0
0x1a67b0,FUN_001a67b0,data_only,units.obj,pass,,50,50,0
0x1a67e0,FUN_001a67e0,stubbable,units.obj,pass,,50,50,0
0x1a6820,FUN_001a6820,stubbable,units.obj,not_applicable,"oracle_vacuous_early_exit: 64.8% coverage, identical entry-point path across 49 seeds",49,50,0
0x1a6870,FUN_001a6870,stubbable,units.obj,pass,,50,50,0
0x1a68d0,FUN_001a68d0,stubbable,units.obj,pass,,50,50,0
0x1a6bc0,FUN_001a6bc0,stubbable,units.obj,pass,,50,50,0
0x1a6bf0,FUN_001a6bf0,stubbable,units.obj,pass,,75,75,0
0x1a6ca0,FUN_001a6ca0,data_only,units.obj,pass,,50,50,0
0x1a6cd0,FUN_001a6cd0,stubbable,units.obj,pass,,50,50,0
0x1a6d10,FUN_001a6d10,stubbable,units.obj,pass,,50,50,0
0x1a6e20,FUN_001a6e20,stubbable,units.obj,pass,,50,50,0
0x1a6ef0,FUN_001a6ef0,stubbable,units.obj,pass,,50,50,0
0x1a70d0,FUN_001a70d0,stubbable,units.obj,pass,,50,50,0
0x1a71c0,FUN_001a71c0,stubbable,units.obj,fail,divergence,23,50,0
0x1a74d0,FUN_001a74d0,stubbable,units.obj,pass,,39,50,0
0x1a7650,FUN_001a7650,stubbable,units.obj,pass,,50,50,0
0x1a7730,FUN_001a7730,stubbable,units.obj,pass,,50,50,0
0x1a7790,FUN_001a7790,stubbable,units.obj,pass,,50,50,0
0x1a7a90,FUN_001a7a90,stubbable,units.obj,pass,,50,50,0
0x1a7ad0,FUN_001a7ad0,stubbable,units.obj,error,timeout,0,0,0
0x1a7b50,FUN_001a7b50,stubbable,units.obj,pass,,50,50,0
0x1a7c70,FUN_001a7c70,stubbable,units.obj,error,emulation_error,0,50,0
0x1a7cc0,FUN_001a7cc0,stubbable,units.obj,not_applicable,"oracle_vacuous_early_exit: 51.8% coverage, identical entry-point path across 50 seeds",50,50,0
0x1a7d00,FUN_001a7d00,stubbable,units.obj,not_applicable,"oracle_vacuous_early_exit: 51.8% coverage, identical entry-point path across 50 seeds",50,50,0
0x1a7d40,FUN_001a7d40,stubbable,units.obj,not_applicable,"oracle_vacuous_early_exit: 54.0% coverage, identical entry-point path across 50 seeds",50,50,0
0x1a7d80,FUN_001a7d80,stubbable,units.obj,error,emulation_error,0,50,0
0x1a7df0,FUN_001a7df0,stubbable,units.obj,error,emulation_error,0,50,0
0x1a7e70,FUN_001a7e70,stubbable,units.obj,inconclusive,"vacuous_output: 1 unique return(s), no scratch or memory variation across 50 seeds",50,50,0
0x1a7ea0,FUN_001a7ea0,stubbable,units.obj,fail,divergence,4,50,0
0x1a7f80,unit_set_actively_controlled_flag,stubbable,units.obj,pass,,50,50,0
0x1a7fa0,unit_kill,stubbable,units.obj,pass,,50,50,0
0x1a7fc0,unit_delete,stubbable,units.obj,pass,,50,50,0
0x1a7ff0,units_update,data_only,units.obj,inconclusive,"vacuous_output: 0 unique return(s), no scratch or memory variation across 50 seeds",50,50,0
0x1a8010,unit_export_function_values,stubbable,units.obj,error,emulation_error,0,50,0
0x1a8190,unit_persistent_control,stubbable,units.obj,pass,,50,50,0
0x1a8200,unit_get_seat_enter_position,stubbable,units.obj,pass,,90,90,0
0x1a83e0,unit_get_melee_range_and_ticks,stubbable,units.obj,pass,,50,50,0
0x1a84c0,unit_get_animation_frames_remaining,stubbable,units.obj,pass,,50,50,0
0x1a8550,FUN_001a8550,data_only,units.obj,pass,,50,50,0
0x1a8690,unit_get_zoom_level,stubbable,units.obj,pass,,50,50,0
0x1a86b0,FUN_001a86b0,data_only,units.obj,pass,,48,50,0
0x1a8730,FUN_001a8730,data_only,units.obj,fail,divergence,48,50,0
0x1a8790,FUN_001a8790,data_only,units.obj,pass,,48,50,0
0x1a87f0,FUN_001a87f0,data_only,units.obj,pass,,50,50,0
0x1a8850,FUN_001a8850,data_only,units.obj,pass,,50,50,0
0x1a88b0,FUN_001a88b0,data_only,units.obj,fail,divergence,43,50,0
0x1a8990,unit_animation_start_action,stubbable,units.obj,pass,,50,50,0
0x1a8b20,FUN_001a8b20,stubbable,units.obj,pass,,90,90,0
0x1a8ce0,unit_find_nearby_seat,stubbable,units.obj,error,timeout,0,0,0
0x1a8da0,unit_impulse,stubbable,units.obj,pass,,50,50,0
0x1a8e10,unit_handle_weapon_state_change,leaf,units.obj,not_applicable,oracle_bound_unreliable,0,0,0
0x1a8ee0,unit_record_damage,stubbable,units.obj,pass,,50,50,0
0x1a9130,unit_test_spawning,stubbable,units.obj,pass,,50,50,0
0x1a91e0,unit_destroy,stubbable,units.obj,inconclusive,"vacuous_output: 0 unique return(s), no scratch or memory variation across 50 seeds",50,50,0
0x1a9200,unit_get_head_position,stubbable,units.obj,pass,,50,50,0
0x1a9240,unit_set_seat_state,stubbable,units.obj,pass,,50,50,0
0x1a93e0,unit_estimate_position,stubbable,units.obj,pass,,50,50,0
0x1a9560,unit_impulse_to_animation_kind,stubbable,units.obj,fail,divergence,41,50,0
0x1a96f0,unit_animation_state_allows_impulse,stubbable,units.obj,pass,,50,50,0
0x1a97c0,unit_test_animation_impulse,stubbable,units.obj,pass,,50,50,0
0x1a9880,unit_get_aiming_unit_index,stubbable,units.obj,pass,,50,50,0
0x1a9900,unit_scripting_unit_driver,stubbable,units.obj,pass,,50,50,0
0x1a9930,unit_scripting_unit_gunner,stubbable,units.obj,pass,,50,50,0
0x1a9960,units_debug_get_closest_unit,stubbable,units.obj,pass,,50,50,0
0x1a9980,unit_inventory_next_grenade,stubbable,units.obj,pass,,50,50,0
0x1a9a30,unit_is_alive,stubbable,units.obj,pass,,50,50,0
0x1a9a50,unit_set_controllable,stubbable,units.obj,pass,,50,50,0
0x1a9a90,unit_set_possessed,stubbable,units.obj,pass,,50,50,0
0x1a9ad0,unit_is_busy,stubbable,units.obj,pass,,50,50,0
0x1a9b30,unit_scripting_set_emotion_animation,stubbable,units.obj,pass,,50,50,0
0x1a9b80,unit_scripting_suspended,stubbable,units.obj,pass,,50,50,0
0x1a9c00,unit_scripting_can_blink,stubbable,units.obj,pass,,50,50,0
0x1a9c40,unit_scripting_doesnt_drop_items,stubbable,units.obj,error,emulation_error,0,50,0
0x1a9c90,unit_scripting_vehicle_test_seat_list,stubbable,units.obj,pass,,70,70,0
0x1a9da0,unit_scripting_vehicle_test_seat,stubbable,units.obj,pass,,75,75,0
0x1a9e40,unit_scripting_unit_riders,stubbable,units.obj,error,timeout,0,0,0
0x1a9ec0,FUN_001a9ec0,stubbable,units.obj,not_applicable,"oracle_vacuous_early_exit: 77.8% coverage, identical entry-point path across 50 seeds",50,50,0
0x1a9ef0,FUN_001a9ef0,stubbable,units.obj,not_applicable,"oracle_vacuous_early_exit: 77.8% coverage, identical entry-point path across 50 seeds",50,50,0
0x1a9f20,unit_shield_sapping_update,stubbable,units.obj,pass,,50,50,0
0x1aa080,units_debug_get_next_unit,stubbable,units.obj,inconclusive,"vacuous_output: 1 unique return(s), no scratch or memory variation across 50 seeds",50,50,0
0x1aa170,FUN_001AA170,stubbable,units.obj,not_applicable,"oracle_vacuous_early_exit: 28.9% coverage, identical entry-point path across 50 seeds",50,50,0
0x1aa240,unit_debug_ninja_rope,stubbable,units.obj,pass,,50,50,0
0x1aa360,unit_set_user_animation,stubbable,units.obj,pass,,50,50,0
0x1aa3c0,any_unit_is_dangerous,stubbable,units.obj,not_applicable,"oracle_vacuous_early_exit: 40.2% coverage, identical entry-point path across 50 seeds",50,50,0
0x1aa430,unit_can_see_point,stubbable,units.obj,pass,,50,50,0
0x1aa4d0,unit_driven_by_ai,stubbable,units.obj,pass,,50,50,0
0x1aa510,unit_gunned_by_ai,stubbable,units.obj,pass,,50,50,0
0x1aa550,unit_set_desired_flashlight_state,stubbable,units.obj,pass,,50,50,0
0x1aa590,unit_get_current_flashlight_state,stubbable,units.obj,pass,,50,50,0
0x1aa5c0,unit_detach_from_parent,stubbable,units.obj,pass,,50,50,0
0x1aa700,unit_seat_filled,stubbable,units.obj,not_applicable,"oracle_vacuous_early_exit: 49.5% coverage, identical entry-point path across 50 seeds",50,50,0
0x1aa770,unit_seat_is_driver,stubbable,units.obj,pass,,50,50,0
0x1aa7d0,unit_seat_is_gunner,stubbable,units.obj,pass,,50,50,0
0x1aa830,unit_seat_allow_noncombatants,stubbable,units.obj,pass,,50,50,0
0x1aa890,unit_update_seat_occupancy,stubbable,units.obj,error,timeout,0,0,0
0x1aa970,unit_get_equipment,stubbable,units.obj,pass,,50,50,0
0x1aa990,unit_try_add_grenade,stubbable,units.obj,pass,,65,65,0
0x1aaa90,unit_set_grenade_count,stubbable,units.obj,pass,,50,50,0
0x1aab20,unit_pickup_equipment,stubbable,units.obj,pass,,60,60,0
0x1aac40,unit_clear_seat_tag,stubbable,units.obj,pass,,50,50,0
0x1aac80,unit_clear_weapons,stubbable,units.obj,pass,,50,50,0
0x1aad00,unit_has_weapon_definition_index,stubbable,units.obj,pass,,50,50,0
0x1aad60,unit_find_empty_weapon_slot,stubbable,units.obj,pass,,50,50,0
0x1aad90,unit_count_weapons,stubbable,units.obj,pass,,50,50,0
0x1aae00,unit_weapon_is_new,stubbable,units.obj,pass,,50,50,0
0x1aae70,unit_get_grenade_count,stubbable,units.obj,pass,,50,50,0
0x1aaee0,unit_get_current_grenade_type,stubbable,units.obj,pass,,50,50,0
0x1aaf40,unit_throw_grenade_move_to_hand,stubbable,units.obj,pass,,50,50,0
0x1ab110,unit_throw_grenade_release,stubbable,units.obj,not_applicable,"oracle_vacuous_early_exit: 7.6% coverage, identical entry-point path across 50 seeds",50,50,0
0x1ab410,unit_aiming_vector,stubbable,units.obj,pass,,50,50,0
0x1ab6e0,FUN_001ab6e0,stubbable,units.obj,pass,,50,50,0
0x1ab730,seat_label_to_base_seat_index,stubbable,units.obj,pass,,50,50,0
0x1ab770,base_weapon_label_get,stubbable,units.obj,pass,,50,50,0
0x1ab7c0,unit_set_animation,stubbable,units.obj,pass,,50,50,0
0x1ab870,FUN_001ab870,stubbable,units.obj,pass,,50,50,0
0x1ab8c0,unit_refresh_illumination,stubbable,units.obj,pass,,50,50,0
0x1ab940,FUN_001ab940,stubbable,units.obj,pass,,50,50,0
0x1ab990,unit_detach_weapon,stubbable,units.obj,pass,,50,50,0
0x1abb20,unit_drop_grenades_on_death,stubbable,units.obj,pass,,50,50,0
0x1abbd0,unit_drop_weapons_on_death,stubbable,units.obj,pass,,50,50,0
0x1abcd0,unit_handle_region_destroyed,stubbable,units.obj,pass,,50,50,0
0x1abd10,FUN_001abd10,stubbable,units.obj,pass,,50,50,0
0x1abd90,FUN_001abd90,stubbable,units.obj,not_applicable,"oracle_vacuous_early_exit: 8.9% coverage, identical entry-point path across 50 seeds",50,50,0
0x1ac3f0,unit_has_weapon_with_flag,stubbable,units.obj,pass,,50,50,0
0x1ac450,unit_start_running_blindly,stubbable,units.obj,pass,,50,50,0
0x1ac520,unit_stop_running_blindly,stubbable,units.obj,pass,,50,50,0
0x1ac550,unit_flame_to_death,stubbable,units.obj,pass,,50,50,0
0x1ac650,unit_flying_through_air,stubbable,units.obj,pass,,50,50,0
0x1ac680,FUN_001ac680,stubbable,units.obj,pass,,50,50,0
0x1acb70,unit_adjust_plan_overlap,stubbable,units.obj,pass,,50,50,0
0x1acd70,unit_set_or_test_seat_and_weapon_label,stubbable,units.obj,pass,,85,85,0
0x1acf90,unit_adjust_projectile_ray,stubbable,units.obj,pass,,50,50,0
0x1ad060,unit_render_debug,stubbable,units.obj,pass,,50,50,0
0x1ad260,unit_animation_set_state,stubbable,units.obj,pass,,41,90,0
0x1ad7e0,unit_abort_animation,stubbable,units.obj,inconclusive,"vacuous_output: 0 unique return(s), no scratch or memory variation across 50 seeds",50,50,0
0x1ad800,unit_find_best_enter_seat,stubbable,units.obj,pass,,75,75,0
0x1ada90,unit_clip_to_aiming_bounds,stubbable,units.obj,pass,,50,50,0
0x1adeb0,unit_get_weapon,stubbable,units.obj,pass,,50,50,0
0x1adf10,unit_set_actively_controlled,stubbable,units.obj,pass,,50,50,0
0x1adfc0,vehicle_scripting_find_available_seats,stubbable,units.obj,pass,,65,65,0
0x1ae160,unit_open,stubbable,units.obj,inconclusive,"vacuous_output: 0 unique return(s), no scratch or memory variation across 50 seeds",50,50,0
0x1ae180,unit_close,stubbable,units.obj,inconclusive,"vacuous_output: 0 unique return(s), no scratch or memory variation across 50 seeds",50,50,0
0x1ae1a0,unit_current_weapon_is_busy,stubbable,units.obj,fail,divergence,0,50,0
0x1ae1e0,unit_set_seat,stubbable,units.obj,inconclusive,"vacuous_output: 1 unique return(s), no scratch or memory variation across 50 seeds",50,50,0
0x1ae210,units_set_desired_flashlight_state,stubbable,units.obj,error,emulation_error,0,50,0
0x1ae290,unit_get_seat_label,stubbable,units.obj,pass,,50,50,0
0x1ae330,unit_clear_seat_equipment,stubbable,units.obj,pass,,50,50,0
0x1ae370,unit_can_enter_seat,stubbable,units.obj,pass,,50,50,0
0x1ae3c0,unit_should_swap_weapon,stubbable,units.obj,fail,divergence,0,50,0
0x1ae490,unit_weapon_next_index,stubbable,units.obj,pass,,50,50,0
0x1ae600,unit_set_in_vehicle,stubbable,units.obj,fail,divergence,0,50,0
0x1ae700,unit_get_weapon_name,stubbable,units.obj,fail,divergence,0,50,0
0x1ae730,scripting_set_magic_base_seat,stubbable,units.obj,pass,,50,50,0
0x1ae750,unit_scripting_set_seat,stubbable,units.obj,pass,,50,50,0
0x1ae780,unit_handle_deleted_object,stubbable,units.obj,pass,,50,50,0
0x1ae840,unit_cause_melee_damage,stubbable,units.obj,fail,divergence,0,50,0
0x1aea90,unit_cause_player_melee_damage,stubbable,units.obj,pass,,70,70,0
0x1af0d0,unit_stop_custom_animation,stubbable,units.obj,pass,,50,50,0
0x1af100,unit_custom_animation_at_frame,stubbable,units.obj,not_applicable,"oracle_vacuous_early_exit: 34.7% coverage, identical entry-point path across 50 seeds",50,50,0
0x1af180,unit_apply_alignment_vector,stubbable,units.obj,pass,,50,50,0
0x1af2a0,unit_start_flaming_to_death,stubbable,units.obj,pass,,50,50,0
0x1af340,unit_update_running_blind,stubbable,units.obj,pass,,50,50,0
0x1af620,unit_verify_vectors,stubbable,units.obj,pass,,50,50,0
0x1af6b0,unit_control_trace,stubbable,units.obj,pass,,50,50,0
0x1af990,unit_set_control,stubbable,units.obj,pass,,50,50,0
0x1afd30,FUN_001afd30,stubbable,units.obj,pass,,90,90,0
0x1b04b0,FUN_001b04b0,stubbable,units.obj,pass,,90,90,0
0x1b0630,FUN_001b0630,stubbable,units.obj,fail,divergence,25,50,0
0x1b0d00,unit_has_animation_to_enter_seat,stubbable,units.obj,pass,,70,70,0
0x1b0d90,unit_update_animation,stubbable,units.obj,pass,,85,85,0
0x1b1290,unit_reset_weapon_state,stubbable,units.obj,fail,divergence,0,50,0
0x1b1350,unit_get_zoom_magnification,stubbable,units.obj,fail,divergence,0,50,0
0x1b13a0,unit_has_night_vision_weapon,stubbable,units.obj,fail,divergence,0,50,0
0x1b1400,FUN_001b1400,stubbable,units.obj,fail,divergence,64,90,0
0x1b1a20,unit_apply_animation_impulse,stubbable,units.obj,pass,,50,50,0
0x1b1b40,unit_inventory_next_weapon,stubbable,units.obj,inconclusive,"vacuous_output: 1 unique return(s), no scratch or memory variation across 50 seeds",50,50,0
0x1b1b60,unit_melee_attack_begin,stubbable,units.obj,pass,,50,50,0
0x1b1c70,unit_leap_begin,stubbable,units.obj,pass,,50,50,0
0x1b1d00,unit_unsuspecting,stubbable,units.obj,pass,,50,50,0
0x1b1db0,unit_enter_seat,stubbable,units.obj,pass,,50,50,0
0x1b1ee0,unit_update_weapon_readiness,stubbable,units.obj,fail,divergence,0,50,0
0x1b2090,unit_throw_grenade_begin,stubbable,units.obj,fail,divergence,0,50,0
0x1b2260,scripting_magic_melee_attack,stubbable,units.obj,fail,divergence,0,50,0
0x1b2290,unit_impact_melee_damage,stubbable,units.obj,pass,,90,90,0
0x1b24d0,unit_place,stubbable,units.obj,pass,,50,50,0
0x1b2610,unit_solo_player_integrated_night_vision_is_active,stubbable,units.obj,not_applicable,"oracle_vacuous_early_exit: 24.7% coverage, identical entry-point path across 50 seeds",50,50,0
0x1b2660,unit_create_initial_weapons,stubbable,units.obj,pass,,70,70,0
0x1b2740,unit_select_weapon_after_vehicle_exit,stubbable,units.obj,pass,,50,50,0
0x1b2780,unit_new,stubbable,units.obj,pass,,75,75,0
0x1b2b80,unit_board_vehicle,stubbable,units.obj,not_applicable,"oracle_vacuous_early_exit: 9.0% coverage, identical entry-point path across 50 seeds",50,50,0
0x1b2dd0,unit_exit_seat_end,stubbable,units.obj,fail,divergence,0,50,0
0x1b3060,unit_died,stubbable,units.obj,fail,divergence,43,50,0
0x1b32d0,unit_scripting_enter_vehicle,stubbable,units.obj,pass,,50,50,0
0x1b3400,vehicle_scripting_load_magic,stubbable,units.obj,error,timeout,0,0,0
0x1b3580,unit_try_and_exit_seat,stubbable,units.obj,pass,,80,80,0
0x1b3690,FUN_001b3690,stubbable,units.obj,inconclusive,vacuous_coverage: 8.2% < 10% floor,90,90,0
0x1a8770,FUN_001a8770,leaf,units.obj,pass,,50,50,0
0x1a8890,FUN_001a8890,leaf,units.obj,pass,,50,50,0
0x1a8910,FUN_001a8910,data_only,units.obj,not_applicable,"oracle_vacuous_early_exit: 46.7% coverage, identical entry-point path across 50 seeds",50,50,0
0x1a8950,FUN_001a8950,leaf,units.obj,fail,divergence,37,50,0
0x1b5400,FUN_001b5400,stubbable,vehicles.obj,pass,,50,50,0
0x1b5500,FUN_001b5500,stubbable,vehicles.obj,pass,,50,50,0
0x1b5580,vehicle_causes_collision_damage,stubbable,vehicles.obj,pass,,50,50,0
0x1b55c0,vehicle_hover,stubbable,vehicles.obj,pass,,50,50,0
0x1b5610,FUN_001b5610,stubbable,vehicles.obj,pass,,50,50,0
0x1b5680,vehicle_is_flipped,stubbable,vehicles.obj,pass,,50,50,0
0x1b56b0,FUN_001b56b0,stubbable,vehicles.obj,pass,,90,90,0
0x1b5750,set_real_quaternion,leaf,vehicles.obj,pass,,50,50,0
0x1b5770,vehicle_reset,stubbable,vehicles.obj,pass,,50,50,0
0x1b5820,vehicle_new,stubbable,vehicles.obj,fail,divergence,0,50,0
0x1b5d90,vehicle_render_debug,stubbable,vehicles.obj,pass,,50,50,0
0x1b5df0,vehicle_get_estimated_position,stubbable,vehicles.obj,pass,,50,50,0
0x1b7ee0,vehicle_moving_near_any_player,stubbable,vehicles.obj,error,timeout,0,0,0
0x1b8f10,update_alien_fighter_physics,stubbable,vehicles.obj,pass,,50,50,0
0xa3e60,FUN_000a3e60,stubbable,weather_particle_systems.obj,pass,,50,50,0
0xa3ea0,FUN_000a3ea0,stubbable,weather_particle_systems.obj,pass,,50,50,0
0xa3ef0,weather_particle_systems_initialize,stubbable,weather_particle_systems.obj,inconclusive,"vacuous_output: 0 unique return(s), no scratch or memory variation across 50 seeds",50,50,0
0xa3f20,weather_particle_systems_initialize_for_new_map,stubbable,weather_particle_systems.obj,not_applicable,"oracle_vacuous_early_exit: 71.3% coverage, identical entry-point path across 50 seeds",50,50,0
0xa3f90,weather_particle_systems_dispose_from_old_map,stubbable,weather_particle_systems.obj,not_applicable,"oracle_vacuous_early_exit: 65.0% coverage, identical entry-point path across 50 seeds",50,50,0
0xa3fb0,weather_particle_systems_dispose,stubbable,weather_particle_systems.obj,not_applicable,"oracle_vacuous_early_exit: 34.5% coverage, identical entry-point path across 50 seeds",50,50,0
0xa4000,FUN_000a4000,stubbable,weather_particle_systems.obj,fail,divergence,8,50,0
0xa40a0,FUN_000a40a0,stubbable,weather_particle_systems.obj,pass,,65,65,0
0xa4200,FUN_000a4200,stubbable,weather_particle_systems.obj,pass,,90,90,0
0xa4310,FUN_000a4310,stubbable,weather_particle_systems.obj,fail,divergence,42,50,0
0xa45d0,FUN_000a45d0,stubbable,weather_particle_systems.obj,fail,divergence,2,50,0
0xa4610,FUN_000a4610,stubbable,weather_particle_systems.obj,pass,,90,90,0
0xa48c0,FUN_000a48c0,data_only,weather_particle_systems.obj,pass,,50,50,0
0xa4a00,FUN_000a4a00,stubbable,weather_particle_systems.obj,pass,,50,50,0
0xa4ab0,FUN_000a4ab0,stubbable,weather_particle_systems.obj,pass,,90,90,0
0xa4be0,FUN_000a4be0,stubbable,weather_particle_systems.obj,pass,,90,90,0
0xa4e20,weather_particle_system_render,stubbable,weather_particle_systems.obj,inconclusive,vacuous_coverage: 7.8% < 10% floor,90,90,0
0x136520,widgets_update,stubbable,widgets.obj,inconclusive,domain_skipped: all 50 seed(s) escaped,0,50,0
0x136450,widgets_render_object_widgets,stubbable,widgets.obj,error,timeout,0,0,0
0x136580,widgets_initialize_for_new_map,leaf,widgets.obj,pass,,50,50,0
0x1365a0,widgets_dispose,data_only,widgets.obj,inconclusive,"vacuous_output: 0 unique return(s), no scratch or memory variation across 50 seeds",50,50,0
0x1365b0,widgets_dispose_from_old_map,leaf,widgets.obj,pass,,50,50,0
0x1bea30,xbox_texture_cache_steal_memory,stubbable,xbox_texture_cache.obj,pass,,50,50,0
0x1beb10,xbox_texture_cache_return_memory,stubbable,xbox_texture_cache.obj,inconclusive,"vacuous_output: 0 unique return(s), no scratch or memory variation across 65 seeds",65,65,0
0x1beba0,bitmap_format_to_d3d_linear_format,stubbable,xbox_texture_cache.obj,pass,,50,50,0
0x1bec30,FUN_001bec30,stubbable,xbox_texture_cache.obj,pass,,50,50,0
0x1bee30,xbox_texture_cache_setup_d3d_texture,stubbable,xbox_texture_cache.obj,fail,divergence,0,50,0
0x1bf180,xbox_texture_cache_request,stubbable,xbox_texture_cache.obj,pass,,50,50,0
0x1bf570,xbox_texture_cache_get_hardware_format,stubbable,xbox_texture_cache.obj,pass,,75,90,0
0x1be920,texture_cache_delete,stubbable,xbox_texture_cache.obj,inconclusive,"vacuous_output: 0 unique return(s), no scratch or memory variation across 50 seeds",50,50,0
0x1be940,texture_cache_open,stubbable,xbox_texture_cache.obj,inconclusive,"vacuous_output: 0 unique return(s), no scratch or memory variation across 50 seeds",50,50,0
0x1be950,texture_cache_idle,stubbable,xbox_texture_cache.obj,inconclusive,"vacuous_output: 0 unique return(s), no scratch or memory variation across 50 seeds",50,50,0
0x1be960,texture_cache_bitmap_new,stubbable,xbox_texture_cache.obj,pass,,50,50,0
0x1be9f0,texture_cache_bitmap_delete,stubbable,xbox_texture_cache.obj,pass,,50,50,0
0x1beb70,FUN_001beb70,stubbable,xbox_texture_cache.obj,pass,,50,50,0
0x1becc0,FUN_001becc0,stubbable,xbox_texture_cache.obj,pass,,50,50,0
0x1bed30,texture_cache_flush,stubbable,xbox_texture_cache.obj,inconclusive,"vacuous_output: 0 unique return(s), no scratch or memory variation across 50 seeds",50,50,0
0x1bed50,FUN_001bed50,stubbable,xbox_texture_cache.obj,pass,,50,50,0
0x1bed90,FUN_001bed90,stubbable,xbox_texture_cache.obj,error,timeout,0,0,0
0x1bf130,texture_cache_close,stubbable,xbox_texture_cache.obj,inconclusive,"vacuous_output: 0 unique return(s), no scratch or memory variation across 90 seeds",90,90,0
0x1ed930,D3DResource_Release,stubbable,d3d_resource.obj,pass,,50,50,0
0x1ed620,D3DResource_BlockUntilNotBusy,stubbable,d3d_resource.obj,pass,,50,50,0
0x1ed980,D3DResource_IsBusy,data_only,d3d_resource.obj,pass,,50,50,0
0x1eda30,D3DResource_Register,leaf,d3d_resource.obj,pass,,50,50,0
0x1edc10,D3DTexture_GetLevelDesc,stubbable,d3d_resource.obj,pass,,50,50,0
0x1edc70,D3DTexture_LockRect,stubbable,d3d_resource.obj,pass,,50,50,0
0x1ed870,FUN_001ed870,leaf,d3d_resource.obj,pass,,50,50,1
0x001efd80,D3D_BlockOnResource,stubbable,d3d_resource.obj,not_applicable,"oracle_vacuous_early_exit: 9.3% coverage, identical entry-point path across 50 seeds",50,50,0
0x17ff50,FUN_0017ff50,leaf,rasterizer_text.obj,pass,,50,50,0
0x17ff60,FUN_0017ff60,stubbable,rasterizer_text.obj,inconclusive,"vacuous_output: 0 unique return(s), no scratch or memory variation across 65 seeds",65,65,0
0x17ff80,FUN_0017ff80,data_only,rasterizer_text.obj,pass,,50,50,0
0x17ffa0,FUN_0017ffa0,data_only,rasterizer_text.obj,pass,,50,50,0
0x180050,rasterizer_geometry_get_vertex_size,stubbable,rasterizer_text.obj,pass,,50,50,0
0x1800b0,FUN_001800b0,stubbable,rasterizer_text.obj,pass,,50,50,0
0x180500,FUN_00180500,stubbable,rasterizer_text.obj,pass,,50,50,0
0x180570,FUN_00180570,stubbable,rasterizer_text.obj,fail,divergence,2,50,0
0x1805f0,FUN_001805f0,stubbable,rasterizer_text.obj,pass,,49,50,0
0x180660,FUN_00180660,stubbable,rasterizer_text.obj,fail,divergence,0,50,0
0x1806e0,FUN_001806e0,stubbable,rasterizer_text.obj,pass,,49,50,0
0x180770,FUN_00180770,stubbable,rasterizer_text.obj,pass,,50,50,0
0x180820,compress_real_to_int16,stubbable,rasterizer_text.obj,fail,divergence,49,50,0
0x180890,FUN_00180890,stubbable,rasterizer_text.obj,inconclusive,"vacuous_output: 1 unique return(s), no scratch or memory variation across 50 seeds",50,50,0
0x181020,FUN_00181020,stubbable,rasterizer_text.obj,inconclusive,"vacuous_output: 1 unique return(s), no scratch or memory variation across 50 seeds",50,50,0
0x181150,FUN_00181150,stubbable,rasterizer_text.obj,inconclusive,"vacuous_output: 0 unique return(s), no scratch or memory variation across 50 seeds",50,50,0
0x181180,FUN_00181180,stubbable,rasterizer_text.obj,pass,,90,90,0
0x1812b0,FUN_001812b0,data_only,rasterizer_text.obj,inconclusive,"vacuous_output: 0 unique return(s), no scratch or memory variation across 50 seeds",50,50,0
0x1812c0,rasterizer_lights_submit,stubbable,rasterizer_text.obj,pass,,50,50,0
0x181410,FUN_00181410,leaf,rasterizer_text.obj,pass,,50,50,0
0x1824e0,rasterizer_memory_pool_new,stubbable,rasterizer_text.obj,fail,divergence,0,50,0
0x182520,rasterizer_memory_pool_reset,data_only,rasterizer_text.obj,inconclusive,"vacuous_output: 0 unique return(s), no scratch or memory variation across 50 seeds",50,50,0
0x182530,rasterizer_memory_pool_alloc,stubbable,rasterizer_text.obj,pass,,42,50,0
0x182590,rasterizer_memory_pool_copy,stubbable,rasterizer_text.obj,fail,divergence,26,50,0
0x1825d0,FUN_001825d0,leaf,rasterizer_text.obj,pass,,50,50,0
0x1825e0,rasterizer_memory_pool_delete,stubbable,rasterizer_text.obj,not_applicable,"oracle_vacuous_early_exit: 61.9% coverage, identical entry-point path across 50 seeds",50,50,0
0x182610,FUN_00182610,data_only,rasterizer_text.obj,pass,,50,50,0
0x182690,rasterizer_swizzle_compute_masks,stubbable,rasterizer_text.obj,pass,,50,50,0
0x1827c0,rasterizer_swizzle_interleave_bits,leaf,rasterizer_text.obj,pass,,28,50,0
0x182840,rasterizer_xbox_bitmap_swizzle2d_byte,stubbable,rasterizer_text.obj,fail,divergence,32,50,0
0x182910,rasterizer_xbox_bitmap_swizzle2d_word,stubbable,rasterizer_text.obj,fail,divergence,32,50,0
0x1829f0,rasterizer_xbox_bitmap_swizzle2d_long,stubbable,rasterizer_text.obj,fail,divergence,32,50,0
0x182ac0,rasterizer_xbox_bitmap_swizzle3d_byte,stubbable,rasterizer_text.obj,pass,,32,50,0
0x182bd0,rasterizer_xbox_bitmap_swizzle3d_word,stubbable,rasterizer_text.obj,pass,,32,50,0
0x182cf0,rasterizer_xbox_bitmap_swizzle3d_long,stubbable,rasterizer_text.obj,pass,,32,50,0
0x182e00,FUN_00182e00,stubbable,rasterizer_text.obj,inconclusive,vacuous_coverage: 10.0% < 10% floor,89,90,0
0x183120,FUN_00183120,stubbable,rasterizer_text.obj,pass,,50,50,0
0x183290,FUN_00183290,stubbable,rasterizer_text.obj,pass,,50,50,0
0x183650,rasterizer_text_cache_initialize,stubbable,rasterizer_text.obj,inconclusive,"vacuous_output: 1 unique return(s), no scratch or memory variation across 65 seeds",65,65,0
0x1836e0,rasterizer_text_set_shadow_color,data_only,rasterizer_text.obj,pass,,50,50,0
0x1836f0,rasterizer_text_cache_flush,data_only,rasterizer_text.obj,inconclusive,"vacuous_output: 0 unique return(s), no scratch or memory variation across 65 seeds",65,65,0
0x183720,rasterizer_text_cache_dispose,stubbable,rasterizer_text.obj,inconclusive,"vacuous_output: 0 unique return(s), no scratch or memory variation across 65 seeds",65,65,0
0x183770,rasterizer_text_get_character_position,stubbable,rasterizer_text.obj,pass,,65,65,0
0x183820,rasterizer_text_evict_character,stubbable,rasterizer_text.obj,pass,,89,90,0
0x183880,rasterizer_text_cache_character,stubbable,rasterizer_text.obj,pass,,65,65,0
0x183cf0,rasterizer_text_draw_cached_chars,stubbable,rasterizer_text.obj,pass,,50,50,0
0x183e60,rasterizer_text_draw,stubbable,rasterizer_text.obj,pass,,90,90,0
0x184060,rasterizer_draw_string,stubbable,rasterizer_text.obj,pass,,90,90,0
0x184330,rasterizer_transparent_geometry_group_new,data_only,rasterizer_text.obj,inconclusive,"vacuous_output: 1 unique return(s), no scratch or memory variation across 50 seeds",50,50,0
0x184360,rasterizer_secondary_geometry_group_new,data_only,rasterizer_text.obj,inconclusive,"vacuous_output: 1 unique return(s), no scratch or memory variation across 50 seeds",50,50,0
0x184390,rasterizer_secondary_geometry_groups_get,data_only,rasterizer_text.obj,pass,,50,50,0
0x1843b0,rasterizer_transparent_geometry_next_group,stubbable,rasterizer_text.obj,pass,,75,75,0
0x184460,rasterizer_transparent_geometry_group_get,stubbable,rasterizer_text.obj,inconclusive,"vacuous_output: 1 unique return(s), no scratch or memory variation across 50 seeds",50,50,0
0x1844b0,rasterizer_transparent_geometry_group_to_presorted_index,stubbable,rasterizer_text.obj,pass,,80,80,0
0x130ab0,terminal_string_process_tabs,stubbable,draw_string.obj,pass,,65,65,0
0x130b70,FUN_00130b70,stubbable,draw_string.obj,pass,,45,50,0
0x19b3c0,FUN_0019b3c0,data_only,draw_string.obj,pass,,50,50,0
0x19b430,FUN_0019b430,data_only,draw_string.obj,pass,,69,70,0
0x19b510,draw_string_get_string,stubbable,draw_string.obj,inconclusive,"vacuous_output: 1 unique return(s), no scratch or memory variation across 50 seeds",50,50,0
0x19b560,draw_string_set_tab_stops,stubbable,draw_string.obj,pass,,50,50,0
0x19b5d0,draw_string_set_indents,stubbable,draw_string.obj,pass,,50,50,0
0x19b640,draw_string_set_color,stubbable,draw_string.obj,pass,,50,50,0
0x19b790,draw_string_get_color,stubbable,draw_string.obj,pass,,90,90,0
0x19b7e0,draw_string_set_font_tag,stubbable,draw_string.obj,pass,,50,50,0
0x19b800,draw_string_set_style_justify_flags,stubbable,draw_string.obj,pass,,50,50,0
0x19b8b0,draw_string_set_font,stubbable,draw_string.obj,pass,,50,50,0
0x19b8f0,draw_string_set_highlight,data_only,draw_string.obj,pass,,50,50,0
0x19b910,bitmap_draw_character,stubbable,draw_string.obj,pass,,90,90,0
0x19bcc0,FUN_0019bcc0,stubbable,draw_string.obj,pass,,50,50,0
0x19bd30,FUN_0019bd30,stubbable,draw_string.obj,fail,divergence,42,50,0
0x19c1b0,FUN_0019c1b0,stubbable,draw_string.obj,pass,,87,90,0
0x19c3c0,FUN_0019c3c0,stubbable,draw_string.obj,pass,,87,90,0
0x17cd60,FUN_0017cd60,stubbable,rasterizer_sprites.obj,inconclusive,"vacuous_output: 0 unique return(s), no scratch or memory variation across 50 seeds",50,50,0
0x17cd70,FUN_0017cd70,stubbable,rasterizer_sprites.obj,inconclusive,"vacuous_output: 0 unique return(s), no scratch or memory variation across 50 seeds",50,50,0
0x17cd80,FUN_0017cd80,stubbable,rasterizer_sprites.obj,inconclusive,"vacuous_output: 0 unique return(s), no scratch or memory variation across 50 seeds",50,50,0
0x17cd90,FUN_0017cd90,stubbable,rasterizer_sprites.obj,inconclusive,"vacuous_output: 0 unique return(s), no scratch or memory variation across 50 seeds",50,50,0
0x17cda0,FUN_0017cda0,stubbable,rasterizer_sprites.obj,inconclusive,"vacuous_output: 0 unique return(s), no scratch or memory variation across 50 seeds",50,50,0
0x17cdb0,FUN_0017cdb0,stubbable,rasterizer_sprites.obj,pass,,50,50,0
0x17cdc0,FUN_0017cdc0,stubbable,rasterizer_sprites.obj,inconclusive,"vacuous_output: 0 unique return(s), no scratch or memory variation across 50 seeds",50,50,0
0x17cde0,FUN_0017cde0,stubbable,rasterizer_sprites.obj,inconclusive,"vacuous_output: 0 unique return(s), no scratch or memory variation across 50 seeds",50,50,0
0x17cdf0,FUN_0017cdf0,stubbable,rasterizer_sprites.obj,inconclusive,"vacuous_output: 0 unique return(s), no scratch or memory variation across 50 seeds",50,50,0
0x17ce00,FUN_0017ce00,stubbable,rasterizer_sprites.obj,inconclusive,"vacuous_output: 0 unique return(s), no scratch or memory variation across 50 seeds",50,50,0
0x17ce10,FUN_0017ce10,stubbable,rasterizer_sprites.obj,inconclusive,"vacuous_output: 0 unique return(s), no scratch or memory variation across 50 seeds",50,50,0
0x17ce30,FUN_0017ce30,stubbable,rasterizer_sprites.obj,inconclusive,"vacuous_output: 0 unique return(s), no scratch or memory variation across 50 seeds",50,50,0
0x17ce40,FUN_0017ce40,stubbable,rasterizer_sprites.obj,inconclusive,"vacuous_output: 0 unique return(s), no scratch or memory variation across 50 seeds",50,50,0
0x17ce50,FUN_0017ce50,stubbable,rasterizer_sprites.obj,inconclusive,"vacuous_output: 0 unique return(s), no scratch or memory variation across 50 seeds",50,50,0
0x17ce60,FUN_0017ce60,stubbable,rasterizer_sprites.obj,inconclusive,"vacuous_output: 0 unique return(s), no scratch or memory variation across 50 seeds",50,50,0
0x17ce70,FUN_0017ce70,stubbable,rasterizer_sprites.obj,inconclusive,"vacuous_output: 0 unique return(s), no scratch or memory variation across 50 seeds",50,50,0
0x17ce80,FUN_0017ce80,stubbable,rasterizer_sprites.obj,pass,,50,50,0
0x17ce90,FUN_0017ce90,stubbable,rasterizer_sprites.obj,inconclusive,"vacuous_output: 0 unique return(s), no scratch or memory variation across 50 seeds",50,50,0
0x17cea0,FUN_0017cea0,stubbable,rasterizer_sprites.obj,inconclusive,"vacuous_output: 0 unique return(s), no scratch or memory variation across 50 seeds",50,50,0
0x17ceb0,FUN_0017ceb0,stubbable,rasterizer_sprites.obj,pass,,50,50,0
0x17cec0,FUN_0017cec0,stubbable,rasterizer_sprites.obj,inconclusive,"vacuous_output: 0 unique return(s), no scratch or memory variation across 50 seeds",50,50,0
0x17ced0,FUN_0017ced0,stubbable,rasterizer_sprites.obj,inconclusive,"vacuous_output: 0 unique return(s), no scratch or memory variation across 50 seeds",50,50,0
0x17cee0,FUN_0017cee0,stubbable,rasterizer_sprites.obj,pass,,50,50,0
0x17cef0,FUN_0017cef0,stubbable,rasterizer_sprites.obj,inconclusive,"vacuous_output: 0 unique return(s), no scratch or memory variation across 50 seeds",50,50,0
0x17cf00,FUN_0017cf00,stubbable,rasterizer_sprites.obj,pass,,50,50,0
0x17cf10,FUN_0017cf10,stubbable,rasterizer_sprites.obj,inconclusive,"vacuous_output: 0 unique return(s), no scratch or memory variation across 50 seeds",50,50,0
0x17cf20,FUN_0017cf20,stubbable,rasterizer_sprites.obj,pass,,50,50,0
0x17cf30,FUN_0017cf30,stubbable,rasterizer_sprites.obj,inconclusive,"vacuous_output: 0 unique return(s), no scratch or memory variation across 50 seeds",50,50,0
0x17cf40,FUN_0017cf40,stubbable,rasterizer_sprites.obj,inconclusive,"vacuous_output: 0 unique return(s), no scratch or memory variation across 50 seeds",50,50,0
0x17cf50,FUN_0017cf50,stubbable,rasterizer_sprites.obj,inconclusive,"vacuous_output: 0 unique return(s), no scratch or memory variation across 50 seeds",50,50,0
0x17cf60,FUN_0017cf60,stubbable,rasterizer_sprites.obj,pass,,50,50,0
0x17cf70,FUN_0017cf70,stubbable,rasterizer_sprites.obj,inconclusive,"vacuous_output: 0 unique return(s), no scratch or memory variation across 50 seeds",50,50,0
0x17cf80,FUN_0017cf80,stubbable,rasterizer_sprites.obj,inconclusive,"vacuous_output: 0 unique return(s), no scratch or memory variation across 50 seeds",50,50,0
0x17cf90,FUN_0017cf90,stubbable,rasterizer_sprites.obj,pass,,50,50,0
0x17cfa0,rasterizer_sprites_render,stubbable,rasterizer_sprites.obj,pass,,50,50,0
0x17cfb0,FUN_0017cfb0,stubbable,rasterizer_sprites.obj,pass,,50,50,0
0x17cfc0,FUN_0017cfc0,stubbable,rasterizer_sprites.obj,inconclusive,"vacuous_output: 0 unique return(s), no scratch or memory variation across 50 seeds",50,50,0
0x17cfd0,FUN_0017cfd0,stubbable,rasterizer_sprites.obj,inconclusive,"vacuous_output: 1 unique return(s), no scratch or memory variation across 50 seeds",50,50,0
0x17cfe0,FUN_0017cfe0,stubbable,rasterizer_sprites.obj,inconclusive,"vacuous_output: 0 unique return(s), no scratch or memory variation across 50 seeds",50,50,0
0x17cff0,FUN_0017cff0,stubbable,rasterizer_sprites.obj,inconclusive,"vacuous_output: 0 unique return(s), no scratch or memory variation across 50 seeds",50,50,0
0x17d000,FUN_0017d000,stubbable,rasterizer_sprites.obj,pass,,50,50,0
0x17d010,FUN_0017d010,stubbable,rasterizer_sprites.obj,pass,,50,50,0
0x17d020,FUN_0017d020,stubbable,rasterizer_sprites.obj,inconclusive,"vacuous_output: 0 unique return(s), no scratch or memory variation across 50 seeds",50,50,0
0x17d030,FUN_0017d030,stubbable,rasterizer_sprites.obj,pass,,50,50,0
0x17d040,FUN_0017d040,stubbable,rasterizer_sprites.obj,inconclusive,"vacuous_output: 1 unique return(s), no scratch or memory variation across 50 seeds",50,50,0
0x17d050,FUN_0017d050,stubbable,rasterizer_sprites.obj,inconclusive,"vacuous_output: 0 unique return(s), no scratch or memory variation across 50 seeds",50,50,0
0x17d060,FUN_0017d060,stubbable,rasterizer_sprites.obj,pass,,50,50,0
0x17d070,FUN_0017d070,stubbable,rasterizer_sprites.obj,pass,,50,50,0
0x17d080,FUN_0017d080,stubbable,rasterizer_sprites.obj,pass,,50,50,0
0x17d150,FUN_0017d150,stubbable,rasterizer_sprites.obj,pass,,50,50,0
0x17d1a0,FUN_0017d1a0,stubbable,rasterizer_sprites.obj,pass,,50,50,0
0x17d2b0,rasterizer_debug_model_vertices,stubbable,rasterizer_sprites.obj,inconclusive,vacuous_coverage: 6.5% < 10% floor,70,70,0
0x17d8f0,FUN_0017d8f0,stubbable,rasterizer_sprites.obj,inconclusive,"vacuous_output: 1 unique return(s), no scratch or memory variation across 50 seeds",50,50,0
0x17d910,rasterizer_screen_effects_initialize,stubbable,rasterizer_sprites.obj,not_applicable,"oracle_vacuous_early_exit: 92.9% coverage, identical entry-point path across 50 seeds",50,50,0
0x17d950,FUN_0017d950,stubbable,rasterizer_sprites.obj,pass,,65,65,0
0x17d980,FUN_0017d980,leaf,rasterizer_sprites.obj,pass,,50,50,0
0x17d990,FUN_0017d990,leaf,rasterizer_sprites.obj,pass,,50,50,0
0x17d9a0,FUN_0017d9a0,data_only,rasterizer_sprites.obj,pass,,85,85,0
0x17d9d0,FUN_0017d9d0,data_only,rasterizer_sprites.obj,pass,,85,85,0
0x17da00,FUN_0017da00,stubbable,rasterizer_sprites.obj,pass,,70,70,0
0x17da40,FUN_0017da40,stubbable,rasterizer_sprites.obj,pass,,70,70,0
0x17dab0,FUN_0017dab0,stubbable,rasterizer_sprites.obj,pass,,70,70,0
0x17db20,FUN_0017db20,data_only,rasterizer_sprites.obj,pass,,70,70,0
0x17db40,rasterizer_screen_effect_set_video,stubbable,rasterizer_sprites.obj,inconclusive,"vacuous_output: 0 unique return(s), no scratch or memory variation across 70 seeds",70,70,0
0x17dc60,FUN_0017dc60,data_only,rasterizer_sprites.obj,not_applicable,"oracle_vacuous_early_exit: 71.4% coverage, identical entry-point path across 50 seeds",50,50,0
0x17dc70,rasterizer_screen_effect_get_cinematic_parameters,stubbable,rasterizer_sprites.obj,inconclusive,vacuous_coverage: 6.5% < 10% floor,75,75,0
0x17dec0,FUN_0017dec0,data_only,rasterizer_sprites.obj,not_applicable,"oracle_vacuous_early_exit: 70.0% coverage, identical entry-point path across 50 seeds",50,50,0
0x17dee0,FUN_0017dee0,data_only,rasterizer_sprites.obj,pass,,80,80,0
0x17df10,FUN_0017df10,stubbable,rasterizer_sprites.obj,pass,,50,50,0
0x17df80,FUN_0017df80,stubbable,rasterizer_sprites.obj,not_applicable,"oracle_vacuous_early_exit: 82.4% coverage, identical entry-point path across 50 seeds",50,50,0
0x17e010,FUN_0017e010,data_only,rasterizer_sprites.obj,inconclusive,"vacuous_output: 0 unique return(s), no scratch or memory variation across 50 seeds",50,50,0
0x17e030,FUN_0017e030,leaf,rasterizer_sprites.obj,pass,,50,50,0
0x17e040,FUN_0017e040,stubbable,rasterizer_sprites.obj,inconclusive,"vacuous_output: 0 unique return(s), no scratch or memory variation across 65 seeds",65,65,0
0x17e130,FUN_0017e130,leaf,rasterizer_sprites.obj,pass,,50,50,0
0x17e190,FUN_0017e190,stubbable,rasterizer_sprites.obj,inconclusive,vacuous_coverage: 3.8% < 10% floor,65,65,0
0x17e5b0,FUN_0017e5b0,stubbable,rasterizer_sprites.obj,pass,,65,65,0
0x17e800,rasterizer_debug_triangle_shaded,stubbable,rasterizer_sprites.obj,pass,,65,65,0
0x17eb10,FUN_0017eb10,stubbable,rasterizer_sprites.obj,pass,,50,50,0
0x17eb30,FUN_0017eb30,stubbable,rasterizer_sprites.obj,pass,,50,50,0
0x17eb50,FUN_0017eb50,stubbable,rasterizer_sprites.obj,not_applicable,"oracle_vacuous_early_exit: 66.7% coverage, identical entry-point path across 50 seeds",50,50,0
0x17eb90,FUN_0017eb90,stubbable,rasterizer_sprites.obj,inconclusive,"vacuous_output: 0 unique return(s), no scratch or memory variation across 50 seeds",50,50,0
0x17ebb0,FUN_0017ebb0,stubbable,rasterizer_sprites.obj,pass,,70,70,0
0x17ed30,FUN_0017ed30,stubbable,rasterizer_sprites.obj,inconclusive,"vacuous_output: 0 unique return(s), no scratch or memory variation across 50 seeds",50,50,0
0x17ed70,rasterizer_frame_statistics_sort_index_compare,leaf,rasterizer_sprites.obj,pass,,50,50,0
0x17ed90,FUN_0017ed90,leaf,rasterizer_sprites.obj,pass,,50,50,1
0x17edd0,rasterizer_frame_statistics_count_static_vertices,stubbable,rasterizer_sprites.obj,pass,,50,50,0
0x17ef00,rasterizer_frame_statistics_update,stubbable,rasterizer_sprites.obj,pass,,90,90,0
0x108a70,rect2d_offset,leaf,rectangles.obj,pass,,50,50,1
0x108db0,FUN_00108db0,leaf,rectangles.obj,pass,,50,50,1
0x108e70,bit_vector_and,stubbable,integer_math.obj,pass,,50,50,0
0x108f00,bit_vector_or,stubbable,integer_math.obj,pass,,50,50,0
0x108fa0,FUN_00108fa0,stubbable,integer_math.obj,pass,,50,50,0
0x1c94b0,bink_get_dsound_handle,data_only,bink_sound.obj,inconclusive,"vacuous_output: 1 unique return(s), no scratch or memory variation across 50 seeds",50,50,0
0x1c93f0,FUN_001c93f0,stubbable,bink_sound.obj,inconclusive,"vacuous_output: 0 unique return(s), no scratch or memory variation across 70 seeds",70,70,0
0x1d95d0,crt_strchr,stubbable,LIBCMT:strchr.obj,not_applicable,missing_build_object,0,0,0
0x1da92a,crt_localtime,stubbable,LIBCMT:localtim.obj,pass,,50,50,0
0x1d9690,crt_strstr,stubbable,LIBCMT:strstr.obj,not_applicable,missing_build_object,0,0,0
0x1dd801,crt_stricmp,stubbable,LIBCMT:stricmp.obj,not_applicable,missing_build_object,0,0,0
0x11c530,FUN_0011c530,stubbable,lruv_cache.obj,pass,,50,50,0
0x11c580,FUN_0011c580,stubbable,lruv_cache.obj,pass,,70,70,0
0x11c5d0,FUN_0011c5d0,stubbable,lruv_cache.obj,pass,,49,50,0
0x11c5f0,FUN_0011c5f0,stubbable,lruv_cache.obj,pass,,89,90,0
0x11c780,FUN_0011c780,leaf,lruv_cache.obj,pass,,50,50,1
0x11c790,FUN_0011c790,leaf,lruv_cache.obj,pass,,50,50,1
0x11c7a0,lruv_allocation_size,leaf,lruv_cache.obj,not_applicable,"oracle_vacuous_early_exit: 40.7% coverage, identical entry-point path across 49 seeds",49,50,0
0x11c7c0,FUN_0011c7c0,stubbable,lruv_cache.obj,not_applicable,"oracle_vacuous_early_exit: 64.0% coverage, identical entry-point path across 49 seeds",49,50,0
0x11c820,lruv_update_function_pointers,stubbable,lruv_cache.obj,not_applicable,"oracle_vacuous_early_exit: 67.5% coverage, identical entry-point path across 49 seeds",49,50,0
0x11c870,lrar_cache_new,stubbable,lruv_cache.obj,fail,divergence,48,50,0
0x11ca20,lruv_has_locked_proc,stubbable,lruv_cache.obj,fail,divergence,0,50,0
0x11ca60,FUN_0011ca60,stubbable,lruv_cache.obj,inconclusive,"vacuous_output: 1 unique return(s), no scratch or memory variation across 49 seeds",49,50,0
0x11cab0,lrar_cache_dispose,stubbable,lruv_cache.obj,not_applicable,"oracle_vacuous_early_exit: 27.1% coverage, identical entry-point path across 88 seeds",88,90,0
0x11cbf0,FUN_0011cbf0,stubbable,lruv_cache.obj,fail,divergence,18,90,0
0x11cf00,FUN_0011cf00,stubbable,lruv_cache.obj,inconclusive,"vacuous_output: 1 unique return(s), no scratch or memory variation across 49 seeds",49,50,0
0x11cf60,FUN_0011cf60,stubbable,lruv_cache.obj,inconclusive,"vacuous_output: 0 unique return(s), no scratch or memory variation across 49 seeds",49,50,0
0x11cfe0,FUN_0011cfe0,leaf,lruv_cache.obj,pass,,50,50,1
0x11d010,FUN_0011d010,stubbable,lruv_cache.obj,pass,,50,50,0
0x11d090,FUN_0011d090,stubbable,lruv_cache.obj,not_applicable,"oracle_vacuous_early_exit: 46.2% coverage, identical entry-point path across 89 seeds",89,90,0
0x11d110,FUN_0011d110,stubbable,lruv_cache.obj,pass,,50,50,0
0x11d250,lru_cache_dispose,stubbable,lruv_cache.obj,pass,,50,50,0
0x11d2a0,FUN_0011d2a0,stubbable,lruv_cache.obj,pass,,89,90,0
0x11d300,FUN_0011d300,stubbable,lruv_cache.obj,inconclusive,"vacuous_output: 1 unique return(s), no scratch or memory variation across 49 seeds",49,50,0
0x11d320,FUN_0011d320,stubbable,lruv_cache.obj,not_applicable,"oracle_vacuous_early_exit: 25.4% coverage, identical entry-point path across 89 seeds",89,90,0
0x11d3f0,FUN_0011d3f0,stubbable,lruv_cache.obj,pass,,50,50,0
0x11d420,FUN_0011d420,stubbable,lruv_cache.obj,pass,,50,50,0
0x11d450,FUN_0011d450,stubbable,lruv_cache.obj,pass,,49,50,0
0x11d480,lruv_cache_allocation_size,stubbable,lruv_cache.obj,inconclusive,"vacuous_output: 1 unique return(s), no scratch or memory variation across 50 seeds",50,50,0
0x11d4a0,lruv_cache_set_callbacks,stubbable,lruv_cache.obj,pass,,50,50,0
0x11d4f0,lruv_cache_has_query_cb,stubbable,lruv_cache.obj,pass,,50,50,0
0x11d550,lruv_cache_verify,stubbable,lruv_cache.obj,pass,,50,50,0
0x11d780,lruv_cache_initialize,stubbable,lruv_cache.obj,pass,,50,50,0
0x11d890,lruv_cache_dispose,stubbable,lruv_cache.obj,pass,,50,50,0
0x11d8d0,lruv_idle,stubbable,lruv_cache.obj,fail,divergence,0,50,0
0x11d8f0,lruv_block_delete,stubbable,lruv_cache.obj,pass,,4,50,0
0x11d9d0,lruv_debug_to_file,stubbable,lruv_cache.obj,fail,divergence,0,50,0
0x11da00,lruv_block_get_address,stubbable,lruv_cache.obj,fail,divergence,0,50,0
0x11da30,lruv_block_touched,stubbable,lruv_cache.obj,fail,divergence,0,50,0
0x11da60,lruv_cache_get_page_usage,stubbable,lruv_cache.obj,error,mem-limit,0,0,0
0x11db00,lruv_resize,stubbable,lruv_cache.obj,pass,,50,50,0
0x11db90,FUN_0011db90,stubbable,lruv_cache.obj,pass,,50,50,0
0x11dd60,lruv_new,stubbable,lruv_cache.obj,pass,,50,50,0
0x11ddc0,lruv_cache_dispose_all,stubbable,lruv_cache.obj,pass,,50,50,0
0x11de10,FUN_0011de10,stubbable,lruv_cache.obj,inconclusive,vacuous_coverage: 9.8% < 10% floor,36,50,0
0x1bfe90,lruv_cache_new,stubbable,lruv_cache.obj,pass,,50,50,0
0x75380,FUN_00075380,stubbable,bitmap_utilities.obj,not_applicable,"oracle_vacuous_early_exit: 8.1% coverage, identical entry-point path across 50 seeds",50,50,0
0x75630,FUN_00075630,stubbable,bitmap_utilities.obj,not_applicable,"oracle_vacuous_early_exit: 53.2% coverage, identical entry-point path across 55 seeds",55,60,0
0x75a20,FUN_00075a20,stubbable,bitmap_utilities.obj,inconclusive,"vacuous_output: 1 unique return(s), no scratch or memory variation across 90 seeds",90,90,0
0x76300,FUN_00076300,stubbable,bitmap_utilities.obj,pass,,90,90,0
0x766e0,FUN_000766e0,stubbable,bitmap_utilities.obj,not_applicable,"oracle_vacuous_early_exit: 21.6% coverage, identical entry-point path across 60 seeds",60,60,0
0x76790,FUN_00076790,stubbable,bitmap_utilities.obj,pass,,60,60,0
0x76a70,FUN_00076a70,stubbable,bitmap_utilities.obj,pass,,50,50,0
0x76bb0,FUN_00076bb0,stubbable,bitmap_utilities.obj,pass,,50,50,0
0x76bd0,FUN_00076bd0,stubbable,bitmap_utilities.obj,pass,,90,90,0
0x76ff0,FUN_00076ff0,stubbable,bitmap_utilities.obj,pass,,50,50,0
0x77040,FUN_00077040,stubbable,bitmap_utilities.obj,pass,,80,80,0
0x77120,FUN_00077120,stubbable,bitmap_utilities.obj,pass,,50,50,0
0x77510,FUN_00077510,stubbable,bitmap_utilities.obj,pass,,50,50,0
0x77540,FUN_00077540,stubbable,bitmap_utilities.obj,pass,,50,50,0
0x77590,FUN_00077590,stubbable,bitmap_utilities.obj,pass,,50,50,0
0x77720,FUN_00077720,stubbable,bitmap_utilities.obj,not_applicable,"oracle_vacuous_early_exit: 8.9% coverage, identical entry-point path across 50 seeds",50,50,0
0x779b0,FUN_000779b0,stubbable,bitmap_utilities.obj,not_applicable,"oracle_vacuous_early_exit: 7.3% coverage, identical entry-point path across 50 seeds",50,50,0
0x77cd0,FUN_00077cd0,stubbable,bitmap_utilities.obj,pass,,50,50,0
0x77e60,bitmap_fade,stubbable,bitmap_utilities.obj,pass,,50,50,0
0x77ff0,FUN_00077ff0,stubbable,bitmap_utilities.obj,not_applicable,"oracle_vacuous_early_exit: 4.9% coverage, identical entry-point path across 50 seeds",50,50,0
0x78460,FUN_00078460,stubbable,bitmap_utilities.obj,not_applicable,"oracle_vacuous_early_exit: 3.3% coverage, identical entry-point path across 50 seeds",50,50,0
0x78b80,FUN_00078b80,stubbable,bitmap_utilities.obj,pass,,50,50,0
0x790b0,FUN_000790b0,stubbable,bitmap_utilities.obj,pass,,50,50,0
0x79180,FUN_00079180,stubbable,bitmap_utilities.obj,pass,,50,50,0
0x79250,FUN_00079250,stubbable,bitmap_utilities.obj,pass,,50,50,0
0x79480,FUN_00079480,stubbable,bitmap_utilities.obj,pass,,50,50,0
0x79590,FUN_00079590,stubbable,bitmap_utilities.obj,pass,,50,50,0
0x79630,FUN_00079630,stubbable,bitmap_utilities.obj,pass,,50,50,0
0x796e0,FUN_000796e0,stubbable,bitmap_utilities.obj,not_applicable,"oracle_vacuous_early_exit: 8.7% coverage, identical entry-point path across 50 seeds",50,50,0
0x798e0,FUN_000798e0,stubbable,bitmap_utilities.obj,not_applicable,"oracle_vacuous_early_exit: 8.1% coverage, identical entry-point path across 50 seeds",50,50,0
0x79bb0,FUN_00079bb0,stubbable,bitmap_utilities.obj,not_applicable,"oracle_vacuous_early_exit: 7.8% coverage, identical entry-point path across 50 seeds",50,50,0
0x79e70,FUN_00079e70,stubbable,bitmap_utilities.obj,not_applicable,"oracle_vacuous_early_exit: 6.5% coverage, identical entry-point path across 50 seeds",50,50,0
0x7a1e0,FUN_0007a1e0,stubbable,bitmap_utilities.obj,not_applicable,"oracle_vacuous_early_exit: 7.6% coverage, identical entry-point path across 50 seeds",50,50,0
0x7a4a0,bitmap_2d_uncompress_from_mipmap,stubbable,bitmap_utilities.obj,not_applicable,"oracle_vacuous_early_exit: 7.8% coverage, identical entry-point path across 50 seeds",50,50,0
0x7a750,real_rgb_color_brightness,data_only,bitmap_utilities.obj,pass,,50,50,0
0x7a780,rgb_color_to_hsv_color,stubbable,bitmap_utilities.obj,fail,divergence,12,50,0
0x7a970,hsv_color_to_rgb_color,stubbable,bitmap_utilities.obj,fail,divergence,30,50,0
0x7ab50,bitmap_clone,stubbable,bitmap_utilities.obj,pass,,50,50,0
0x7ace0,real_hsv_color_to_real_rgb_color,stubbable,bitmap_utilities.obj,pass,,50,50,0
0x7ae70,argb_color_to_real_argb_color,data_only,bitmap_utilities.obj,pass,,50,50,0
0x7aed0,rgb_color_to_real_rgb_color,data_only,bitmap_utilities.obj,pass,,50,50,0
0x7af20,pixel32_to_real_argb_color,data_only,bitmap_utilities.obj,pass,,50,50,0
0x7afb0,pixel32_to_real_rgb_color,data_only,bitmap_utilities.obj,pass,,50,50,0
0x7b020,valid_real_rgb_color,data_only,bitmap_utilities.obj,pass,,50,50,0
0x7b0e0,bitmap_shrink,stubbable,bitmap_utilities.obj,pass,,50,50,0
0x7b1b0,bitmap_smooth,stubbable,bitmap_utilities.obj,pass,,50,50,0
0x7b310,bitmap_sharpen,stubbable,bitmap_utilities.obj,pass,,50,50,0
0x7b470,bitmap_alpha_bleed,stubbable,bitmap_utilities.obj,pass,,50,50,0
0x7b940,FUN_0007b940,stubbable,bitmap_utilities.obj,pass,,50,50,0
0x971a0,FUN_000971a0,stubbable,edit_text.obj,pass,,50,50,0
0x972b0,edit_text_clamp_cursor,stubbable,edit_text.obj,pass,,50,50,0
0x97330,edit_text_set_cursor_to_end,stubbable,edit_text.obj,pass,,50,50,0
0x973a0,edit_text_get_selection_range,stubbable,edit_text.obj,fail,divergence,34,50,0
0x97440,edit_text_initialize,stubbable,edit_text.obj,pass,,50,50,0
0x974a0,edit_text_process_key,stubbable,edit_text.obj,fail,divergence,32,50,0
0x96d70,FUN_00096d70,stubbable,edit_text.obj,pass,,50,50,0
0x96f20,FUN_00096f20,stubbable,edit_text.obj,pass,,50,50,0
0x97040,FUN_00097040,stubbable,edit_text.obj,pass,,50,50,0
0x97080,FUN_00097080,stubbable,edit_text.obj,pass,,50,50,0
0x97220,FUN_00097220,stubbable,edit_text.obj,pass,,50,50,0
0x97260,FUN_00097260,stubbable,edit_text.obj,pass,,50,50,0
0x19ccf0,draw_string_compute_bounds,stubbable,international_strings.obj,pass,,50,50,0
0x19ce70,FUN_0019ce70,stubbable,international_strings.obj,pass,,50,50,0
0x19cec0,bitmap_draw_string,stubbable,international_strings.obj,pass,,50,50,0
0x19d060,set_language_code,data_only,international_strings.obj,pass,,50,50,0
0x19d080,unicode_is_multibyte,stubbable,international_strings.obj,pass,,90,90,0
0x19d1b0,unicode_cursor_forward,stubbable,international_strings.obj,pass,,50,50,0
0x19d240,unicode_cursor_backward,stubbable,international_strings.obj,pass,,50,50,0
0x19d300,unicode_snap_cursor,stubbable,international_strings.obj,pass,,50,50,0
0x19d380,unicode_string_contains_char,stubbable,international_strings.obj,fail,divergence,10,50,0
0x19d3c0,FUN_0019d3c0,stubbable,international_strings.obj,pass,,50,50,0
0x19d480,umemchr,stubbable,international_strings.obj,pass,,50,50,0
0x19d4f0,umemcpy,stubbable,international_strings.obj,fail,divergence,35,50,0
0x19d590,umemcmp,stubbable,international_strings.obj,fail,divergence,19,50,0
0x19d600,umemmove,stubbable,international_strings.obj,pass,,50,50,0
0x19d670,umemset,stubbable,international_strings.obj,fail,divergence,23,50,0
0x19d6e0,align_to_character,stubbable,international_strings.obj,pass,,50,50,0
0x19d760,ustrcat,stubbable,international_strings.obj,pass,,50,50,0
0xfad60,weapon_place,stubbable,weapons.obj,pass,,50,50,0
0xfae30,weapon_preprocess_node_orientations,stubbable,weapons.obj,pass,,50,50,0
0xfae80,weapon_get_label,stubbable,weapons.obj,pass,,50,50,0
0xfaeb0,weapon_set_integrated_light_power,stubbable,weapons.obj,pass,,50,50,0
0xfaed0,weapon_estimate_time_to_target,stubbable,weapons.obj,pass,,70,70,0
0xfaf50,weapon_can_be_fired,stubbable,weapons.obj,pass,,50,50,0
0xfb090,weapon_must_be_readied,stubbable,weapons.obj,pass,,50,50,0
0xfb0c0,weapon_is_flag,stubbable,weapons.obj,pass,,50,50,0
0xfb0f0,weapon_prevents_grenade_throwing,stubbable,weapons.obj,pass,,50,50,0
0xfb140,weapon_get_animation_frame,stubbable,weapons.obj,pass,,90,90,0
0xfb2f0,weapon_overcharged,stubbable,weapons.obj,pass,,50,50,0
0xfb320,FUN_000fb320,stubbable,weapons.obj,pass,,50,50,0
0xfb370,FUN_000fb370,stubbable,weapons.obj,pass,,50,50,0
0xfb3c0,weapon_has_activity,stubbable,weapons.obj,pass,,50,50,0
0xfb510,FUN_000fb510,stubbable,weapons.obj,fail,divergence,0,50,0
0xfb6e0,weapon_start_effect,stubbable,weapons.obj,pass,,50,50,0
0xfb7d0,FUN_000fb7d0,stubbable,weapons.obj,pass,,50,50,0
0xfb880,weapon_trigger_release_charge,stubbable,weapons.obj,pass,,50,50,0
0xfb910,FUN_000fb910,stubbable,weapons.obj,fail,divergence,0,50,0
0xfba00,weapon_state_interruptable,leaf,weapons.obj,pass,,50,50,0
0xfba20,weapon_set_animation_state,stubbable,weapons.obj,pass,,90,90,0
0xfbbd0,weapon_set_total_rounds,stubbable,weapons.obj,pass,,75,75,0
0xfbea0,weapon_delete,stubbable,weapons.obj,not_applicable,"oracle_vacuous_early_exit: 16.1% coverage, identical entry-point path across 50 seeds",50,50,0
0xfc290,weapon_handle_potential_inventory_item,stubbable,weapons.obj,pass,,70,70,0
0xfc4b0,weapon_owner_update,stubbable,weapons.obj,pass,,50,50,0
0xfc550,weapon_build_weapon_interface_state,stubbable,weapons.obj,pass,,74,75,0
0xfc690,weapon_reloading,stubbable,weapons.obj,pass,,70,70,0
0xfc710,weapon_rotate_zoom_level,stubbable,weapons.obj,fail,divergence,0,50,0
0xfc930,weapon_prevents_melee_attack,stubbable,weapons.obj,pass,,50,50,0
0xfc990,FUN_000fc990,stubbable,weapons.obj,fail,divergence,0,50,0
0xfcaf0,FUN_000fcaf0,stubbable,weapons.obj,fail,divergence,0,50,0
0xfcbd0,FUN_000fcbd0,stubbable,weapons.obj,fail,divergence,0,50,0
0xfcd10,FUN_000fcd10,stubbable,weapons.obj,fail,divergence,0,50,0
0xfcdd0,FUN_000fcdd0,stubbable,weapons.obj,fail,divergence,0,50,0
0xfce60,FUN_000fce60,stubbable,weapons.obj,pass,,50,50,0
0xfcf20,weapon_reset_state,stubbable,weapons.obj,pass,,90,90,0
0xfd150,FUN_000fd150,stubbable,weapons.obj,pass,,50,50,0
0xfd180,weapon_set_current_amount,stubbable,weapons.obj,pass,,70,70,0
0xfd2e0,weapon_activate,stubbable,weapons.obj,pass,,50,50,0
0xfd360,weapon_try_place,stubbable,weapons.obj,fail,divergence,44,50,0
0xfd400,weapon_aim,stubbable,weapons.obj,pass,,70,70,0
0xfd510,weapon_stop_reload,stubbable,weapons.obj,inconclusive,"vacuous_output: 0 unique return(s), no scratch or memory variation across 50 seeds",50,50,0
0xfe6c0,FUN_000fe6c0,stubbable,weapons.obj,fail,divergence,0,50,0
0xfe790,FUN_000fe790,stubbable,weapons.obj,fail,divergence,0,50,0
0x211f0,actor_combat_get_firing_variant_definition,stubbable,actor_combat.obj,pass,,50,50,0
0x20f80,actor_combat_check_mode,stubbable,actor_combat.obj,pass,,80,80,0
0x21130,actor_combat_get_weapon_vector,stubbable,actor_combat.obj,pass,,60,60,0
0x21270,actor_combat_get_burst_parameters,stubbable,actor_combat.obj,pass,,70,70,0
0x21590,actor_combat_set_fire_timer,stubbable,actor_combat.obj,fail,divergence,0,50,0
0x21640,actor_combat_evaluate_firing,stubbable,actor_combat.obj,pass,,60,60,0
0x22010,actor_combat_check_fire_target,stubbable,actor_combat.obj,pass,,55,55,0
0x22390,actor_start_burst,stubbable,actor_combat.obj,fail,divergence,0,50,0
0x21010,actor_combat_fire_wildly,stubbable,actor_combat.obj,pass,,50,50,0
0x21040,actor_combat_disable_bursts,stubbable,actor_combat.obj,pass,,50,50,0
0x21350,fast_ftol,leaf,actor_combat.obj,pass,,50,50,1
0x21710,actor_combat_compute_ballistic_solution,stubbable,actor_combat.obj,pass,,75,75,0
0x219e0,actor_combat_find_grenade_target,stubbable,actor_combat.obj,pass,,65,65,0
0x22ba0,actor_aim_grenade,stubbable,actor_combat.obj,pass,,70,70,0
0x2b5d0,actor_move_get_avoidance_direction,data_only,actor_moving.obj,not_applicable,"oracle_vacuous_early_exit: 97.3% coverage, identical entry-point path across 50 seeds",50,50,0
0x2d350,actor_destination_update,stubbable,actor_moving.obj,fail,divergence,0,50,0
0x2e560,actor_move_update,stubbable,actor_moving.obj,not_applicable,"oracle_vacuous_early_exit: 6.5% coverage, identical entry-point path across 50 seeds",50,50,0
0x2a3a0,FUN_0002a3a0,stubbable,actor_moving.obj,pass,,50,50,0
0x2a580,actor_test_destination,stubbable,actor_moving.obj,pass,,55,55,0
0x2cdb0,actor_path_refresh,stubbable,actor_moving.obj,not_applicable,"oracle_vacuous_early_exit: 9.0% coverage, identical entry-point path across 60 seeds",60,60,0
0x2a470,actor_path_input_new,stubbable,actor_moving.obj,pass,,50,50,0
0x2b720,actor_path_3d_available,stubbable,actor_moving.obj,pass,,55,55,0
0x2bd80,FUN_0002bd80,stubbable,actor_moving.obj,pass,,75,75,0
0x2a530,arccosine,stubbable,actor_moving.obj,inconclusive,"vacuous_output: 1 unique return(s), no scratch or memory variation across 50 seeds",50,50,0
0x2a610,actor_get_stopping_distances,stubbable,actor_moving.obj,pass,,65,65,0
0x2a7e0,actor_move_animation_impulse,stubbable,actor_moving.obj,pass,,60,60,0
0x2a860,actor_move_force_stop,stubbable,actor_moving.obj,pass,,65,65,0
0x2a8f0,actor_move_try_evasion_vector,stubbable,actor_moving.obj,pass,,50,50,0
0x2ab40,actor_move_try_evasion_direction,stubbable,actor_moving.obj,pass,,50,50,0
0x2ace0,actor_aim_jump,stubbable,actor_moving.obj,pass,,55,55,0
0x2ade0,FUN_0002ade0,stubbable,actor_moving.obj,pass,,87,90,0
0x2b020,FUN_0002b020,stubbable,actor_moving.obj,fail,divergence,4,50,0
0x2b310,FUN_0002b310,data_only,actor_moving.obj,pass,,71,80,0
0x2b400,actor_move_transform_avoidance_vector,data_only,actor_moving.obj,pass,,49,50,0
0x2b490,actor_move_get_avoidance_vector,stubbable,actor_moving.obj,fail,divergence,12,50,0
0x2b830,FUN_0002b830,stubbable,actor_moving.obj,fail,divergence,27,50,0
0x2bab0,FUN_0002bab0,stubbable,actor_moving.obj,pass,,50,50,0
0x2d720,actor_move_to_point,stubbable,actor_moving.obj,pass,,65,65,0
0x2d850,actor_move_to_move_position,stubbable,actor_moving.obj,pass,,50,50,0
0x2d900,actor_move_to_firing_position,stubbable,actor_moving.obj,pass,,50,50,0
0x2d9b0,actor_move_to_prop,stubbable,actor_moving.obj,pass,,50,50,0
0x2daa0,actor_move_compute_facing,stubbable,actor_moving.obj,pass,,65,65,0
0x2f1a0,FUN_0002f1a0,stubbable,actor_perception.obj,pass,,50,50,0
0x2f230,FUN_0002f230,stubbable,actor_perception.obj,pass,,50,50,0
0x2f2b0,actor_perception_acknowledge,stubbable,actor_perception.obj,pass,,50,50,0
0x2f380,FUN_0002f380,stubbable,actor_perception.obj,pass,,50,50,0
0x2f5b0,FUN_0002f5b0,leaf,actor_perception.obj,not_applicable,"oracle_vacuous_early_exit: 70.5% coverage, identical entry-point path across 49 seeds",49,50,0
0x2f5f0,FUN_0002f5f0,stubbable,actor_perception.obj,pass,,50,50,0
0x2f910,actor_perception_find_prop_pathfinding_location,stubbable,actor_perception.obj,pass,,50,50,0
0x2f9b0,actor_perception_find_killer_prop_index,stubbable,actor_perception.obj,pass,,50,50,0
0x2fa70,actor_get_best_damaging_prop,stubbable,actor_perception.obj,pass,,50,50,0
0x2fb70,actor_perception_forget_recent_damage,stubbable,actor_perception.obj,not_applicable,"oracle_vacuous_early_exit: 60.0% coverage, identical entry-point path across 50 seeds",50,50,0
0x2fbc0,actor_perception_retreat_successful,stubbable,actor_perception.obj,pass,,50,50,0
0x2fc20,actor_get_perception_knowledge,stubbable,actor_perception.obj,pass,,85,85,0
0x300b0,actor_situation_update_target_status,stubbable,actor_perception.obj,pass,,60,60,0
0x308e0,actor_situation_try_new_target,stubbable,actor_perception.obj,pass,,55,55,0
0x30e60,FUN_00030e60,leaf,actor_perception.obj,pass,,50,50,0
0x32ac0,actor_perception_unreachable,stubbable,actor_perception.obj,pass,,50,50,0
0x32b50,actor_perception_tried_to_uncover,stubbable,actor_perception.obj,pass,,50,50,0
0x32bb0,actor_perception_tried_to_search,stubbable,actor_perception.obj,pass,,50,50,0
0x32c10,actor_perception_abandoned_search,stubbable,actor_perception.obj,pass,,50,50,0
0x33330,actor_perception_become_acknowledged,stubbable,actor_perception.obj,pass,,50,50,0
0x355f0,actor_perception_update,stubbable,actor_perception.obj,not_applicable,"oracle_vacuous_early_exit: 5.6% coverage, identical entry-point path across 65 seeds",65,65,0
0x42a30,ai_communication_initialize,stubbable,ai_communication.obj,pass,,70,70,0
0x42b80,ai_communication_dispose,leaf,ai_communication.obj,pass,,50,50,0
0x42b90,ai_communication_initialize_for_new_map,stubbable,ai_communication.obj,not_applicable,"oracle_vacuous_early_exit: 63.6% coverage, identical entry-point path across 50 seeds",50,50,0
0x42ca0,ai_communication_dispose_from_old_map,stubbable,ai_communication.obj,inconclusive,"vacuous_output: 0 unique return(s), no scratch or memory variation across 50 seeds",50,50,0
0x42ce0,ai_communication_get_type_by_name,stubbable,ai_communication.obj,pass,,50,50,0
0x42d80,FUN_00042d80,stubbable,ai_communication.obj,pass,,50,50,0
0x42df0,FUN_00042df0,stubbable,ai_communication.obj,pass,,50,50,0
0x42e60,FUN_00042e60,stubbable,ai_communication.obj,pass,,50,50,0
0x42eb0,FUN_00042eb0,stubbable,ai_communication.obj,fail,divergence,4,50,0
0x42f40,FUN_00042f40,stubbable,ai_communication.obj,inconclusive,"vacuous_output: 1 unique return(s), no scratch or memory variation across 50 seeds",50,50,0
0x42f60,FUN_00042f60,stubbable,ai_communication.obj,fail,divergence,1,50,0
0x42fa0,FUN_00042fa0,stubbable,ai_communication.obj,fail,divergence,5,50,0
0x43050,FUN_00043050,stubbable,ai_communication.obj,pass,,50,50,0
0x43090,FUN_00043090,stubbable,ai_communication.obj,not_applicable,"oracle_vacuous_early_exit: 54.7% coverage, identical entry-point path across 50 seeds",50,50,0
0x430d0,ai_communication_consider_speech,stubbable,ai_communication.obj,fail,divergence,0,50,0
0x43270,actor_communication_team,stubbable,ai_communication.obj,pass,,50,50,0
0x432b0,FUN_000432b0,stubbable,ai_communication.obj,inconclusive,"vacuous_output: 0 unique return(s), no scratch or memory variation across 50 seeds",50,50,0
0x43360,FUN_00043360,stubbable,ai_communication.obj,inconclusive,"vacuous_output: 0 unique return(s), no scratch or memory variation across 50 seeds",50,50,0
0x434c0,ai_conversation_line,stubbable,ai_communication.obj,not_applicable,"oracle_vacuous_early_exit: 59.6% coverage, identical entry-point path across 65 seeds",65,65,0
0x43520,ai_conversation_advance,stubbable,ai_communication.obj,not_applicable,"oracle_vacuous_early_exit: 34.9% coverage, identical entry-point path across 65 seeds",65,65,0
0x435b0,ai_conversation_finish,stubbable,ai_communication.obj,pass,,50,50,0
0x43740,FUN_00043740,stubbable,ai_communication.obj,pass,,75,75,0
0x43870,ai_conversation_line_begin,stubbable,ai_communication.obj,pass,,75,75,0
0x43db0,actor_communication_update,stubbable,ai_communication.obj,pass,,60,60,0
0x43f20,ai_communication_update_speech_timers,stubbable,ai_communication.obj,pass,,55,55,0
0x44500,ai_conversation_stop,stubbable,ai_communication.obj,not_applicable,"oracle_vacuous_early_exit: 29.7% coverage, identical entry-point path across 65 seeds",65,65,0
0x44590,ai_conversation_actor_deleted,stubbable,ai_communication.obj,not_applicable,"oracle_vacuous_early_exit: 25.3% coverage, identical entry-point path across 65 seeds",65,65,0
0x44660,ai_conversation_unit_died,stubbable,ai_communication.obj,not_applicable,"oracle_vacuous_early_exit: 13.7% coverage, identical entry-point path across 65 seeds",65,65,0
0x45830,ai_communication_find_specific_actor_to_talk,stubbable,ai_communication.obj,inconclusive,"vacuous_output: 1 unique return(s), no scratch or memory variation across 50 seeds",50,50,0
0x458f0,ai_communication_find_global_actor_to_talk,stubbable,ai_communication.obj,inconclusive,"vacuous_output: 1 unique return(s), no scratch or memory variation across 50 seeds",50,50,0
0x46b60,ai_conversation,stubbable,ai_communication.obj,inconclusive,"vacuous_output: 1 unique return(s), no scratch or memory variation across 50 seeds",50,50,0
0x48e90,ai_debug_initialize,stubbable,ai_communication.obj,not_applicable,lifted_extract_failed,0,0,0
0x48f50,ai_debug_dispose,stubbable,ai_debug.obj,pass,,80,80,0
0x48fa0,ai_debug_dispose_from_old_map,stubbable,ai_debug.obj,not_applicable,"oracle_vacuous_early_exit: 32.6% coverage, identical entry-point path across 50 seeds",50,50,0
0x49000,ai_debug_clear_storage,stubbable,ai_debug.obj,not_applicable,"oracle_vacuous_early_exit: 30.2% coverage, identical entry-point path across 50 seeds",50,65,0
0x49080,ai_debug_actor_deleted,data_only,ai_debug.obj,not_applicable,"oracle_vacuous_early_exit: 85.5% coverage, identical entry-point path across 50 seeds",50,50,0
0x490c0,ai_debug_get_newest_path_storage,data_only,ai_debug.obj,not_applicable,"oracle_vacuous_early_exit: 70.8% coverage, identical entry-point path across 50 seeds",50,50,0
0x49120,ai_debug_get_path_storage,stubbable,ai_debug.obj,error,emulation_error,0,50,0
0x49220,ai_debug_select_encounter,stubbable,ai_debug.obj,pass,,50,50,0
0x49280,FUN_00049280,stubbable,ai_debug.obj,pass,,50,50,0
0x49300,ai_debug_render_surface,stubbable,ai_debug.obj,pass,,49,50,0
0x493b0,ai_debug_point3d_set,leaf,ai_debug.obj,pass,,50,50,0
0x493d0,ai_debug_get_last_path,data_only,ai_debug.obj,pass,,50,50,0
0x49430,ai_debug_lineoffire_addpill,stubbable,ai_debug.obj,pass,,50,50,0
0x494d0,FUN_000494d0,data_only,ai_debug.obj,pass,,50,50,0
0x494e0,FUN_000494e0,stubbable,ai_debug.obj,not_applicable,"oracle_vacuous_early_exit: 11.9% coverage, identical entry-point path across 50 seeds",50,50,0
0x495b0,FUN_000495b0,stubbable,ai_debug.obj,not_applicable,"oracle_vacuous_early_exit: 5.3% coverage, identical entry-point path across 50 seeds",50,50,0
0x496c0,ai_debug_highlight_cluster,stubbable,ai_debug.obj,not_applicable,"oracle_vacuous_early_exit: 8.8% coverage, identical entry-point path across 50 seeds",50,50,0
0x49990,ai_debug_render_points_and_lines,stubbable,ai_debug.obj,not_applicable,"oracle_vacuous_early_exit: 41.8% coverage, identical entry-point path across 50 seeds",50,50,0
0x49ac0,ai_debug_describe_actor,stubbable,ai_debug.obj,fail,divergence,4,50,0
0x49c70,FUN_00049c70,stubbable,ai_debug.obj,not_applicable,"oracle_vacuous_early_exit: 16.2% coverage, identical entry-point path across 50 seeds",50,50,0
0x49f60,ai_debug_vocalize,stubbable,ai_debug.obj,pass,,50,50,0
0x4a030,FUN_0004a030,stubbable,ai_debug.obj,inconclusive,"vacuous_output: 0 unique return(s), no scratch or memory variation across 85 seeds",85,85,0
0x4a220,ai_debug_speak,stubbable,ai_debug.obj,pass,,50,50,0
0x4a290,ai_debug_speak_list,stubbable,ai_debug.obj,pass,,50,50,0
0x4a460,ai_debug_toggle_flags,stubbable,ai_debug.obj,pass,,41,50,0
0x4a650,ai_debug_communication_suppress,stubbable,ai_debug.obj,pass,,50,50,0
0x4a680,ai_debug_communication_ignore,stubbable,ai_debug.obj,pass,,50,50,0
0x4a6b0,ai_debug_communication_focus,stubbable,ai_debug.obj,pass,,50,50,0
0x4a6e0,ai_debug_idle_look_clear,data_only,ai_debug.obj,pass,,50,50,0
0x4a710,ai_debug_idle_look_addprop,stubbable,ai_debug.obj,pass,,65,65,0
0x4a8c0,FUN_0004a8c0,stubbable,ai_debug.obj,not_applicable,"oracle_vacuous_early_exit: 16.8% coverage, identical entry-point path across 75 seeds",75,75,0
0x4a9f0,FUN_0004a9f0,stubbable,ai_debug.obj,not_applicable,"oracle_vacuous_early_exit: 58.2% coverage, identical entry-point path across 90 seeds",90,90,0
0x4afa0,ai_debug_change_selected_encounter,stubbable,ai_debug.obj,inconclusive,"vacuous_output: 0 unique return(s), no scratch or memory variation across 50 seeds",50,50,0
0x4b0f0,ai_debug_teleport_to,stubbable,ai_debug.obj,pass,,50,50,0
0x4b1b0,ai_debug_select_actor,stubbable,ai_debug.obj,pass,,50,50,0
0x4b2b0,ai_debug_drawstack,data_only,ai_debug.obj,inconclusive,"vacuous_output: 1 unique return(s), no scratch or memory variation across 50 seeds",50,50,0
0x4b670,ai_debug_highlight_unit,stubbable,ai_debug.obj,pass,,50,50,0
0x4b7a0,FUN_0004b7a0,stubbable,ai_debug.obj,not_applicable,"oracle_vacuous_early_exit: 80.7% coverage, identical entry-point path across 50 seeds",50,50,0
0x4c0f0,ai_debug_initialize_for_new_map,stubbable,ai_debug.obj,not_applicable,"oracle_vacuous_early_exit: 97.3% coverage, identical entry-point path across 50 seeds",50,50,0
0x4c170,ai_debug_change_selected_actor,stubbable,ai_debug.obj,not_applicable,"oracle_vacuous_early_exit: 21.5% coverage, identical entry-point path across 50 seeds",50,50,0
0x4c890,FUN_0004c890,stubbable,ai_debug.obj,inconclusive,"vacuous_output: 0 unique return(s), no scratch or memory variation across 65 seeds",65,65,0
0x52ab0,FUN_00052ab0,stubbable,ai_debug.obj,inconclusive,"vacuous_output: 0 unique return(s), no scratch or memory variation across 50 seeds",50,50,0
0x534d0,FUN_000534d0,stubbable,ai_debug.obj,not_applicable,"oracle_vacuous_early_exit: 5.1% coverage, identical entry-point path across 80 seeds",80,80,0
0x53620,set_real_point3d,stubbable,ai_debug.obj,inconclusive,"vacuous_output: 0 unique return(s), no scratch or memory variation across 50 seeds",50,50,0
0x53650,FUN_00053650,stubbable,ai_debug.obj,inconclusive,"vacuous_output: 0 unique return(s), no scratch or memory variation across 50 seeds",50,50,0
0x53680,FUN_00053680,stubbable,ai_debug.obj,inconclusive,domain_skipped: all 50 seed(s) escaped,0,50,0
0x53790,FUN_00053790,stubbable,ai_debug.obj,fail,divergence,0,50,0
0x53890,FUN_00053890,stubbable,ai_debug.obj,inconclusive,"vacuous_output: 1 unique return(s), no scratch or memory variation across 50 seeds",50,50,0
0x538d0,FUN_000538d0,data_only,ai_debug.obj,inconclusive,"vacuous_output: 1 unique return(s), no scratch or memory variation across 50 seeds",50,50,0
0x538f0,FUN_000538f0,stubbable,ai_debug.obj,not_applicable,"oracle_vacuous_early_exit: 54.4% coverage, identical entry-point path across 50 seeds",50,50,0
0x53960,FUN_00053960,stubbable,ai_debug.obj,not_applicable,"oracle_vacuous_early_exit: 65.2% coverage, identical entry-point path across 50 seeds",50,50,0
0x539c0,FUN_000539c0,stubbable,ai_debug.obj,fail,divergence,0,50,0
0x53a20,FUN_00053a20,stubbable,ai_debug.obj,fail,divergence,0,50,0
0x53a90,FUN_00053a90,stubbable,ai_debug.obj,fail,divergence,0,50,0
0x53af0,FUN_00053af0,stubbable,ai_debug.obj,fail,divergence,0,50,0
0x540b0,ai_script_initialize,leaf,ai_profile.obj,pass,,50,50,0
0x540c0,ai_script_dispose,leaf,ai_profile.obj,pass,,50,50,0
0x540d0,ai_script_initialize_for_new_map,leaf,ai_profile.obj,pass,,50,50,0
0x540e0,ai_script_dispose_from_old_map,leaf,ai_profile.obj,pass,,50,50,0
0x540f0,ai_index_from_string,stubbable,ai_profile.obj,pass,,50,50,0
0x54220,ai_index_to_string,stubbable,ai_profile.obj,pass,,44,50,0
0x54310,ai_index_platoon_iterator_new,stubbable,ai_profile.obj,pass,,50,50,0
0x54430,ai_index_platoon_iterator_next,stubbable,ai_profile.obj,pass,,50,50,0
0x544a0,ai_index_squad_iterator_new,stubbable,ai_profile.obj,pass,,50,50,0
0x545a0,ai_index_squad_iterator_next,stubbable,ai_profile.obj,pass,,23,50,0
0x54680,ai_index_actor_iterator_new,stubbable,ai_profile.obj,pass,,50,50,0
0x54750,ai_index_actor_iterator_next,stubbable,ai_profile.obj,pass,,50,50,0
0x547c0,FUN_000547c0,stubbable,ai_profile.obj,pass,,50,50,0
0x54860,FUN_00054860,stubbable,ai_profile.obj,not_applicable,"oracle_vacuous_early_exit: 10.1% coverage, identical entry-point path across 90 seeds",90,90,0
0x54a80,FUN_00054a80,stubbable,ai_profile.obj,error,emulation_error,0,50,0
0x54ac0,FUN_00054ac0,stubbable,ai_profile.obj,pass,,50,50,0
0x54b20,FUN_00054b20,stubbable,ai_profile.obj,error,timeout,0,0,0
0x54bb0,FUN_00054bb0,stubbable,ai_profile.obj,inconclusive,"vacuous_output: 0 unique return(s), no scratch or memory variation across 50 seeds",50,50,0
0x54c40,FUN_00054c40,stubbable,ai_profile.obj,pass,,50,50,0
0x54ca0,FUN_00054ca0,stubbable,ai_profile.obj,not_applicable,"oracle_vacuous_early_exit: 41.5% coverage, identical entry-point path across 50 seeds",50,50,0
0x54d00,FUN_00054d00,stubbable,ai_profile.obj,not_applicable,"oracle_vacuous_early_exit: 41.5% coverage, identical entry-point path across 50 seeds",50,50,0
0x54d60,FUN_00054d60,stubbable,ai_profile.obj,inconclusive,"vacuous_output: 0 unique return(s), no scratch or memory variation across 50 seeds",50,50,0
0x54df0,FUN_00054df0,stubbable,ai_profile.obj,not_applicable,"oracle_vacuous_early_exit: 55.3% coverage, identical entry-point path across 50 seeds",50,50,0
0x54e20,FUN_00054e20,stubbable,ai_profile.obj,not_applicable,"oracle_vacuous_early_exit: 52.0% coverage, identical entry-point path across 70 seeds",70,70,0
0x54e40,FUN_00054e40,stubbable,ai_profile.obj,not_applicable,"oracle_vacuous_early_exit: 32.7% coverage, identical entry-point path across 70 seeds",70,70,0
0x54e80,FUN_00054e80,stubbable,ai_profile.obj,not_applicable,"oracle_vacuous_early_exit: 16.7% coverage, identical entry-point path across 85 seeds",85,85,0
0x54f90,FUN_00054f90,stubbable,ai_profile.obj,inconclusive,"vacuous_output: 0 unique return(s), no scratch or memory variation across 50 seeds",50,50,0
0x55010,FUN_00055010,stubbable,ai_profile.obj,inconclusive,"vacuous_output: 0 unique return(s), no scratch or memory variation across 50 seeds",50,50,0
0x55090,FUN_00055090,stubbable,ai_profile.obj,inconclusive,"vacuous_output: 0 unique return(s), no scratch or memory variation across 50 seeds",50,50,0
0x55110,FUN_00055110,stubbable,ai_profile.obj,inconclusive,"vacuous_output: 0 unique return(s), no scratch or memory variation across 50 seeds",50,50,0
0x551e0,FUN_000551e0,stubbable,ai_profile.obj,error,emulation_error,0,50,0
0x55220,FUN_00055220,stubbable,ai_profile.obj,inconclusive,"vacuous_output: 0 unique return(s), no scratch or memory variation across 50 seeds",50,50,0
0x552b0,FUN_000552b0,stubbable,ai_profile.obj,inconclusive,"vacuous_output: 0 unique return(s), no scratch or memory variation across 50 seeds",50,50,0
0x55350,FUN_00055350,stubbable,ai_profile.obj,not_applicable,"oracle_vacuous_early_exit: 8.3% coverage, identical entry-point path across 50 seeds",50,50,0
0x55620,FUN_00055620,stubbable,ai_profile.obj,inconclusive,"vacuous_output: 1 unique return(s), no scratch or memory variation across 50 seeds",50,50,0
0x55640,FUN_00055640,stubbable,ai_profile.obj,inconclusive,"vacuous_output: 1 unique return(s), no scratch or memory variation across 50 seeds",50,50,0
0x55660,FUN_00055660,stubbable,ai_profile.obj,inconclusive,"vacuous_output: 1 unique return(s), no scratch or memory variation across 50 seeds",50,50,0
0x55680,FUN_00055680,stubbable,ai_profile.obj,not_applicable,"oracle_vacuous_early_exit: 83.9% coverage, identical entry-point path across 50 seeds",50,50,0
0x556c0,FUN_000556c0,stubbable,ai_profile.obj,inconclusive,"vacuous_output: 1 unique return(s), no scratch or memory variation across 50 seeds",50,50,0
0x556f0,FUN_000556f0,stubbable,ai_profile.obj,fail,divergence,2,50,0
0x55750,FUN_00055750,stubbable,ai_profile.obj,fail,divergence,2,50,0
0x557e0,FUN_000557e0,stubbable,ai_profile.obj,fail,divergence,2,50,0
0x55870,FUN_00055870,stubbable,ai_profile.obj,fail,divergence,2,50,0
0x55900,FUN_00055900,stubbable,ai_profile.obj,fail,divergence,2,50,0
0x559a0,FUN_000559a0,stubbable,ai_profile.obj,pass,,50,50,0
0x55dd0,FUN_00055dd0,stubbable,ai_profile.obj,pass,,50,50,0
0x57380,ai_scripting_command_list_status,stubbable,ai_script.obj,error,emulation_error,0,50,0
0x58cc0,ai_scripting_follow_distance,stubbable,ai_script.obj,pass,,50,50,0
0x58d40,ai_renew,stubbable,ai_script.obj,not_applicable,"oracle_vacuous_early_exit: 16.3% coverage, identical entry-point path across 50 seeds",50,50,0
0x53b80,FUN_00053b80,stubbable,encounters.obj,fail,divergence,0,50,0
0x53bf0,FUN_00053bf0,stubbable,encounters.obj,fail,divergence,0,50,0
0x53c50,FUN_00053c50,stubbable,encounters.obj,not_applicable,"oracle_vacuous_early_exit: 11.1% coverage, identical entry-point path across 50 seeds",50,50,0
0x53da0,FUN_00053da0,stubbable,encounters.obj,pass,,65,65,0
0x53e20,FUN_00053e20,stubbable,encounters.obj,pass,,50,50,0
0x53e80,FUN_00053e80,stubbable,encounters.obj,pass,,50,50,0
0x53ee0,FUN_00053ee0,stubbable,encounters.obj,pass,,50,50,0
0x53f40,FUN_00053f40,stubbable,encounters.obj,fail,divergence,44,50,0
0x54020,FUN_00054020,stubbable,encounters.obj,pass,,50,50,0
0x56320,FUN_00056320,stubbable,encounters.obj,not_applicable,"oracle_vacuous_early_exit: 38.6% coverage, identical entry-point path across 50 seeds",50,50,0
0x563c0,FUN_000563c0,stubbable,encounters.obj,pass,,50,50,0
0x564b0,FUN_000564b0,stubbable,encounters.obj,not_applicable,"oracle_vacuous_early_exit: 17.8% coverage, identical entry-point path across 7 seeds",7,50,0
0x565c0,FUN_000565c0,stubbable,encounters.obj,pass,,50,50,0
0x566a0,FUN_000566a0,stubbable,encounters.obj,inconclusive,"vacuous_output: 0 unique return(s), no scratch or memory variation across 50 seeds",50,50,0
0x56790,FUN_00056790,stubbable,encounters.obj,inconclusive,"vacuous_output: 0 unique return(s), no scratch or memory variation across 50 seeds",50,50,0
0x567e0,FUN_000567e0,stubbable,encounters.obj,inconclusive,"vacuous_output: 1 unique return(s), no scratch or memory variation across 50 seeds",50,50,0
0x56830,FUN_00056830,leaf,encounters.obj,not_applicable,"oracle_vacuous_early_exit: 61.8% coverage, identical entry-point path across 49 seeds",49,50,0
0x56880,FUN_00056880,stubbable,encounters.obj,not_applicable,"oracle_vacuous_early_exit: 54.3% coverage, identical entry-point path across 50 seeds",50,50,0
0x568e0,FUN_000568e0,stubbable,encounters.obj,not_applicable,"oracle_vacuous_early_exit: 33.8% coverage, identical entry-point path across 50 seeds",50,50,0
0x56980,FUN_00056980,stubbable,encounters.obj,inconclusive,"vacuous_output: 0 unique return(s), no scratch or memory variation across 50 seeds",50,50,0
0x56a20,FUN_00056a20,stubbable,encounters.obj,error,emulation_error,0,50,0
0x56b20,FUN_00056b20,stubbable,encounters.obj,error,emulation_error,0,50,0
0x56bc0,FUN_00056bc0,stubbable,encounters.obj,error,emulation_error,0,50,0
0x56c60,FUN_00056c60,stubbable,encounters.obj,not_applicable,"oracle_vacuous_early_exit: 15.4% coverage, identical entry-point path across 50 seeds",50,50,0
0x56d80,FUN_00056d80,stubbable,encounters.obj,not_applicable,"oracle_vacuous_early_exit: 41.5% coverage, identical entry-point path across 50 seeds",50,50,0
0x56de0,FUN_00056de0,stubbable,encounters.obj,not_applicable,"oracle_vacuous_early_exit: 41.5% coverage, identical entry-point path across 50 seeds",50,50,0
0x56e40,FUN_00056e40,stubbable,encounters.obj,not_applicable,"oracle_vacuous_early_exit: 37.6% coverage, identical entry-point path across 50 seeds",50,50,0
0x56ed0,FUN_00056ed0,stubbable,encounters.obj,not_applicable,"oracle_vacuous_early_exit: 29.7% coverage, identical entry-point path across 50 seeds",50,50,0
0x56fa0,FUN_00056fa0,stubbable,encounters.obj,not_applicable,"oracle_vacuous_early_exit: 37.6% coverage, identical entry-point path across 50 seeds",50,50,0
0x57030,FUN_00057030,stubbable,encounters.obj,not_applicable,"oracle_vacuous_early_exit: 37.2% coverage, identical entry-point path across 50 seeds",50,50,0
0x570d0,FUN_000570d0,stubbable,encounters.obj,not_applicable,"oracle_vacuous_early_exit: 32.4% coverage, identical entry-point path across 50 seeds",50,50,0
0x57190,FUN_00057190,stubbable,encounters.obj,inconclusive,"vacuous_output: 0 unique return(s), no scratch or memory variation across 50 seeds",50,50,0
0x57230,FUN_00057230,stubbable,encounters.obj,not_applicable,"oracle_vacuous_early_exit: 37.6% coverage, identical entry-point path across 50 seeds",50,50,0
0x572c0,FUN_000572c0,stubbable,encounters.obj,inconclusive,"vacuous_output: 0 unique return(s), no scratch or memory variation across 50 seeds",50,50,0
0x575d0,FUN_000575d0,stubbable,encounters.obj,inconclusive,"vacuous_output: 0 unique return(s), no scratch or memory variation across 50 seeds",50,50,0
0x576a0,FUN_000576a0,stubbable,encounters.obj,error,emulation_error,0,50,0
0x57770,FUN_00057770,stubbable,encounters.obj,not_applicable,"oracle_vacuous_early_exit: 16.7% coverage, identical entry-point path across 90 seeds",90,90,0
0x57850,FUN_00057850,stubbable,encounters.obj,not_applicable,"oracle_vacuous_early_exit: 28.0% coverage, identical entry-point path across 90 seeds",90,90,0
0x57900,ai_force_active_by_unit,stubbable,encounters.obj,pass,,50,50,0
0x579d0,FUN_000579d0,stubbable,encounters.obj,inconclusive,"vacuous_output: 0 unique return(s), no scratch or memory variation across 50 seeds",50,50,0
0x57aa0,FUN_00057aa0,stubbable,encounters.obj,inconclusive,"vacuous_output: 0 unique return(s), no scratch or memory variation across 50 seeds",50,50,0
0x57bc0,FUN_00057bc0,stubbable,encounters.obj,not_applicable,"oracle_vacuous_early_exit: 39.5% coverage, identical entry-point path across 50 seeds",50,50,0
0x57c60,FUN_00057c60,leaf,encounters.obj,pass,,50,50,0
0x57c70,FUN_00057c70,stubbable,encounters.obj,pass,,50,50,0
0x57d00,FUN_00057d00,stubbable,encounters.obj,pass,,50,50,0
0x57ef0,FUN_00057ef0,stubbable,encounters.obj,pass,,50,50,0
0x57f90,FUN_00057f90,stubbable,encounters.obj,fail,divergence,2,50,0
0x57fd0,FUN_00057fd0,stubbable,encounters.obj,fail,divergence,2,50,0
0x58020,FUN_00058020,stubbable,encounters.obj,fail,divergence,2,50,0
0x58070,FUN_00058070,stubbable,encounters.obj,fail,divergence,3,50,0
0x58110,FUN_00058110,stubbable,encounters.obj,inconclusive,"vacuous_output: 0 unique return(s), no scratch or memory variation across 70 seeds",70,70,0
0x581b0,FUN_000581b0,stubbable,encounters.obj,pass,,50,50,0
0x58220,FUN_00058220,stubbable,encounters.obj,pass,,50,50,0
0x58270,FUN_00058270,stubbable,encounters.obj,inconclusive,"vacuous_output: 0 unique return(s), no scratch or memory variation across 50 seeds",50,50,0
0x58310,FUN_00058310,stubbable,encounters.obj,pass,,50,50,0
0x58390,FUN_00058390,stubbable,encounters.obj,pass,,50,50,0
0x58410,FUN_00058410,stubbable,encounters.obj,pass,,50,50,0
0x584a0,FUN_000584a0,stubbable,encounters.obj,pass,,50,50,0
0x58550,FUN_00058550,stubbable,encounters.obj,pass,,50,50,0
0x585d0,FUN_000585d0,stubbable,encounters.obj,not_applicable,"oracle_vacuous_early_exit: 30.6% coverage, identical entry-point path across 50 seeds",50,50,0
0x58640,FUN_00058640,stubbable,encounters.obj,not_applicable,"oracle_vacuous_early_exit: 29.2% coverage, identical entry-point path across 50 seeds",50,50,0
0x586a0,FUN_000586a0,stubbable,encounters.obj,not_applicable,"oracle_vacuous_early_exit: 29.2% coverage, identical entry-point path across 50 seeds",50,50,0
0x58700,FUN_00058700,stubbable,encounters.obj,inconclusive,"vacuous_output: 1 unique return(s), no scratch or memory variation across 50 seeds",50,50,0
0x58710,FUN_00058710,stubbable,encounters.obj,inconclusive,"vacuous_output: 1 unique return(s), no scratch or memory variation across 50 seeds",50,50,0
0x58720,FUN_00058720,stubbable,encounters.obj,fail,divergence,3,50,0
0x587d0,FUN_000587d0,stubbable,encounters.obj,inconclusive,"vacuous_output: 0 unique return(s), no scratch or memory variation across 50 seeds",50,50,0
0x58860,FUN_00058860,stubbable,encounters.obj,pass,,50,50,0
0x588d0,FUN_000588d0,stubbable,encounters.obj,not_applicable,"oracle_vacuous_early_exit: 37.9% coverage, identical entry-point path across 50 seeds",50,50,0
0x58970,FUN_00058970,stubbable,encounters.obj,inconclusive,"vacuous_output: 0 unique return(s), no scratch or memory variation across 50 seeds",50,50,0
0x58a40,FUN_00058a40,stubbable,encounters.obj,inconclusive,"vacuous_output: 0 unique return(s), no scratch or memory variation across 50 seeds",50,50,0
0x58ae0,FUN_00058ae0,stubbable,encounters.obj,inconclusive,"vacuous_output: 0 unique return(s), no scratch or memory variation across 50 seeds",50,50,0
0x58af0,FUN_00058af0,stubbable,encounters.obj,inconclusive,"vacuous_output: 0 unique return(s), no scratch or memory variation across 50 seeds",50,50,0
0x58c40,FUN_00058c40,stubbable,encounters.obj,pass,,50,50,0
0x58eb0,encounters_initialize,stubbable,encounters.obj,not_applicable,"oracle_vacuous_early_exit: 23.0% coverage, identical entry-point path across 50 seeds",50,50,0
0x58fa0,encounters_dispose,leaf,encounters.obj,pass,,50,50,0
0x58fb0,encounter_compute_activation_cluster_bit_vector,stubbable,encounters.obj,inconclusive,"vacuous_output: 0 unique return(s), no scratch or memory variation across 50 seeds",50,50,0
0x58fd0,FUN_00058fd0,stubbable,encounters.obj,pass,,34,60,0
0x59480,encounter_detach_actor,stubbable,encounters.obj,not_applicable,"oracle_vacuous_early_exit: 5.0% coverage, identical entry-point path across 70 seeds",70,70,0
0x59630,encounter_attach_unit,stubbable,encounters.obj,pass,,55,55,0
0x59740,encounterless_attach_actor,stubbable,encounters.obj,not_applicable,"oracle_vacuous_early_exit: 12.1% coverage, identical entry-point path across 70 seeds",70,70,0
0x597f0,encounterless_detach_actor,stubbable,encounters.obj,not_applicable,"oracle_vacuous_early_exit: 6.9% coverage, identical entry-point path across 70 seeds",70,70,0
0x59930,encounter_get_by_name,stubbable,encounters.obj,pass,,50,50,0
0x59990,encounter_iterator_new,stubbable,encounters.obj,not_applicable,"oracle_vacuous_early_exit: 38.6% coverage, identical entry-point path across 70 seeds",70,70,0
0x599c0,FUN_000599c0,stubbable,encounters.obj,not_applicable,"oracle_vacuous_early_exit: 34.5% coverage, identical entry-point path across 70 seeds",70,70,0
0x59a00,encounter_actor_iterator_new,stubbable,encounters.obj,pass,,70,70,0
0x59a50,encounter_actor_iterator_next,stubbable,encounters.obj,pass,,85,85,0
0x59a90,encounter_actor_iterator_prev,stubbable,encounters.obj,pass,,70,70,0
0x59b10,encounter_iterator_next,stubbable,encounters.obj,pass,,70,70,0
0x59b50,actor_iterator_next,stubbable,encounters.obj,pass,,70,70,0
0x59bf0,FUN_00059bf0,stubbable,encounters.obj,error,timeout,0,0,0
0x59c40,FUN_00059c40,stubbable,encounters.obj,error,timeout,0,0,0
0x59d30,encounter_modify_pursuit_desires,stubbable,encounters.obj,pass,,50,50,0
0x5a050,FUN_0005a050,stubbable,encounters.obj,pass,,50,50,0
0x5a120,FUN_0005a120,stubbable,encounters.obj,fail,divergence,47,50,0
0x5a3b0,FUN_0005a3b0,stubbable,encounters.obj,pass,,50,50,0
0x5a430,FUN_0005a430,stubbable,encounters.obj,pass,,50,50,0
0x5a4e0,FUN_0005a4e0,stubbable,encounters.obj,pass,,75,75,0
0x5a5a0,encounter_link_activation,stubbable,encounters.obj,pass,,50,50,0
0x5a640,FUN_0005a640,stubbable,encounters.obj,error,timeout,0,0,0
0x5a6e0,FUN_0005a6e0,stubbable,encounters.obj,not_applicable,"oracle_vacuous_early_exit: 10.5% coverage, identical entry-point path across 80 seeds",80,80,0
0x5aab0,encounter_stand_down,stubbable,encounters.obj,error,timeout,0,0,0
0x5ac60,FUN_0005ac60,leaf,encounters.obj,pass,,50,50,0
0x5acf0,FUN_0005acf0,stubbable,encounters.obj,pass,,50,50,0
0x5ad60,encounter_set_blind,stubbable,encounters.obj,not_applicable,"oracle_vacuous_early_exit: 40.5% coverage, identical entry-point path across 70 seeds",70,70,0
0x5ad90,encounter_set_deaf,stubbable,encounters.obj,not_applicable,"oracle_vacuous_early_exit: 40.5% coverage, identical entry-point path across 70 seeds",70,70,0
0x5adc0,encounter_squad_timer_expire,stubbable,encounters.obj,pass,,50,50,0
0x5af70,FUN_0005af70,stubbable,encounters.obj,pass,,50,50,0
0x5b200,encounters_initialize_for_new_map,stubbable,encounters.obj,not_applicable,"oracle_vacuous_early_exit: 72.6% coverage, identical entry-point path across 50 seeds",50,50,0
0x5b2a0,encounters_unit_died,stubbable,encounters.obj,pass,,75,75,0
0x5b370,encounter_verify_firing_position_owner_actor_indices,stubbable,encounters.obj,pass,,85,85,0
0x5b4b0,encounter_build_firing_position_owner_actor_indices,stubbable,encounters.obj,pass,,85,85,0
0x5b5e0,encounter_mark_examined_pursuit_position,stubbable,encounters.obj,pass,,50,50,0
0x5b6e0,encounter_pursuit_position_already_examined,stubbable,encounters.obj,error,timeout,0,0,0
0x5b790,FUN_0005B790,stubbable,encounters.obj,pass,,50,50,0
0x5ba70,encounter_force_activate,stubbable,encounters.obj,pass,,50,50,0
0x5baa0,encounter_force_deactivate,stubbable,encounters.obj,pass,,50,50,0
0x5bad0,encounter_post_combat_select_random_behavior,stubbable,encounters.obj,pass,,50,50,0
0x5bbe0,encounter_post_combat_assign_behaviors,stubbable,encounters.obj,pass,,90,90,0
0x5c510,encounter_spawn_actor,stubbable,encounters.obj,pass,,70,70,0
0x5c630,encounter_set_respawn,stubbable,encounters.obj,not_applicable,"oracle_vacuous_early_exit: 24.3% coverage, identical entry-point path across 70 seeds",70,70,0
0x5c680,FUN_0005c680,stubbable,encounters.obj,not_applicable,"oracle_vacuous_early_exit: 6.9% coverage, identical entry-point path across 50 seeds",50,50,0
0x5c940,FUN_0005c940,stubbable,encounters.obj,pass,,50,50,0
0x5d200,encounter_attach_actor,stubbable,encounters.obj,not_applicable,"oracle_vacuous_early_exit: 4.8% coverage, identical entry-point path across 70 seeds",70,70,0
0x5d420,encounter_update_status,stubbable,encounters.obj,pass,,90,90,0
0x5d890,encounters_update_dirty_status,stubbable,encounters.obj,not_applicable,"oracle_vacuous_early_exit: 27.0% coverage, identical entry-point path across 70 seeds",70,70,0
0x5d910,encounter_create,stubbable,encounters.obj,not_applicable,"oracle_vacuous_early_exit: 3.7% coverage, identical entry-point path across 70 seeds",70,70,0
0x5dc00,FUN_0005dc00,stubbable,encounters.obj,pass,,80,80,0
0x5ddc0,encounters_create_for_new_map,stubbable,encounters.obj,not_applicable,"oracle_vacuous_early_exit: 23.8% coverage, identical entry-point path across 70 seeds",70,70,0
0x5de80,FUN_0005de80,stubbable,encounters.obj,not_applicable,"oracle_vacuous_early_exit: 35.3% coverage, identical entry-point path across 70 seeds",70,70,0
0x5df80,FUN_0005df80,leaf,encounters.obj,pass,,50,50,0
0x5df90,FUN_0005df90,leaf,encounters.obj,pass,,50,50,0
0x5dfa0,FUN_0005dfa0,leaf,encounters.obj,pass,,50,50,0
0x5dfb0,FUN_0005dfb0,leaf,encounters.obj,pass,,50,50,0
0x64100,props_initialize,stubbable,props.obj,not_applicable,"oracle_vacuous_early_exit: 93.5% coverage, identical entry-point path across 50 seeds",50,50,0
0x64140,FUN_00064140,leaf,props.obj,pass,,50,50,0
0x64150,FUN_00064150,stubbable,props.obj,inconclusive,"vacuous_output: 0 unique return(s), no scratch or memory variation across 50 seeds",50,50,0
0x64160,FUN_00064160,stubbable,props.obj,inconclusive,"vacuous_output: 0 unique return(s), no scratch or memory variation across 50 seeds",50,50,0
0x64400,FUN_00064400,stubbable,props.obj,error,timeout,0,0,0
0x64540,FUN_00064540,stubbable,props.obj,pass,,50,50,0
0x64570,FUN_00064570,stubbable,props.obj,pass,,50,50,0
0x64a80,prop_iterator_next,stubbable,props.obj,inconclusive,"vacuous_output: 0 unique return(s), no scratch or memory variation across 50 seeds",50,50,0
0x64ab0,prop_get_active_by_unit_index,stubbable,props.obj,error,timeout,0,0,0
0x64ee0,FUN_00064ee0,stubbable,props.obj,not_applicable,"oracle_vacuous_early_exit: 66.1% coverage, identical entry-point path across 49 seeds",49,50,0
0x63e30,FUN_00063e30,stubbable,props.obj,pass,,50,50,0
0x643d0,FUN_000643d0,stubbable,props.obj,inconclusive,"vacuous_output: 1 unique return(s), no scratch or memory variation across 50 seeds",50,50,0
0x645a0,prop_new_unacknowledged,stubbable,props.obj,error,timeout,0,0,0
0x648a0,prop_orphan_transition,stubbable,props.obj,pass,,50,50,0
0x64970,prop_orphan_from_friend,stubbable,props.obj,pass,,50,50,0
0x64a60,prop_orphan_update_information,stubbable,props.obj,inconclusive,"vacuous_output: 0 unique return(s), no scratch or memory variation across 50 seeds",50,50,0
0x64b40,FUN_00064b40,stubbable,props.obj,error,timeout,0,0,0
0x64f50,FUN_00064f50,stubbable,props.obj,inconclusive,"vacuous_output: 1 unique return(s), no scratch or memory variation across 50 seeds",50,50,0
0x64fa0,FUN_00064fa0,stubbable,props.obj,not_applicable,lifted_extract_failed,0,0,0
0x64fe0,FUN_00064fe0,stubbable,props.obj,not_applicable,lifted_extract_failed,0,0,0
0x65020,FUN_00065020,stubbable,props.obj,not_applicable,lifted_extract_failed,0,0,0
0x65060,FUN_00065060,stubbable,props.obj,not_applicable,lifted_extract_failed,0,0,0
0x650a0,FUN_000650a0,stubbable,props.obj,not_applicable,lifted_extract_failed,0,0,0
0x650e0,FUN_000650e0,stubbable,props.obj,not_applicable,lifted_extract_failed,0,0,0
0x65120,FUN_00065120,stubbable,props.obj,not_applicable,lifted_extract_failed,0,0,0
0x65160,FUN_00065160,stubbable,props.obj,not_applicable,lifted_extract_failed,0,0,0
0x651a0,FUN_000651a0,stubbable,props.obj,not_applicable,lifted_extract_failed,0,0,0
0x64cd0,TIFFVGetFieldDefaulted,stubbable,tif_dir.obj,pass,,50,50,0
0x64ec0,TIFFGetFieldDefaulted,stubbable,tif_dir.obj,pass,,50,50,0
0x652f0,_TIFFVSetField,stubbable,tif_dir.obj,inconclusive,vacuous_coverage: 7.6% < 10% floor,45,50,0
0x689c0,FUN_000689c0,stubbable,tif_error.obj,pass,,50,50,0
0x68a10,FUN_00068a10,stubbable,tif_error.obj,pass,,50,50,0
0x68780,FUN_00068780,stubbable,tif_flush.obj,pass,,50,50,0
0x68890,FUN_00068890,stubbable,tif_flush.obj,error,mem-limit,0,0,0
0x68940,FUN_00068940,leaf,tif_flush.obj,pass,,50,50,1
0x68970,FUN_00068970,data_only,tif_flush.obj,fail,divergence,0,50,0
0x68a30,FUN_00068a30,stubbable,tif_flush.obj,pass,,50,50,0
0x68a50,FUN_00068a50,leaf,tif_flush.obj,pass,,50,50,0
0x68a70,FUN_00068a70,data_only,tif_flush.obj,pass,,50,50,0
0x68bd0,FUN_00068bd0,leaf,tif_flush.obj,pass,,50,50,0
0x68c40,bset,leaf,tif_flush.obj,pass,,42,50,0
0x68c70,FUN_00068c70,stubbable,tif_flush.obj,pass,,50,50,0
0x68d80,FUN_00068d80,stubbable,tif_flush.obj,pass,,50,50,0
0x68e20,fillspan,leaf,tif_flush.obj,fail,divergence,22,50,0
0x68eb0,FUN_00068eb0,data_only,tif_flush.obj,pass,,50,50,0
0x68f60,FUN_00068f60,data_only,tif_flush.obj,pass,,50,50,0
0x69180,FUN_00069180,leaf,tif_flush.obj,pass,,50,50,0
0x693b0,FUN_000693b0,stubbable,tif_flush.obj,pass,,50,50,0
0x69420,FUN_00069420,stubbable,tif_flush.obj,pass,,50,50,0
0x69520,FUN_00069520,stubbable,tif_flush.obj,pass,,50,50,0
0x69590,FUN_00069590,stubbable,tif_flush.obj,fail,divergence,14,50,0
0x695c0,FUN_000695c0,stubbable,tif_flush.obj,pass,,50,50,0
0x69600,FUN_00069600,leaf,tif_flush.obj,pass,,42,50,0
0x6a070,FUN_0006a070,stubbable,tif_flush.obj,error,mem-limit,0,0,0
0x6a190,FUN_0006a190,data_only,tif_flush.obj,fail,divergence,0,50,0
0x6a210,FUN_0006a210,stubbable,tif_flush.obj,pass,,35,50,0
0x6a260,FUN_0006a260,stubbable,tif_flush.obj,fail,divergence,34,50,0
0x6a2a0,FUN_0006a2a0,stubbable,tif_flush.obj,pass,,50,50,0
0x6a310,FUN_0006a310,stubbable,tif_flush.obj,pass,,50,50,0
0x6a3b0,FUN_0006a3b0,stubbable,tif_flush.obj,pass,,50,50,0
0x6a5d0,FUN_0006a5d0,stubbable,tif_flush.obj,pass,,50,50,0
0x6a910,FUN_0006a910,data_only,tif_flush.obj,pass,,11,50,0
0x6a9a0,FUN_0006a9a0,data_only,tif_flush.obj,pass,,10,50,0
0x6aa40,FUN_0006aa40,data_only,tif_flush.obj,pass,,10,50,0
0x6ab10,FUN_0006ab10,data_only,tif_flush.obj,pass,,12,50,0
0x6ac60,FUN_0006ac60,data_only,tif_flush.obj,pass,,8,50,0
0x6acc0,FUN_0006acc0,data_only,tif_flush.obj,pass,,10,50,0
0x6ae10,FUN_0006ae10,data_only,tif_flush.obj,pass,,10,50,0
0x6aee0,FUN_0006aee0,data_only,tif_flush.obj,pass,,10,50,0
0x6af80,FUN_0006af80,data_only,tif_flush.obj,error,timeout,0,0,0
0x6b0a0,FUN_0006b0a0,data_only,tif_flush.obj,error,timeout,0,0,0
0x6b190,FUN_0006b190,leaf,tif_flush.obj,pass,,8,50,0
0x6b2d0,FUN_0006b2d0,leaf,tif_flush.obj,pass,,7,50,0
0x6b780,FUN_0006b780,stubbable,tif_flush.obj,pass,,50,55,0
0x6b8e0,FUN_0006b8e0,stubbable,tif_flush.obj,not_applicable,"oracle_vacuous_early_exit: 7.3% coverage, identical entry-point path across 50 seeds",50,50,0
0x6ba70,FUN_0006ba70,stubbable,tif_flush.obj,pass,,60,60,0
0x6c400,TIFFReadRGBAImage,stubbable,tif_open.obj,pass,,55,55,0
0x6c680,FUN_0006c680,data_only,tif_open.obj,pass,,43,50,0
0x6c6f0,FUN_0006c6f0,data_only,tif_open.obj,pass,,38,50,0
0x6c860,FUN_0006c860,data_only,tif_open.obj,pass,,43,50,0
0x6c8d0,FUN_0006c8d0,data_only,tif_open.obj,pass,,38,50,0
0x6c960,FUN_0006c960,stubbable,tif_open.obj,pass,,50,50,0
0x6cac0,FUN_0006cac0,stubbable,tif_open.obj,pass,,50,50,0
0x6cb00,FUN_0006cb00,stubbable,tif_open.obj,pass,,36,50,0
0x6ccf0,FUN_0006ccf0,stubbable,tif_open.obj,pass,,50,50,0
0x6cd40,FUN_0006cd40,stubbable,tif_open.obj,pass,,50,50,0
0x6cda0,FUN_0006cda0,stubbable,tif_open.obj,pass,,50,50,0
0x6cde0,FUN_0006cde0,stubbable,tif_open.obj,pass,,50,50,0
0x6ce60,FUN_0006ce60,stubbable,tif_open.obj,pass,,50,50,0
0x6d140,FUN_0006d140,stubbable,tif_open.obj,inconclusive,domain_skipped: all 50 seed(s) escaped,0,50,0
0x6d180,FUN_0006d180,stubbable,tif_open.obj,pass,,16,50,0
0x6d1e0,FUN_0006d1e0,stubbable,tif_open.obj,pass,,50,50,0
0x6d2d0,FUN_0006d2d0,data_only,tif_open.obj,fail,divergence,0,50,0
0x6d340,FUN_0006d340,stubbable,tif_open.obj,pass,,44,50,0
0x6d4d0,FUN_0006d4d0,data_only,tif_open.obj,fail,divergence,0,50,0
0x6d590,TIFFFdOpen,stubbable,tif_open.obj,pass,,50,50,0
0x6d820,TIFFScanlineSize,leaf,tif_open.obj,not_applicable,"oracle_vacuous_early_exit: 80.6% coverage, identical entry-point path across 49 seeds",49,50,0
0x6d850,TIFFFileName,leaf,tif_open.obj,pass,,50,50,1
0x6d860,TIFFFileno,leaf,tif_open.obj,pass,,50,50,1
0x6d870,TIFFGetMode,leaf,tif_open.obj,pass,,50,50,1
0x6d880,TIFFIsTiled,leaf,tif_open.obj,fail,divergence,30,50,0
0x6d8a0,TIFFCurrentRow,leaf,tif_open.obj,pass,,50,50,0
0x6d8b0,TIFFCurrentDirectory,leaf,tif_open.obj,pass,,50,50,0
0x6d8c0,TIFFCurrentStrip,leaf,tif_open.obj,pass,,50,50,0
0x6d8d0,TIFFCurrentTile,leaf,tif_open.obj,pass,,50,50,0
0x6d8e0,FUN_0006d8e0,stubbable,tif_open.obj,pass,,50,50,0
0x6d980,FUN_0006d980,stubbable,tif_open.obj,fail,divergence,22,50,0
0x6d9c0,FUN_0006d9c0,stubbable,tif_open.obj,pass,,50,50,0
0x6dbf0,FUN_0006dbf0,stubbable,tif_open.obj,pass,,50,50,0
0x6dd00,FUN_0006dd00,stubbable,tif_open.obj,pass,,16,50,0
0x6dd50,FUN_0006dd50,data_only,tif_open.obj,fail,divergence,0,50,0
0x6dda0,TIFFPrintDirectory,stubbable,tif_open.obj,pass,,50,50,0
0x849f0,FUN_000849f0,stubbable,bored_camera.obj,inconclusive,"vacuous_output: 1 unique return(s), no scratch or memory variation across 50 seeds",50,50,0
0x114630,inflate_blocks_free,stubbable,circular_queue.obj,error,emulation_error,0,50,0
0x114690,inflate_set_dictionary,stubbable,circular_queue.obj,error,mem-limit,0,0,0
0x1146c0,FUN_001146c0,leaf,circular_queue.obj,pass,,50,50,1
0x1146e0,inflate_codes_new,stubbable,circular_queue.obj,error,emulation_error,0,50,0
0x114740,inflate_codes,stubbable,circular_queue.obj,pass,,16,65,0
0x114f60,inflate_codes_free,stubbable,circular_queue.obj,error,emulation_error,0,50,0
0x114fa0,FUN_00114fa0,stubbable,circular_queue.obj,error,emulation_error,0,50,0
0x1153c0,inflateReset,stubbable,circular_queue.obj,inconclusive,"vacuous_output: 1 unique return(s), no scratch or memory variation across 89 seeds",89,90,0
0x115430,FUN_00115430,stubbable,circular_queue.obj,inconclusive,"vacuous_output: 1 unique return(s), no scratch or memory variation across 89 seeds",89,90,0
0x1154a0,FUN_001154a0,stubbable,circular_queue.obj,pass,,50,50,0
0x1155c0,inflateInit_,stubbable,circular_queue.obj,pass,,50,50,0
0x1155e0,FUN_001155e0,stubbable,circular_queue.obj,inconclusive,vacuous_coverage: 3.9% < 10% floor,89,90,0
0x115a00,inflateSetDictionary,stubbable,circular_queue.obj,inconclusive,"vacuous_output: 1 unique return(s), no scratch or memory variation across 89 seeds",89,90,0
0x115a90,inflateSync,stubbable,circular_queue.obj,pass,,8,50,0
0x115b70,inflateSyncPoint,stubbable,circular_queue.obj,inconclusive,"vacuous_output: 1 unique return(s), no scratch or memory variation across 89 seeds",89,90,0
0x115ba0,FUN_00115ba0,leaf,circular_queue.obj,pass,,1,50,0
0x116010,inflate_trees_bits,stubbable,circular_queue.obj,error,emulation_error,0,50,0
0x1160c0,inflate_trees_dynamic,stubbable,circular_queue.obj,error,emulation_error,0,50,0
0x116250,inflate_trees_fixed,data_only,circular_queue.obj,pass,,50,50,0
0x116280,FUN_00116280,stubbable,circular_queue.obj,pass,,49,50,0
0x116390,FUN_00116390,stubbable,circular_queue.obj,pass,,48,50,0
0x116460,FUN_00116460,leaf,circular_queue.obj,pass,,49,50,0
0x1164d0,FUN_001164d0,leaf,circular_queue.obj,pass,,48,50,0
0x1165b0,FUN_001165b0,stubbable,circular_queue.obj,error,emulation_error,0,50,0
0x1167f0,FUN_001167f0,leaf,circular_queue.obj,pass,,36,50,0
0x1168e0,FUN_001168e0,stubbable,circular_queue.obj,inconclusive,"vacuous_output: 0 unique return(s), no scratch or memory variation across 78 seeds",78,90,0
0x116b00,FUN_00116b00,stubbable,circular_queue.obj,pass,,39,50,0
0x116d10,_tr_tally,stubbable,circular_queue.obj,fail,divergence,12,50,0
0x116e00,FUN_00116e00,stubbable,circular_queue.obj,pass,,69,70,0
0x117000,FUN_00117000,leaf,circular_queue.obj,pass,,49,50,0
0x1170b0,FUN_001170b0,leaf,circular_queue.obj,not_applicable,"oracle_vacuous_early_exit: 15.0% coverage, identical entry-point path across 49 seeds",49,50,0
0x117130,FUN_00117130,leaf,circular_queue.obj,pass,,49,50,0
0x1171a0,FUN_001171a0,stubbable,circular_queue.obj,pass,,22,50,0
0x117250,_tr_init,stubbable,circular_queue.obj,pass,,49,50,0
0x1172d0,FUN_001172d0,stubbable,circular_queue.obj,fail,divergence,19,50,0
0x1173f0,FUN_001173f0,stubbable,circular_queue.obj,fail,divergence,40,50,0
0x117600,FUN_00117600,stubbable,circular_queue.obj,pass,,49,50,0
0x1176a0,FUN_001176a0,stubbable,circular_queue.obj,pass,,49,50,0
0x1176f0,_tr_align,stubbable,circular_queue.obj,pass,,64,65,0
0x1177c0,_tr_flush_block,stubbable,circular_queue.obj,pass,,89,90,0
0x1179e0,uncompress,stubbable,circular_queue.obj,pass,,50,50,0
0x117a80,FUN_00117a80,stubbable,circular_queue.obj,pass,,50,50,0
0x117ab0,zError,data_only,circular_queue.obj,pass,,50,50,0
0x117ad0,FUN_00117ad0,stubbable,circular_queue.obj,pass,,50,50,0
0x117b00,FUN_00117b00,stubbable,circular_queue.obj,pass,,50,50,0
0x117b20,array_new,stubbable,circular_queue.obj,pass,,50,50,0
0x117b90,array_resize,stubbable,circular_queue.obj,pass,,80,80,0
0x117cf0,FUN_00117cf0,stubbable,circular_queue.obj,pass,,50,50,0
0x117da0,FUN_00117da0,stubbable,circular_queue.obj,pass,,85,85,0
0x117ee0,FUN_00117ee0,stubbable,circular_queue.obj,pass,,50,50,0
0x117ff0,FUN_00117ff0,stubbable,circular_queue.obj,pass,,50,50,0
0x118190,FUN_00118190,stubbable,circular_queue.obj,pass,,43,50,0
0x118260,FUN_00118260,stubbable,circular_queue.obj,fail,divergence,34,50,0
0x118370,FUN_00118370,stubbable,circular_queue.obj,pass,,50,50,0
0x118460,FUN_00118460,stubbable,circular_queue.obj,pass,,50,50,0
0x118520,FUN_00118520,stubbable,circular_queue.obj,pass,,50,50,0
0x118620,FUN_00118620,stubbable,circular_queue.obj,pass,,50,50,0
0x1187f0,FUN_001187f0,stubbable,circular_queue.obj,fail,divergence,0,50,0
0x118ba0,FUN_00118ba0,stubbable,circular_queue.obj,fail,divergence,0,50,0
0x118be0,FUN_00118be0,stubbable,circular_queue.obj,fail,divergence,39,50,0
0x118cb0,FUN_00118cb0,stubbable,circular_queue.obj,pass,,50,50,0
0x118d60,circular_queue_reset,leaf,circular_queue.obj,pass,,49,50,0
0x118d70,FUN_00118d70,stubbable,circular_queue.obj,inconclusive,"vacuous_output: 0 unique return(s), no scratch or memory variation across 89 seeds",89,90,0
0x118de0,circular_queue_new,stubbable,circular_queue.obj,fail,divergence,36,50,0
0x118e40,circular_queue_delete,stubbable,circular_queue.obj,fail,divergence,0,50,0
0x118e70,circular_queue_size,stubbable,circular_queue.obj,fail,divergence,0,50,0
0x118e90,circular_queue_free_space,stubbable,circular_queue.obj,fail,divergence,0,50,0
0x118ec0,FUN_00118ec0,stubbable,circular_queue.obj,pass,,89,90,0
0x118fb0,circular_queue_try_read,stubbable,circular_queue.obj,pass,,89,90,0
0x120250,FUN_00120250,stubbable,model_animations.obj,pass,,50,50,0
0x120340,FUN_00120340,stubbable,model_animations.obj,pass,,50,50,0
0x120400,FUN_00120400,stubbable,model_animations.obj,pass,,50,50,0
0x120470,FUN_00120470,stubbable,model_animations.obj,pass,,50,50,0
0x1204a0,FUN_001204a0,stubbable,model_animations.obj,pass,,50,50,0
0x120500,FUN_00120500,stubbable,model_animations.obj,pass,,50,50,0
0x120590,FUN_00120590,stubbable,model_animations.obj,pass,,50,50,0
0x1205f0,FUN_001205f0,data_only,model_animations.obj,pass,,50,50,0
0x120710,animation_get_x_offsets,data_only,model_animations.obj,pass,,89,90,0
0x120790,animation_set_frame_size,stubbable,model_animations.obj,pass,,50,50,0
0x120810,quaternion_decompress_8byte,data_only,model_animations.obj,pass,,50,50,0
0x120870,quaternion_decompress_6byte,data_only,model_animations.obj,pass,,50,50,0
0x120930,quaternion_decompress_6byte_renormalized,stubbable,model_animations.obj,fail,divergence,0,50,0
0x1209b0,quaternion_compress_6byte,stubbable,model_animations.obj,fail,divergence,27,50,0
0x120a40,animation_graph_node_matrices_from_orientations,stubbable,model_animations.obj,pass,,70,70,0
0x120cb0,animation_graph_get_animation_by_name,stubbable,model_animations.obj,pass,,70,70,0
0x120d10,FUN_00120d10,stubbable,model_animations.obj,pass,,50,50,0
0x120ee0,animation_frame_get_xy_translation,stubbable,model_animations.obj,pass,,50,50,0
0x120f20,model_animation_choose_random,stubbable,model_animations.obj,pass,,50,50,0
0x121640,animation_get_node_orientations,stubbable,model_animations.obj,pass,,50,50,0
0x121940,overlay_animation_apply_continuous_scaled,stubbable,model_animations.obj,pass,,50,50,0
0x121d60,FUN_00121d60,stubbable,model_animations.obj,fail,divergence,21,50,0
0x122060,replacement_animation_apply,stubbable,model_animations.obj,pass,,50,50,0
0x123aa0,FUN_00123aa0,stubbable,model_animations.obj,error,timeout,0,0,0
0x123b30,model_get_node_matrices,stubbable,model_animations.obj,error,emulation_error,0,50,0
0x123e20,animation_get_root_matrix,stubbable,model_animations.obj,pass,,50,50,0
0x123e50,FUN_00123e50,stubbable,model_animations.obj,pass,,70,70,0
0x1282f0,network_server_allow_client_connections,stubbable,network_connection.obj,pass,,49,50,0
0x128360,network_connection_connected,stubbable,network_connection.obj,inconclusive,"vacuous_output: 1 unique return(s), no scratch or memory variation across 49 seeds",49,50,0
0x1283c0,network_connection_get_address,stubbable,network_connection.obj,pass,,48,50,0
0x1285c0,network_connection_server_accept_client_connection,stubbable,network_connection.obj,pass,,89,90,0
0x128660,network_connection_active,stubbable,network_connection.obj,pass,,49,50,0
0x1286a0,network_connection_going_stale,stubbable,network_connection.obj,inconclusive,"vacuous_output: 1 unique return(s), no scratch or memory variation across 49 seeds",49,50,0
0x1286e0,network_connection_read_unreliable,stubbable,network_connection.obj,inconclusive,vacuous_coverage: 9.2% < 10% floor,89,90,0
0x128d30,network_connection_delete,stubbable,network_connection.obj,inconclusive,"vacuous_output: 0 unique return(s), no scratch or memory variation across 89 seeds",89,90,0
0x128e00,network_connection_write,stubbable,network_connection.obj,pass,,50,50,0
0x1292f0,network_connection_read_reliable,stubbable,network_connection.obj,inconclusive,vacuous_coverage: 9.4% < 10% floor,89,90,0
0x1294d0,network_connection_idle_client_reliable_endpoint,stubbable,network_connection.obj,pass,,89,90,0
0x129a30,network_connection_idle,stubbable,network_connection.obj,pass,,89,90,0
0x128460,network_connection_connect,stubbable,network_connection.obj,inconclusive,"vacuous_output: 1 unique return(s), no scratch or memory variation across 89 seeds",89,90,0
0x128580,network_connection_set_connection_rejection_procedure,stubbable,network_connection.obj,pass,,49,50,0
0x1288e0,network_connection_notify_traffic_event,stubbable,network_connection.obj,pass,,50,50,0
0x128d20,network_connection_keep_alive,stubbable,network_connection.obj,pass,,49,50,0
0x129270,network_connection_new_serverside_client,stubbable,network_connection.obj,pass,,50,50,0
0x1296b0,network_connection_new,stubbable,network_connection.obj,pass,,50,50,0
0x12aaf0,network_game_generate_local_machine_name,stubbable,network_game_manager.obj,pass,,50,50,0
0x12ab80,network_game_end_and_load_ui,stubbable,network_game_manager.obj,pass,,50,50,0
0x12abc0,network_game_reset_for_next_round,stubbable,network_game_manager.obj,pass,,50,50,0
0x12ac80,network_player_is_valid,leaf,network_game_manager.obj,pass,,50,50,0
0x12acb0,network_game_invalidate_machine,stubbable,network_game_manager.obj,pass,,50,50,0
0x12b500,network_game_remove_machine,stubbable,network_game_manager.obj,pass,,50,50,0
0x12b650,network_game_log,stubbable,network_game_manager.obj,pass,,50,50,0
0x12a960,network_game_add_machine,stubbable,network_game_manager.obj,pass,,50,50,0
0x12a9f0,network_game_update_machine,stubbable,network_game_manager.obj,pass,,50,50,0
0x12aa80,xbox_set_machine_name,stubbable,network_game_manager.obj,pass,,50,50,0
0x12ad60,network_game_add_player,stubbable,network_game_manager.obj,pass,,50,50,0
0x12af00,FUN_0012af00,stubbable,network_game_manager.obj,pass,,50,50,0
0x12b040,network_game_spawn_player,stubbable,network_game_manager.obj,pass,,50,50,0
0x12b0c0,network_game_player_is_valid,stubbable,network_game_manager.obj,pass,,50,50,0
0x12b150,network_game_invalidate,stubbable,network_game_manager.obj,not_applicable,"oracle_vacuous_early_exit: 81.8% coverage, identical entry-point path across 50 seeds",50,50,0
0x12b1f0,network_game_update_player,stubbable,network_game_manager.obj,pass,,50,50,0
0x12b290,network_game_remove_player,stubbable,network_game_manager.obj,pass,,50,50,0
0x12b350,network_game_create_game_objects,stubbable,network_game_manager.obj,pass,,50,50,0
0x12b5e0,network_game_get_random_player_name,stubbable,network_game_manager.obj,not_applicable,"oracle_vacuous_early_exit: 94.3% coverage, identical entry-point path across 50 seeds",50,50,0
0x12b6b0,network_game_message_encode,stubbable,network_game_manager.obj,pass,,50,50,0
0x146be0,FUN_00146be0,stubbable,bsp3d.obj,pass,,70,70,0
0x146db0,bsp3d_find_leaf,stubbable,bsp3d.obj,error,timeout,0,0,0
0x146d40,FUN_00146d40,stubbable,bsp3d.obj,error,timeout,0,0,0
0x146e30,bsp3d_clip_line_to_leaves,stubbable,bsp3d.obj,error,emulation_error,0,50,0
0x1470b0,FUN_001470b0,stubbable,bsp3d.obj,pass,,50,50,0
0x14ad40,collision_features_init,stubbable,collision_features.obj,pass,,50,50,0
0x14ad60,render_debug_collision_sphere,stubbable,collision_features.obj,pass,,50,50,0
0x14ad80,render_debug_collision_cylinder,stubbable,collision_features.obj,pass,,50,50,0
0x14adb0,collision_features_from_point,data_only,collision_features.obj,pass,,49,50,0
0x14aee0,collision_features_from_line,stubbable,collision_features.obj,pass,,50,50,0
0x14b220,FUN_0014b220,stubbable,collision_features.obj,pass,,50,50,0
0x14b3d0,collision_features_from_vertex,stubbable,collision_features.obj,fail,divergence,11,50,0
0x14b470,collision_features_from_polygon,stubbable,collision_features.obj,pass,,50,50,0
0x14b620,FUN_0014b620,stubbable,collision_features.obj,pass,,50,50,0
0x14b6f0,collision_features_add,stubbable,collision_features.obj,pass,,49,50,0
0x14b890,collision_features_from_surface,data_only,collision_features.obj,fail,divergence,43,50,0
0x14b960,collision_cylinder_test_point,stubbable,collision_features.obj,fail,divergence,39,50,0
0x14bae0,collision_prism_test_point,stubbable,collision_features.obj,pass,,50,50,0
0x14bc10,collision_features_test_los,stubbable,collision_features.obj,fail,divergence,20,50,0
0x1b9920,FUN_001b9920,data_only,cache_files.obj,inconclusive,"vacuous_output: 1 unique return(s), no scratch or memory variation across 50 seeds",50,50,0
0x1b9de0,cache_files_give_time_to_precache,stubbable,cache_files.obj,pass,,50,50,0
0x1b9890,scenario_tags_unload,stubbable,cache_files.obj,inconclusive,"vacuous_output: 0 unique return(s), no scratch or memory variation across 50 seeds",50,50,0
0x1b9ce0,cache_file_header_verify,stubbable,cache_files.obj,pass,,50,50,0
0x1b9e70,FUN_001b9e70,stubbable,cache_files.obj,pass,,50,50,0
0x1c8d90,FUN_001c8d90,stubbable,sound_definitions.obj,inconclusive,"vacuous_output: 1 unique return(s), no scratch or memory variation across 50 seeds",50,50,0
0x24060,pre_evaluator_guard,stubbable,actor_firing_position.obj,pass,,50,50,0
0x24130,pre_evaluator_combatmove,stubbable,actor_firing_position.obj,pass,,90,90,0
0x24450,post_evaluator_pursuit,stubbable,actor_firing_position.obj,pass,,50,50,0
0x245d0,post_evaluator_hide,stubbable,actor_firing_position.obj,pass,,50,50,0
0x246b0,post_evaluator_uncover,stubbable,actor_firing_position.obj,pass,,50,50,0
0x24950,firing_position_compare,stubbable,actor_firing_position.obj,inconclusive,"vacuous_output: 1 unique return(s), no scratch or memory variation across 70 seeds",70,70,0
0x24b80,actor_clear_discarded_firing_positions,stubbable,actor_firing_position.obj,pass,,50,50,0
0x24be0,actor_discard_firing_position,stubbable,actor_firing_position.obj,pass,,50,50,0
0x994d0,plane_negate,leaf,geometry.obj,pass,,50,50,1
0x106390,convex_hull2d_perimeter,leaf,geometry.obj,error,mem-limit,0,0,0
0x1063f0,convex_hull2d_test_vector,data_only,geometry.obj,pass,,49,50,0
0x106900,convex_polygon2d_verify,leaf,geometry.obj,pass,,50,50,0
0x106dc0,convex_polygon3d_verify,data_only,geometry.obj,pass,,50,50,0
0x106f50,FUN_00106f50,stubbable,geometry.obj,fail,divergence,48,50,0
0x136750,damage_data_new,stubbable,damage.obj,pass,,50,50,0
0x136790,object_restore_body,stubbable,damage.obj,pass,,50,50,0
0x1367e0,object_double_charge_shield,stubbable,damage.obj,pass,,50,50,0
0x136840,FUN_00136840,stubbable,damage.obj,error,timeout,0,0,0
0x136890,FUN_00136890,stubbable,damage.obj,error,timeout,0,0,0
0x1368e0,object_can_take_damage,stubbable,damage.obj,error,timeout,0,0,0
0x136930,object_get_maximum_body_vitality,stubbable,damage.obj,error,timeout,0,0,0
0x136980,object_set_ranged_attack_inhibited,stubbable,damage.obj,pass,,50,50,0
0x1369b0,object_set_melee_attack_inhibited,stubbable,damage.obj,pass,,50,50,0
0x1369e0,FUN_001369e0,stubbable,damage.obj,inconclusive,"vacuous_output: 0 unique return(s), no scratch or memory variation across 50 seeds",50,50,0
0x136a00,FUN_00136a00,stubbable,damage.obj,pass,,90,90,0
0x136a80,object_get_actual_body_vitality,stubbable,damage.obj,pass,,50,50,0
0x136ae0,object_get_actual_shield_vitality,stubbable,damage.obj,pass,,50,50,0
0x136b40,object_deplete_shield,stubbable,damage.obj,fail,divergence,0,50,0
0x136f40,FUN_00136f40,stubbable,damage.obj,pass,,90,90,0
0x137370,render_debug_object_damage,stubbable,damage.obj,not_applicable,"oracle_vacuous_early_exit: 5.7% coverage, identical entry-point path across 50 seeds",50,50,0
0x137540,object_deplete_body,stubbable,damage.obj,pass,,50,50,0
0x137620,object_destroy,stubbable,damage.obj,pass,,50,50,0
0x137690,FUN_00137690,stubbable,damage.obj,pass,,50,50,0
0x137d20,object_cause_damage,stubbable,damage.obj,pass,,90,90,0
0x1384e0,object_damage_update,stubbable,damage.obj,pass,,70,70,0
0x138e30,FUN_00138e30,stubbable,damage.obj,pass,,50,50,0
0x138eb0,FUN_00138eb0,stubbable,damage.obj,inconclusive,"vacuous_output: 0 unique return(s), no scratch or memory variation across 50 seeds",50,50,0
0x138ee0,FUN_00138ee0,stubbable,damage.obj,inconclusive,"vacuous_output: 1 unique return(s), no scratch or memory variation across 50 seeds",50,50,0
0x136700,object_get_maximum_shield_vitality,stubbable,damage.obj,pass,,50,50,0
0x138f10,FUN_00138f10,leaf,damage.obj,inconclusive,"vacuous_output: 1 unique return(s), no scratch or memory variation across 50 seeds",50,50,0
0x1390d0,FUN_001390d0,stubbable,damage.obj,pass,,49,50,0
0x139310,light_delete,stubbable,object_lights.obj,pass,,50,50,0
0x139480,FUN_00139480,stubbable,object_lights.obj,pass,,50,50,0
0x1391e0,lights_initialize,stubbable,object_lights.obj,not_applicable,"oracle_vacuous_early_exit: 46.1% coverage, identical entry-point path across 50 seeds",50,50,0
0x1392a0,lights_dispose,stubbable,object_lights.obj,inconclusive,"vacuous_output: 0 unique return(s), no scratch or memory variation across 50 seeds",50,50,0
0x1392b0,lights_initialize_for_new_map,stubbable,object_lights.obj,inconclusive,"vacuous_output: 0 unique return(s), no scratch or memory variation across 50 seeds",50,50,0
0x1392e0,lights_dispose_from_old_map,stubbable,object_lights.obj,inconclusive,"vacuous_output: 0 unique return(s), no scratch or memory variation across 50 seeds",50,50,0
0x139300,lights_enable,data_only,object_lights.obj,pass,,50,50,0
0x139350,FUN_00139350,stubbable,object_lights.obj,pass,,50,50,0
0x1393b0,object_get_self_illumination,stubbable,object_lights.obj,error,emulation_error,0,50,0
0x81b90,transport_address_to_string,stubbable,transport_address.obj,pass,,50,50,0
0x81a90,transport_address_equivalent,stubbable,transport_address.obj,pass,,65,65,0
0x81c80,FUN_00081c80,data_only,transport_address.obj,pass,,50,50,0
0x1be550,sound_cache_request_sound,stubbable,xbox_sound_cache.obj,error,timeout,0,0,0
0x1bded0,xbox_sound_cache_idle,stubbable,xbox_sound_cache.obj,not_applicable,"oracle_vacuous_early_exit: 43.9% coverage, identical entry-point path across 75 seeds",75,75,0
0x1bdf10,sound_cache_sound_new,stubbable,xbox_sound_cache.obj,pass,,50,50,0
0x1bdf60,sound_cache_sound_delete,stubbable,xbox_sound_cache.obj,pass,,90,90,0
0x1be3e0,sound_cache_new,stubbable,xbox_sound_cache.obj,not_applicable,"oracle_vacuous_early_exit: 31.4% coverage, identical entry-point path across 50 seeds",50,50,0
0x1be490,sound_cache_flush,stubbable,xbox_sound_cache.obj,not_applicable,"oracle_vacuous_early_exit: 49.4% coverage, identical entry-point path across 65 seeds",65,65,0
0x1be4f0,sound_cache_close,stubbable,xbox_sound_cache.obj,not_applicable,"oracle_vacuous_early_exit: 69.1% coverage, identical entry-point path across 50 seeds",50,50,0
0x80380,FUN_00080380,stubbable,message_header.obj,pass,,50,50,0
0x803b0,FUN_000803b0,stubbable,message_header.obj,pass,,50,50,0
0x80470,FUN_00080470,stubbable,message_header.obj,pass,,50,50,0
0x804e0,FUN_000804e0,stubbable,message_header.obj,pass,,50,50,0
0x80530,key_agreement_peek_packet_type,stubbable,message_header.obj,pass,,50,50,0
0x805a0,initiate_key_exchange,stubbable,message_header.obj,pass,,50,50,0
0x80620,FUN_00080620,stubbable,message_header.obj,pass,,50,50,0
0x807d0,key_message_xor_keystream,leaf,message_header.obj,pass,,38,50,0
0x80820,tea_encrypt,leaf,message_header.obj,fail,divergence,0,50,0
0x808b0,tea_decrypt,leaf,message_header.obj,fail,divergence,0,50,0
0x80b40,build_message_header,stubbable,message_header.obj,pass,,50,50,0
0x80c20,byte_swap_message_header,stubbable,message_header.obj,pass,,50,50,0
0x80ca0,create_message,stubbable,message_header.obj,fail,divergence,17,50,0
0x80d30,prime_compare,leaf,message_header.obj,pass,,50,50,0
0x80eb0,FUN_00080eb0,stubbable,message_header.obj,not_applicable,"oracle_vacuous_early_exit: 53.5% coverage, identical entry-point path across 50 seeds",50,50,0
0x80f00,FUN_00080f00,stubbable,message_header.obj,pass,,50,50,0
0x80fc0,FUN_00080fc0,stubbable,message_header.obj,pass,,50,50,0
0x81090,FUN_00081090,stubbable,message_header.obj,pass,,50,50,0
0x81110,FUN_00081110,stubbable,message_header.obj,pass,,50,50,0
0x11aca0,encode_packet_group,stubbable,data_packet_groups.obj,pass,,90,90,0
0x11abb0,data_packet_group_append_packet_header,stubbable,data_packet_groups.obj,pass,,50,50,0
0x11add0,compute_packet_field_sizes,stubbable,data_packet_groups.obj,fail,divergence,46,50,0
0x11afa0,_data_packet_encode,stubbable,data_packet_groups.obj,pass,,47,50,0
0x960c0,device_new,stubbable,devices.obj,pass,,50,50,0
0x96110,device_export_function_values,stubbable,devices.obj,pass,,90,90,0
0x96310,device_preprocess_node_orientations,stubbable,devices.obj,pass,,85,85,0
0x96470,device_get_position,stubbable,devices.obj,pass,,50,50,0
0x964a0,device_get_power,stubbable,devices.obj,pass,,50,50,0
0x964d0,device_set_never_appears_locked,stubbable,devices.obj,inconclusive,"vacuous_output: 0 unique return(s), no scratch or memory variation across 50 seeds",50,50,0
0x96510,device_group_set_actual_value,stubbable,devices.obj,pass,,50,50,0
0x965f0,device_one_sided_set,stubbable,devices.obj,not_applicable,"oracle_vacuous_early_exit: 44.1% coverage, identical entry-point path across 50 seeds",50,50,0
0x96630,device_operates_automatically_set,stubbable,devices.obj,not_applicable,"oracle_vacuous_early_exit: 44.1% coverage, identical entry-point path across 50 seeds",50,50,0
0x96670,device_group_change_only_once_more_set,stubbable,devices.obj,pass,,50,50,0
0x966b0,device_group_get_value,stubbable,devices.obj,pass,,50,50,0
0x966d0,device_group_set_real,stubbable,devices.obj,pass,,50,50,0
0x96720,device_can_change_position,stubbable,devices.obj,pass,,50,50,0
0x967a0,FUN_000967a0,stubbable,devices.obj,pass,,50,50,0
0x96850,device_effect_new,stubbable,devices.obj,pass,,50,50,0
0x96900,create_initial_device_groups,stubbable,devices.obj,not_applicable,"oracle_vacuous_early_exit: 17.7% coverage, identical entry-point path across 50 seeds",50,50,0
0x96a00,device_delete,stubbable,devices.obj,pass,,50,50,0
0x96a90,device_update,stubbable,devices.obj,pass,,50,50,0
0x147380,FUN_00147380,stubbable,collision_bsp.obj,pass,,50,50,0
0x1473b0,collision_surface_edge_count,stubbable,collision_bsp.obj,pass,,50,50,0
0x147410,collision_surface_polygon,stubbable,collision_bsp.obj,pass,,50,50,0
0x147520,render_debug_collision_vertex,stubbable,collision_bsp.obj,pass,,50,50,0
0x147570,render_debug_collision_edge,stubbable,collision_bsp.obj,pass,,50,50,0
0x1475f0,render_debug_collision_surface,stubbable,collision_bsp.obj,pass,,50,50,0
0x147660,render_debug_collision_bsp,stubbable,collision_bsp.obj,not_applicable,"oracle_vacuous_early_exit: 41.2% coverage, identical entry-point path across 89 seeds",89,90,0
0x1476a0,collision_edge_length,stubbable,collision_bsp.obj,pass,,50,50,0
0x147710,collision_surface_perimeter,stubbable,collision_bsp.obj,pass,,50,50,0
0x1477f0,collision_surface_area,stubbable,collision_bsp.obj,pass,,50,50,0
0x147990,collision_surface_project_point2d,stubbable,collision_bsp.obj,pass,,50,50,0
0x1479e0,collision_surface_test_point2d,stubbable,collision_bsp.obj,pass,,50,50,0
0x147d10,collision_surface_test_line2d,stubbable,collision_bsp.obj,pass,,50,50,0
0x147ed0,FUN_00147ed0,stubbable,collision_bsp.obj,pass,,47,50,0
0x148370,FUN_00148370,data_only,collision_bsp.obj,pass,,50,50,0
0x1486e0,FUN_001486e0,stubbable,collision_bsp.obj,pass,,25,50,0
0x148b20,collision_bsp_test_pill_new,stubbable,collision_bsp.obj,pass,,50,50,0
0x148b90,bsp3d_test_sphere_recursive,stubbable,collision_bsp.obj,fail,divergence,54,90,0
0x1493b0,collision_bsp_test_sphere,stubbable,collision_bsp.obj,pass,,50,50,0
0x149480,collision_bsp_test_vector,stubbable,collision_bsp.obj,pass,,50,50,0
0x14dc30,FUN_0014dc30,stubbable,collision_bsp.obj,pass,,69,90,0
0x14dce0,FUN_0014dce0,stubbable,collision_bsp.obj,error,timeout,0,0,0
0x14e640,FUN_0014e640,stubbable,collision_bsp.obj,pass,,50,50,0
0x14e7d0,FUN_0014e7d0,stubbable,collision_bsp.obj,pass,,50,50,0
0x14e940,FUN_0014e940,stubbable,collision_bsp.obj,pass,,50,50,0
0x14ea10,FUN_0014ea10,stubbable,collision_bsp.obj,error,timeout,0,0,0
0x5dfc0,path_input_new,stubbable,path.obj,pass,,50,50,0
0x5dff0,paths_dispose,leaf,path.obj,pass,,50,50,1
0x5e000,path_input_set_start,leaf,path.obj,pass,,50,50,1
0x5e030,path_input_set_attractor,leaf,path.obj,pass,,50,50,1
0x5e070,path_input_set_search_bounds,leaf,path.obj,pass,,50,50,1
0x5e090,path_state_new,stubbable,path.obj,error,emulation_error,0,50,0
0x5e0d0,FUN_0005e0d0,leaf,path.obj,pass,,50,50,1
0x5e560,path_heap_pop_cheapest_node,stubbable,path.obj,pass,,65,65,0
0x5e680,path_heap_insert,stubbable,path.obj,pass,,65,65,0
0x5e700,FUN_0005e700,stubbable,path.obj,pass,,49,50,0
0x5e760,path_get_node,stubbable,path.obj,pass,,50,50,0
0x5e7e0,path_node_from_hash_table,leaf,path.obj,pass,,2,50,0
0x5e830,path_3d_available,stubbable,path.obj,pass,,50,50,0
0x5e920,path_3d_build_path,stubbable,path.obj,error,emulation_error,0,50,0
0x5eae0,path_state_build_path,stubbable,path.obj,not_applicable,"oracle_vacuous_early_exit: 5.2% coverage, identical entry-point path across 85 seeds",85,90,0
0x5f240,build_path_edges_for_surface,stubbable,path.obj,pass,,90,90,0
0x5ff70,FUN_0005ff70,stubbable,path.obj,fail,divergence,46,50,0
0x60070,FUN_00060070,stubbable,path.obj,pass,,50,50,0
0x600c0,FUN_000600c0,stubbable,path.obj,fail,divergence,4,50,0
0x600f0,FUN_000600f0,stubbable,path.obj,pass,,50,50,0
0x60140,FUN_00060140,stubbable,path.obj,pass,,50,50,0
0x601a0,FUN_000601a0,stubbable,path.obj,pass,,50,50,0
0x601e0,FUN_000601e0,leaf,path.obj,pass,,50,50,1
0x601f0,FUN_000601f0,leaf,path.obj,pass,,50,50,1
0x60200,FUN_00060200,stubbable,path.obj,pass,,50,50,0
0x60260,error_heap,stubbable,path.obj,pass,,50,50,0
0x60910,FUN_00060910,stubbable,path.obj,fail,divergence,0,50,0
0x60970,FUN_00060970,stubbable,path.obj,pass,,50,50,0
0x62960,path_obstacles_debug_render,stubbable,path_smoothing.obj,pass,,50,50,0
0x62b20,FUN_00062b20,stubbable,path_smoothing.obj,pass,,90,90,0
0x63710,structure_test_ray2d,stubbable,path_smoothing.obj,fail,divergence,47,50,0
0x638f0,FUN_000638f0,stubbable,path_smoothing.obj,fail,divergence,3,50,0
0x63970,FUN_00063970,leaf,path_smoothing.obj,pass,,50,50,0
0x60c40,valid_real_point2d,leaf,path_obstacle_avoidance.obj,pass,,50,50,0
0x1d63d5,FUN_001d63d5,data_only,XAPILIB:xbox_crt.obj,not_applicable,"oracle_vacuous_early_exit: 36.8% coverage, identical entry-point path across 50 seeds",50,50,0
0x1d6ca8,FUN_001d6ca8,stubbable,XAPILIB:xbox_crt.obj,error,emulation_error,0,50,0
0x1d6e65,FUN_001d6e65,data_only,XAPILIB:xbox_crt.obj,not_applicable,"oracle_vacuous_early_exit: 36.8% coverage, identical entry-point path across 50 seeds",50,50,0
0x1d76fc,FUN_001d76fc,data_only,XAPILIB:xbox_crt.obj,not_applicable,"oracle_vacuous_early_exit: 31.8% coverage, identical entry-point path across 50 seeds",50,50,0
0x1d771c,XAutoPowerDownResetTimer,data_only,XAPILIB:xbox_crt.obj,error,emulation_error,0,50,0
0x1d7749,FUN_001d7749,stubbable,XAPILIB:xbox_crt.obj,error,emulation_error,0,50,0
0x1d7817,FUN_001d7817,stubbable,XAPILIB:xbox_crt.obj,pass,,50,50,0
0x1d789a,FUN_001d789a,stubbable,XAPILIB:xbox_crt.obj,error,emulation_error,0,50,0
0x1d7a59,FUN_001d7a59,stubbable,XAPILIB:xbox_crt.obj,error,emulation_error,0,50,0
0x1d7b37,FUN_001d7b37,data_only,XAPILIB:xbox_crt.obj,error,emulation_error,0,50,0
0x1d7cb4,FUN_001d7cb4,stubbable,XAPILIB:xbox_crt.obj,error,emulation_error,0,50,0
0x1d7d21,FUN_001d7d21,data_only,XAPILIB:xbox_crt.obj,error,emulation_error,0,50,0
0x1d7d84,FUN_001d7d84,stubbable,XAPILIB:xbox_crt.obj,error,emulation_error,0,50,0
0x1d7e6b,XapiMapLetterToDirectory,stubbable,XAPILIB:xbox_crt.obj,error,emulation_error,0,50,0
0x1d819f,FUN_001d819f,stubbable,XAPILIB:xbox_crt.obj,fail,divergence,0,50,0
0x8d410,FUN_0008d410,stubbable,static_camera.obj,pass,,55,55,0
0x1700d0,FUN_001700d0,stubbable,rasterizer_xbox_screen_effect.obj,pass,,50,50,0
0x171bc0,FUN_00171bc0,stubbable,rasterizer_xbox_screen_effect.obj,inconclusive,vacuous_coverage: 7.2% < 10% floor,70,70,0
0x172590,FUN_00172590,stubbable,rasterizer_xbox_shadows.obj,pass,,70,70,0
0x172730,FUN_00172730,stubbable,rasterizer_xbox_shadows.obj,not_applicable,"oracle_vacuous_early_exit: 5.8% coverage, identical entry-point path across 50 seeds",50,70,0
0x172de0,FUN_00172de0,stubbable,rasterizer_xbox_shadows.obj,pass,,70,70,0
0x173090,FUN_00173090,stubbable,rasterizer_xbox_shadows.obj,not_applicable,"oracle_vacuous_early_exit: 3.2% coverage, identical entry-point path across 50 seeds",50,70,0
0x16f910,FUN_0016f910,stubbable,rasterizer_xbox_profile.obj,inconclusive,"vacuous_output: 0 unique return(s), no scratch or memory variation across 70 seeds",70,70,0
0x16fa40,FUN_0016fa40,stubbable,rasterizer_xbox_profile.obj,inconclusive,"vacuous_output: 0 unique return(s), no scratch or memory variation across 70 seeds",70,70,0
0x18ff00,FUN_0018ff00,data_only,wind.obj,pass,,50,50,0
0x18ffe0,wind_update,stubbable,wind.obj,not_applicable,"oracle_vacuous_early_exit: 8.4% coverage, identical entry-point path across 50 seeds",50,50,0
0x190500,wind_initialize_for_new_map,stubbable,wind.obj,not_applicable,"oracle_vacuous_early_exit: 61.3% coverage, identical entry-point path across 50 seeds",50,50,0
0x1b750,action_vehicle_setup,stubbable,action_vehicle.obj,pass,,65,65,0
0x1b8a0,action_vehicle_perform,stubbable,action_vehicle.obj,not_applicable,lifted_extract_failed,0,0,0
0x1345b0,FUN_001345b0,stubbable,glow.obj,pass,,87,90,0
0x17adc0,rasterizer_widget_get_occlusion_test_result,stubbable,rasterizer_xbox_widgets.obj,not_applicable,"oracle_vacuous_early_exit: 51.0% coverage, identical entry-point path across 55 seeds",55,55,0
0x17ae90,FUN_0017ae90,stubbable,rasterizer_xbox_widgets.obj,pass,,65,65,0
0x17b000,FUN_0017b000,stubbable,rasterizer_xbox_widgets.obj,inconclusive,vacuous_coverage: 8.3% < 10% floor,70,70,0
0x17b480,FUN_0017b480,stubbable,rasterizer_xbox_widgets.obj,not_applicable,"oracle_vacuous_early_exit: 22.4% coverage, identical entry-point path across 50 seeds",50,70,0
0x17b540,FUN_0017b540,stubbable,rasterizer_xbox_widgets.obj,not_applicable,"oracle_vacuous_early_exit: 69.5% coverage, identical entry-point path across 50 seeds",50,50,0
0x17b580,FUN_0017b580,stubbable,rasterizer_xbox_widgets.obj,not_applicable,"oracle_vacuous_early_exit: 73.2% coverage, identical entry-point path across 50 seeds",50,50,0
0x17b5c0,FUN_0017b5c0,stubbable,rasterizer_xbox_widgets.obj,pass,,75,75,0
0x181670,FUN_00181670,stubbable,rasterizer_lights.obj,pass,,78,80,0
0x7ff40,math64_add,stubbable,64bit_math.obj,pass,,50,50,0
0x7ffe0,math64_negate,stubbable,64bit_math.obj,pass,,50,50,0
0x80070,math64_subtract,stubbable,64bit_math.obj,fail,divergence,0,50,0
0x800d0,math64_multiply,stubbable,64bit_math.obj,pass,,50,50,0
0x80210,math64_divide,stubbable,64bit_math.obj,fail,divergence,2,50,0
0x7f3a0,targa_export,stubbable,targa_file.obj,pass,,50,50,0
0x1609b0,FUN_001609b0,stubbable,rasterizer_xbox_environment.obj,pass,,70,70,0
0x160bf0,FUN_00160bf0,stubbable,rasterizer_xbox_environment.obj,inconclusive,"vacuous_output: 0 unique return(s), no scratch or memory variation across 50 seeds",50,50,0
0x160c00,FUN_00160c00,stubbable,rasterizer_xbox_environment.obj,inconclusive,"vacuous_output: 0 unique return(s), no scratch or memory variation across 50 seeds",50,50,0
0x160c10,FUN_00160c10,stubbable,rasterizer_xbox_environment.obj,inconclusive,"vacuous_output: 0 unique return(s), no scratch or memory variation across 50 seeds",50,50,0
0x160c20,FUN_00160c20,stubbable,rasterizer_xbox_environment.obj,inconclusive,"vacuous_output: 0 unique return(s), no scratch or memory variation across 50 seeds",50,50,0
0x160c30,FUN_00160c30,stubbable,rasterizer_xbox_environment.obj,not_applicable,"oracle_vacuous_early_exit: 9.0% coverage, identical entry-point path across 50 seeds",50,65,0
0x160dc0,FUN_00160dc0,stubbable,rasterizer_xbox_environment.obj,inconclusive,"vacuous_output: 0 unique return(s), no scratch or memory variation across 54 seeds",54,70,0
0x160f50,FUN_00160f50,stubbable,rasterizer_xbox_environment.obj,pass,,70,70,0
0x161f00,FUN_00161f00,stubbable,rasterizer_xbox_environment.obj,not_applicable,"oracle_vacuous_early_exit: 6.1% coverage, identical entry-point path across 50 seeds",50,65,0
0x162560,FUN_00162560,stubbable,rasterizer_xbox_environment.obj,not_applicable,"oracle_vacuous_early_exit: 8.1% coverage, identical entry-point path across 50 seeds",50,70,0
0x162790,FUN_00162790,stubbable,rasterizer_xbox_environment.obj,inconclusive,"vacuous_output: 0 unique return(s), no scratch or memory variation across 65 seeds",65,65,0
0x162f90,FUN_00162f90,stubbable,rasterizer_xbox_environment.obj,not_applicable,"oracle_vacuous_early_exit: 6.7% coverage, identical entry-point path across 50 seeds",50,65,0
0x163590,FUN_00163590,stubbable,rasterizer_xbox_environment.obj,inconclusive,"vacuous_output: 0 unique return(s), no scratch or memory variation across 70 seeds",70,70,0
0x163910,FUN_00163910,stubbable,rasterizer_xbox_environment.obj,pass,,70,70,0
0x163c40,FUN_00163c40,stubbable,rasterizer_xbox_environment.obj,not_applicable,"oracle_vacuous_early_exit: 4.2% coverage, identical entry-point path across 50 seeds",50,65,0
0x163fe0,FUN_00163fe0,stubbable,rasterizer_xbox_environment.obj,pass,,50,70,0
0x1640d0,FUN_001640d0,stubbable,rasterizer_xbox_environment.obj,pass,,70,70,0
0x1643e0,FUN_001643e0,stubbable,rasterizer_xbox_environment.obj,inconclusive,"vacuous_output: 0 unique return(s), no scratch or memory variation across 65 seeds",65,65,0
0x164590,FUN_00164590,stubbable,rasterizer_xbox_environment.obj,pass,,50,70,0
0x164690,FUN_00164690,stubbable,rasterizer_xbox_environment.obj,inconclusive,vacuous_coverage: 5.4% < 10% floor,70,70,0
0x164cf0,FUN_00164cf0,stubbable,rasterizer_xbox_environment.obj,inconclusive,vacuous_coverage: 9.3% < 10% floor,70,70,0
0x165420,FUN_00165420,stubbable,rasterizer_xbox_environment.obj,pass,,70,70,0
0x168230,FUN_00168230,stubbable,rasterizer_xbox_hardware_bitmaps.obj,inconclusive,"vacuous_output: 0 unique return(s), no scratch or memory variation across 50 seeds",50,50,0
0x168250,FUN_00168250,stubbable,rasterizer_xbox_hardware_bitmaps.obj,inconclusive,"vacuous_output: 0 unique return(s), no scratch or memory variation across 50 seeds",50,50,0
0x1682c0,FUN_001682c0,stubbable,rasterizer_xbox_hardware_bitmaps.obj,inconclusive,"vacuous_output: 1 unique return(s), no scratch or memory variation across 50 seeds",50,50,0
0x168300,FUN_00168300,stubbable,rasterizer_xbox_hardware_bitmaps.obj,inconclusive,"vacuous_output: 1 unique return(s), no scratch or memory variation across 50 seeds",50,50,0
0x168ae0,FUN_00168ae0,stubbable,rasterizer_xbox_hardware_bitmaps.obj,pass,,50,50,0
0x169650,FUN_00169650,stubbable,rasterizer_xbox_lights.obj,pass,,50,50,0
0x169670,FUN_00169670,stubbable,rasterizer_xbox_lights.obj,pass,,50,50,0
0x1696d0,FUN_001696d0,stubbable,rasterizer_xbox_lights.obj,not_applicable,"oracle_vacuous_early_exit: 5.7% coverage, identical entry-point path across 50 seeds",50,70,0
0x169a50,FUN_00169a50,stubbable,rasterizer_xbox_lights.obj,inconclusive,vacuous_coverage: 9.9% < 10% floor,82,90,0
0x169fd0,FUN_00169fd0,stubbable,rasterizer_xbox_lights.obj,pass,,70,70,0
0x16ab00,FUN_0016ab00,stubbable,rasterizer_xbox_models.obj,pass,,50,50,0
0x16b180,FUN_0016b180,stubbable,rasterizer_xbox_models.obj,pass,,50,50,0
0x16b1c0,FUN_0016b1c0,stubbable,rasterizer_xbox_models.obj,inconclusive,"vacuous_output: 0 unique return(s), no scratch or memory variation across 70 seeds",70,70,0
0x16b240,FUN_0016b240,stubbable,rasterizer_xbox_models.obj,not_applicable,"oracle_vacuous_early_exit: 71.1% coverage, identical entry-point path across 50 seeds",50,50,0
0x16b270,FUN_0016b270,data_only,rasterizer_xbox_models.obj,pass,,70,70,0
0x16bed0,FUN_0016bed0,stubbable,rasterizer_xbox_models.obj,pass,,50,50,0
0x16c090,FUN_0016c090,stubbable,rasterizer_xbox_models.obj,pass,,90,90,0
